Trial_land_count	colors	trial_number	turns_until_all_colors
0	2	0	9
0	2	1	0
0	2	2	7
0	2	3	0
0	2	4	2
0	2	5	0
0	2	6	0
0	2	7	2
0	2	8	0
0	2	9	1
0	2	10	0
0	2	11	0
0	2	12	3
0	2	13	17
0	2	14	0
0	2	15	0
0	2	16	0
0	2	17	3
0	2	18	6
0	2	19	0
0	2	20	0
0	2	21	0
0	2	22	0
0	2	23	0
0	2	24	0
0	2	25	0
0	2	26	8
0	2	27	0
0	2	28	8
0	2	29	0
0	2	30	0
0	2	31	0
0	2	32	0
0	2	33	10
0	2	34	14
0	2	35	0
0	2	36	21
0	2	37	0
0	2	38	0
0	2	39	0
0	2	40	0
0	2	41	1
0	2	42	6
0	2	43	0
0	2	44	1
0	2	45	10
0	2	46	0
0	2	47	0
0	2	48	0
0	2	49	0
0	2	50	2
0	2	51	2
0	2	52	0
0	2	53	5
0	2	54	0
0	2	55	8
0	2	56	0
0	2	57	0
0	2	58	0
0	2	59	2
0	2	60	0
0	2	61	0
0	2	62	10
0	2	63	13
0	2	64	2
0	2	65	1
0	2	66	0
0	2	67	3
0	2	68	0
0	2	69	0
0	2	70	0
0	2	71	0
0	2	72	0
0	2	73	3
0	2	74	4
0	2	75	4
0	2	76	0
0	2	77	1
0	2	78	19
0	2	79	0
0	2	80	5
0	2	81	0
0	2	82	0
0	2	83	0
0	2	84	4
0	2	85	0
0	2	86	0
0	2	87	7
0	2	88	0
0	2	89	0
0	2	90	0
0	2	91	0
0	2	92	3
0	2	93	0
0	2	94	2
0	2	95	0
0	2	96	0
0	2	97	0
0	2	98	7
0	2	99	0
0	2	100	4
0	2	101	4
0	2	102	0
0	2	103	2
0	2	104	2
0	2	105	5
0	2	106	0
0	2	107	7
0	2	108	0
0	2	109	0
0	2	110	0
0	2	111	1
0	2	112	0
0	2	113	0
0	2	114	0
0	2	115	0
0	2	116	0
0	2	117	1
0	2	118	0
0	2	119	1
0	2	120	11
0	2	121	2
0	2	122	3
0	2	123	0
0	2	124	0
0	2	125	2
0	2	126	0
0	2	127	1
0	2	128	0
0	2	129	8
0	2	130	1
0	2	131	0
0	2	132	0
0	2	133	0
0	2	134	0
0	2	135	0
0	2	136	0
0	2	137	16
0	2	138	0
0	2	139	4
0	2	140	0
0	2	141	1
0	2	142	0
0	2	143	6
0	2	144	0
0	2	145	2
0	2	146	0
0	2	147	0
0	2	148	4
0	2	149	0
0	2	150	0
0	2	151	2
0	2	152	16
0	2	153	0
0	2	154	0
0	2	155	0
0	2	156	3
0	2	157	3
0	2	158	0
0	2	159	0
0	2	160	4
0	2	161	1
0	2	162	0
0	2	163	0
0	2	164	14
0	2	165	0
0	2	166	0
0	2	167	7
0	2	168	2
0	2	169	0
0	2	170	0
0	2	171	0
0	2	172	1
0	2	173	0
0	2	174	11
0	2	175	0
0	2	176	0
0	2	177	0
0	2	178	0
0	2	179	0
0	2	180	10
0	2	181	0
0	2	182	0
0	2	183	0
0	2	184	0
0	2	185	2
0	2	186	0
0	2	187	10
0	2	188	0
0	2	189	0
0	2	190	0
0	2	191	0
0	2	192	0
0	2	193	0
0	2	194	0
0	2	195	3
0	2	196	0
0	2	197	7
0	2	198	0
0	2	199	0
0	2	200	0
0	2	201	0
0	2	202	4
0	2	203	0
0	2	204	3
0	2	205	1
0	2	206	0
0	2	207	1
0	2	208	0
0	2	209	0
0	2	210	0
0	2	211	3
0	2	212	11
0	2	213	10
0	2	214	4
0	2	215	4
0	2	216	2
0	2	217	0
0	2	218	0
0	2	219	2
0	2	220	12
0	2	221	0
0	2	222	0
0	2	223	0
0	2	224	4
0	2	225	0
0	2	226	1
0	2	227	3
0	2	228	0
0	2	229	8
0	2	230	0
0	2	231	2
0	2	232	0
0	2	233	6
0	2	234	0
0	2	235	1
0	2	236	0
0	2	237	8
0	2	238	0
0	2	239	0
0	2	240	1
0	2	241	0
0	2	242	5
0	2	243	4
0	2	244	0
0	2	245	4
0	2	246	0
0	2	247	0
0	2	248	5
0	2	249	4
0	2	250	0
0	2	251	5
0	2	252	6
0	2	253	0
0	2	254	0
0	2	255	0
0	2	256	0
0	2	257	0
0	2	258	3
0	2	259	0
0	2	260	26
0	2	261	24
0	2	262	0
0	2	263	0
0	2	264	1
0	2	265	0
0	2	266	5
0	2	267	0
0	2	268	0
0	2	269	4
0	2	270	0
0	2	271	0
0	2	272	5
0	2	273	0
0	2	274	11
0	2	275	0
0	2	276	0
0	2	277	0
0	2	278	0
0	2	279	0
0	2	280	0
0	2	281	0
0	2	282	0
0	2	283	0
0	2	284	0
0	2	285	0
0	2	286	0
0	2	287	0
0	2	288	9
0	2	289	0
0	2	290	1
0	2	291	0
0	2	292	0
0	2	293	0
0	2	294	7
0	2	295	0
0	2	296	11
0	2	297	0
0	2	298	0
0	2	299	1
0	2	300	3
0	2	301	0
0	2	302	0
0	2	303	0
0	2	304	0
0	2	305	0
0	2	306	20
0	2	307	2
0	2	308	6
0	2	309	0
0	2	310	0
0	2	311	3
0	2	312	0
0	2	313	0
0	2	314	12
0	2	315	0
0	2	316	2
0	2	317	2
0	2	318	0
0	2	319	0
0	2	320	0
0	2	321	0
0	2	322	0
0	2	323	0
0	2	324	6
0	2	325	0
0	2	326	9
0	2	327	0
0	2	328	0
0	2	329	0
0	2	330	0
0	2	331	1
0	2	332	2
0	2	333	0
0	2	334	7
0	2	335	4
0	2	336	2
0	2	337	0
0	2	338	0
0	2	339	0
0	2	340	0
0	2	341	0
0	2	342	0
0	2	343	0
0	2	344	0
0	2	345	0
0	2	346	0
0	2	347	0
0	2	348	0
0	2	349	0
0	2	350	3
0	2	351	0
0	2	352	0
0	2	353	0
0	2	354	3
0	2	355	4
0	2	356	0
0	2	357	4
0	2	358	0
0	2	359	0
0	2	360	1
0	2	361	0
0	2	362	0
0	2	363	12
0	2	364	22
0	2	365	2
0	2	366	0
0	2	367	6
0	2	368	2
0	2	369	1
0	2	370	0
0	2	371	0
0	2	372	10
0	2	373	9
0	2	374	3
0	2	375	4
0	2	376	0
0	2	377	3
0	2	378	15
0	2	379	0
0	2	380	0
0	2	381	0
0	2	382	0
0	2	383	0
0	2	384	4
0	2	385	0
0	2	386	0
0	2	387	18
0	2	388	0
0	2	389	0
0	2	390	1
0	2	391	0
0	2	392	0
0	2	393	0
0	2	394	0
0	2	395	2
0	2	396	0
0	2	397	0
0	2	398	17
0	2	399	0
0	2	400	0
0	2	401	0
0	2	402	2
0	2	403	0
0	2	404	0
0	2	405	0
0	2	406	0
0	2	407	0
0	2	408	5
0	2	409	1
0	2	410	7
0	2	411	4
0	2	412	4
0	2	413	0
0	2	414	7
0	2	415	0
0	2	416	0
0	2	417	0
0	2	418	0
0	2	419	0
0	2	420	17
0	2	421	0
0	2	422	0
0	2	423	0
0	2	424	12
0	2	425	0
0	2	426	1
0	2	427	0
0	2	428	0
0	2	429	4
0	2	430	0
0	2	431	0
0	2	432	0
0	2	433	0
0	2	434	0
0	2	435	0
0	2	436	0
0	2	437	0
0	2	438	9
0	2	439	0
0	2	440	0
0	2	441	0
0	2	442	3
0	2	443	10
0	2	444	7
0	2	445	9
0	2	446	0
0	2	447	0
0	2	448	0
0	2	449	3
0	2	450	0
0	2	451	0
0	2	452	0
0	2	453	0
0	2	454	0
0	2	455	0
0	2	456	19
0	2	457	0
0	2	458	0
0	2	459	17
0	2	460	10
0	2	461	9
0	2	462	0
0	2	463	0
0	2	464	0
0	2	465	7
0	2	466	4
0	2	467	0
0	2	468	0
0	2	469	0
0	2	470	0
0	2	471	6
0	2	472	20
0	2	473	4
0	2	474	0
0	2	475	7
0	2	476	0
0	2	477	0
0	2	478	0
0	2	479	1
0	2	480	8
0	2	481	0
0	2	482	3
0	2	483	0
0	2	484	0
0	2	485	0
0	2	486	0
0	2	487	0
0	2	488	14
0	2	489	0
0	2	490	0
0	2	491	0
0	2	492	4
0	2	493	1
0	2	494	0
0	2	495	8
0	2	496	0
0	2	497	0
0	2	498	0
0	2	499	0
0	2	500	0
0	2	501	0
0	2	502	0
0	2	503	2
0	2	504	0
0	2	505	0
0	2	506	0
0	2	507	0
0	2	508	0
0	2	509	0
0	2	510	0
0	2	511	0
0	2	512	1
0	2	513	12
0	2	514	0
0	2	515	0
0	2	516	4
0	2	517	2
0	2	518	0
0	2	519	0
0	2	520	2
0	2	521	7
0	2	522	0
0	2	523	0
0	2	524	0
0	2	525	0
0	2	526	0
0	2	527	0
0	2	528	0
0	2	529	0
0	2	530	0
0	2	531	0
0	2	532	4
0	2	533	2
0	2	534	9
0	2	535	0
0	2	536	0
0	2	537	0
0	2	538	0
0	2	539	0
0	2	540	4
0	2	541	2
0	2	542	0
0	2	543	0
0	2	544	5
0	2	545	0
0	2	546	0
0	2	547	1
0	2	548	10
0	2	549	4
0	2	550	0
0	2	551	0
0	2	552	0
0	2	553	0
0	2	554	4
0	2	555	6
0	2	556	0
0	2	557	0
0	2	558	12
0	2	559	0
0	2	560	1
0	2	561	0
0	2	562	8
0	2	563	15
0	2	564	6
0	2	565	0
0	2	566	0
0	2	567	0
0	2	568	2
0	2	569	0
0	2	570	0
0	2	571	3
0	2	572	5
0	2	573	0
0	2	574	0
0	2	575	17
0	2	576	0
0	2	577	2
0	2	578	0
0	2	579	0
0	2	580	0
0	2	581	0
0	2	582	1
0	2	583	1
0	2	584	0
0	2	585	9
0	2	586	0
0	2	587	0
0	2	588	4
0	2	589	1
0	2	590	0
0	2	591	0
0	2	592	0
0	2	593	2
0	2	594	0
0	2	595	0
0	2	596	0
0	2	597	0
0	2	598	3
0	2	599	0
0	2	600	5
0	2	601	7
0	2	602	0
0	2	603	1
0	2	604	3
0	2	605	4
0	2	606	0
0	2	607	2
0	2	608	2
0	2	609	0
0	2	610	6
0	2	611	0
0	2	612	0
0	2	613	4
0	2	614	0
0	2	615	0
0	2	616	3
0	2	617	0
0	2	618	0
0	2	619	0
0	2	620	0
0	2	621	0
0	2	622	10
0	2	623	0
0	2	624	1
0	2	625	0
0	2	626	0
0	2	627	0
0	2	628	1
0	2	629	0
0	2	630	0
0	2	631	1
0	2	632	2
0	2	633	0
0	2	634	2
0	2	635	0
0	2	636	0
0	2	637	0
0	2	638	2
0	2	639	1
0	2	640	1
0	2	641	9
0	2	642	0
0	2	643	1
0	2	644	0
0	2	645	0
0	2	646	5
0	2	647	0
0	2	648	3
0	2	649	1
0	2	650	1
0	2	651	0
0	2	652	5
0	2	653	0
0	2	654	10
0	2	655	0
0	2	656	0
0	2	657	0
0	2	658	2
0	2	659	7
0	2	660	0
0	2	661	2
0	2	662	0
0	2	663	0
0	2	664	0
0	2	665	0
0	2	666	0
0	2	667	19
0	2	668	0
0	2	669	0
0	2	670	8
0	2	671	0
0	2	672	0
0	2	673	0
0	2	674	8
0	2	675	1
0	2	676	0
0	2	677	6
0	2	678	0
0	2	679	0
0	2	680	0
0	2	681	0
0	2	682	4
0	2	683	0
0	2	684	1
0	2	685	3
0	2	686	3
0	2	687	0
0	2	688	2
0	2	689	0
0	2	690	0
0	2	691	0
0	2	692	0
0	2	693	1
0	2	694	0
0	2	695	10
0	2	696	4
0	2	697	1
0	2	698	13
0	2	699	0
0	2	700	8
0	2	701	0
0	2	702	0
0	2	703	0
0	2	704	0
0	2	705	0
0	2	706	0
0	2	707	2
0	2	708	0
0	2	709	0
0	2	710	0
0	2	711	0
0	2	712	0
0	2	713	0
0	2	714	2
0	2	715	17
0	2	716	1
0	2	717	3
0	2	718	2
0	2	719	0
0	2	720	0
0	2	721	0
0	2	722	0
0	2	723	7
0	2	724	3
0	2	725	2
0	2	726	2
0	2	727	10
0	2	728	5
0	2	729	0
0	2	730	0
0	2	731	0
0	2	732	0
0	2	733	0
0	2	734	0
0	2	735	5
0	2	736	0
0	2	737	0
0	2	738	0
0	2	739	0
0	2	740	0
0	2	741	0
0	2	742	3
0	2	743	0
0	2	744	11
0	2	745	0
0	2	746	3
0	2	747	0
0	2	748	0
0	2	749	0
0	2	750	0
0	2	751	0
0	2	752	1
0	2	753	0
0	2	754	1
0	2	755	0
0	2	756	0
0	2	757	0
0	2	758	0
0	2	759	0
0	2	760	0
0	2	761	3
0	2	762	0
0	2	763	16
0	2	764	1
0	2	765	0
0	2	766	0
0	2	767	4
0	2	768	0
0	2	769	6
0	2	770	7
0	2	771	5
0	2	772	0
0	2	773	2
0	2	774	5
0	2	775	0
0	2	776	0
0	2	777	10
0	2	778	4
0	2	779	7
0	2	780	0
0	2	781	0
0	2	782	0
0	2	783	2
0	2	784	0
0	2	785	1
0	2	786	5
0	2	787	6
0	2	788	0
0	2	789	0
0	2	790	0
0	2	791	14
0	2	792	0
0	2	793	0
0	2	794	0
0	2	795	0
0	2	796	0
0	2	797	0
0	2	798	13
0	2	799	0
0	2	800	1
0	2	801	0
0	2	802	0
0	2	803	21
0	2	804	2
0	2	805	0
0	2	806	0
0	2	807	2
0	2	808	0
0	2	809	0
0	2	810	0
0	2	811	9
0	2	812	0
0	2	813	0
0	2	814	5
0	2	815	0
0	2	816	8
0	2	817	2
0	2	818	6
0	2	819	0
0	2	820	0
0	2	821	0
0	2	822	12
0	2	823	1
0	2	824	1
0	2	825	0
0	2	826	0
0	2	827	0
0	2	828	9
0	2	829	0
0	2	830	1
0	2	831	0
0	2	832	3
0	2	833	0
0	2	834	0
0	2	835	0
0	2	836	0
0	2	837	1
0	2	838	0
0	2	839	0
0	2	840	0
0	2	841	1
0	2	842	1
0	2	843	0
0	2	844	0
0	2	845	0
0	2	846	0
0	2	847	0
0	2	848	1
0	2	849	5
0	2	850	4
0	2	851	0
0	2	852	0
0	2	853	2
0	2	854	0
0	2	855	13
0	2	856	7
0	2	857	0
0	2	858	0
0	2	859	0
0	2	860	0
0	2	861	5
0	2	862	1
0	2	863	0
0	2	864	7
0	2	865	0
0	2	866	0
0	2	867	0
0	2	868	5
0	2	869	8
0	2	870	0
0	2	871	0
0	2	872	0
0	2	873	3
0	2	874	1
0	2	875	0
0	2	876	0
0	2	877	0
0	2	878	0
0	2	879	4
0	2	880	4
0	2	881	0
0	2	882	3
0	2	883	1
0	2	884	0
0	2	885	0
0	2	886	10
0	2	887	1
0	2	888	4
0	2	889	0
0	2	890	0
0	2	891	0
0	2	892	2
0	2	893	0
0	2	894	9
0	2	895	1
0	2	896	0
0	2	897	1
0	2	898	5
0	2	899	0
0	2	900	2
0	2	901	0
0	2	902	0
0	2	903	0
0	2	904	2
0	2	905	4
0	2	906	9
0	2	907	4
0	2	908	0
0	2	909	2
0	2	910	4
0	2	911	0
0	2	912	0
0	2	913	0
0	2	914	3
0	2	915	0
0	2	916	0
0	2	917	0
0	2	918	0
0	2	919	4
0	2	920	0
0	2	921	0
0	2	922	4
0	2	923	1
0	2	924	0
0	2	925	0
0	2	926	0
0	2	927	6
0	2	928	0
0	2	929	15
0	2	930	7
0	2	931	1
0	2	932	0
0	2	933	3
0	2	934	0
0	2	935	0
0	2	936	0
0	2	937	11
0	2	938	0
0	2	939	0
0	2	940	0
0	2	941	0
0	2	942	4
0	2	943	0
0	2	944	0
0	2	945	0
0	2	946	0
0	2	947	0
0	2	948	5
0	2	949	7
0	2	950	0
0	2	951	1
0	2	952	0
0	2	953	0
0	2	954	1
0	2	955	9
0	2	956	0
0	2	957	3
0	2	958	0
0	2	959	3
0	2	960	0
0	2	961	5
0	2	962	0
0	2	963	6
0	2	964	0
0	2	965	0
0	2	966	10
0	2	967	1
0	2	968	4
0	2	969	0
0	2	970	2
0	2	971	0
0	2	972	1
0	2	973	3
0	2	974	0
0	2	975	0
0	2	976	0
0	2	977	5
0	2	978	0
0	2	979	4
0	2	980	3
0	2	981	0
0	2	982	6
0	2	983	3
0	2	984	8
0	2	985	0
0	2	986	2
0	2	987	0
0	2	988	0
0	2	989	2
0	2	990	1
0	2	991	0
0	2	992	1
0	2	993	0
0	2	994	0
0	2	995	0
0	2	996	0
0	2	997	0
0	2	998	0
0	2	999	0
0	2	1000	0
0	2	1001	1
0	2	1002	0
0	2	1003	0
0	2	1004	0
0	2	1005	2
0	2	1006	0
0	2	1007	1
0	2	1008	5
0	2	1009	1
0	2	1010	0
0	2	1011	0
0	2	1012	0
0	2	1013	15
0	2	1014	1
0	2	1015	0
0	2	1016	0
0	2	1017	0
0	2	1018	5
0	2	1019	0
0	2	1020	0
0	2	1021	0
0	2	1022	0
0	2	1023	0
0	2	1024	0
0	2	1025	2
0	2	1026	1
0	2	1027	0
0	2	1028	6
0	2	1029	0
0	2	1030	1
0	2	1031	0
0	2	1032	0
0	2	1033	2
0	2	1034	0
0	2	1035	0
0	2	1036	0
0	2	1037	0
0	2	1038	9
0	2	1039	0
0	2	1040	0
0	2	1041	0
0	2	1042	0
0	2	1043	0
0	2	1044	5
0	2	1045	8
0	2	1046	0
0	2	1047	1
0	2	1048	0
0	2	1049	0
0	2	1050	2
0	2	1051	0
0	2	1052	1
0	2	1053	2
0	2	1054	0
0	2	1055	0
0	2	1056	0
0	2	1057	0
0	2	1058	0
0	2	1059	2
0	2	1060	0
0	2	1061	3
0	2	1062	0
0	2	1063	0
0	2	1064	0
0	2	1065	1
0	2	1066	0
0	2	1067	4
0	2	1068	0
0	2	1069	0
0	2	1070	0
0	2	1071	11
0	2	1072	1
0	2	1073	0
0	2	1074	0
0	2	1075	7
0	2	1076	0
0	2	1077	0
0	2	1078	5
0	2	1079	0
0	2	1080	0
0	2	1081	1
0	2	1082	0
0	2	1083	4
0	2	1084	0
0	2	1085	0
0	2	1086	0
0	2	1087	0
0	2	1088	0
0	2	1089	0
0	2	1090	0
0	2	1091	5
0	2	1092	0
0	2	1093	0
0	2	1094	0
0	2	1095	0
0	2	1096	0
0	2	1097	0
0	2	1098	5
0	2	1099	0
0	2	1100	8
0	2	1101	5
0	2	1102	1
0	2	1103	3
0	2	1104	0
0	2	1105	8
0	2	1106	0
0	2	1107	0
0	2	1108	0
0	2	1109	8
0	2	1110	0
0	2	1111	0
0	2	1112	0
0	2	1113	0
0	2	1114	5
0	2	1115	0
0	2	1116	0
0	2	1117	10
0	2	1118	0
0	2	1119	0
0	2	1120	1
0	2	1121	0
0	2	1122	3
0	2	1123	0
0	2	1124	7
0	2	1125	0
0	2	1126	0
0	2	1127	5
0	2	1128	0
0	2	1129	0
0	2	1130	0
0	2	1131	0
0	2	1132	0
0	2	1133	2
0	2	1134	0
0	2	1135	0
0	2	1136	0
0	2	1137	2
0	2	1138	4
0	2	1139	1
0	2	1140	2
0	2	1141	1
0	2	1142	3
0	2	1143	1
0	2	1144	0
0	2	1145	0
0	2	1146	0
0	2	1147	0
0	2	1148	9
0	2	1149	3
0	2	1150	23
0	2	1151	0
0	2	1152	8
0	2	1153	0
0	2	1154	0
0	2	1155	6
0	2	1156	0
0	2	1157	0
0	2	1158	0
0	2	1159	3
0	2	1160	1
0	2	1161	0
0	2	1162	3
0	2	1163	0
0	2	1164	10
0	2	1165	0
0	2	1166	0
0	2	1167	3
0	2	1168	0
0	2	1169	0
0	2	1170	7
0	2	1171	0
0	2	1172	4
0	2	1173	0
0	2	1174	0
0	2	1175	3
0	2	1176	0
0	2	1177	7
0	2	1178	3
0	2	1179	0
0	2	1180	1
0	2	1181	2
0	2	1182	0
0	2	1183	0
0	2	1184	2
0	2	1185	0
0	2	1186	0
0	2	1187	0
0	2	1188	0
0	2	1189	0
0	2	1190	0
0	2	1191	0
0	2	1192	0
0	2	1193	0
0	2	1194	0
0	2	1195	8
0	2	1196	0
0	2	1197	0
0	2	1198	0
0	2	1199	0
0	2	1200	0
0	2	1201	0
0	2	1202	4
0	2	1203	6
0	2	1204	0
0	2	1205	0
0	2	1206	1
0	2	1207	0
0	2	1208	1
0	2	1209	3
0	2	1210	4
0	2	1211	0
0	2	1212	3
0	2	1213	0
0	2	1214	1
0	2	1215	0
0	2	1216	3
0	2	1217	5
0	2	1218	4
0	2	1219	35
0	2	1220	0
0	2	1221	5
0	2	1222	6
0	2	1223	0
0	2	1224	9
0	2	1225	5
0	2	1226	6
0	2	1227	0
0	2	1228	0
0	2	1229	0
0	2	1230	5
0	2	1231	0
0	2	1232	0
0	2	1233	0
0	2	1234	5
0	2	1235	3
0	2	1236	11
0	2	1237	0
0	2	1238	0
0	2	1239	0
0	2	1240	0
0	2	1241	0
0	2	1242	0
0	2	1243	0
0	2	1244	0
0	2	1245	0
0	2	1246	1
0	2	1247	10
0	2	1248	0
0	2	1249	0
0	2	1250	0
0	2	1251	0
0	2	1252	0
0	2	1253	0
0	2	1254	4
0	2	1255	3
0	2	1256	0
0	2	1257	0
0	2	1258	0
0	2	1259	1
0	2	1260	0
0	2	1261	0
0	2	1262	0
0	2	1263	8
0	2	1264	0
0	2	1265	5
0	2	1266	0
0	2	1267	0
0	2	1268	0
0	2	1269	2
0	2	1270	0
0	2	1271	0
0	2	1272	0
0	2	1273	0
0	2	1274	4
0	2	1275	6
0	2	1276	1
0	2	1277	1
0	2	1278	0
0	2	1279	0
0	2	1280	8
0	2	1281	5
0	2	1282	10
0	2	1283	0
0	2	1284	0
0	2	1285	0
0	2	1286	0
0	2	1287	0
0	2	1288	0
0	2	1289	0
0	2	1290	5
0	2	1291	5
0	2	1292	0
0	2	1293	0
0	2	1294	0
0	2	1295	10
0	2	1296	0
0	2	1297	7
0	2	1298	3
0	2	1299	0
0	2	1300	5
0	2	1301	0
0	2	1302	0
0	2	1303	0
0	2	1304	0
0	2	1305	4
0	2	1306	0
0	2	1307	0
0	2	1308	3
0	2	1309	6
0	2	1310	0
0	2	1311	0
0	2	1312	4
0	2	1313	0
0	2	1314	3
0	2	1315	5
0	2	1316	0
0	2	1317	0
0	2	1318	0
0	2	1319	0
0	2	1320	3
0	2	1321	0
0	2	1322	1
0	2	1323	6
0	2	1324	0
0	2	1325	0
0	2	1326	0
0	2	1327	1
0	2	1328	0
0	2	1329	0
0	2	1330	15
0	2	1331	1
0	2	1332	0
0	2	1333	0
0	2	1334	4
0	2	1335	0
0	2	1336	0
0	2	1337	3
0	2	1338	0
0	2	1339	6
0	2	1340	3
0	2	1341	0
0	2	1342	0
0	2	1343	0
0	2	1344	0
0	2	1345	1
0	2	1346	5
0	2	1347	0
0	2	1348	0
0	2	1349	0
0	2	1350	0
0	2	1351	0
0	2	1352	3
0	2	1353	18
0	2	1354	0
0	2	1355	1
0	2	1356	0
0	2	1357	0
0	2	1358	0
0	2	1359	0
0	2	1360	3
0	2	1361	0
0	2	1362	0
0	2	1363	0
0	2	1364	0
0	2	1365	0
0	2	1366	0
0	2	1367	0
0	2	1368	0
0	2	1369	11
0	2	1370	11
0	2	1371	0
0	2	1372	1
0	2	1373	0
0	2	1374	14
0	2	1375	2
0	2	1376	0
0	2	1377	0
0	2	1378	0
0	2	1379	24
0	2	1380	1
0	2	1381	0
0	2	1382	0
0	2	1383	3
0	2	1384	2
0	2	1385	1
0	2	1386	0
0	2	1387	1
0	2	1388	0
0	2	1389	3
0	2	1390	8
0	2	1391	1
0	2	1392	0
0	2	1393	1
0	2	1394	0
0	2	1395	4
0	2	1396	0
0	2	1397	0
0	2	1398	1
0	2	1399	0
0	2	1400	0
0	2	1401	0
0	2	1402	0
0	2	1403	0
0	2	1404	0
0	2	1405	5
0	2	1406	0
0	2	1407	0
0	2	1408	0
0	2	1409	0
0	2	1410	2
0	2	1411	0
0	2	1412	5
0	2	1413	5
0	2	1414	0
0	2	1415	0
0	2	1416	0
0	2	1417	4
0	2	1418	0
0	2	1419	0
0	2	1420	8
0	2	1421	0
0	2	1422	0
0	2	1423	4
0	2	1424	2
0	2	1425	0
0	2	1426	0
0	2	1427	0
0	2	1428	0
0	2	1429	0
0	2	1430	5
0	2	1431	0
0	2	1432	0
0	2	1433	0
0	2	1434	0
0	2	1435	0
0	2	1436	1
0	2	1437	10
0	2	1438	3
0	2	1439	2
0	2	1440	0
0	2	1441	12
0	2	1442	0
0	2	1443	0
0	2	1444	15
0	2	1445	3
0	2	1446	11
0	2	1447	1
0	2	1448	3
0	2	1449	0
0	2	1450	0
0	2	1451	0
0	2	1452	2
0	2	1453	0
0	2	1454	0
0	2	1455	11
0	2	1456	0
0	2	1457	0
0	2	1458	0
0	2	1459	0
0	2	1460	10
0	2	1461	0
0	2	1462	3
0	2	1463	0
0	2	1464	1
0	2	1465	10
0	2	1466	0
0	2	1467	10
0	2	1468	2
0	2	1469	3
0	2	1470	1
0	2	1471	5
0	2	1472	0
0	2	1473	0
0	2	1474	0
0	2	1475	0
0	2	1476	0
0	2	1477	0
0	2	1478	0
0	2	1479	2
0	2	1480	2
0	2	1481	0
0	2	1482	0
0	2	1483	0
0	2	1484	3
0	2	1485	0
0	2	1486	1
0	2	1487	0
0	2	1488	0
0	2	1489	1
0	2	1490	0
0	2	1491	2
0	2	1492	0
0	2	1493	0
0	2	1494	1
0	2	1495	0
0	2	1496	0
0	2	1497	6
0	2	1498	1
0	2	1499	0
0	2	1500	0
0	2	1501	0
0	2	1502	2
0	2	1503	2
0	2	1504	0
0	2	1505	0
0	2	1506	0
0	2	1507	0
0	2	1508	2
0	2	1509	6
0	2	1510	0
0	2	1511	1
0	2	1512	0
0	2	1513	4
0	2	1514	0
0	2	1515	0
0	2	1516	2
0	2	1517	0
0	2	1518	0
0	2	1519	0
0	2	1520	5
0	2	1521	4
0	2	1522	17
0	2	1523	0
0	2	1524	3
0	2	1525	2
0	2	1526	0
0	2	1527	0
0	2	1528	1
0	2	1529	0
0	2	1530	0
0	2	1531	0
0	2	1532	2
0	2	1533	0
0	2	1534	0
0	2	1535	0
0	2	1536	0
0	2	1537	0
0	2	1538	0
0	2	1539	0
0	2	1540	0
0	2	1541	0
0	2	1542	0
0	2	1543	16
0	2	1544	0
0	2	1545	5
0	2	1546	0
0	2	1547	0
0	2	1548	1
0	2	1549	0
0	2	1550	0
0	2	1551	0
0	2	1552	0
0	2	1553	0
0	2	1554	0
0	2	1555	0
0	2	1556	0
0	2	1557	3
0	2	1558	0
0	2	1559	2
0	2	1560	13
0	2	1561	0
0	2	1562	19
0	2	1563	0
0	2	1564	4
0	2	1565	0
0	2	1566	8
0	2	1567	0
0	2	1568	0
0	2	1569	4
0	2	1570	12
0	2	1571	0
0	2	1572	0
0	2	1573	4
0	2	1574	0
0	2	1575	0
0	2	1576	0
0	2	1577	5
0	2	1578	0
0	2	1579	0
0	2	1580	0
0	2	1581	8
0	2	1582	0
0	2	1583	0
0	2	1584	0
0	2	1585	0
0	2	1586	0
0	2	1587	5
0	2	1588	0
0	2	1589	0
0	2	1590	0
0	2	1591	5
0	2	1592	0
0	2	1593	0
0	2	1594	1
0	2	1595	0
0	2	1596	0
0	2	1597	6
0	2	1598	3
0	2	1599	0
0	2	1600	1
0	2	1601	1
0	2	1602	0
0	2	1603	0
0	2	1604	0
0	2	1605	1
0	2	1606	0
0	2	1607	0
0	2	1608	0
0	2	1609	4
0	2	1610	2
0	2	1611	0
0	2	1612	1
0	2	1613	1
0	2	1614	6
0	2	1615	0
0	2	1616	0
0	2	1617	0
0	2	1618	5
0	2	1619	0
0	2	1620	0
0	2	1621	0
0	2	1622	0
0	2	1623	3
0	2	1624	0
0	2	1625	0
0	2	1626	6
0	2	1627	0
0	2	1628	0
0	2	1629	1
0	2	1630	8
0	2	1631	3
0	2	1632	3
0	2	1633	0
0	2	1634	6
0	2	1635	0
0	2	1636	0
0	2	1637	0
0	2	1638	1
0	2	1639	0
0	2	1640	0
0	2	1641	16
0	2	1642	0
0	2	1643	0
0	2	1644	0
0	2	1645	0
0	2	1646	3
0	2	1647	0
0	2	1648	0
0	2	1649	1
0	2	1650	0
0	2	1651	0
0	2	1652	0
0	2	1653	0
0	2	1654	0
0	2	1655	0
0	2	1656	0
0	2	1657	0
0	2	1658	0
0	2	1659	1
0	2	1660	1
0	2	1661	0
0	2	1662	9
0	2	1663	6
0	2	1664	3
0	2	1665	10
0	2	1666	0
0	2	1667	0
0	2	1668	0
0	2	1669	1
0	2	1670	0
0	2	1671	3
0	2	1672	0
0	2	1673	0
0	2	1674	0
0	2	1675	0
0	2	1676	2
0	2	1677	0
0	2	1678	0
0	2	1679	0
0	2	1680	0
0	2	1681	0
0	2	1682	0
0	2	1683	0
0	2	1684	1
0	2	1685	0
0	2	1686	1
0	2	1687	0
0	2	1688	0
0	2	1689	9
0	2	1690	8
0	2	1691	8
0	2	1692	0
0	2	1693	7
0	2	1694	0
0	2	1695	1
0	2	1696	0
0	2	1697	0
0	2	1698	0
0	2	1699	0
0	2	1700	2
0	2	1701	0
0	2	1702	2
0	2	1703	0
0	2	1704	0
0	2	1705	0
0	2	1706	0
0	2	1707	0
0	2	1708	0
0	2	1709	0
0	2	1710	6
0	2	1711	2
0	2	1712	0
0	2	1713	0
0	2	1714	2
0	2	1715	0
0	2	1716	1
0	2	1717	4
0	2	1718	0
0	2	1719	2
0	2	1720	2
0	2	1721	10
0	2	1722	0
0	2	1723	15
0	2	1724	0
0	2	1725	0
0	2	1726	10
0	2	1727	0
0	2	1728	7
0	2	1729	0
0	2	1730	1
0	2	1731	9
0	2	1732	0
0	2	1733	0
0	2	1734	0
0	2	1735	0
0	2	1736	0
0	2	1737	0
0	2	1738	2
0	2	1739	13
0	2	1740	6
0	2	1741	18
0	2	1742	0
0	2	1743	0
0	2	1744	0
0	2	1745	0
0	2	1746	0
0	2	1747	0
0	2	1748	7
0	2	1749	0
0	2	1750	0
0	2	1751	6
0	2	1752	0
0	2	1753	4
0	2	1754	0
0	2	1755	4
0	2	1756	8
0	2	1757	0
0	2	1758	0
0	2	1759	14
0	2	1760	0
0	2	1761	0
0	2	1762	0
0	2	1763	0
0	2	1764	0
0	2	1765	6
0	2	1766	2
0	2	1767	0
0	2	1768	2
0	2	1769	18
0	2	1770	3
0	2	1771	0
0	2	1772	6
0	2	1773	0
0	2	1774	0
0	2	1775	0
0	2	1776	0
0	2	1777	0
0	2	1778	0
0	2	1779	2
0	2	1780	0
0	2	1781	0
0	2	1782	9
0	2	1783	6
0	2	1784	3
0	2	1785	3
0	2	1786	0
0	2	1787	0
0	2	1788	4
0	2	1789	1
0	2	1790	6
0	2	1791	0
0	2	1792	0
0	2	1793	3
0	2	1794	5
0	2	1795	0
0	2	1796	0
0	2	1797	0
0	2	1798	0
0	2	1799	0
0	2	1800	0
0	2	1801	0
0	2	1802	0
0	2	1803	9
0	2	1804	1
0	2	1805	0
0	2	1806	0
0	2	1807	0
0	2	1808	0
0	2	1809	0
0	2	1810	0
0	2	1811	0
0	2	1812	3
0	2	1813	0
0	2	1814	5
0	2	1815	2
0	2	1816	8
0	2	1817	16
0	2	1818	0
0	2	1819	1
0	2	1820	9
0	2	1821	0
0	2	1822	0
0	2	1823	6
0	2	1824	0
0	2	1825	0
0	2	1826	0
0	2	1827	3
0	2	1828	0
0	2	1829	15
0	2	1830	0
0	2	1831	0
0	2	1832	2
0	2	1833	3
0	2	1834	2
0	2	1835	1
0	2	1836	0
0	2	1837	2
0	2	1838	1
0	2	1839	0
0	2	1840	0
0	2	1841	0
0	2	1842	0
0	2	1843	0
0	2	1844	0
0	2	1845	0
0	2	1846	4
0	2	1847	0
0	2	1848	0
0	2	1849	3
0	2	1850	0
0	2	1851	0
0	2	1852	6
0	2	1853	10
0	2	1854	0
0	2	1855	0
0	2	1856	2
0	2	1857	0
0	2	1858	0
0	2	1859	0
0	2	1860	0
0	2	1861	0
0	2	1862	3
0	2	1863	7
0	2	1864	0
0	2	1865	0
0	2	1866	0
0	2	1867	0
0	2	1868	7
0	2	1869	0
0	2	1870	0
0	2	1871	9
0	2	1872	4
0	2	1873	0
0	2	1874	0
0	2	1875	1
0	2	1876	7
0	2	1877	4
0	2	1878	0
0	2	1879	7
0	2	1880	1
0	2	1881	0
0	2	1882	0
0	2	1883	0
0	2	1884	0
0	2	1885	1
0	2	1886	8
0	2	1887	3
0	2	1888	10
0	2	1889	11
0	2	1890	0
0	2	1891	0
0	2	1892	1
0	2	1893	2
0	2	1894	0
0	2	1895	0
0	2	1896	2
0	2	1897	0
0	2	1898	0
0	2	1899	4
0	2	1900	0
0	2	1901	0
0	2	1902	2
0	2	1903	0
0	2	1904	10
0	2	1905	9
0	2	1906	0
0	2	1907	0
0	2	1908	0
0	2	1909	0
0	2	1910	0
0	2	1911	0
0	2	1912	0
0	2	1913	4
0	2	1914	0
0	2	1915	4
0	2	1916	3
0	2	1917	2
0	2	1918	2
0	2	1919	0
0	2	1920	0
0	2	1921	4
0	2	1922	0
0	2	1923	4
0	2	1924	0
0	2	1925	0
0	2	1926	0
0	2	1927	2
0	2	1928	0
0	2	1929	14
0	2	1930	0
0	2	1931	0
0	2	1932	0
0	2	1933	3
0	2	1934	8
0	2	1935	1
0	2	1936	6
0	2	1937	2
0	2	1938	4
0	2	1939	0
0	2	1940	0
0	2	1941	0
0	2	1942	0
0	2	1943	1
0	2	1944	0
0	2	1945	3
0	2	1946	0
0	2	1947	0
0	2	1948	5
0	2	1949	0
0	2	1950	0
0	2	1951	0
0	2	1952	0
0	2	1953	0
0	2	1954	0
0	2	1955	0
0	2	1956	2
0	2	1957	4
0	2	1958	0
0	2	1959	0
0	2	1960	2
0	2	1961	0
0	2	1962	10
0	2	1963	1
0	2	1964	0
0	2	1965	0
0	2	1966	0
0	2	1967	0
0	2	1968	0
0	2	1969	3
0	2	1970	0
0	2	1971	0
0	2	1972	0
0	2	1973	2
0	2	1974	0
0	2	1975	0
0	2	1976	0
0	2	1977	0
0	2	1978	4
0	2	1979	0
0	2	1980	0
0	2	1981	6
0	2	1982	4
0	2	1983	0
0	2	1984	0
0	2	1985	0
0	2	1986	0
0	2	1987	2
0	2	1988	0
0	2	1989	0
0	2	1990	17
0	2	1991	2
0	2	1992	0
0	2	1993	2
0	2	1994	0
0	2	1995	0
0	2	1996	0
0	2	1997	0
0	2	1998	2
0	2	1999	0
0	2	2000	0
0	2	2001	0
0	2	2002	8
0	2	2003	7
0	2	2004	7
0	2	2005	0
0	2	2006	1
0	2	2007	0
0	2	2008	0
0	2	2009	3
0	2	2010	0
0	2	2011	0
0	2	2012	0
0	2	2013	0
0	2	2014	0
0	2	2015	0
0	2	2016	5
0	2	2017	0
0	2	2018	0
0	2	2019	2
0	2	2020	3
0	2	2021	0
0	2	2022	0
0	2	2023	2
0	2	2024	0
0	2	2025	1
0	2	2026	0
0	2	2027	2
0	2	2028	1
0	2	2029	1
0	2	2030	0
0	2	2031	0
0	2	2032	0
0	2	2033	7
0	2	2034	0
0	2	2035	8
0	2	2036	0
0	2	2037	0
0	2	2038	0
0	2	2039	4
0	2	2040	0
0	2	2041	14
0	2	2042	2
0	2	2043	10
0	2	2044	3
0	2	2045	0
0	2	2046	0
0	2	2047	3
0	2	2048	3
0	2	2049	8
0	2	2050	0
0	2	2051	2
0	2	2052	0
0	2	2053	0
0	2	2054	0
0	2	2055	4
0	2	2056	0
0	2	2057	0
0	2	2058	0
0	2	2059	0
0	2	2060	13
0	2	2061	0
0	2	2062	10
0	2	2063	1
0	2	2064	8
0	2	2065	0
0	2	2066	0
0	2	2067	2
0	2	2068	0
0	2	2069	0
0	2	2070	1
0	2	2071	0
0	2	2072	0
0	2	2073	0
0	2	2074	0
0	2	2075	2
0	2	2076	6
0	2	2077	0
0	2	2078	1
0	2	2079	0
0	2	2080	0
0	2	2081	0
0	2	2082	0
0	2	2083	0
0	2	2084	0
0	2	2085	5
0	2	2086	1
0	2	2087	0
0	2	2088	0
0	2	2089	6
0	2	2090	0
0	2	2091	2
0	2	2092	2
0	2	2093	2
0	2	2094	1
0	2	2095	4
0	2	2096	0
0	2	2097	0
0	2	2098	24
0	2	2099	0
0	2	2100	6
0	2	2101	6
0	2	2102	0
0	2	2103	0
0	2	2104	6
0	2	2105	11
0	2	2106	0
0	2	2107	1
0	2	2108	0
0	2	2109	0
0	2	2110	1
0	2	2111	0
0	2	2112	0
0	2	2113	0
0	2	2114	0
0	2	2115	0
0	2	2116	0
0	2	2117	1
0	2	2118	0
0	2	2119	0
0	2	2120	0
0	2	2121	0
0	2	2122	5
0	2	2123	0
0	2	2124	0
0	2	2125	9
0	2	2126	3
0	2	2127	0
0	2	2128	0
0	2	2129	0
0	2	2130	0
0	2	2131	2
0	2	2132	1
0	2	2133	8
0	2	2134	1
0	2	2135	2
0	2	2136	0
0	2	2137	0
0	2	2138	1
0	2	2139	7
0	2	2140	0
0	2	2141	2
0	2	2142	0
0	2	2143	5
0	2	2144	0
0	2	2145	0
0	2	2146	1
0	2	2147	0
0	2	2148	0
0	2	2149	0
0	2	2150	1
0	2	2151	0
0	2	2152	0
0	2	2153	11
0	2	2154	0
0	2	2155	0
0	2	2156	0
0	2	2157	0
0	2	2158	0
0	2	2159	5
0	2	2160	2
0	2	2161	0
0	2	2162	0
0	2	2163	0
0	2	2164	3
0	2	2165	0
0	2	2166	0
0	2	2167	0
0	2	2168	0
0	2	2169	0
0	2	2170	0
0	2	2171	0
0	2	2172	0
0	2	2173	8
0	2	2174	2
0	2	2175	0
0	2	2176	6
0	2	2177	0
0	2	2178	0
0	2	2179	8
0	2	2180	0
0	2	2181	1
0	2	2182	0
0	2	2183	19
0	2	2184	0
0	2	2185	0
0	2	2186	0
0	2	2187	12
0	2	2188	1
0	2	2189	0
0	2	2190	0
0	2	2191	0
0	2	2192	0
0	2	2193	10
0	2	2194	6
0	2	2195	0
0	2	2196	1
0	2	2197	2
0	2	2198	0
0	2	2199	11
0	2	2200	0
0	2	2201	1
0	2	2202	2
0	2	2203	0
0	2	2204	0
0	2	2205	0
0	2	2206	0
0	2	2207	0
0	2	2208	2
0	2	2209	0
0	2	2210	5
0	2	2211	1
0	2	2212	0
0	2	2213	0
0	2	2214	0
0	2	2215	0
0	2	2216	2
0	2	2217	0
0	2	2218	0
0	2	2219	3
0	2	2220	8
0	2	2221	2
0	2	2222	0
0	2	2223	5
0	2	2224	6
0	2	2225	4
0	2	2226	3
0	2	2227	0
0	2	2228	0
0	2	2229	0
0	2	2230	4
0	2	2231	1
0	2	2232	0
0	2	2233	1
0	2	2234	3
0	2	2235	4
0	2	2236	2
0	2	2237	0
0	2	2238	4
0	2	2239	0
0	2	2240	8
0	2	2241	0
0	2	2242	0
0	2	2243	13
0	2	2244	9
0	2	2245	0
0	2	2246	0
0	2	2247	0
0	2	2248	8
0	2	2249	0
0	2	2250	0
0	2	2251	6
0	2	2252	6
0	2	2253	3
0	2	2254	6
0	2	2255	6
0	2	2256	5
0	2	2257	0
0	2	2258	0
0	2	2259	6
0	2	2260	0
0	2	2261	3
0	2	2262	0
0	2	2263	5
0	2	2264	0
0	2	2265	9
0	2	2266	0
0	2	2267	3
0	2	2268	0
0	2	2269	3
0	2	2270	4
0	2	2271	0
0	2	2272	0
0	2	2273	0
0	2	2274	3
0	2	2275	0
0	2	2276	4
0	2	2277	3
0	2	2278	3
0	2	2279	5
0	2	2280	2
0	2	2281	0
0	2	2282	0
0	2	2283	0
0	2	2284	0
0	2	2285	0
0	2	2286	0
0	2	2287	4
0	2	2288	0
0	2	2289	0
0	2	2290	0
0	2	2291	1
0	2	2292	0
0	2	2293	0
0	2	2294	0
0	2	2295	14
0	2	2296	12
0	2	2297	0
0	2	2298	0
0	2	2299	0
0	2	2300	0
0	2	2301	14
0	2	2302	5
0	2	2303	0
0	2	2304	0
0	2	2305	3
0	2	2306	0
0	2	2307	17
0	2	2308	25
0	2	2309	9
0	2	2310	3
0	2	2311	0
0	2	2312	13
0	2	2313	0
0	2	2314	0
0	2	2315	8
0	2	2316	0
0	2	2317	3
0	2	2318	4
0	2	2319	0
0	2	2320	0
0	2	2321	0
0	2	2322	0
0	2	2323	0
0	2	2324	0
0	2	2325	1
0	2	2326	0
0	2	2327	0
0	2	2328	0
0	2	2329	0
0	2	2330	0
0	2	2331	0
0	2	2332	8
0	2	2333	0
0	2	2334	0
0	2	2335	4
0	2	2336	0
0	2	2337	0
0	2	2338	7
0	2	2339	0
0	2	2340	2
0	2	2341	1
0	2	2342	0
0	2	2343	0
0	2	2344	7
0	2	2345	0
0	2	2346	0
0	2	2347	0
0	2	2348	0
0	2	2349	0
0	2	2350	1
0	2	2351	2
0	2	2352	0
0	2	2353	0
0	2	2354	2
0	2	2355	2
0	2	2356	0
0	2	2357	0
0	2	2358	0
0	2	2359	0
0	2	2360	3
0	2	2361	0
0	2	2362	0
0	2	2363	13
0	2	2364	1
0	2	2365	6
0	2	2366	0
0	2	2367	0
0	2	2368	3
0	2	2369	0
0	2	2370	0
0	2	2371	0
0	2	2372	7
0	2	2373	0
0	2	2374	1
0	2	2375	8
0	2	2376	0
0	2	2377	0
0	2	2378	0
0	2	2379	6
0	2	2380	4
0	2	2381	0
0	2	2382	0
0	2	2383	7
0	2	2384	0
0	2	2385	5
0	2	2386	16
0	2	2387	0
0	2	2388	12
0	2	2389	1
0	2	2390	0
0	2	2391	0
0	2	2392	12
0	2	2393	0
0	2	2394	2
0	2	2395	0
0	2	2396	0
0	2	2397	0
0	2	2398	8
0	2	2399	0
0	2	2400	5
0	2	2401	2
0	2	2402	0
0	2	2403	2
0	2	2404	0
0	2	2405	5
0	2	2406	0
0	2	2407	2
0	2	2408	0
0	2	2409	3
0	2	2410	0
0	2	2411	1
0	2	2412	0
0	2	2413	4
0	2	2414	0
0	2	2415	2
0	2	2416	0
0	2	2417	2
0	2	2418	4
0	2	2419	0
0	2	2420	0
0	2	2421	0
0	2	2422	0
0	2	2423	5
0	2	2424	0
0	2	2425	2
0	2	2426	0
0	2	2427	0
0	2	2428	0
0	2	2429	0
0	2	2430	0
0	2	2431	6
0	2	2432	0
0	2	2433	0
0	2	2434	0
0	2	2435	1
0	2	2436	0
0	2	2437	0
0	2	2438	1
0	2	2439	0
0	2	2440	0
0	2	2441	0
0	2	2442	0
0	2	2443	0
0	2	2444	1
0	2	2445	4
0	2	2446	0
0	2	2447	14
0	2	2448	0
0	2	2449	3
0	2	2450	0
0	2	2451	7
0	2	2452	0
0	2	2453	2
0	2	2454	0
0	2	2455	0
0	2	2456	9
0	2	2457	0
0	2	2458	23
0	2	2459	7
0	2	2460	0
0	2	2461	19
0	2	2462	0
0	2	2463	0
0	2	2464	7
0	2	2465	0
0	2	2466	0
0	2	2467	0
0	2	2468	0
0	2	2469	5
0	2	2470	6
0	2	2471	0
0	2	2472	0
0	2	2473	8
0	2	2474	0
0	2	2475	3
0	2	2476	0
0	2	2477	9
0	2	2478	0
0	2	2479	0
0	2	2480	5
0	2	2481	13
0	2	2482	0
0	2	2483	0
0	2	2484	0
0	2	2485	7
0	2	2486	15
0	2	2487	0
0	2	2488	0
0	2	2489	2
0	2	2490	0
0	2	2491	0
0	2	2492	1
0	2	2493	0
0	2	2494	10
0	2	2495	0
0	2	2496	7
0	2	2497	0
0	2	2498	0
0	2	2499	0
0	2	2500	0
0	2	2501	0
0	2	2502	0
0	2	2503	0
0	2	2504	0
0	2	2505	0
0	2	2506	0
0	2	2507	0
0	2	2508	5
0	2	2509	0
0	2	2510	0
0	2	2511	0
0	2	2512	0
0	2	2513	0
0	2	2514	7
0	2	2515	8
0	2	2516	0
0	2	2517	0
0	2	2518	0
0	2	2519	0
0	2	2520	0
0	2	2521	1
0	2	2522	0
0	2	2523	10
0	2	2524	0
0	2	2525	0
0	2	2526	0
0	2	2527	0
0	2	2528	4
0	2	2529	2
0	2	2530	0
0	2	2531	5
0	2	2532	0
0	2	2533	0
0	2	2534	1
0	2	2535	0
0	2	2536	0
0	2	2537	0
0	2	2538	1
0	2	2539	8
0	2	2540	1
0	2	2541	21
0	2	2542	0
0	2	2543	0
0	2	2544	1
0	2	2545	0
0	2	2546	0
0	2	2547	0
0	2	2548	1
0	2	2549	3
0	2	2550	9
0	2	2551	0
0	2	2552	9
0	2	2553	0
0	2	2554	0
0	2	2555	0
0	2	2556	2
0	2	2557	0
0	2	2558	0
0	2	2559	0
0	2	2560	0
0	2	2561	2
0	2	2562	3
0	2	2563	5
0	2	2564	7
0	2	2565	0
0	2	2566	7
0	2	2567	0
0	2	2568	1
0	2	2569	1
0	2	2570	0
0	2	2571	7
0	2	2572	0
0	2	2573	4
0	2	2574	0
0	2	2575	0
0	2	2576	0
0	2	2577	0
0	2	2578	0
0	2	2579	1
0	2	2580	0
0	2	2581	0
0	2	2582	0
0	2	2583	0
0	2	2584	0
0	2	2585	18
0	2	2586	3
0	2	2587	0
0	2	2588	0
0	2	2589	0
0	2	2590	0
0	2	2591	0
0	2	2592	0
0	2	2593	0
0	2	2594	3
0	2	2595	1
0	2	2596	0
0	2	2597	0
0	2	2598	1
0	2	2599	0
0	2	2600	0
0	2	2601	0
0	2	2602	0
0	2	2603	3
0	2	2604	4
0	2	2605	0
0	2	2606	5
0	2	2607	0
0	2	2608	10
0	2	2609	0
0	2	2610	2
0	2	2611	0
0	2	2612	0
0	2	2613	2
0	2	2614	4
0	2	2615	0
0	2	2616	0
0	2	2617	0
0	2	2618	0
0	2	2619	0
0	2	2620	0
0	2	2621	0
0	2	2622	8
0	2	2623	0
0	2	2624	1
0	2	2625	0
0	2	2626	0
0	2	2627	0
0	2	2628	0
0	2	2629	0
0	2	2630	6
0	2	2631	0
0	2	2632	0
0	2	2633	3
0	2	2634	0
0	2	2635	0
0	2	2636	30
0	2	2637	5
0	2	2638	0
0	2	2639	0
0	2	2640	0
0	2	2641	0
0	2	2642	0
0	2	2643	0
0	2	2644	8
0	2	2645	5
0	2	2646	0
0	2	2647	6
0	2	2648	0
0	2	2649	0
0	2	2650	0
0	2	2651	0
0	2	2652	0
0	2	2653	0
0	2	2654	0
0	2	2655	0
0	2	2656	0
0	2	2657	0
0	2	2658	3
0	2	2659	0
0	2	2660	4
0	2	2661	0
0	2	2662	0
0	2	2663	0
0	2	2664	0
0	2	2665	0
0	2	2666	0
0	2	2667	0
0	2	2668	8
0	2	2669	0
0	2	2670	0
0	2	2671	0
0	2	2672	0
0	2	2673	0
0	2	2674	10
0	2	2675	0
0	2	2676	3
0	2	2677	0
0	2	2678	0
0	2	2679	1
0	2	2680	0
0	2	2681	13
0	2	2682	0
0	2	2683	5
0	2	2684	1
0	2	2685	4
0	2	2686	0
0	2	2687	0
0	2	2688	0
0	2	2689	13
0	2	2690	6
0	2	2691	0
0	2	2692	3
0	2	2693	5
0	2	2694	0
0	2	2695	5
0	2	2696	0
0	2	2697	0
0	2	2698	1
0	2	2699	0
0	2	2700	0
0	2	2701	0
0	2	2702	0
0	2	2703	1
0	2	2704	3
0	2	2705	0
0	2	2706	10
0	2	2707	1
0	2	2708	0
0	2	2709	0
0	2	2710	0
0	2	2711	2
0	2	2712	8
0	2	2713	0
0	2	2714	0
0	2	2715	0
0	2	2716	6
0	2	2717	0
0	2	2718	0
0	2	2719	2
0	2	2720	0
0	2	2721	0
0	2	2722	5
0	2	2723	0
0	2	2724	0
0	2	2725	0
0	2	2726	2
0	2	2727	0
0	2	2728	0
0	2	2729	0
0	2	2730	0
0	2	2731	0
0	2	2732	0
0	2	2733	12
0	2	2734	0
0	2	2735	21
0	2	2736	0
0	2	2737	3
0	2	2738	13
0	2	2739	3
0	2	2740	5
0	2	2741	0
0	2	2742	15
0	2	2743	0
0	2	2744	0
0	2	2745	0
0	2	2746	0
0	2	2747	0
0	2	2748	13
0	2	2749	0
0	2	2750	13
0	2	2751	3
0	2	2752	1
0	2	2753	0
0	2	2754	5
0	2	2755	1
0	2	2756	7
0	2	2757	1
0	2	2758	0
0	2	2759	7
0	2	2760	0
0	2	2761	0
0	2	2762	18
0	2	2763	0
0	2	2764	0
0	2	2765	0
0	2	2766	0
0	2	2767	4
0	2	2768	0
0	2	2769	25
0	2	2770	2
0	2	2771	0
0	2	2772	0
0	2	2773	0
0	2	2774	0
0	2	2775	2
0	2	2776	0
0	2	2777	0
0	2	2778	3
0	2	2779	0
0	2	2780	0
0	2	2781	4
0	2	2782	0
0	2	2783	0
0	2	2784	6
0	2	2785	0
0	2	2786	1
0	2	2787	0
0	2	2788	0
0	2	2789	0
0	2	2790	0
0	2	2791	0
0	2	2792	0
0	2	2793	1
0	2	2794	7
0	2	2795	4
0	2	2796	6
0	2	2797	0
0	2	2798	0
0	2	2799	1
0	2	2800	0
0	2	2801	1
0	2	2802	0
0	2	2803	0
0	2	2804	0
0	2	2805	4
0	2	2806	8
0	2	2807	0
0	2	2808	0
0	2	2809	0
0	2	2810	0
0	2	2811	0
0	2	2812	7
0	2	2813	14
0	2	2814	0
0	2	2815	0
0	2	2816	0
0	2	2817	0
0	2	2818	3
0	2	2819	0
0	2	2820	0
0	2	2821	0
0	2	2822	0
0	2	2823	0
0	2	2824	2
0	2	2825	0
0	2	2826	3
0	2	2827	0
0	2	2828	3
0	2	2829	0
0	2	2830	0
0	2	2831	5
0	2	2832	0
0	2	2833	2
0	2	2834	9
0	2	2835	3
0	2	2836	0
0	2	2837	0
0	2	2838	8
0	2	2839	13
0	2	2840	5
0	2	2841	0
0	2	2842	0
0	2	2843	0
0	2	2844	0
0	2	2845	0
0	2	2846	9
0	2	2847	0
0	2	2848	0
0	2	2849	4
0	2	2850	0
0	2	2851	0
0	2	2852	1
0	2	2853	0
0	2	2854	0
0	2	2855	0
0	2	2856	0
0	2	2857	0
0	2	2858	0
0	2	2859	0
0	2	2860	4
0	2	2861	0
0	2	2862	0
0	2	2863	0
0	2	2864	6
0	2	2865	0
0	2	2866	0
0	2	2867	0
0	2	2868	0
0	2	2869	0
0	2	2870	0
0	2	2871	0
0	2	2872	0
0	2	2873	1
0	2	2874	0
0	2	2875	6
0	2	2876	0
0	2	2877	0
0	2	2878	0
0	2	2879	0
0	2	2880	0
0	2	2881	0
0	2	2882	18
0	2	2883	17
0	2	2884	0
0	2	2885	0
0	2	2886	8
0	2	2887	0
0	2	2888	9
0	2	2889	3
0	2	2890	0
0	2	2891	0
0	2	2892	0
0	2	2893	0
0	2	2894	0
0	2	2895	1
0	2	2896	1
0	2	2897	0
0	2	2898	3
0	2	2899	0
0	2	2900	0
0	2	2901	0
0	2	2902	0
0	2	2903	0
0	2	2904	1
0	2	2905	0
0	2	2906	3
0	2	2907	0
0	2	2908	0
0	2	2909	0
0	2	2910	7
0	2	2911	0
0	2	2912	2
0	2	2913	17
0	2	2914	0
0	2	2915	0
0	2	2916	0
0	2	2917	0
0	2	2918	13
0	2	2919	3
0	2	2920	0
0	2	2921	1
0	2	2922	0
0	2	2923	0
0	2	2924	0
0	2	2925	8
0	2	2926	0
0	2	2927	0
0	2	2928	3
0	2	2929	0
0	2	2930	3
0	2	2931	1
0	2	2932	0
0	2	2933	0
0	2	2934	0
0	2	2935	0
0	2	2936	4
0	2	2937	0
0	2	2938	0
0	2	2939	0
0	2	2940	0
0	2	2941	0
0	2	2942	0
0	2	2943	2
0	2	2944	0
0	2	2945	0
0	2	2946	0
0	2	2947	0
0	2	2948	0
0	2	2949	0
0	2	2950	0
0	2	2951	0
0	2	2952	0
0	2	2953	0
0	2	2954	0
0	2	2955	0
0	2	2956	0
0	2	2957	0
0	2	2958	9
0	2	2959	0
0	2	2960	0
0	2	2961	0
0	2	2962	0
0	2	2963	0
0	2	2964	1
0	2	2965	8
0	2	2966	4
0	2	2967	0
0	2	2968	0
0	2	2969	3
0	2	2970	0
0	2	2971	0
0	2	2972	4
0	2	2973	0
0	2	2974	0
0	2	2975	0
0	2	2976	1
0	2	2977	7
0	2	2978	1
0	2	2979	9
0	2	2980	0
0	2	2981	0
0	2	2982	0
0	2	2983	0
0	2	2984	0
0	2	2985	0
0	2	2986	1
0	2	2987	0
0	2	2988	1
0	2	2989	0
0	2	2990	1
0	2	2991	0
0	2	2992	0
0	2	2993	0
0	2	2994	0
0	2	2995	1
0	2	2996	0
0	2	2997	0
0	2	2998	2
0	2	2999	1
0	2	3000	10
0	2	3001	0
0	2	3002	1
0	2	3003	10
0	2	3004	0
0	2	3005	0
0	2	3006	0
0	2	3007	18
0	2	3008	20
0	2	3009	10
0	2	3010	2
0	2	3011	0
0	2	3012	0
0	2	3013	0
0	2	3014	0
0	2	3015	9
0	2	3016	2
0	2	3017	0
0	2	3018	14
0	2	3019	0
0	2	3020	0
0	2	3021	0
0	2	3022	0
0	2	3023	5
0	2	3024	0
0	2	3025	0
0	2	3026	16
0	2	3027	2
0	2	3028	0
0	2	3029	2
0	2	3030	5
0	2	3031	0
0	2	3032	2
0	2	3033	0
0	2	3034	0
0	2	3035	0
0	2	3036	0
0	2	3037	0
0	2	3038	1
0	2	3039	0
0	2	3040	0
0	2	3041	7
0	2	3042	0
0	2	3043	0
0	2	3044	0
0	2	3045	1
0	2	3046	0
0	2	3047	1
0	2	3048	0
0	2	3049	1
0	2	3050	1
0	2	3051	0
0	2	3052	0
0	2	3053	1
0	2	3054	0
0	2	3055	0
0	2	3056	0
0	2	3057	0
0	2	3058	1
0	2	3059	0
0	2	3060	0
0	2	3061	0
0	2	3062	0
0	2	3063	0
0	2	3064	0
0	2	3065	0
0	2	3066	0
0	2	3067	0
0	2	3068	2
0	2	3069	0
0	2	3070	0
0	2	3071	0
0	2	3072	0
0	2	3073	2
0	2	3074	2
0	2	3075	0
0	2	3076	3
0	2	3077	0
0	2	3078	0
0	2	3079	9
0	2	3080	0
0	2	3081	0
0	2	3082	0
0	2	3083	0
0	2	3084	0
0	2	3085	0
0	2	3086	0
0	2	3087	0
0	2	3088	0
0	2	3089	13
0	2	3090	2
0	2	3091	16
0	2	3092	0
0	2	3093	0
0	2	3094	0
0	2	3095	1
0	2	3096	0
0	2	3097	0
0	2	3098	2
0	2	3099	0
0	2	3100	1
0	2	3101	1
0	2	3102	0
0	2	3103	0
0	2	3104	0
0	2	3105	9
0	2	3106	0
0	2	3107	0
0	2	3108	0
0	2	3109	0
0	2	3110	0
0	2	3111	0
0	2	3112	0
0	2	3113	0
0	2	3114	0
0	2	3115	0
0	2	3116	0
0	2	3117	0
0	2	3118	8
0	2	3119	0
0	2	3120	0
0	2	3121	2
0	2	3122	4
0	2	3123	0
0	2	3124	0
0	2	3125	6
0	2	3126	0
0	2	3127	0
0	2	3128	4
0	2	3129	0
0	2	3130	0
0	2	3131	14
0	2	3132	0
0	2	3133	4
0	2	3134	0
0	2	3135	6
0	2	3136	0
0	2	3137	0
0	2	3138	0
0	2	3139	8
0	2	3140	18
0	2	3141	0
0	2	3142	0
0	2	3143	4
0	2	3144	0
0	2	3145	0
0	2	3146	0
0	2	3147	8
0	2	3148	0
0	2	3149	5
0	2	3150	0
0	2	3151	0
0	2	3152	0
0	2	3153	3
0	2	3154	4
0	2	3155	0
0	2	3156	0
0	2	3157	0
0	2	3158	0
0	2	3159	0
0	2	3160	0
0	2	3161	0
0	2	3162	2
0	2	3163	4
0	2	3164	0
0	2	3165	0
0	2	3166	8
0	2	3167	0
0	2	3168	0
0	2	3169	1
0	2	3170	0
0	2	3171	0
0	2	3172	14
0	2	3173	0
0	2	3174	0
0	2	3175	0
0	2	3176	0
0	2	3177	0
0	2	3178	1
0	2	3179	0
0	2	3180	0
0	2	3181	3
0	2	3182	0
0	2	3183	3
0	2	3184	0
0	2	3185	0
0	2	3186	0
0	2	3187	0
0	2	3188	2
0	2	3189	22
0	2	3190	2
0	2	3191	10
0	2	3192	0
0	2	3193	0
0	2	3194	0
0	2	3195	0
0	2	3196	0
0	2	3197	4
0	2	3198	0
0	2	3199	0
0	2	3200	6
0	2	3201	0
0	2	3202	10
0	2	3203	8
0	2	3204	2
0	2	3205	0
0	2	3206	0
0	2	3207	0
0	2	3208	8
0	2	3209	11
0	2	3210	5
0	2	3211	0
0	2	3212	0
0	2	3213	6
0	2	3214	0
0	2	3215	8
0	2	3216	3
0	2	3217	1
0	2	3218	4
0	2	3219	0
0	2	3220	7
0	2	3221	0
0	2	3222	2
0	2	3223	5
0	2	3224	0
0	2	3225	0
0	2	3226	0
0	2	3227	3
0	2	3228	0
0	2	3229	0
0	2	3230	12
0	2	3231	0
0	2	3232	5
0	2	3233	0
0	2	3234	2
0	2	3235	0
0	2	3236	4
0	2	3237	0
0	2	3238	0
0	2	3239	6
0	2	3240	0
0	2	3241	0
0	2	3242	0
0	2	3243	3
0	2	3244	0
0	2	3245	0
0	2	3246	0
0	2	3247	0
0	2	3248	18
0	2	3249	0
0	2	3250	3
0	2	3251	0
0	2	3252	0
0	2	3253	0
0	2	3254	1
0	2	3255	9
0	2	3256	1
0	2	3257	8
0	2	3258	0
0	2	3259	0
0	2	3260	0
0	2	3261	0
0	2	3262	13
0	2	3263	0
0	2	3264	2
0	2	3265	3
0	2	3266	0
0	2	3267	0
0	2	3268	0
0	2	3269	3
0	2	3270	2
0	2	3271	2
0	2	3272	5
0	2	3273	0
0	2	3274	0
0	2	3275	7
0	2	3276	1
0	2	3277	0
0	2	3278	0
0	2	3279	0
0	2	3280	0
0	2	3281	2
0	2	3282	0
0	2	3283	0
0	2	3284	13
0	2	3285	0
0	2	3286	0
0	2	3287	0
0	2	3288	0
0	2	3289	0
0	2	3290	0
0	2	3291	6
0	2	3292	8
0	2	3293	2
0	2	3294	0
0	2	3295	0
0	2	3296	0
0	2	3297	2
0	2	3298	8
0	2	3299	0
0	2	3300	0
0	2	3301	7
0	2	3302	0
0	2	3303	2
0	2	3304	0
0	2	3305	13
0	2	3306	0
0	2	3307	0
0	2	3308	5
0	2	3309	2
0	2	3310	0
0	2	3311	3
0	2	3312	0
0	2	3313	0
0	2	3314	0
0	2	3315	0
0	2	3316	1
0	2	3317	0
0	2	3318	0
0	2	3319	0
0	2	3320	5
0	2	3321	0
0	2	3322	0
0	2	3323	0
0	2	3324	22
0	2	3325	0
0	2	3326	0
0	2	3327	0
0	2	3328	0
0	2	3329	11
0	2	3330	2
0	2	3331	0
0	2	3332	6
0	2	3333	19
0	2	3334	3
0	2	3335	0
0	2	3336	7
0	2	3337	2
0	2	3338	0
0	2	3339	0
0	2	3340	0
0	2	3341	4
0	2	3342	0
0	2	3343	0
0	2	3344	0
0	2	3345	0
0	2	3346	2
0	2	3347	1
0	2	3348	28
0	2	3349	0
0	2	3350	0
0	2	3351	5
0	2	3352	1
0	2	3353	0
0	2	3354	1
0	2	3355	0
0	2	3356	3
0	2	3357	3
0	2	3358	0
0	2	3359	0
0	2	3360	1
0	2	3361	0
0	2	3362	0
0	2	3363	5
0	2	3364	1
0	2	3365	1
0	2	3366	0
0	2	3367	3
0	2	3368	7
0	2	3369	0
0	2	3370	0
0	2	3371	0
0	2	3372	0
0	2	3373	4
0	2	3374	0
0	2	3375	6
0	2	3376	0
0	2	3377	0
0	2	3378	0
0	2	3379	2
0	2	3380	0
0	2	3381	0
0	2	3382	13
0	2	3383	0
0	2	3384	0
0	2	3385	0
0	2	3386	0
0	2	3387	8
0	2	3388	0
0	2	3389	0
0	2	3390	0
0	2	3391	0
0	2	3392	0
0	2	3393	0
0	2	3394	0
0	2	3395	0
0	2	3396	0
0	2	3397	12
0	2	3398	0
0	2	3399	0
0	2	3400	13
0	2	3401	0
0	2	3402	0
0	2	3403	6
0	2	3404	0
0	2	3405	3
0	2	3406	0
0	2	3407	0
0	2	3408	4
0	2	3409	0
0	2	3410	0
0	2	3411	0
0	2	3412	8
0	2	3413	1
0	2	3414	0
0	2	3415	4
0	2	3416	0
0	2	3417	0
0	2	3418	0
0	2	3419	0
0	2	3420	1
0	2	3421	0
0	2	3422	0
0	2	3423	0
0	2	3424	4
0	2	3425	0
0	2	3426	0
0	2	3427	0
0	2	3428	0
0	2	3429	0
0	2	3430	2
0	2	3431	0
0	2	3432	1
0	2	3433	3
0	2	3434	10
0	2	3435	0
0	2	3436	0
0	2	3437	0
0	2	3438	0
0	2	3439	0
0	2	3440	0
0	2	3441	3
0	2	3442	0
0	2	3443	0
0	2	3444	0
0	2	3445	0
0	2	3446	0
0	2	3447	0
0	2	3448	7
0	2	3449	0
0	2	3450	1
0	2	3451	0
0	2	3452	0
0	2	3453	0
0	2	3454	12
0	2	3455	0
0	2	3456	0
0	2	3457	0
0	2	3458	0
0	2	3459	0
0	2	3460	0
0	2	3461	0
0	2	3462	0
0	2	3463	23
0	2	3464	7
0	2	3465	0
0	2	3466	0
0	2	3467	0
0	2	3468	0
0	2	3469	4
0	2	3470	2
0	2	3471	1
0	2	3472	6
0	2	3473	1
0	2	3474	0
0	2	3475	0
0	2	3476	0
0	2	3477	0
0	2	3478	0
0	2	3479	0
0	2	3480	17
0	2	3481	0
0	2	3482	11
0	2	3483	0
0	2	3484	12
0	2	3485	1
0	2	3486	0
0	2	3487	0
0	2	3488	0
0	2	3489	0
0	2	3490	0
0	2	3491	0
0	2	3492	0
0	2	3493	0
0	2	3494	0
0	2	3495	0
0	2	3496	0
0	2	3497	0
0	2	3498	1
0	2	3499	2
0	2	3500	0
0	2	3501	0
0	2	3502	0
0	2	3503	9
0	2	3504	0
0	2	3505	0
0	2	3506	0
0	2	3507	2
0	2	3508	0
0	2	3509	0
0	2	3510	0
0	2	3511	0
0	2	3512	4
0	2	3513	0
0	2	3514	2
0	2	3515	0
0	2	3516	0
0	2	3517	0
0	2	3518	8
0	2	3519	0
0	2	3520	0
0	2	3521	0
0	2	3522	1
0	2	3523	0
0	2	3524	0
0	2	3525	2
0	2	3526	1
0	2	3527	0
0	2	3528	0
0	2	3529	7
0	2	3530	0
0	2	3531	7
0	2	3532	0
0	2	3533	0
0	2	3534	1
0	2	3535	0
0	2	3536	0
0	2	3537	0
0	2	3538	0
0	2	3539	4
0	2	3540	0
0	2	3541	0
0	2	3542	14
0	2	3543	4
0	2	3544	1
0	2	3545	0
0	2	3546	17
0	2	3547	0
0	2	3548	2
0	2	3549	0
0	2	3550	12
0	2	3551	0
0	2	3552	0
0	2	3553	10
0	2	3554	0
0	2	3555	0
0	2	3556	6
0	2	3557	0
0	2	3558	0
0	2	3559	9
0	2	3560	0
0	2	3561	1
0	2	3562	9
0	2	3563	7
0	2	3564	0
0	2	3565	0
0	2	3566	0
0	2	3567	0
0	2	3568	3
0	2	3569	0
0	2	3570	3
0	2	3571	1
0	2	3572	4
0	2	3573	4
0	2	3574	0
0	2	3575	11
0	2	3576	0
0	2	3577	0
0	2	3578	0
0	2	3579	0
0	2	3580	0
0	2	3581	0
0	2	3582	0
0	2	3583	0
0	2	3584	0
0	2	3585	0
0	2	3586	0
0	2	3587	0
0	2	3588	0
0	2	3589	0
0	2	3590	0
0	2	3591	0
0	2	3592	0
0	2	3593	1
0	2	3594	2
0	2	3595	4
0	2	3596	0
0	2	3597	0
0	2	3598	12
0	2	3599	0
0	2	3600	0
0	2	3601	0
0	2	3602	0
0	2	3603	0
0	2	3604	0
0	2	3605	10
0	2	3606	2
0	2	3607	0
0	2	3608	0
0	2	3609	4
0	2	3610	2
0	2	3611	0
0	2	3612	0
0	2	3613	0
0	2	3614	4
0	2	3615	0
0	2	3616	0
0	2	3617	3
0	2	3618	0
0	2	3619	1
0	2	3620	0
0	2	3621	0
0	2	3622	0
0	2	3623	1
0	2	3624	6
0	2	3625	6
0	2	3626	2
0	2	3627	0
0	2	3628	12
0	2	3629	0
0	2	3630	11
0	2	3631	0
0	2	3632	0
0	2	3633	0
0	2	3634	0
0	2	3635	0
0	2	3636	0
0	2	3637	0
0	2	3638	0
0	2	3639	12
0	2	3640	0
0	2	3641	0
0	2	3642	1
0	2	3643	0
0	2	3644	5
0	2	3645	0
0	2	3646	0
0	2	3647	0
0	2	3648	0
0	2	3649	0
0	2	3650	0
0	2	3651	0
0	2	3652	0
0	2	3653	0
0	2	3654	0
0	2	3655	0
0	2	3656	0
0	2	3657	1
0	2	3658	0
0	2	3659	0
0	2	3660	0
0	2	3661	1
0	2	3662	4
0	2	3663	4
0	2	3664	0
0	2	3665	0
0	2	3666	7
0	2	3667	0
0	2	3668	0
0	2	3669	1
0	2	3670	1
0	2	3671	0
0	2	3672	0
0	2	3673	0
0	2	3674	0
0	2	3675	3
0	2	3676	0
0	2	3677	0
0	2	3678	0
0	2	3679	0
0	2	3680	0
0	2	3681	6
0	2	3682	6
0	2	3683	0
0	2	3684	5
0	2	3685	2
0	2	3686	0
0	2	3687	0
0	2	3688	0
0	2	3689	0
0	2	3690	0
0	2	3691	0
0	2	3692	0
0	2	3693	0
0	2	3694	0
0	2	3695	0
0	2	3696	7
0	2	3697	7
0	2	3698	0
0	2	3699	8
0	2	3700	0
0	2	3701	0
0	2	3702	4
0	2	3703	0
0	2	3704	4
0	2	3705	0
0	2	3706	2
0	2	3707	0
0	2	3708	0
0	2	3709	0
0	2	3710	0
0	2	3711	0
0	2	3712	0
0	2	3713	0
0	2	3714	11
0	2	3715	0
0	2	3716	0
0	2	3717	0
0	2	3718	1
0	2	3719	0
0	2	3720	0
0	2	3721	3
0	2	3722	8
0	2	3723	0
0	2	3724	2
0	2	3725	0
0	2	3726	0
0	2	3727	0
0	2	3728	0
0	2	3729	0
0	2	3730	0
0	2	3731	0
0	2	3732	9
0	2	3733	0
0	2	3734	0
0	2	3735	1
0	2	3736	0
0	2	3737	0
0	2	3738	4
0	2	3739	0
0	2	3740	0
0	2	3741	2
0	2	3742	4
0	2	3743	2
0	2	3744	13
0	2	3745	1
0	2	3746	6
0	2	3747	3
0	2	3748	0
0	2	3749	0
0	2	3750	0
0	2	3751	0
0	2	3752	0
0	2	3753	0
0	2	3754	0
0	2	3755	0
0	2	3756	0
0	2	3757	1
0	2	3758	1
0	2	3759	0
0	2	3760	0
0	2	3761	0
0	2	3762	5
0	2	3763	2
0	2	3764	14
0	2	3765	0
0	2	3766	0
0	2	3767	0
0	2	3768	0
0	2	3769	5
0	2	3770	0
0	2	3771	0
0	2	3772	1
0	2	3773	0
0	2	3774	0
0	2	3775	0
0	2	3776	0
0	2	3777	2
0	2	3778	1
0	2	3779	0
0	2	3780	8
0	2	3781	7
0	2	3782	0
0	2	3783	0
0	2	3784	4
0	2	3785	18
0	2	3786	0
0	2	3787	31
0	2	3788	0
0	2	3789	0
0	2	3790	0
0	2	3791	0
0	2	3792	1
0	2	3793	0
0	2	3794	4
0	2	3795	0
0	2	3796	1
0	2	3797	6
0	2	3798	0
0	2	3799	0
0	2	3800	0
0	2	3801	0
0	2	3802	0
0	2	3803	1
0	2	3804	0
0	2	3805	13
0	2	3806	0
0	2	3807	2
0	2	3808	1
0	2	3809	0
0	2	3810	4
0	2	3811	0
0	2	3812	0
0	2	3813	0
0	2	3814	0
0	2	3815	0
0	2	3816	0
0	2	3817	0
0	2	3818	0
0	2	3819	0
0	2	3820	0
0	2	3821	0
0	2	3822	0
0	2	3823	0
0	2	3824	0
0	2	3825	0
0	2	3826	0
0	2	3827	0
0	2	3828	4
0	2	3829	0
0	2	3830	0
0	2	3831	0
0	2	3832	0
0	2	3833	0
0	2	3834	0
0	2	3835	2
0	2	3836	0
0	2	3837	0
0	2	3838	0
0	2	3839	0
0	2	3840	1
0	2	3841	0
0	2	3842	0
0	2	3843	0
0	2	3844	6
0	2	3845	0
0	2	3846	0
0	2	3847	0
0	2	3848	2
0	2	3849	2
0	2	3850	0
0	2	3851	0
0	2	3852	0
0	2	3853	0
0	2	3854	0
0	2	3855	0
0	2	3856	5
0	2	3857	0
0	2	3858	0
0	2	3859	6
0	2	3860	0
0	2	3861	1
0	2	3862	1
0	2	3863	0
0	2	3864	19
0	2	3865	0
0	2	3866	0
0	2	3867	1
0	2	3868	2
0	2	3869	1
0	2	3870	0
0	2	3871	4
0	2	3872	0
0	2	3873	0
0	2	3874	2
0	2	3875	0
0	2	3876	5
0	2	3877	6
0	2	3878	0
0	2	3879	4
0	2	3880	0
0	2	3881	0
0	2	3882	10
0	2	3883	0
0	2	3884	12
0	2	3885	3
0	2	3886	0
0	2	3887	0
0	2	3888	0
0	2	3889	2
0	2	3890	0
0	2	3891	0
0	2	3892	0
0	2	3893	1
0	2	3894	0
0	2	3895	4
0	2	3896	3
0	2	3897	5
0	2	3898	0
0	2	3899	0
0	2	3900	5
0	2	3901	0
0	2	3902	0
0	2	3903	0
0	2	3904	0
0	2	3905	1
0	2	3906	7
0	2	3907	1
0	2	3908	6
0	2	3909	0
0	2	3910	0
0	2	3911	0
0	2	3912	4
0	2	3913	19
0	2	3914	4
0	2	3915	1
0	2	3916	0
0	2	3917	10
0	2	3918	0
0	2	3919	12
0	2	3920	1
0	2	3921	2
0	2	3922	9
0	2	3923	0
0	2	3924	0
0	2	3925	4
0	2	3926	2
0	2	3927	5
0	2	3928	0
0	2	3929	0
0	2	3930	0
0	2	3931	0
0	2	3932	0
0	2	3933	0
0	2	3934	0
0	2	3935	0
0	2	3936	0
0	2	3937	0
0	2	3938	5
0	2	3939	0
0	2	3940	0
0	2	3941	0
0	2	3942	0
0	2	3943	0
0	2	3944	0
0	2	3945	0
0	2	3946	0
0	2	3947	3
0	2	3948	0
0	2	3949	6
0	2	3950	0
0	2	3951	0
0	2	3952	0
0	2	3953	0
0	2	3954	14
0	2	3955	2
0	2	3956	1
0	2	3957	0
0	2	3958	0
0	2	3959	0
0	2	3960	0
0	2	3961	0
0	2	3962	0
0	2	3963	0
0	2	3964	0
0	2	3965	5
0	2	3966	0
0	2	3967	18
0	2	3968	0
0	2	3969	0
0	2	3970	4
0	2	3971	1
0	2	3972	1
0	2	3973	0
0	2	3974	0
0	2	3975	4
0	2	3976	0
0	2	3977	9
0	2	3978	0
0	2	3979	1
0	2	3980	0
0	2	3981	0
0	2	3982	9
0	2	3983	5
0	2	3984	0
0	2	3985	0
0	2	3986	0
0	2	3987	1
0	2	3988	1
0	2	3989	4
0	2	3990	0
0	2	3991	0
0	2	3992	4
0	2	3993	2
0	2	3994	4
0	2	3995	0
0	2	3996	0
0	2	3997	0
0	2	3998	5
0	2	3999	0
0	2	4000	0
0	2	4001	0
0	2	4002	0
0	2	4003	0
0	2	4004	0
0	2	4005	0
0	2	4006	0
0	2	4007	0
0	2	4008	6
0	2	4009	0
0	2	4010	9
0	2	4011	4
0	2	4012	0
0	2	4013	0
0	2	4014	0
0	2	4015	0
0	2	4016	6
0	2	4017	0
0	2	4018	0
0	2	4019	0
0	2	4020	1
0	2	4021	0
0	2	4022	0
0	2	4023	0
0	2	4024	0
0	2	4025	0
0	2	4026	0
0	2	4027	0
0	2	4028	0
0	2	4029	0
0	2	4030	0
0	2	4031	0
0	2	4032	0
0	2	4033	27
0	2	4034	0
0	2	4035	0
0	2	4036	0
0	2	4037	1
0	2	4038	0
0	2	4039	0
0	2	4040	0
0	2	4041	0
0	2	4042	14
0	2	4043	1
0	2	4044	0
0	2	4045	0
0	2	4046	0
0	2	4047	0
0	2	4048	0
0	2	4049	0
0	2	4050	1
0	2	4051	0
0	2	4052	0
0	2	4053	0
0	2	4054	1
0	2	4055	0
0	2	4056	0
0	2	4057	0
0	2	4058	0
0	2	4059	0
0	2	4060	0
0	2	4061	3
0	2	4062	5
0	2	4063	0
0	2	4064	3
0	2	4065	0
0	2	4066	0
0	2	4067	0
0	2	4068	0
0	2	4069	3
0	2	4070	0
0	2	4071	8
0	2	4072	0
0	2	4073	7
0	2	4074	0
0	2	4075	0
0	2	4076	0
0	2	4077	1
0	2	4078	0
0	2	4079	0
0	2	4080	4
0	2	4081	1
0	2	4082	9
0	2	4083	5
0	2	4084	0
0	2	4085	0
0	2	4086	0
0	2	4087	1
0	2	4088	0
0	2	4089	0
0	2	4090	0
0	2	4091	1
0	2	4092	0
0	2	4093	1
0	2	4094	11
0	2	4095	11
0	2	4096	5
0	2	4097	0
0	2	4098	0
0	2	4099	0
0	2	4100	0
0	2	4101	0
0	2	4102	2
0	2	4103	0
0	2	4104	0
0	2	4105	0
0	2	4106	0
0	2	4107	2
0	2	4108	0
0	2	4109	14
0	2	4110	0
0	2	4111	10
0	2	4112	12
0	2	4113	3
0	2	4114	0
0	2	4115	0
0	2	4116	0
0	2	4117	7
0	2	4118	1
0	2	4119	0
0	2	4120	0
0	2	4121	0
0	2	4122	0
0	2	4123	0
0	2	4124	0
0	2	4125	0
0	2	4126	5
0	2	4127	0
0	2	4128	0
0	2	4129	0
0	2	4130	0
0	2	4131	0
0	2	4132	2
0	2	4133	0
0	2	4134	0
0	2	4135	4
0	2	4136	5
0	2	4137	0
0	2	4138	0
0	2	4139	1
0	2	4140	3
0	2	4141	8
0	2	4142	0
0	2	4143	2
0	2	4144	0
0	2	4145	0
0	2	4146	0
0	2	4147	13
0	2	4148	0
0	2	4149	5
0	2	4150	1
0	2	4151	0
0	2	4152	1
0	2	4153	6
0	2	4154	0
0	2	4155	0
0	2	4156	0
0	2	4157	19
0	2	4158	0
0	2	4159	0
0	2	4160	0
0	2	4161	0
0	2	4162	0
0	2	4163	0
0	2	4164	2
0	2	4165	0
0	2	4166	0
0	2	4167	1
0	2	4168	0
0	2	4169	0
0	2	4170	0
0	2	4171	0
0	2	4172	8
0	2	4173	0
0	2	4174	10
0	2	4175	0
0	2	4176	0
0	2	4177	0
0	2	4178	0
0	2	4179	0
0	2	4180	0
0	2	4181	2
0	2	4182	20
0	2	4183	7
0	2	4184	0
0	2	4185	0
0	2	4186	6
0	2	4187	0
0	2	4188	0
0	2	4189	0
0	2	4190	0
0	2	4191	6
0	2	4192	3
0	2	4193	5
0	2	4194	8
0	2	4195	0
0	2	4196	0
0	2	4197	0
0	2	4198	3
0	2	4199	0
0	2	4200	2
0	2	4201	1
0	2	4202	0
0	2	4203	5
0	2	4204	0
0	2	4205	0
0	2	4206	0
0	2	4207	0
0	2	4208	2
0	2	4209	0
0	2	4210	7
0	2	4211	0
0	2	4212	2
0	2	4213	0
0	2	4214	0
0	2	4215	1
0	2	4216	0
0	2	4217	3
0	2	4218	0
0	2	4219	0
0	2	4220	0
0	2	4221	10
0	2	4222	0
0	2	4223	0
0	2	4224	0
0	2	4225	0
0	2	4226	1
0	2	4227	0
0	2	4228	0
0	2	4229	3
0	2	4230	10
0	2	4231	1
0	2	4232	0
0	2	4233	0
0	2	4234	0
0	2	4235	0
0	2	4236	2
0	2	4237	8
0	2	4238	0
0	2	4239	0
0	2	4240	2
0	2	4241	0
0	2	4242	0
0	2	4243	0
0	2	4244	0
0	2	4245	0
0	2	4246	0
0	2	4247	0
0	2	4248	1
0	2	4249	6
0	2	4250	8
0	2	4251	0
0	2	4252	0
0	2	4253	0
0	2	4254	0
0	2	4255	0
0	2	4256	8
0	2	4257	0
0	2	4258	0
0	2	4259	0
0	2	4260	4
0	2	4261	3
0	2	4262	0
0	2	4263	10
0	2	4264	0
0	2	4265	0
0	2	4266	0
0	2	4267	0
0	2	4268	3
0	2	4269	0
0	2	4270	0
0	2	4271	0
0	2	4272	0
0	2	4273	0
0	2	4274	0
0	2	4275	0
0	2	4276	0
0	2	4277	0
0	2	4278	0
0	2	4279	0
0	2	4280	0
0	2	4281	0
0	2	4282	0
0	2	4283	0
0	2	4284	0
0	2	4285	0
0	2	4286	20
0	2	4287	3
0	2	4288	0
0	2	4289	6
0	2	4290	0
0	2	4291	0
0	2	4292	7
0	2	4293	0
0	2	4294	5
0	2	4295	0
0	2	4296	5
0	2	4297	4
0	2	4298	0
0	2	4299	0
0	2	4300	0
0	2	4301	0
0	2	4302	12
0	2	4303	2
0	2	4304	6
0	2	4305	8
0	2	4306	8
0	2	4307	2
0	2	4308	0
0	2	4309	9
0	2	4310	1
0	2	4311	0
0	2	4312	0
0	2	4313	0
0	2	4314	10
0	2	4315	0
0	2	4316	0
0	2	4317	0
0	2	4318	0
0	2	4319	0
0	2	4320	0
0	2	4321	18
0	2	4322	2
0	2	4323	0
0	2	4324	0
0	2	4325	0
0	2	4326	2
0	2	4327	0
0	2	4328	2
0	2	4329	11
0	2	4330	0
0	2	4331	0
0	2	4332	0
0	2	4333	0
0	2	4334	0
0	2	4335	0
0	2	4336	0
0	2	4337	0
0	2	4338	0
0	2	4339	9
0	2	4340	0
0	2	4341	6
0	2	4342	0
0	2	4343	7
0	2	4344	0
0	2	4345	0
0	2	4346	2
0	2	4347	6
0	2	4348	0
0	2	4349	0
0	2	4350	0
0	2	4351	1
0	2	4352	23
0	2	4353	0
0	2	4354	0
0	2	4355	3
0	2	4356	0
0	2	4357	0
0	2	4358	0
0	2	4359	0
0	2	4360	0
0	2	4361	0
0	2	4362	1
0	2	4363	9
0	2	4364	0
0	2	4365	0
0	2	4366	0
0	2	4367	0
0	2	4368	13
0	2	4369	0
0	2	4370	0
0	2	4371	0
0	2	4372	0
0	2	4373	0
0	2	4374	0
0	2	4375	6
0	2	4376	4
0	2	4377	4
0	2	4378	0
0	2	4379	7
0	2	4380	0
0	2	4381	0
0	2	4382	0
0	2	4383	10
0	2	4384	0
0	2	4385	0
0	2	4386	0
0	2	4387	0
0	2	4388	1
0	2	4389	6
0	2	4390	4
0	2	4391	0
0	2	4392	4
0	2	4393	3
0	2	4394	0
0	2	4395	0
0	2	4396	4
0	2	4397	0
0	2	4398	0
0	2	4399	1
0	2	4400	0
0	2	4401	5
0	2	4402	0
0	2	4403	0
0	2	4404	0
0	2	4405	4
0	2	4406	8
0	2	4407	1
0	2	4408	8
0	2	4409	0
0	2	4410	0
0	2	4411	1
0	2	4412	0
0	2	4413	0
0	2	4414	0
0	2	4415	4
0	2	4416	0
0	2	4417	2
0	2	4418	0
0	2	4419	7
0	2	4420	0
0	2	4421	0
0	2	4422	3
0	2	4423	0
0	2	4424	0
0	2	4425	0
0	2	4426	1
0	2	4427	3
0	2	4428	0
0	2	4429	4
0	2	4430	0
0	2	4431	0
0	2	4432	0
0	2	4433	2
0	2	4434	0
0	2	4435	10
0	2	4436	0
0	2	4437	1
0	2	4438	0
0	2	4439	0
0	2	4440	1
0	2	4441	0
0	2	4442	1
0	2	4443	0
0	2	4444	0
0	2	4445	0
0	2	4446	0
0	2	4447	1
0	2	4448	0
0	2	4449	2
0	2	4450	0
0	2	4451	0
0	2	4452	12
0	2	4453	0
0	2	4454	0
0	2	4455	2
0	2	4456	0
0	2	4457	0
0	2	4458	0
0	2	4459	0
0	2	4460	16
0	2	4461	3
0	2	4462	0
0	2	4463	10
0	2	4464	0
0	2	4465	2
0	2	4466	0
0	2	4467	19
0	2	4468	0
0	2	4469	0
0	2	4470	0
0	2	4471	0
0	2	4472	0
0	2	4473	0
0	2	4474	4
0	2	4475	0
0	2	4476	10
0	2	4477	8
0	2	4478	5
0	2	4479	3
0	2	4480	2
0	2	4481	0
0	2	4482	0
0	2	4483	0
0	2	4484	2
0	2	4485	7
0	2	4486	0
0	2	4487	10
0	2	4488	0
0	2	4489	4
0	2	4490	6
0	2	4491	13
0	2	4492	0
0	2	4493	2
0	2	4494	0
0	2	4495	0
0	2	4496	0
0	2	4497	4
0	2	4498	0
0	2	4499	0
0	2	4500	0
0	2	4501	0
0	2	4502	0
0	2	4503	0
0	2	4504	0
0	2	4505	0
0	2	4506	0
0	2	4507	0
0	2	4508	2
0	2	4509	0
0	2	4510	2
0	2	4511	0
0	2	4512	0
0	2	4513	0
0	2	4514	13
0	2	4515	0
0	2	4516	0
0	2	4517	0
0	2	4518	0
0	2	4519	0
0	2	4520	0
0	2	4521	0
0	2	4522	3
0	2	4523	10
0	2	4524	9
0	2	4525	0
0	2	4526	8
0	2	4527	5
0	2	4528	0
0	2	4529	2
0	2	4530	0
0	2	4531	1
0	2	4532	0
0	2	4533	0
0	2	4534	14
0	2	4535	8
0	2	4536	0
0	2	4537	1
0	2	4538	0
0	2	4539	0
0	2	4540	1
0	2	4541	6
0	2	4542	0
0	2	4543	2
0	2	4544	0
0	2	4545	3
0	2	4546	1
0	2	4547	0
0	2	4548	0
0	2	4549	0
0	2	4550	0
0	2	4551	0
0	2	4552	1
0	2	4553	1
0	2	4554	3
0	2	4555	0
0	2	4556	0
0	2	4557	1
0	2	4558	0
0	2	4559	7
0	2	4560	0
0	2	4561	0
0	2	4562	2
0	2	4563	0
0	2	4564	10
0	2	4565	0
0	2	4566	4
0	2	4567	0
0	2	4568	1
0	2	4569	0
0	2	4570	4
0	2	4571	8
0	2	4572	0
0	2	4573	0
0	2	4574	0
0	2	4575	26
0	2	4576	0
0	2	4577	0
0	2	4578	0
0	2	4579	0
0	2	4580	0
0	2	4581	3
0	2	4582	15
0	2	4583	2
0	2	4584	3
0	2	4585	0
0	2	4586	0
0	2	4587	0
0	2	4588	1
0	2	4589	0
0	2	4590	9
0	2	4591	0
0	2	4592	8
0	2	4593	0
0	2	4594	0
0	2	4595	13
0	2	4596	0
0	2	4597	0
0	2	4598	0
0	2	4599	0
0	2	4600	0
0	2	4601	4
0	2	4602	4
0	2	4603	0
0	2	4604	0
0	2	4605	0
0	2	4606	0
0	2	4607	0
0	2	4608	0
0	2	4609	0
0	2	4610	2
0	2	4611	7
0	2	4612	0
0	2	4613	12
0	2	4614	9
0	2	4615	2
0	2	4616	5
0	2	4617	0
0	2	4618	3
0	2	4619	6
0	2	4620	8
0	2	4621	0
0	2	4622	3
0	2	4623	0
0	2	4624	0
0	2	4625	0
0	2	4626	0
0	2	4627	0
0	2	4628	0
0	2	4629	7
0	2	4630	0
0	2	4631	0
0	2	4632	0
0	2	4633	7
0	2	4634	0
0	2	4635	0
0	2	4636	0
0	2	4637	0
0	2	4638	0
0	2	4639	0
0	2	4640	0
0	2	4641	2
0	2	4642	1
0	2	4643	0
0	2	4644	2
0	2	4645	0
0	2	4646	0
0	2	4647	1
0	2	4648	7
0	2	4649	5
0	2	4650	0
0	2	4651	0
0	2	4652	2
0	2	4653	23
0	2	4654	1
0	2	4655	0
0	2	4656	0
0	2	4657	13
0	2	4658	0
0	2	4659	0
0	2	4660	1
0	2	4661	0
0	2	4662	2
0	2	4663	0
0	2	4664	0
0	2	4665	1
0	2	4666	0
0	2	4667	0
0	2	4668	0
0	2	4669	0
0	2	4670	0
0	2	4671	0
0	2	4672	4
0	2	4673	9
0	2	4674	0
0	2	4675	0
0	2	4676	5
0	2	4677	1
0	2	4678	5
0	2	4679	3
0	2	4680	0
0	2	4681	3
0	2	4682	7
0	2	4683	0
0	2	4684	0
0	2	4685	0
0	2	4686	0
0	2	4687	0
0	2	4688	2
0	2	4689	7
0	2	4690	4
0	2	4691	0
0	2	4692	6
0	2	4693	0
0	2	4694	0
0	2	4695	1
0	2	4696	0
0	2	4697	0
0	2	4698	0
0	2	4699	2
0	2	4700	0
0	2	4701	4
0	2	4702	0
0	2	4703	0
0	2	4704	0
0	2	4705	3
0	2	4706	0
0	2	4707	0
0	2	4708	17
0	2	4709	0
0	2	4710	3
0	2	4711	1
0	2	4712	15
0	2	4713	0
0	2	4714	3
0	2	4715	2
0	2	4716	1
0	2	4717	0
0	2	4718	2
0	2	4719	0
0	2	4720	0
0	2	4721	8
0	2	4722	0
0	2	4723	0
0	2	4724	0
0	2	4725	6
0	2	4726	0
0	2	4727	0
0	2	4728	12
0	2	4729	0
0	2	4730	4
0	2	4731	0
0	2	4732	0
0	2	4733	0
0	2	4734	8
0	2	4735	8
0	2	4736	0
0	2	4737	2
0	2	4738	0
0	2	4739	0
0	2	4740	10
0	2	4741	0
0	2	4742	5
0	2	4743	2
0	2	4744	0
0	2	4745	0
0	2	4746	9
0	2	4747	4
0	2	4748	0
0	2	4749	0
0	2	4750	3
0	2	4751	0
0	2	4752	2
0	2	4753	0
0	2	4754	9
0	2	4755	3
0	2	4756	0
0	2	4757	0
0	2	4758	0
0	2	4759	0
0	2	4760	0
0	2	4761	8
0	2	4762	0
0	2	4763	0
0	2	4764	0
0	2	4765	4
0	2	4766	1
0	2	4767	0
0	2	4768	0
0	2	4769	0
0	2	4770	10
0	2	4771	8
0	2	4772	0
0	2	4773	0
0	2	4774	0
0	2	4775	11
0	2	4776	0
0	2	4777	7
0	2	4778	0
0	2	4779	3
0	2	4780	0
0	2	4781	6
0	2	4782	6
0	2	4783	2
0	2	4784	0
0	2	4785	0
0	2	4786	3
0	2	4787	2
0	2	4788	5
0	2	4789	12
0	2	4790	0
0	2	4791	0
0	2	4792	0
0	2	4793	0
0	2	4794	0
0	2	4795	0
0	2	4796	0
0	2	4797	0
0	2	4798	0
0	2	4799	0
0	2	4800	0
0	2	4801	0
0	2	4802	0
0	2	4803	0
0	2	4804	7
0	2	4805	5
0	2	4806	0
0	2	4807	6
0	2	4808	8
0	2	4809	0
0	2	4810	0
0	2	4811	0
0	2	4812	0
0	2	4813	0
0	2	4814	0
0	2	4815	4
0	2	4816	1
0	2	4817	0
0	2	4818	0
0	2	4819	0
0	2	4820	0
0	2	4821	0
0	2	4822	0
0	2	4823	0
0	2	4824	2
0	2	4825	0
0	2	4826	0
0	2	4827	11
0	2	4828	0
0	2	4829	6
0	2	4830	2
0	2	4831	0
0	2	4832	0
0	2	4833	8
0	2	4834	0
0	2	4835	2
0	2	4836	0
0	2	4837	0
0	2	4838	0
0	2	4839	1
0	2	4840	1
0	2	4841	0
0	2	4842	0
0	2	4843	19
0	2	4844	1
0	2	4845	0
0	2	4846	14
0	2	4847	2
0	2	4848	5
0	2	4849	0
0	2	4850	0
0	2	4851	0
0	2	4852	0
0	2	4853	5
0	2	4854	1
0	2	4855	0
0	2	4856	0
0	2	4857	0
0	2	4858	0
0	2	4859	0
0	2	4860	6
0	2	4861	2
0	2	4862	0
0	2	4863	0
0	2	4864	0
0	2	4865	0
0	2	4866	0
0	2	4867	1
0	2	4868	1
0	2	4869	1
0	2	4870	0
0	2	4871	0
0	2	4872	0
0	2	4873	1
0	2	4874	0
0	2	4875	0
0	2	4876	0
0	2	4877	0
0	2	4878	2
0	2	4879	0
0	2	4880	0
0	2	4881	3
0	2	4882	0
0	2	4883	4
0	2	4884	0
0	2	4885	0
0	2	4886	0
0	2	4887	0
0	2	4888	0
0	2	4889	10
0	2	4890	4
0	2	4891	9
0	2	4892	0
0	2	4893	0
0	2	4894	0
0	2	4895	0
0	2	4896	18
0	2	4897	0
0	2	4898	0
0	2	4899	0
0	2	4900	0
0	2	4901	8
0	2	4902	1
0	2	4903	0
0	2	4904	0
0	2	4905	0
0	2	4906	7
0	2	4907	11
0	2	4908	0
0	2	4909	8
0	2	4910	0
0	2	4911	0
0	2	4912	4
0	2	4913	0
0	2	4914	0
0	2	4915	1
0	2	4916	0
0	2	4917	0
0	2	4918	3
0	2	4919	2
0	2	4920	1
0	2	4921	0
0	2	4922	2
0	2	4923	0
0	2	4924	0
0	2	4925	0
0	2	4926	0
0	2	4927	3
0	2	4928	0
0	2	4929	0
0	2	4930	2
0	2	4931	0
0	2	4932	5
0	2	4933	2
0	2	4934	5
0	2	4935	0
0	2	4936	0
0	2	4937	0
0	2	4938	0
0	2	4939	0
0	2	4940	3
0	2	4941	0
0	2	4942	1
0	2	4943	0
0	2	4944	4
0	2	4945	0
0	2	4946	0
0	2	4947	0
0	2	4948	5
0	2	4949	6
0	2	4950	0
0	2	4951	14
0	2	4952	0
0	2	4953	0
0	2	4954	0
0	2	4955	5
0	2	4956	1
0	2	4957	2
0	2	4958	0
0	2	4959	0
0	2	4960	0
0	2	4961	2
0	2	4962	3
0	2	4963	4
0	2	4964	0
0	2	4965	0
0	2	4966	8
0	2	4967	0
0	2	4968	7
0	2	4969	0
0	2	4970	16
0	2	4971	5
0	2	4972	0
0	2	4973	0
0	2	4974	6
0	2	4975	3
0	2	4976	8
0	2	4977	1
0	2	4978	13
0	2	4979	0
0	2	4980	5
0	2	4981	0
0	2	4982	0
0	2	4983	1
0	2	4984	0
0	2	4985	1
0	2	4986	3
0	2	4987	0
0	2	4988	0
0	2	4989	4
0	2	4990	4
0	2	4991	1
0	2	4992	0
0	2	4993	0
0	2	4994	0
0	2	4995	0
0	2	4996	0
0	2	4997	0
0	2	4998	9
0	2	4999	1
0	2	5000	0
0	2	5001	0
0	2	5002	0
0	2	5003	2
0	2	5004	0
0	2	5005	0
0	2	5006	0
0	2	5007	0
0	2	5008	1
0	2	5009	5
0	2	5010	0
0	2	5011	0
0	2	5012	0
0	2	5013	0
0	2	5014	6
0	2	5015	0
0	2	5016	2
0	2	5017	0
0	2	5018	0
0	2	5019	5
0	2	5020	0
0	2	5021	0
0	2	5022	0
0	2	5023	0
0	2	5024	0
0	2	5025	0
0	2	5026	0
0	2	5027	0
0	2	5028	0
0	2	5029	0
0	2	5030	3
0	2	5031	0
0	2	5032	0
0	2	5033	0
0	2	5034	1
0	2	5035	0
0	2	5036	0
0	2	5037	5
0	2	5038	0
0	2	5039	0
0	2	5040	0
0	2	5041	0
0	2	5042	0
0	2	5043	3
0	2	5044	5
0	2	5045	12
0	2	5046	0
0	2	5047	0
0	2	5048	0
0	2	5049	0
0	2	5050	0
0	2	5051	15
0	2	5052	17
0	2	5053	0
0	2	5054	0
0	2	5055	0
0	2	5056	0
0	2	5057	20
0	2	5058	0
0	2	5059	0
0	2	5060	0
0	2	5061	11
0	2	5062	1
0	2	5063	5
0	2	5064	0
0	2	5065	0
0	2	5066	0
0	2	5067	5
0	2	5068	0
0	2	5069	0
0	2	5070	0
0	2	5071	5
0	2	5072	0
0	2	5073	0
0	2	5074	0
0	2	5075	0
0	2	5076	1
0	2	5077	0
0	2	5078	7
0	2	5079	4
0	2	5080	1
0	2	5081	0
0	2	5082	0
0	2	5083	3
0	2	5084	14
0	2	5085	0
0	2	5086	0
0	2	5087	0
0	2	5088	0
0	2	5089	0
0	2	5090	0
0	2	5091	0
0	2	5092	0
0	2	5093	1
0	2	5094	0
0	2	5095	0
0	2	5096	0
0	2	5097	0
0	2	5098	0
0	2	5099	0
0	2	5100	0
0	2	5101	6
0	2	5102	1
0	2	5103	0
0	2	5104	0
0	2	5105	0
0	2	5106	0
0	2	5107	0
0	2	5108	0
0	2	5109	0
0	2	5110	0
0	2	5111	2
0	2	5112	0
0	2	5113	2
0	2	5114	6
0	2	5115	1
0	2	5116	1
0	2	5117	0
0	2	5118	0
0	2	5119	0
0	2	5120	0
0	2	5121	0
0	2	5122	0
0	2	5123	3
0	2	5124	0
0	2	5125	0
0	2	5126	10
0	2	5127	10
0	2	5128	3
0	2	5129	1
0	2	5130	0
0	2	5131	0
0	2	5132	0
0	2	5133	0
0	2	5134	0
0	2	5135	0
0	2	5136	0
0	2	5137	0
0	2	5138	0
0	2	5139	0
0	2	5140	0
0	2	5141	0
0	2	5142	9
0	2	5143	0
0	2	5144	0
0	2	5145	0
0	2	5146	0
0	2	5147	7
0	2	5148	2
0	2	5149	1
0	2	5150	0
0	2	5151	0
0	2	5152	0
0	2	5153	0
0	2	5154	0
0	2	5155	9
0	2	5156	0
0	2	5157	3
0	2	5158	0
0	2	5159	2
0	2	5160	0
0	2	5161	0
0	2	5162	5
0	2	5163	0
0	2	5164	3
0	2	5165	0
0	2	5166	0
0	2	5167	0
0	2	5168	0
0	2	5169	0
0	2	5170	0
0	2	5171	0
0	2	5172	5
0	2	5173	0
0	2	5174	11
0	2	5175	0
0	2	5176	0
0	2	5177	3
0	2	5178	3
0	2	5179	0
0	2	5180	0
0	2	5181	0
0	2	5182	0
0	2	5183	3
0	2	5184	0
0	2	5185	8
0	2	5186	1
0	2	5187	0
0	2	5188	0
0	2	5189	0
0	2	5190	0
0	2	5191	0
0	2	5192	0
0	2	5193	11
0	2	5194	0
0	2	5195	0
0	2	5196	0
0	2	5197	0
0	2	5198	0
0	2	5199	0
0	2	5200	1
0	2	5201	2
0	2	5202	0
0	2	5203	8
0	2	5204	0
0	2	5205	0
0	2	5206	2
0	2	5207	0
0	2	5208	3
0	2	5209	0
0	2	5210	0
0	2	5211	11
0	2	5212	0
0	2	5213	0
0	2	5214	0
0	2	5215	0
0	2	5216	0
0	2	5217	0
0	2	5218	0
0	2	5219	0
0	2	5220	0
0	2	5221	0
0	2	5222	0
0	2	5223	0
0	2	5224	0
0	2	5225	0
0	2	5226	0
0	2	5227	11
0	2	5228	1
0	2	5229	0
0	2	5230	13
0	2	5231	0
0	2	5232	0
0	2	5233	0
0	2	5234	0
0	2	5235	1
0	2	5236	0
0	2	5237	0
0	2	5238	0
0	2	5239	0
0	2	5240	0
0	2	5241	0
0	2	5242	0
0	2	5243	0
0	2	5244	0
0	2	5245	0
0	2	5246	0
0	2	5247	0
0	2	5248	0
0	2	5249	1
0	2	5250	7
0	2	5251	0
0	2	5252	0
0	2	5253	1
0	2	5254	0
0	2	5255	12
0	2	5256	4
0	2	5257	0
0	2	5258	0
0	2	5259	0
0	2	5260	2
0	2	5261	0
0	2	5262	8
0	2	5263	0
0	2	5264	0
0	2	5265	0
0	2	5266	0
0	2	5267	0
0	2	5268	1
0	2	5269	0
0	2	5270	0
0	2	5271	0
0	2	5272	0
0	2	5273	0
0	2	5274	1
0	2	5275	1
0	2	5276	1
0	2	5277	2
0	2	5278	0
0	2	5279	0
0	2	5280	1
0	2	5281	0
0	2	5282	0
0	2	5283	0
0	2	5284	0
0	2	5285	1
0	2	5286	0
0	2	5287	0
0	2	5288	3
0	2	5289	0
0	2	5290	0
0	2	5291	0
0	2	5292	7
0	2	5293	4
0	2	5294	0
0	2	5295	2
0	2	5296	2
0	2	5297	0
0	2	5298	0
0	2	5299	0
0	2	5300	0
0	2	5301	10
0	2	5302	0
0	2	5303	0
0	2	5304	3
0	2	5305	7
0	2	5306	0
0	2	5307	2
0	2	5308	0
0	2	5309	8
0	2	5310	0
0	2	5311	5
0	2	5312	7
0	2	5313	0
0	2	5314	0
0	2	5315	10
0	2	5316	0
0	2	5317	15
0	2	5318	0
0	2	5319	10
0	2	5320	0
0	2	5321	4
0	2	5322	10
0	2	5323	0
0	2	5324	4
0	2	5325	0
0	2	5326	0
0	2	5327	1
0	2	5328	0
0	2	5329	0
0	2	5330	0
0	2	5331	0
0	2	5332	0
0	2	5333	0
0	2	5334	0
0	2	5335	0
0	2	5336	0
0	2	5337	9
0	2	5338	0
0	2	5339	0
0	2	5340	0
0	2	5341	1
0	2	5342	0
0	2	5343	3
0	2	5344	2
0	2	5345	12
0	2	5346	0
0	2	5347	0
0	2	5348	0
0	2	5349	0
0	2	5350	0
0	2	5351	0
0	2	5352	0
0	2	5353	0
0	2	5354	0
0	2	5355	1
0	2	5356	0
0	2	5357	1
0	2	5358	0
0	2	5359	2
0	2	5360	7
0	2	5361	7
0	2	5362	0
0	2	5363	1
0	2	5364	1
0	2	5365	0
0	2	5366	0
0	2	5367	0
0	2	5368	0
0	2	5369	2
0	2	5370	3
0	2	5371	0
0	2	5372	0
0	2	5373	0
0	2	5374	1
0	2	5375	5
0	2	5376	0
0	2	5377	6
0	2	5378	5
0	2	5379	0
0	2	5380	0
0	2	5381	5
0	2	5382	0
0	2	5383	0
0	2	5384	0
0	2	5385	0
0	2	5386	0
0	2	5387	1
0	2	5388	0
0	2	5389	0
0	2	5390	0
0	2	5391	0
0	2	5392	5
0	2	5393	0
0	2	5394	0
0	2	5395	5
0	2	5396	8
0	2	5397	0
0	2	5398	0
0	2	5399	0
0	2	5400	0
0	2	5401	0
0	2	5402	0
0	2	5403	0
0	2	5404	0
0	2	5405	11
0	2	5406	0
0	2	5407	0
0	2	5408	0
0	2	5409	0
0	2	5410	3
0	2	5411	0
0	2	5412	0
0	2	5413	0
0	2	5414	3
0	2	5415	2
0	2	5416	0
0	2	5417	0
0	2	5418	2
0	2	5419	0
0	2	5420	0
0	2	5421	0
0	2	5422	0
0	2	5423	0
0	2	5424	3
0	2	5425	1
0	2	5426	0
0	2	5427	10
0	2	5428	2
0	2	5429	0
0	2	5430	0
0	2	5431	0
0	2	5432	2
0	2	5433	0
0	2	5434	0
0	2	5435	0
0	2	5436	0
0	2	5437	0
0	2	5438	0
0	2	5439	0
0	2	5440	0
0	2	5441	0
0	2	5442	0
0	2	5443	4
0	2	5444	0
0	2	5445	0
0	2	5446	0
0	2	5447	0
0	2	5448	0
0	2	5449	8
0	2	5450	0
0	2	5451	0
0	2	5452	0
0	2	5453	1
0	2	5454	1
0	2	5455	0
0	2	5456	0
0	2	5457	0
0	2	5458	0
0	2	5459	0
0	2	5460	0
0	2	5461	4
0	2	5462	0
0	2	5463	0
0	2	5464	6
0	2	5465	0
0	2	5466	0
0	2	5467	14
0	2	5468	0
0	2	5469	10
0	2	5470	2
0	2	5471	0
0	2	5472	0
0	2	5473	0
0	2	5474	0
0	2	5475	8
0	2	5476	2
0	2	5477	0
0	2	5478	0
0	2	5479	0
0	2	5480	0
0	2	5481	0
0	2	5482	4
0	2	5483	0
0	2	5484	4
0	2	5485	2
0	2	5486	0
0	2	5487	7
0	2	5488	0
0	2	5489	0
0	2	5490	0
0	2	5491	0
0	2	5492	0
0	2	5493	0
0	2	5494	0
0	2	5495	0
0	2	5496	0
0	2	5497	0
0	2	5498	0
0	2	5499	0
0	2	5500	0
0	2	5501	0
0	2	5502	0
0	2	5503	6
0	2	5504	6
0	2	5505	1
0	2	5506	0
0	2	5507	0
0	2	5508	7
0	2	5509	0
0	2	5510	0
0	2	5511	0
0	2	5512	1
0	2	5513	6
0	2	5514	8
0	2	5515	0
0	2	5516	0
0	2	5517	0
0	2	5518	0
0	2	5519	0
0	2	5520	0
0	2	5521	0
0	2	5522	1
0	2	5523	0
0	2	5524	11
0	2	5525	16
0	2	5526	0
0	2	5527	0
0	2	5528	0
0	2	5529	0
0	2	5530	0
0	2	5531	0
0	2	5532	0
0	2	5533	4
0	2	5534	4
0	2	5535	9
0	2	5536	0
0	2	5537	0
0	2	5538	2
0	2	5539	10
0	2	5540	1
0	2	5541	0
0	2	5542	1
0	2	5543	0
0	2	5544	1
0	2	5545	11
0	2	5546	5
0	2	5547	0
0	2	5548	0
0	2	5549	0
0	2	5550	9
0	2	5551	0
0	2	5552	0
0	2	5553	0
0	2	5554	2
0	2	5555	8
0	2	5556	5
0	2	5557	0
0	2	5558	0
0	2	5559	0
0	2	5560	0
0	2	5561	0
0	2	5562	0
0	2	5563	9
0	2	5564	3
0	2	5565	1
0	2	5566	0
0	2	5567	0
0	2	5568	0
0	2	5569	0
0	2	5570	9
0	2	5571	0
0	2	5572	11
0	2	5573	0
0	2	5574	0
0	2	5575	5
0	2	5576	9
0	2	5577	8
0	2	5578	0
0	2	5579	3
0	2	5580	0
0	2	5581	0
0	2	5582	2
0	2	5583	0
0	2	5584	0
0	2	5585	0
0	2	5586	0
0	2	5587	0
0	2	5588	0
0	2	5589	0
0	2	5590	0
0	2	5591	0
0	2	5592	0
0	2	5593	0
0	2	5594	0
0	2	5595	0
0	2	5596	4
0	2	5597	0
0	2	5598	12
0	2	5599	0
0	2	5600	0
0	2	5601	0
0	2	5602	0
0	2	5603	1
0	2	5604	0
0	2	5605	10
0	2	5606	0
0	2	5607	0
0	2	5608	2
0	2	5609	10
0	2	5610	0
0	2	5611	0
0	2	5612	10
0	2	5613	0
0	2	5614	0
0	2	5615	0
0	2	5616	0
0	2	5617	0
0	2	5618	0
0	2	5619	0
0	2	5620	2
0	2	5621	7
0	2	5622	1
0	2	5623	6
0	2	5624	0
0	2	5625	0
0	2	5626	0
0	2	5627	6
0	2	5628	0
0	2	5629	1
0	2	5630	1
0	2	5631	0
0	2	5632	0
0	2	5633	23
0	2	5634	0
0	2	5635	2
0	2	5636	0
0	2	5637	0
0	2	5638	0
0	2	5639	0
0	2	5640	9
0	2	5641	0
0	2	5642	0
0	2	5643	2
0	2	5644	0
0	2	5645	1
0	2	5646	0
0	2	5647	0
0	2	5648	2
0	2	5649	0
0	2	5650	0
0	2	5651	0
0	2	5652	0
0	2	5653	7
0	2	5654	3
0	2	5655	0
0	2	5656	2
0	2	5657	0
0	2	5658	9
0	2	5659	4
0	2	5660	0
0	2	5661	8
0	2	5662	0
0	2	5663	0
0	2	5664	2
0	2	5665	0
0	2	5666	0
0	2	5667	0
0	2	5668	0
0	2	5669	8
0	2	5670	14
0	2	5671	0
0	2	5672	0
0	2	5673	12
0	2	5674	0
0	2	5675	2
0	2	5676	0
0	2	5677	3
0	2	5678	0
0	2	5679	0
0	2	5680	0
0	2	5681	0
0	2	5682	0
0	2	5683	0
0	2	5684	5
0	2	5685	0
0	2	5686	0
0	2	5687	8
0	2	5688	0
0	2	5689	0
0	2	5690	0
0	2	5691	2
0	2	5692	6
0	2	5693	0
0	2	5694	0
0	2	5695	0
0	2	5696	0
0	2	5697	0
0	2	5698	0
0	2	5699	1
0	2	5700	0
0	2	5701	1
0	2	5702	0
0	2	5703	0
0	2	5704	1
0	2	5705	1
0	2	5706	0
0	2	5707	10
0	2	5708	3
0	2	5709	5
0	2	5710	4
0	2	5711	3
0	2	5712	0
0	2	5713	0
0	2	5714	1
0	2	5715	0
0	2	5716	0
0	2	5717	0
0	2	5718	0
0	2	5719	0
0	2	5720	4
0	2	5721	0
0	2	5722	0
0	2	5723	3
0	2	5724	5
0	2	5725	0
0	2	5726	2
0	2	5727	0
0	2	5728	1
0	2	5729	5
0	2	5730	0
0	2	5731	2
0	2	5732	1
0	2	5733	7
0	2	5734	0
0	2	5735	0
0	2	5736	0
0	2	5737	0
0	2	5738	7
0	2	5739	0
0	2	5740	0
0	2	5741	0
0	2	5742	2
0	2	5743	0
0	2	5744	3
0	2	5745	2
0	2	5746	0
0	2	5747	0
0	2	5748	9
0	2	5749	0
0	2	5750	0
0	2	5751	0
0	2	5752	1
0	2	5753	0
0	2	5754	4
0	2	5755	0
0	2	5756	4
0	2	5757	0
0	2	5758	13
0	2	5759	0
0	2	5760	0
0	2	5761	0
0	2	5762	1
0	2	5763	0
0	2	5764	0
0	2	5765	0
0	2	5766	0
0	2	5767	0
0	2	5768	0
0	2	5769	0
0	2	5770	0
0	2	5771	1
0	2	5772	0
0	2	5773	0
0	2	5774	10
0	2	5775	0
0	2	5776	0
0	2	5777	2
0	2	5778	6
0	2	5779	0
0	2	5780	0
0	2	5781	4
0	2	5782	0
0	2	5783	0
0	2	5784	0
0	2	5785	0
0	2	5786	0
0	2	5787	5
0	2	5788	1
0	2	5789	6
0	2	5790	0
0	2	5791	0
0	2	5792	0
0	2	5793	1
0	2	5794	0
0	2	5795	5
0	2	5796	0
0	2	5797	0
0	2	5798	0
0	2	5799	0
0	2	5800	0
0	2	5801	2
0	2	5802	18
0	2	5803	2
0	2	5804	1
0	2	5805	4
0	2	5806	0
0	2	5807	5
0	2	5808	0
0	2	5809	0
0	2	5810	0
0	2	5811	3
0	2	5812	0
0	2	5813	3
0	2	5814	6
0	2	5815	0
0	2	5816	2
0	2	5817	0
0	2	5818	0
0	2	5819	0
0	2	5820	0
0	2	5821	0
0	2	5822	7
0	2	5823	4
0	2	5824	0
0	2	5825	14
0	2	5826	0
0	2	5827	3
0	2	5828	1
0	2	5829	0
0	2	5830	0
0	2	5831	0
0	2	5832	0
0	2	5833	0
0	2	5834	11
0	2	5835	0
0	2	5836	0
0	2	5837	0
0	2	5838	0
0	2	5839	0
0	2	5840	0
0	2	5841	14
0	2	5842	4
0	2	5843	0
0	2	5844	2
0	2	5845	0
0	2	5846	4
0	2	5847	0
0	2	5848	0
0	2	5849	0
0	2	5850	1
0	2	5851	2
0	2	5852	0
0	2	5853	10
0	2	5854	0
0	2	5855	1
0	2	5856	22
0	2	5857	0
0	2	5858	7
0	2	5859	1
0	2	5860	0
0	2	5861	1
0	2	5862	0
0	2	5863	2
0	2	5864	0
0	2	5865	12
0	2	5866	8
0	2	5867	2
0	2	5868	2
0	2	5869	4
0	2	5870	3
0	2	5871	1
0	2	5872	3
0	2	5873	0
0	2	5874	9
0	2	5875	0
0	2	5876	0
0	2	5877	0
0	2	5878	3
0	2	5879	5
0	2	5880	0
0	2	5881	0
0	2	5882	18
0	2	5883	0
0	2	5884	0
0	2	5885	2
0	2	5886	6
0	2	5887	0
0	2	5888	0
0	2	5889	0
0	2	5890	0
0	2	5891	0
0	2	5892	9
0	2	5893	15
0	2	5894	0
0	2	5895	0
0	2	5896	0
0	2	5897	0
0	2	5898	12
0	2	5899	0
0	2	5900	13
0	2	5901	17
0	2	5902	0
0	2	5903	0
0	2	5904	0
0	2	5905	0
0	2	5906	0
0	2	5907	6
0	2	5908	0
0	2	5909	0
0	2	5910	5
0	2	5911	0
0	2	5912	2
0	2	5913	0
0	2	5914	0
0	2	5915	0
0	2	5916	0
0	2	5917	1
0	2	5918	10
0	2	5919	4
0	2	5920	1
0	2	5921	2
0	2	5922	3
0	2	5923	0
0	2	5924	12
0	2	5925	0
0	2	5926	2
0	2	5927	0
0	2	5928	5
0	2	5929	0
0	2	5930	0
0	2	5931	1
0	2	5932	0
0	2	5933	1
0	2	5934	0
0	2	5935	5
0	2	5936	0
0	2	5937	0
0	2	5938	0
0	2	5939	6
0	2	5940	0
0	2	5941	1
0	2	5942	0
0	2	5943	0
0	2	5944	0
0	2	5945	3
0	2	5946	2
0	2	5947	11
0	2	5948	0
0	2	5949	0
0	2	5950	0
0	2	5951	0
0	2	5952	6
0	2	5953	4
0	2	5954	0
0	2	5955	4
0	2	5956	0
0	2	5957	5
0	2	5958	0
0	2	5959	0
0	2	5960	3
0	2	5961	0
0	2	5962	0
0	2	5963	0
0	2	5964	0
0	2	5965	0
0	2	5966	11
0	2	5967	0
0	2	5968	0
0	2	5969	0
0	2	5970	0
0	2	5971	0
0	2	5972	10
0	2	5973	0
0	2	5974	12
0	2	5975	2
0	2	5976	3
0	2	5977	0
0	2	5978	4
0	2	5979	10
0	2	5980	2
0	2	5981	0
0	2	5982	6
0	2	5983	0
0	2	5984	0
0	2	5985	2
0	2	5986	0
0	2	5987	0
0	2	5988	2
0	2	5989	1
0	2	5990	10
0	2	5991	0
0	2	5992	0
0	2	5993	0
0	2	5994	3
0	2	5995	0
0	2	5996	0
0	2	5997	0
0	2	5998	0
0	2	5999	0
0	2	6000	0
0	2	6001	0
0	2	6002	4
0	2	6003	0
0	2	6004	3
0	2	6005	0
0	2	6006	0
0	2	6007	4
0	2	6008	0
0	2	6009	0
0	2	6010	3
0	2	6011	16
0	2	6012	0
0	2	6013	3
0	2	6014	1
0	2	6015	0
0	2	6016	0
0	2	6017	0
0	2	6018	0
0	2	6019	6
0	2	6020	0
0	2	6021	0
0	2	6022	0
0	2	6023	2
0	2	6024	0
0	2	6025	0
0	2	6026	1
0	2	6027	1
0	2	6028	0
0	2	6029	0
0	2	6030	0
0	2	6031	2
0	2	6032	8
0	2	6033	0
0	2	6034	11
0	2	6035	0
0	2	6036	4
0	2	6037	0
0	2	6038	4
0	2	6039	3
0	2	6040	18
0	2	6041	0
0	2	6042	4
0	2	6043	0
0	2	6044	5
0	2	6045	1
0	2	6046	0
0	2	6047	0
0	2	6048	0
0	2	6049	6
0	2	6050	0
0	2	6051	0
0	2	6052	8
0	2	6053	0
0	2	6054	8
0	2	6055	0
0	2	6056	0
0	2	6057	2
0	2	6058	0
0	2	6059	4
0	2	6060	0
0	2	6061	0
0	2	6062	3
0	2	6063	0
0	2	6064	1
0	2	6065	1
0	2	6066	19
0	2	6067	0
0	2	6068	0
0	2	6069	0
0	2	6070	0
0	2	6071	0
0	2	6072	1
0	2	6073	0
0	2	6074	0
0	2	6075	0
0	2	6076	8
0	2	6077	0
0	2	6078	0
0	2	6079	7
0	2	6080	0
0	2	6081	11
0	2	6082	0
0	2	6083	5
0	2	6084	0
0	2	6085	2
0	2	6086	0
0	2	6087	0
0	2	6088	7
0	2	6089	0
0	2	6090	1
0	2	6091	0
0	2	6092	0
0	2	6093	0
0	2	6094	2
0	2	6095	0
0	2	6096	0
0	2	6097	0
0	2	6098	5
0	2	6099	0
0	2	6100	0
0	2	6101	8
0	2	6102	0
0	2	6103	0
0	2	6104	0
0	2	6105	0
0	2	6106	0
0	2	6107	0
0	2	6108	0
0	2	6109	7
0	2	6110	1
0	2	6111	0
0	2	6112	1
0	2	6113	0
0	2	6114	0
0	2	6115	1
0	2	6116	0
0	2	6117	0
0	2	6118	2
0	2	6119	12
0	2	6120	0
0	2	6121	0
0	2	6122	0
0	2	6123	0
0	2	6124	2
0	2	6125	0
0	2	6126	7
0	2	6127	0
0	2	6128	6
0	2	6129	0
0	2	6130	3
0	2	6131	8
0	2	6132	0
0	2	6133	6
0	2	6134	1
0	2	6135	0
0	2	6136	0
0	2	6137	3
0	2	6138	0
0	2	6139	0
0	2	6140	0
0	2	6141	0
0	2	6142	0
0	2	6143	0
0	2	6144	9
0	2	6145	2
0	2	6146	0
0	2	6147	11
0	2	6148	0
0	2	6149	2
0	2	6150	0
0	2	6151	0
0	2	6152	3
0	2	6153	0
0	2	6154	0
0	2	6155	1
0	2	6156	3
0	2	6157	14
0	2	6158	4
0	2	6159	6
0	2	6160	0
0	2	6161	0
0	2	6162	0
0	2	6163	4
0	2	6164	0
0	2	6165	0
0	2	6166	4
0	2	6167	0
0	2	6168	9
0	2	6169	0
0	2	6170	0
0	2	6171	0
0	2	6172	0
0	2	6173	0
0	2	6174	3
0	2	6175	0
0	2	6176	9
0	2	6177	3
0	2	6178	0
0	2	6179	0
0	2	6180	0
0	2	6181	0
0	2	6182	0
0	2	6183	0
0	2	6184	0
0	2	6185	0
0	2	6186	0
0	2	6187	0
0	2	6188	10
0	2	6189	0
0	2	6190	0
0	2	6191	4
0	2	6192	9
0	2	6193	0
0	2	6194	3
0	2	6195	0
0	2	6196	0
0	2	6197	0
0	2	6198	0
0	2	6199	2
0	2	6200	4
0	2	6201	0
0	2	6202	2
0	2	6203	8
0	2	6204	6
0	2	6205	0
0	2	6206	0
0	2	6207	0
0	2	6208	0
0	2	6209	0
0	2	6210	0
0	2	6211	0
0	2	6212	5
0	2	6213	1
0	2	6214	0
0	2	6215	6
0	2	6216	1
0	2	6217	5
0	2	6218	5
0	2	6219	34
0	2	6220	4
0	2	6221	12
0	2	6222	5
0	2	6223	0
0	2	6224	0
0	2	6225	0
0	2	6226	0
0	2	6227	0
0	2	6228	0
0	2	6229	0
0	2	6230	0
0	2	6231	11
0	2	6232	19
0	2	6233	5
0	2	6234	8
0	2	6235	0
0	2	6236	21
0	2	6237	0
0	2	6238	0
0	2	6239	0
0	2	6240	0
0	2	6241	0
0	2	6242	21
0	2	6243	0
0	2	6244	0
0	2	6245	6
0	2	6246	0
0	2	6247	2
0	2	6248	0
0	2	6249	0
0	2	6250	0
0	2	6251	0
0	2	6252	0
0	2	6253	0
0	2	6254	1
0	2	6255	0
0	2	6256	6
0	2	6257	8
0	2	6258	0
0	2	6259	11
0	2	6260	3
0	2	6261	0
0	2	6262	0
0	2	6263	0
0	2	6264	3
0	2	6265	8
0	2	6266	0
0	2	6267	7
0	2	6268	8
0	2	6269	0
0	2	6270	10
0	2	6271	4
0	2	6272	12
0	2	6273	0
0	2	6274	0
0	2	6275	0
0	2	6276	1
0	2	6277	0
0	2	6278	0
0	2	6279	17
0	2	6280	7
0	2	6281	0
0	2	6282	0
0	2	6283	0
0	2	6284	0
0	2	6285	0
0	2	6286	0
0	2	6287	4
0	2	6288	0
0	2	6289	3
0	2	6290	1
0	2	6291	0
0	2	6292	1
0	2	6293	0
0	2	6294	0
0	2	6295	3
0	2	6296	4
0	2	6297	8
0	2	6298	1
0	2	6299	8
0	2	6300	5
0	2	6301	6
0	2	6302	9
0	2	6303	2
0	2	6304	2
0	2	6305	3
0	2	6306	0
0	2	6307	0
0	2	6308	0
0	2	6309	0
0	2	6310	5
0	2	6311	0
0	2	6312	6
0	2	6313	0
0	2	6314	2
0	2	6315	0
0	2	6316	0
0	2	6317	0
0	2	6318	1
0	2	6319	0
0	2	6320	0
0	2	6321	0
0	2	6322	2
0	2	6323	2
0	2	6324	1
0	2	6325	7
0	2	6326	1
0	2	6327	0
0	2	6328	0
0	2	6329	1
0	2	6330	6
0	2	6331	4
0	2	6332	0
0	2	6333	5
0	2	6334	0
0	2	6335	0
0	2	6336	0
0	2	6337	0
0	2	6338	0
0	2	6339	0
0	2	6340	0
0	2	6341	5
0	2	6342	0
0	2	6343	0
0	2	6344	0
0	2	6345	3
0	2	6346	11
0	2	6347	18
0	2	6348	0
0	2	6349	1
0	2	6350	0
0	2	6351	0
0	2	6352	0
0	2	6353	5
0	2	6354	0
0	2	6355	6
0	2	6356	1
0	2	6357	0
0	2	6358	0
0	2	6359	0
0	2	6360	9
0	2	6361	8
0	2	6362	4
0	2	6363	9
0	2	6364	0
0	2	6365	0
0	2	6366	0
0	2	6367	1
0	2	6368	0
0	2	6369	0
0	2	6370	0
0	2	6371	4
0	2	6372	2
0	2	6373	0
0	2	6374	0
0	2	6375	7
0	2	6376	0
0	2	6377	0
0	2	6378	0
0	2	6379	0
0	2	6380	2
0	2	6381	0
0	2	6382	3
0	2	6383	0
0	2	6384	16
0	2	6385	8
0	2	6386	5
0	2	6387	0
0	2	6388	0
0	2	6389	0
0	2	6390	0
0	2	6391	0
0	2	6392	0
0	2	6393	11
0	2	6394	3
0	2	6395	0
0	2	6396	0
0	2	6397	0
0	2	6398	0
0	2	6399	0
0	2	6400	0
0	2	6401	0
0	2	6402	2
0	2	6403	0
0	2	6404	4
0	2	6405	0
0	2	6406	0
0	2	6407	0
0	2	6408	0
0	2	6409	0
0	2	6410	3
0	2	6411	0
0	2	6412	1
0	2	6413	0
0	2	6414	0
0	2	6415	0
0	2	6416	0
0	2	6417	1
0	2	6418	0
0	2	6419	10
0	2	6420	0
0	2	6421	0
0	2	6422	0
0	2	6423	0
0	2	6424	0
0	2	6425	0
0	2	6426	0
0	2	6427	3
0	2	6428	0
0	2	6429	4
0	2	6430	0
0	2	6431	3
0	2	6432	5
0	2	6433	0
0	2	6434	2
0	2	6435	0
0	2	6436	0
0	2	6437	0
0	2	6438	3
0	2	6439	0
0	2	6440	0
0	2	6441	6
0	2	6442	0
0	2	6443	6
0	2	6444	1
0	2	6445	0
0	2	6446	2
0	2	6447	2
0	2	6448	7
0	2	6449	6
0	2	6450	5
0	2	6451	0
0	2	6452	0
0	2	6453	1
0	2	6454	0
0	2	6455	7
0	2	6456	0
0	2	6457	0
0	2	6458	0
0	2	6459	7
0	2	6460	0
0	2	6461	0
0	2	6462	1
0	2	6463	5
0	2	6464	0
0	2	6465	1
0	2	6466	2
0	2	6467	0
0	2	6468	0
0	2	6469	0
0	2	6470	1
0	2	6471	0
0	2	6472	7
0	2	6473	5
0	2	6474	0
0	2	6475	1
0	2	6476	0
0	2	6477	0
0	2	6478	0
0	2	6479	0
0	2	6480	0
0	2	6481	0
0	2	6482	0
0	2	6483	0
0	2	6484	0
0	2	6485	3
0	2	6486	8
0	2	6487	5
0	2	6488	8
0	2	6489	2
0	2	6490	3
0	2	6491	4
0	2	6492	3
0	2	6493	0
0	2	6494	2
0	2	6495	0
0	2	6496	0
0	2	6497	0
0	2	6498	0
0	2	6499	0
0	2	6500	0
0	2	6501	0
0	2	6502	1
0	2	6503	0
0	2	6504	4
0	2	6505	0
0	2	6506	0
0	2	6507	10
0	2	6508	0
0	2	6509	0
0	2	6510	0
0	2	6511	1
0	2	6512	13
0	2	6513	2
0	2	6514	3
0	2	6515	0
0	2	6516	0
0	2	6517	1
0	2	6518	0
0	2	6519	1
0	2	6520	0
0	2	6521	0
0	2	6522	0
0	2	6523	15
0	2	6524	0
0	2	6525	0
0	2	6526	0
0	2	6527	2
0	2	6528	0
0	2	6529	6
0	2	6530	0
0	2	6531	0
0	2	6532	0
0	2	6533	0
0	2	6534	0
0	2	6535	10
0	2	6536	1
0	2	6537	9
0	2	6538	0
0	2	6539	1
0	2	6540	0
0	2	6541	0
0	2	6542	0
0	2	6543	0
0	2	6544	0
0	2	6545	10
0	2	6546	2
0	2	6547	0
0	2	6548	5
0	2	6549	0
0	2	6550	2
0	2	6551	0
0	2	6552	0
0	2	6553	5
0	2	6554	0
0	2	6555	15
0	2	6556	16
0	2	6557	0
0	2	6558	0
0	2	6559	4
0	2	6560	15
0	2	6561	2
0	2	6562	0
0	2	6563	0
0	2	6564	0
0	2	6565	0
0	2	6566	0
0	2	6567	15
0	2	6568	0
0	2	6569	0
0	2	6570	5
0	2	6571	4
0	2	6572	2
0	2	6573	0
0	2	6574	1
0	2	6575	1
0	2	6576	0
0	2	6577	10
0	2	6578	0
0	2	6579	0
0	2	6580	0
0	2	6581	0
0	2	6582	0
0	2	6583	3
0	2	6584	5
0	2	6585	0
0	2	6586	9
0	2	6587	0
0	2	6588	7
0	2	6589	1
0	2	6590	0
0	2	6591	13
0	2	6592	0
0	2	6593	1
0	2	6594	0
0	2	6595	0
0	2	6596	5
0	2	6597	0
0	2	6598	3
0	2	6599	2
0	2	6600	0
0	2	6601	0
0	2	6602	2
0	2	6603	1
0	2	6604	0
0	2	6605	0
0	2	6606	0
0	2	6607	0
0	2	6608	0
0	2	6609	0
0	2	6610	7
0	2	6611	0
0	2	6612	0
0	2	6613	1
0	2	6614	0
0	2	6615	0
0	2	6616	0
0	2	6617	4
0	2	6618	0
0	2	6619	0
0	2	6620	0
0	2	6621	0
0	2	6622	0
0	2	6623	1
0	2	6624	0
0	2	6625	0
0	2	6626	6
0	2	6627	0
0	2	6628	0
0	2	6629	0
0	2	6630	0
0	2	6631	3
0	2	6632	0
0	2	6633	0
0	2	6634	0
0	2	6635	0
0	2	6636	0
0	2	6637	0
0	2	6638	0
0	2	6639	0
0	2	6640	1
0	2	6641	2
0	2	6642	2
0	2	6643	0
0	2	6644	0
0	2	6645	0
0	2	6646	0
0	2	6647	0
0	2	6648	0
0	2	6649	0
0	2	6650	0
0	2	6651	0
0	2	6652	0
0	2	6653	0
0	2	6654	0
0	2	6655	0
0	2	6656	0
0	2	6657	0
0	2	6658	0
0	2	6659	3
0	2	6660	0
0	2	6661	0
0	2	6662	0
0	2	6663	0
0	2	6664	6
0	2	6665	0
0	2	6666	0
0	2	6667	1
0	2	6668	2
0	2	6669	0
0	2	6670	0
0	2	6671	0
0	2	6672	0
0	2	6673	0
0	2	6674	0
0	2	6675	2
0	2	6676	0
0	2	6677	0
0	2	6678	0
0	2	6679	1
0	2	6680	0
0	2	6681	0
0	2	6682	0
0	2	6683	0
0	2	6684	0
0	2	6685	0
0	2	6686	5
0	2	6687	0
0	2	6688	0
0	2	6689	0
0	2	6690	4
0	2	6691	0
0	2	6692	8
0	2	6693	0
0	2	6694	6
0	2	6695	0
0	2	6696	20
0	2	6697	0
0	2	6698	1
0	2	6699	8
0	2	6700	0
0	2	6701	3
0	2	6702	0
0	2	6703	0
0	2	6704	0
0	2	6705	0
0	2	6706	1
0	2	6707	0
0	2	6708	0
0	2	6709	0
0	2	6710	3
0	2	6711	0
0	2	6712	0
0	2	6713	2
0	2	6714	0
0	2	6715	22
0	2	6716	8
0	2	6717	0
0	2	6718	0
0	2	6719	0
0	2	6720	0
0	2	6721	3
0	2	6722	0
0	2	6723	8
0	2	6724	5
0	2	6725	0
0	2	6726	0
0	2	6727	0
0	2	6728	1
0	2	6729	0
0	2	6730	0
0	2	6731	2
0	2	6732	0
0	2	6733	5
0	2	6734	0
0	2	6735	0
0	2	6736	0
0	2	6737	0
0	2	6738	0
0	2	6739	1
0	2	6740	0
0	2	6741	0
0	2	6742	0
0	2	6743	0
0	2	6744	0
0	2	6745	5
0	2	6746	0
0	2	6747	0
0	2	6748	0
0	2	6749	0
0	2	6750	0
0	2	6751	0
0	2	6752	0
0	2	6753	0
0	2	6754	0
0	2	6755	0
0	2	6756	1
0	2	6757	0
0	2	6758	7
0	2	6759	0
0	2	6760	0
0	2	6761	0
0	2	6762	0
0	2	6763	0
0	2	6764	10
0	2	6765	3
0	2	6766	0
0	2	6767	3
0	2	6768	0
0	2	6769	0
0	2	6770	0
0	2	6771	0
0	2	6772	0
0	2	6773	0
0	2	6774	0
0	2	6775	0
0	2	6776	0
0	2	6777	0
0	2	6778	0
0	2	6779	0
0	2	6780	0
0	2	6781	0
0	2	6782	0
0	2	6783	0
0	2	6784	0
0	2	6785	10
0	2	6786	1
0	2	6787	0
0	2	6788	0
0	2	6789	8
0	2	6790	0
0	2	6791	0
0	2	6792	7
0	2	6793	0
0	2	6794	1
0	2	6795	0
0	2	6796	2
0	2	6797	9
0	2	6798	0
0	2	6799	3
0	2	6800	0
0	2	6801	0
0	2	6802	2
0	2	6803	0
0	2	6804	0
0	2	6805	0
0	2	6806	0
0	2	6807	0
0	2	6808	1
0	2	6809	1
0	2	6810	0
0	2	6811	5
0	2	6812	0
0	2	6813	0
0	2	6814	11
0	2	6815	0
0	2	6816	5
0	2	6817	8
0	2	6818	3
0	2	6819	0
0	2	6820	20
0	2	6821	0
0	2	6822	0
0	2	6823	0
0	2	6824	0
0	2	6825	10
0	2	6826	0
0	2	6827	0
0	2	6828	8
0	2	6829	0
0	2	6830	0
0	2	6831	0
0	2	6832	0
0	2	6833	13
0	2	6834	3
0	2	6835	6
0	2	6836	3
0	2	6837	4
0	2	6838	3
0	2	6839	12
0	2	6840	1
0	2	6841	0
0	2	6842	0
0	2	6843	0
0	2	6844	1
0	2	6845	0
0	2	6846	0
0	2	6847	0
0	2	6848	0
0	2	6849	0
0	2	6850	2
0	2	6851	0
0	2	6852	0
0	2	6853	1
0	2	6854	0
0	2	6855	0
0	2	6856	0
0	2	6857	0
0	2	6858	0
0	2	6859	0
0	2	6860	0
0	2	6861	0
0	2	6862	1
0	2	6863	0
0	2	6864	0
0	2	6865	0
0	2	6866	0
0	2	6867	0
0	2	6868	0
0	2	6869	0
0	2	6870	0
0	2	6871	5
0	2	6872	2
0	2	6873	13
0	2	6874	0
0	2	6875	2
0	2	6876	1
0	2	6877	0
0	2	6878	0
0	2	6879	0
0	2	6880	7
0	2	6881	0
0	2	6882	8
0	2	6883	0
0	2	6884	9
0	2	6885	0
0	2	6886	0
0	2	6887	0
0	2	6888	0
0	2	6889	20
0	2	6890	0
0	2	6891	0
0	2	6892	0
0	2	6893	0
0	2	6894	0
0	2	6895	3
0	2	6896	0
0	2	6897	0
0	2	6898	1
0	2	6899	2
0	2	6900	13
0	2	6901	0
0	2	6902	0
0	2	6903	0
0	2	6904	0
0	2	6905	3
0	2	6906	0
0	2	6907	0
0	2	6908	0
0	2	6909	2
0	2	6910	1
0	2	6911	0
0	2	6912	6
0	2	6913	0
0	2	6914	0
0	2	6915	3
0	2	6916	0
0	2	6917	1
0	2	6918	1
0	2	6919	0
0	2	6920	0
0	2	6921	0
0	2	6922	9
0	2	6923	0
0	2	6924	0
0	2	6925	0
0	2	6926	0
0	2	6927	2
0	2	6928	1
0	2	6929	2
0	2	6930	0
0	2	6931	3
0	2	6932	0
0	2	6933	0
0	2	6934	0
0	2	6935	9
0	2	6936	0
0	2	6937	10
0	2	6938	0
0	2	6939	0
0	2	6940	0
0	2	6941	0
0	2	6942	0
0	2	6943	0
0	2	6944	0
0	2	6945	0
0	2	6946	0
0	2	6947	1
0	2	6948	0
0	2	6949	0
0	2	6950	5
0	2	6951	0
0	2	6952	7
0	2	6953	6
0	2	6954	0
0	2	6955	0
0	2	6956	0
0	2	6957	0
0	2	6958	0
0	2	6959	0
0	2	6960	0
0	2	6961	0
0	2	6962	3
0	2	6963	0
0	2	6964	0
0	2	6965	0
0	2	6966	0
0	2	6967	0
0	2	6968	0
0	2	6969	0
0	2	6970	17
0	2	6971	0
0	2	6972	0
0	2	6973	0
0	2	6974	0
0	2	6975	9
0	2	6976	0
0	2	6977	0
0	2	6978	0
0	2	6979	0
0	2	6980	1
0	2	6981	0
0	2	6982	0
0	2	6983	0
0	2	6984	0
0	2	6985	6
0	2	6986	0
0	2	6987	6
0	2	6988	0
0	2	6989	12
0	2	6990	0
0	2	6991	1
0	2	6992	0
0	2	6993	0
0	2	6994	1
0	2	6995	1
0	2	6996	0
0	2	6997	0
0	2	6998	28
0	2	6999	0
0	2	7000	2
0	2	7001	12
0	2	7002	0
0	2	7003	0
0	2	7004	0
0	2	7005	0
0	2	7006	0
0	2	7007	0
0	2	7008	0
0	2	7009	5
0	2	7010	0
0	2	7011	5
0	2	7012	3
0	2	7013	0
0	2	7014	0
0	2	7015	1
0	2	7016	0
0	2	7017	0
0	2	7018	0
0	2	7019	16
0	2	7020	0
0	2	7021	0
0	2	7022	0
0	2	7023	0
0	2	7024	0
0	2	7025	0
0	2	7026	0
0	2	7027	0
0	2	7028	2
0	2	7029	0
0	2	7030	0
0	2	7031	0
0	2	7032	7
0	2	7033	3
0	2	7034	0
0	2	7035	0
0	2	7036	0
0	2	7037	9
0	2	7038	0
0	2	7039	0
0	2	7040	0
0	2	7041	4
0	2	7042	15
0	2	7043	8
0	2	7044	7
0	2	7045	4
0	2	7046	0
0	2	7047	0
0	2	7048	0
0	2	7049	0
0	2	7050	0
0	2	7051	6
0	2	7052	0
0	2	7053	5
0	2	7054	3
0	2	7055	0
0	2	7056	0
0	2	7057	0
0	2	7058	2
0	2	7059	0
0	2	7060	0
0	2	7061	0
0	2	7062	0
0	2	7063	0
0	2	7064	0
0	2	7065	0
0	2	7066	1
0	2	7067	7
0	2	7068	0
0	2	7069	0
0	2	7070	0
0	2	7071	0
0	2	7072	2
0	2	7073	0
0	2	7074	0
0	2	7075	1
0	2	7076	2
0	2	7077	0
0	2	7078	0
0	2	7079	0
0	2	7080	0
0	2	7081	20
0	2	7082	0
0	2	7083	0
0	2	7084	0
0	2	7085	0
0	2	7086	13
0	2	7087	1
0	2	7088	0
0	2	7089	7
0	2	7090	0
0	2	7091	0
0	2	7092	0
0	2	7093	0
0	2	7094	0
0	2	7095	0
0	2	7096	12
0	2	7097	0
0	2	7098	6
0	2	7099	1
0	2	7100	0
0	2	7101	0
0	2	7102	0
0	2	7103	2
0	2	7104	0
0	2	7105	2
0	2	7106	6
0	2	7107	2
0	2	7108	0
0	2	7109	0
0	2	7110	2
0	2	7111	0
0	2	7112	0
0	2	7113	5
0	2	7114	0
0	2	7115	8
0	2	7116	0
0	2	7117	0
0	2	7118	0
0	2	7119	0
0	2	7120	0
0	2	7121	0
0	2	7122	1
0	2	7123	0
0	2	7124	0
0	2	7125	0
0	2	7126	0
0	2	7127	0
0	2	7128	0
0	2	7129	0
0	2	7130	4
0	2	7131	0
0	2	7132	0
0	2	7133	0
0	2	7134	0
0	2	7135	0
0	2	7136	0
0	2	7137	4
0	2	7138	9
0	2	7139	0
0	2	7140	0
0	2	7141	0
0	2	7142	0
0	2	7143	0
0	2	7144	1
0	2	7145	2
0	2	7146	1
0	2	7147	3
0	2	7148	7
0	2	7149	0
0	2	7150	6
0	2	7151	0
0	2	7152	4
0	2	7153	0
0	2	7154	0
0	2	7155	5
0	2	7156	0
0	2	7157	0
0	2	7158	0
0	2	7159	4
0	2	7160	3
0	2	7161	0
0	2	7162	0
0	2	7163	10
0	2	7164	0
0	2	7165	5
0	2	7166	3
0	2	7167	1
0	2	7168	0
0	2	7169	4
0	2	7170	0
0	2	7171	5
0	2	7172	0
0	2	7173	4
0	2	7174	9
0	2	7175	0
0	2	7176	0
0	2	7177	4
0	2	7178	0
0	2	7179	1
0	2	7180	0
0	2	7181	0
0	2	7182	0
0	2	7183	1
0	2	7184	0
0	2	7185	2
0	2	7186	3
0	2	7187	0
0	2	7188	0
0	2	7189	1
0	2	7190	0
0	2	7191	0
0	2	7192	0
0	2	7193	0
0	2	7194	0
0	2	7195	0
0	2	7196	0
0	2	7197	0
0	2	7198	0
0	2	7199	13
0	2	7200	0
0	2	7201	1
0	2	7202	0
0	2	7203	14
0	2	7204	2
0	2	7205	0
0	2	7206	0
0	2	7207	1
0	2	7208	1
0	2	7209	0
0	2	7210	8
0	2	7211	4
0	2	7212	7
0	2	7213	0
0	2	7214	0
0	2	7215	0
0	2	7216	4
0	2	7217	4
0	2	7218	0
0	2	7219	0
0	2	7220	8
0	2	7221	0
0	2	7222	6
0	2	7223	0
0	2	7224	3
0	2	7225	0
0	2	7226	0
0	2	7227	0
0	2	7228	1
0	2	7229	0
0	2	7230	0
0	2	7231	0
0	2	7232	0
0	2	7233	0
0	2	7234	0
0	2	7235	6
0	2	7236	0
0	2	7237	1
0	2	7238	0
0	2	7239	0
0	2	7240	0
0	2	7241	0
0	2	7242	0
0	2	7243	1
0	2	7244	0
0	2	7245	0
0	2	7246	0
0	2	7247	0
0	2	7248	0
0	2	7249	0
0	2	7250	0
0	2	7251	0
0	2	7252	0
0	2	7253	0
0	2	7254	2
0	2	7255	0
0	2	7256	0
0	2	7257	7
0	2	7258	2
0	2	7259	2
0	2	7260	3
0	2	7261	3
0	2	7262	0
0	2	7263	0
0	2	7264	4
0	2	7265	6
0	2	7266	0
0	2	7267	0
0	2	7268	0
0	2	7269	0
0	2	7270	0
0	2	7271	0
0	2	7272	0
0	2	7273	13
0	2	7274	9
0	2	7275	0
0	2	7276	0
0	2	7277	0
0	2	7278	0
0	2	7279	5
0	2	7280	0
0	2	7281	7
0	2	7282	0
0	2	7283	3
0	2	7284	0
0	2	7285	0
0	2	7286	11
0	2	7287	0
0	2	7288	4
0	2	7289	0
0	2	7290	0
0	2	7291	0
0	2	7292	0
0	2	7293	1
0	2	7294	6
0	2	7295	0
0	2	7296	5
0	2	7297	0
0	2	7298	0
0	2	7299	0
0	2	7300	0
0	2	7301	0
0	2	7302	0
0	2	7303	0
0	2	7304	5
0	2	7305	2
0	2	7306	0
0	2	7307	0
0	2	7308	0
0	2	7309	2
0	2	7310	2
0	2	7311	15
0	2	7312	0
0	2	7313	0
0	2	7314	0
0	2	7315	2
0	2	7316	0
0	2	7317	1
0	2	7318	3
0	2	7319	0
0	2	7320	0
0	2	7321	1
0	2	7322	0
0	2	7323	0
0	2	7324	0
0	2	7325	0
0	2	7326	8
0	2	7327	0
0	2	7328	1
0	2	7329	0
0	2	7330	0
0	2	7331	1
0	2	7332	0
0	2	7333	10
0	2	7334	0
0	2	7335	12
0	2	7336	0
0	2	7337	3
0	2	7338	0
0	2	7339	1
0	2	7340	0
0	2	7341	0
0	2	7342	0
0	2	7343	1
0	2	7344	0
0	2	7345	4
0	2	7346	13
0	2	7347	7
0	2	7348	10
0	2	7349	1
0	2	7350	0
0	2	7351	2
0	2	7352	0
0	2	7353	0
0	2	7354	0
0	2	7355	0
0	2	7356	5
0	2	7357	0
0	2	7358	0
0	2	7359	0
0	2	7360	0
0	2	7361	0
0	2	7362	0
0	2	7363	14
0	2	7364	6
0	2	7365	0
0	2	7366	0
0	2	7367	0
0	2	7368	0
0	2	7369	0
0	2	7370	0
0	2	7371	0
0	2	7372	6
0	2	7373	1
0	2	7374	0
0	2	7375	0
0	2	7376	0
0	2	7377	0
0	2	7378	2
0	2	7379	0
0	2	7380	15
0	2	7381	4
0	2	7382	0
0	2	7383	2
0	2	7384	0
0	2	7385	0
0	2	7386	0
0	2	7387	6
0	2	7388	0
0	2	7389	0
0	2	7390	0
0	2	7391	4
0	2	7392	0
0	2	7393	0
0	2	7394	7
0	2	7395	0
0	2	7396	0
0	2	7397	0
0	2	7398	0
0	2	7399	0
0	2	7400	0
0	2	7401	0
0	2	7402	0
0	2	7403	0
0	2	7404	4
0	2	7405	0
0	2	7406	0
0	2	7407	0
0	2	7408	0
0	2	7409	1
0	2	7410	2
0	2	7411	0
0	2	7412	0
0	2	7413	0
0	2	7414	1
0	2	7415	0
0	2	7416	0
0	2	7417	0
0	2	7418	0
0	2	7419	0
0	2	7420	0
0	2	7421	5
0	2	7422	12
0	2	7423	21
0	2	7424	0
0	2	7425	0
0	2	7426	0
0	2	7427	0
0	2	7428	0
0	2	7429	0
0	2	7430	2
0	2	7431	0
0	2	7432	1
0	2	7433	0
0	2	7434	0
0	2	7435	10
0	2	7436	0
0	2	7437	0
0	2	7438	0
0	2	7439	1
0	2	7440	0
0	2	7441	6
0	2	7442	9
0	2	7443	0
0	2	7444	0
0	2	7445	0
0	2	7446	0
0	2	7447	1
0	2	7448	2
0	2	7449	3
0	2	7450	0
0	2	7451	0
0	2	7452	0
0	2	7453	0
0	2	7454	0
0	2	7455	0
0	2	7456	0
0	2	7457	2
0	2	7458	0
0	2	7459	0
0	2	7460	10
0	2	7461	0
0	2	7462	3
0	2	7463	0
0	2	7464	5
0	2	7465	0
0	2	7466	6
0	2	7467	3
0	2	7468	0
0	2	7469	0
0	2	7470	0
0	2	7471	0
0	2	7472	0
0	2	7473	0
0	2	7474	1
0	2	7475	0
0	2	7476	6
0	2	7477	0
0	2	7478	0
0	2	7479	0
0	2	7480	0
0	2	7481	3
0	2	7482	2
0	2	7483	0
0	2	7484	0
0	2	7485	0
0	2	7486	0
0	2	7487	0
0	2	7488	0
0	2	7489	0
0	2	7490	3
0	2	7491	0
0	2	7492	2
0	2	7493	7
0	2	7494	0
0	2	7495	0
0	2	7496	5
0	2	7497	0
0	2	7498	0
0	2	7499	0
0	2	7500	0
0	2	7501	0
0	2	7502	8
0	2	7503	9
0	2	7504	0
0	2	7505	0
0	2	7506	0
0	2	7507	0
0	2	7508	11
0	2	7509	9
0	2	7510	0
0	2	7511	4
0	2	7512	9
0	2	7513	0
0	2	7514	2
0	2	7515	0
0	2	7516	5
0	2	7517	0
0	2	7518	6
0	2	7519	0
0	2	7520	0
0	2	7521	0
0	2	7522	0
0	2	7523	0
0	2	7524	0
0	2	7525	5
0	2	7526	3
0	2	7527	0
0	2	7528	22
0	2	7529	0
0	2	7530	2
0	2	7531	0
0	2	7532	0
0	2	7533	0
0	2	7534	15
0	2	7535	0
0	2	7536	0
0	2	7537	0
0	2	7538	5
0	2	7539	15
0	2	7540	0
0	2	7541	4
0	2	7542	3
0	2	7543	14
0	2	7544	3
0	2	7545	4
0	2	7546	0
0	2	7547	0
0	2	7548	0
0	2	7549	0
0	2	7550	0
0	2	7551	0
0	2	7552	3
0	2	7553	0
0	2	7554	0
0	2	7555	0
0	2	7556	0
0	2	7557	5
0	2	7558	0
0	2	7559	6
0	2	7560	0
0	2	7561	0
0	2	7562	0
0	2	7563	2
0	2	7564	0
0	2	7565	0
0	2	7566	9
0	2	7567	0
0	2	7568	18
0	2	7569	0
0	2	7570	3
0	2	7571	0
0	2	7572	0
0	2	7573	0
0	2	7574	1
0	2	7575	0
0	2	7576	6
0	2	7577	0
0	2	7578	12
0	2	7579	0
0	2	7580	5
0	2	7581	0
0	2	7582	0
0	2	7583	0
0	2	7584	1
0	2	7585	4
0	2	7586	0
0	2	7587	4
0	2	7588	0
0	2	7589	2
0	2	7590	2
0	2	7591	9
0	2	7592	0
0	2	7593	0
0	2	7594	0
0	2	7595	0
0	2	7596	1
0	2	7597	0
0	2	7598	0
0	2	7599	1
0	2	7600	0
0	2	7601	8
0	2	7602	0
0	2	7603	13
0	2	7604	1
0	2	7605	0
0	2	7606	0
0	2	7607	0
0	2	7608	3
0	2	7609	0
0	2	7610	3
0	2	7611	0
0	2	7612	0
0	2	7613	0
0	2	7614	0
0	2	7615	1
0	2	7616	0
0	2	7617	0
0	2	7618	3
0	2	7619	0
0	2	7620	0
0	2	7621	0
0	2	7622	0
0	2	7623	4
0	2	7624	2
0	2	7625	4
0	2	7626	0
0	2	7627	0
0	2	7628	4
0	2	7629	0
0	2	7630	1
0	2	7631	3
0	2	7632	6
0	2	7633	0
0	2	7634	0
0	2	7635	2
0	2	7636	0
0	2	7637	1
0	2	7638	0
0	2	7639	0
0	2	7640	0
0	2	7641	0
0	2	7642	1
0	2	7643	0
0	2	7644	1
0	2	7645	0
0	2	7646	2
0	2	7647	0
0	2	7648	0
0	2	7649	0
0	2	7650	0
0	2	7651	0
0	2	7652	0
0	2	7653	0
0	2	7654	0
0	2	7655	5
0	2	7656	0
0	2	7657	0
0	2	7658	0
0	2	7659	4
0	2	7660	0
0	2	7661	2
0	2	7662	0
0	2	7663	0
0	2	7664	3
0	2	7665	0
0	2	7666	14
0	2	7667	0
0	2	7668	0
0	2	7669	0
0	2	7670	0
0	2	7671	0
0	2	7672	0
0	2	7673	0
0	2	7674	4
0	2	7675	0
0	2	7676	0
0	2	7677	0
0	2	7678	15
0	2	7679	0
0	2	7680	5
0	2	7681	1
0	2	7682	0
0	2	7683	12
0	2	7684	0
0	2	7685	9
0	2	7686	0
0	2	7687	0
0	2	7688	0
0	2	7689	5
0	2	7690	0
0	2	7691	0
0	2	7692	0
0	2	7693	0
0	2	7694	0
0	2	7695	0
0	2	7696	14
0	2	7697	2
0	2	7698	6
0	2	7699	0
0	2	7700	3
0	2	7701	8
0	2	7702	1
0	2	7703	0
0	2	7704	1
0	2	7705	0
0	2	7706	0
0	2	7707	0
0	2	7708	2
0	2	7709	0
0	2	7710	4
0	2	7711	0
0	2	7712	0
0	2	7713	2
0	2	7714	0
0	2	7715	0
0	2	7716	0
0	2	7717	0
0	2	7718	1
0	2	7719	3
0	2	7720	4
0	2	7721	0
0	2	7722	0
0	2	7723	0
0	2	7724	0
0	2	7725	4
0	2	7726	0
0	2	7727	0
0	2	7728	0
0	2	7729	1
0	2	7730	0
0	2	7731	1
0	2	7732	0
0	2	7733	0
0	2	7734	5
0	2	7735	2
0	2	7736	0
0	2	7737	1
0	2	7738	1
0	2	7739	0
0	2	7740	7
0	2	7741	3
0	2	7742	0
0	2	7743	8
0	2	7744	0
0	2	7745	6
0	2	7746	6
0	2	7747	0
0	2	7748	2
0	2	7749	0
0	2	7750	5
0	2	7751	6
0	2	7752	0
0	2	7753	9
0	2	7754	0
0	2	7755	0
0	2	7756	3
0	2	7757	0
0	2	7758	1
0	2	7759	0
0	2	7760	7
0	2	7761	1
0	2	7762	0
0	2	7763	0
0	2	7764	0
0	2	7765	0
0	2	7766	3
0	2	7767	3
0	2	7768	0
0	2	7769	0
0	2	7770	0
0	2	7771	0
0	2	7772	2
0	2	7773	0
0	2	7774	0
0	2	7775	1
0	2	7776	0
0	2	7777	1
0	2	7778	0
0	2	7779	0
0	2	7780	1
0	2	7781	2
0	2	7782	0
0	2	7783	0
0	2	7784	0
0	2	7785	0
0	2	7786	6
0	2	7787	0
0	2	7788	0
0	2	7789	0
0	2	7790	0
0	2	7791	0
0	2	7792	0
0	2	7793	0
0	2	7794	1
0	2	7795	0
0	2	7796	0
0	2	7797	8
0	2	7798	0
0	2	7799	3
0	2	7800	0
0	2	7801	0
0	2	7802	5
0	2	7803	2
0	2	7804	0
0	2	7805	0
0	2	7806	0
0	2	7807	0
0	2	7808	3
0	2	7809	0
0	2	7810	0
0	2	7811	0
0	2	7812	9
0	2	7813	0
0	2	7814	0
0	2	7815	0
0	2	7816	5
0	2	7817	0
0	2	7818	0
0	2	7819	0
0	2	7820	0
0	2	7821	0
0	2	7822	1
0	2	7823	0
0	2	7824	0
0	2	7825	2
0	2	7826	3
0	2	7827	1
0	2	7828	1
0	2	7829	3
0	2	7830	4
0	2	7831	10
0	2	7832	7
0	2	7833	0
0	2	7834	12
0	2	7835	5
0	2	7836	0
0	2	7837	1
0	2	7838	7
0	2	7839	0
0	2	7840	1
0	2	7841	0
0	2	7842	0
0	2	7843	0
0	2	7844	9
0	2	7845	6
0	2	7846	1
0	2	7847	5
0	2	7848	0
0	2	7849	1
0	2	7850	11
0	2	7851	0
0	2	7852	1
0	2	7853	7
0	2	7854	0
0	2	7855	0
0	2	7856	0
0	2	7857	0
0	2	7858	18
0	2	7859	3
0	2	7860	0
0	2	7861	0
0	2	7862	12
0	2	7863	1
0	2	7864	5
0	2	7865	2
0	2	7866	5
0	2	7867	1
0	2	7868	0
0	2	7869	10
0	2	7870	0
0	2	7871	0
0	2	7872	0
0	2	7873	0
0	2	7874	0
0	2	7875	4
0	2	7876	0
0	2	7877	0
0	2	7878	0
0	2	7879	0
0	2	7880	1
0	2	7881	10
0	2	7882	9
0	2	7883	0
0	2	7884	2
0	2	7885	4
0	2	7886	1
0	2	7887	2
0	2	7888	1
0	2	7889	0
0	2	7890	8
0	2	7891	1
0	2	7892	0
0	2	7893	0
0	2	7894	0
0	2	7895	0
0	2	7896	0
0	2	7897	0
0	2	7898	0
0	2	7899	0
0	2	7900	1
0	2	7901	3
0	2	7902	0
0	2	7903	5
0	2	7904	0
0	2	7905	5
0	2	7906	0
0	2	7907	0
0	2	7908	3
0	2	7909	0
0	2	7910	0
0	2	7911	5
0	2	7912	2
0	2	7913	0
0	2	7914	9
0	2	7915	0
0	2	7916	0
0	2	7917	0
0	2	7918	2
0	2	7919	0
0	2	7920	5
0	2	7921	2
0	2	7922	10
0	2	7923	4
0	2	7924	0
0	2	7925	0
0	2	7926	0
0	2	7927	0
0	2	7928	6
0	2	7929	0
0	2	7930	0
0	2	7931	3
0	2	7932	0
0	2	7933	0
0	2	7934	2
0	2	7935	0
0	2	7936	4
0	2	7937	0
0	2	7938	0
0	2	7939	1
0	2	7940	20
0	2	7941	0
0	2	7942	5
0	2	7943	0
0	2	7944	0
0	2	7945	0
0	2	7946	0
0	2	7947	0
0	2	7948	0
0	2	7949	0
0	2	7950	0
0	2	7951	1
0	2	7952	0
0	2	7953	2
0	2	7954	0
0	2	7955	0
0	2	7956	1
0	2	7957	0
0	2	7958	0
0	2	7959	0
0	2	7960	5
0	2	7961	0
0	2	7962	0
0	2	7963	0
0	2	7964	0
0	2	7965	0
0	2	7966	0
0	2	7967	1
0	2	7968	0
0	2	7969	0
0	2	7970	0
0	2	7971	0
0	2	7972	4
0	2	7973	0
0	2	7974	12
0	2	7975	8
0	2	7976	0
0	2	7977	0
0	2	7978	0
0	2	7979	0
0	2	7980	0
0	2	7981	9
0	2	7982	0
0	2	7983	0
0	2	7984	4
0	2	7985	0
0	2	7986	0
0	2	7987	8
0	2	7988	7
0	2	7989	0
0	2	7990	1
0	2	7991	3
0	2	7992	0
0	2	7993	4
0	2	7994	0
0	2	7995	1
0	2	7996	0
0	2	7997	0
0	2	7998	7
0	2	7999	1
0	2	8000	7
0	2	8001	0
0	2	8002	0
0	2	8003	0
0	2	8004	0
0	2	8005	3
0	2	8006	0
0	2	8007	0
0	2	8008	0
0	2	8009	0
0	2	8010	1
0	2	8011	1
0	2	8012	0
0	2	8013	1
0	2	8014	0
0	2	8015	0
0	2	8016	0
0	2	8017	0
0	2	8018	7
0	2	8019	2
0	2	8020	3
0	2	8021	0
0	2	8022	1
0	2	8023	2
0	2	8024	0
0	2	8025	0
0	2	8026	11
0	2	8027	6
0	2	8028	0
0	2	8029	8
0	2	8030	0
0	2	8031	0
0	2	8032	0
0	2	8033	11
0	2	8034	8
0	2	8035	0
0	2	8036	8
0	2	8037	4
0	2	8038	0
0	2	8039	2
0	2	8040	0
0	2	8041	0
0	2	8042	0
0	2	8043	0
0	2	8044	0
0	2	8045	0
0	2	8046	0
0	2	8047	0
0	2	8048	0
0	2	8049	0
0	2	8050	0
0	2	8051	8
0	2	8052	4
0	2	8053	0
0	2	8054	2
0	2	8055	0
0	2	8056	0
0	2	8057	0
0	2	8058	2
0	2	8059	0
0	2	8060	0
0	2	8061	0
0	2	8062	0
0	2	8063	7
0	2	8064	1
0	2	8065	0
0	2	8066	4
0	2	8067	10
0	2	8068	0
0	2	8069	0
0	2	8070	9
0	2	8071	0
0	2	8072	0
0	2	8073	0
0	2	8074	0
0	2	8075	0
0	2	8076	0
0	2	8077	0
0	2	8078	0
0	2	8079	0
0	2	8080	0
0	2	8081	0
0	2	8082	2
0	2	8083	0
0	2	8084	0
0	2	8085	3
0	2	8086	0
0	2	8087	0
0	2	8088	0
0	2	8089	0
0	2	8090	0
0	2	8091	0
0	2	8092	5
0	2	8093	0
0	2	8094	0
0	2	8095	0
0	2	8096	0
0	2	8097	0
0	2	8098	0
0	2	8099	0
0	2	8100	0
0	2	8101	1
0	2	8102	14
0	2	8103	15
0	2	8104	5
0	2	8105	0
0	2	8106	15
0	2	8107	0
0	2	8108	0
0	2	8109	0
0	2	8110	0
0	2	8111	0
0	2	8112	3
0	2	8113	0
0	2	8114	0
0	2	8115	0
0	2	8116	0
0	2	8117	5
0	2	8118	0
0	2	8119	3
0	2	8120	0
0	2	8121	0
0	2	8122	0
0	2	8123	0
0	2	8124	9
0	2	8125	3
0	2	8126	2
0	2	8127	0
0	2	8128	0
0	2	8129	0
0	2	8130	0
0	2	8131	0
0	2	8132	0
0	2	8133	2
0	2	8134	0
0	2	8135	0
0	2	8136	0
0	2	8137	0
0	2	8138	1
0	2	8139	0
0	2	8140	0
0	2	8141	0
0	2	8142	15
0	2	8143	8
0	2	8144	6
0	2	8145	4
0	2	8146	0
0	2	8147	0
0	2	8148	0
0	2	8149	0
0	2	8150	0
0	2	8151	4
0	2	8152	0
0	2	8153	0
0	2	8154	0
0	2	8155	0
0	2	8156	0
0	2	8157	0
0	2	8158	0
0	2	8159	2
0	2	8160	3
0	2	8161	0
0	2	8162	0
0	2	8163	0
0	2	8164	0
0	2	8165	0
0	2	8166	0
0	2	8167	0
0	2	8168	6
0	2	8169	0
0	2	8170	0
0	2	8171	3
0	2	8172	12
0	2	8173	0
0	2	8174	0
0	2	8175	0
0	2	8176	0
0	2	8177	8
0	2	8178	0
0	2	8179	0
0	2	8180	0
0	2	8181	0
0	2	8182	0
0	2	8183	1
0	2	8184	1
0	2	8185	0
0	2	8186	1
0	2	8187	3
0	2	8188	7
0	2	8189	0
0	2	8190	0
0	2	8191	0
0	2	8192	0
0	2	8193	8
0	2	8194	6
0	2	8195	0
0	2	8196	5
0	2	8197	0
0	2	8198	7
0	2	8199	2
0	2	8200	0
0	2	8201	3
0	2	8202	0
0	2	8203	0
0	2	8204	2
0	2	8205	0
0	2	8206	0
0	2	8207	0
0	2	8208	0
0	2	8209	0
0	2	8210	0
0	2	8211	0
0	2	8212	0
0	2	8213	2
0	2	8214	0
0	2	8215	0
0	2	8216	6
0	2	8217	0
0	2	8218	3
0	2	8219	0
0	2	8220	7
0	2	8221	0
0	2	8222	7
0	2	8223	10
0	2	8224	6
0	2	8225	2
0	2	8226	0
0	2	8227	0
0	2	8228	0
0	2	8229	0
0	2	8230	0
0	2	8231	5
0	2	8232	1
0	2	8233	1
0	2	8234	0
0	2	8235	0
0	2	8236	0
0	2	8237	0
0	2	8238	0
0	2	8239	0
0	2	8240	0
0	2	8241	2
0	2	8242	0
0	2	8243	5
0	2	8244	5
0	2	8245	0
0	2	8246	1
0	2	8247	14
0	2	8248	0
0	2	8249	14
0	2	8250	0
0	2	8251	3
0	2	8252	0
0	2	8253	8
0	2	8254	0
0	2	8255	0
0	2	8256	0
0	2	8257	0
0	2	8258	20
0	2	8259	0
0	2	8260	0
0	2	8261	2
0	2	8262	0
0	2	8263	7
0	2	8264	0
0	2	8265	0
0	2	8266	2
0	2	8267	3
0	2	8268	0
0	2	8269	0
0	2	8270	1
0	2	8271	0
0	2	8272	0
0	2	8273	0
0	2	8274	0
0	2	8275	0
0	2	8276	0
0	2	8277	0
0	2	8278	1
0	2	8279	10
0	2	8280	1
0	2	8281	0
0	2	8282	2
0	2	8283	1
0	2	8284	8
0	2	8285	6
0	2	8286	0
0	2	8287	0
0	2	8288	0
0	2	8289	0
0	2	8290	0
0	2	8291	0
0	2	8292	0
0	2	8293	0
0	2	8294	0
0	2	8295	0
0	2	8296	5
0	2	8297	3
0	2	8298	0
0	2	8299	0
0	2	8300	4
0	2	8301	0
0	2	8302	14
0	2	8303	0
0	2	8304	15
0	2	8305	0
0	2	8306	4
0	2	8307	2
0	2	8308	0
0	2	8309	0
0	2	8310	0
0	2	8311	0
0	2	8312	0
0	2	8313	6
0	2	8314	0
0	2	8315	3
0	2	8316	0
0	2	8317	0
0	2	8318	1
0	2	8319	0
0	2	8320	4
0	2	8321	5
0	2	8322	2
0	2	8323	0
0	2	8324	0
0	2	8325	0
0	2	8326	0
0	2	8327	0
0	2	8328	1
0	2	8329	4
0	2	8330	0
0	2	8331	2
0	2	8332	6
0	2	8333	4
0	2	8334	0
0	2	8335	0
0	2	8336	0
0	2	8337	0
0	2	8338	0
0	2	8339	0
0	2	8340	0
0	2	8341	5
0	2	8342	0
0	2	8343	0
0	2	8344	0
0	2	8345	4
0	2	8346	0
0	2	8347	0
0	2	8348	0
0	2	8349	2
0	2	8350	0
0	2	8351	0
0	2	8352	0
0	2	8353	0
0	2	8354	0
0	2	8355	0
0	2	8356	5
0	2	8357	0
0	2	8358	3
0	2	8359	2
0	2	8360	1
0	2	8361	0
0	2	8362	1
0	2	8363	0
0	2	8364	0
0	2	8365	6
0	2	8366	1
0	2	8367	3
0	2	8368	0
0	2	8369	5
0	2	8370	0
0	2	8371	8
0	2	8372	3
0	2	8373	0
0	2	8374	1
0	2	8375	0
0	2	8376	0
0	2	8377	1
0	2	8378	0
0	2	8379	0
0	2	8380	2
0	2	8381	0
0	2	8382	4
0	2	8383	1
0	2	8384	0
0	2	8385	1
0	2	8386	0
0	2	8387	0
0	2	8388	6
0	2	8389	0
0	2	8390	5
0	2	8391	3
0	2	8392	0
0	2	8393	0
0	2	8394	0
0	2	8395	0
0	2	8396	10
0	2	8397	0
0	2	8398	11
0	2	8399	2
0	2	8400	4
0	2	8401	1
0	2	8402	0
0	2	8403	0
0	2	8404	0
0	2	8405	0
0	2	8406	0
0	2	8407	1
0	2	8408	10
0	2	8409	3
0	2	8410	2
0	2	8411	1
0	2	8412	0
0	2	8413	0
0	2	8414	0
0	2	8415	0
0	2	8416	0
0	2	8417	0
0	2	8418	26
0	2	8419	0
0	2	8420	0
0	2	8421	0
0	2	8422	0
0	2	8423	0
0	2	8424	0
0	2	8425	2
0	2	8426	0
0	2	8427	0
0	2	8428	0
0	2	8429	0
0	2	8430	0
0	2	8431	0
0	2	8432	0
0	2	8433	0
0	2	8434	0
0	2	8435	0
0	2	8436	7
0	2	8437	0
0	2	8438	0
0	2	8439	0
0	2	8440	0
0	2	8441	0
0	2	8442	0
0	2	8443	13
0	2	8444	0
0	2	8445	0
0	2	8446	0
0	2	8447	0
0	2	8448	2
0	2	8449	0
0	2	8450	7
0	2	8451	0
0	2	8452	0
0	2	8453	0
0	2	8454	0
0	2	8455	0
0	2	8456	11
0	2	8457	0
0	2	8458	12
0	2	8459	24
0	2	8460	0
0	2	8461	0
0	2	8462	0
0	2	8463	0
0	2	8464	3
0	2	8465	5
0	2	8466	0
0	2	8467	2
0	2	8468	0
0	2	8469	0
0	2	8470	1
0	2	8471	1
0	2	8472	0
0	2	8473	0
0	2	8474	0
0	2	8475	0
0	2	8476	0
0	2	8477	0
0	2	8478	0
0	2	8479	3
0	2	8480	0
0	2	8481	2
0	2	8482	0
0	2	8483	0
0	2	8484	4
0	2	8485	0
0	2	8486	0
0	2	8487	8
0	2	8488	0
0	2	8489	0
0	2	8490	0
0	2	8491	3
0	2	8492	3
0	2	8493	0
0	2	8494	0
0	2	8495	0
0	2	8496	0
0	2	8497	0
0	2	8498	3
0	2	8499	0
0	2	8500	8
0	2	8501	0
0	2	8502	0
0	2	8503	0
0	2	8504	15
0	2	8505	2
0	2	8506	0
0	2	8507	0
0	2	8508	1
0	2	8509	0
0	2	8510	3
0	2	8511	3
0	2	8512	5
0	2	8513	0
0	2	8514	0
0	2	8515	1
0	2	8516	0
0	2	8517	0
0	2	8518	3
0	2	8519	0
0	2	8520	4
0	2	8521	2
0	2	8522	0
0	2	8523	0
0	2	8524	5
0	2	8525	5
0	2	8526	0
0	2	8527	0
0	2	8528	0
0	2	8529	0
0	2	8530	6
0	2	8531	6
0	2	8532	3
0	2	8533	0
0	2	8534	4
0	2	8535	0
0	2	8536	0
0	2	8537	21
0	2	8538	0
0	2	8539	0
0	2	8540	0
0	2	8541	0
0	2	8542	0
0	2	8543	3
0	2	8544	8
0	2	8545	0
0	2	8546	0
0	2	8547	0
0	2	8548	0
0	2	8549	19
0	2	8550	10
0	2	8551	0
0	2	8552	21
0	2	8553	0
0	2	8554	0
0	2	8555	0
0	2	8556	0
0	2	8557	2
0	2	8558	0
0	2	8559	2
0	2	8560	7
0	2	8561	9
0	2	8562	0
0	2	8563	0
0	2	8564	0
0	2	8565	3
0	2	8566	1
0	2	8567	4
0	2	8568	0
0	2	8569	0
0	2	8570	0
0	2	8571	0
0	2	8572	0
0	2	8573	0
0	2	8574	0
0	2	8575	0
0	2	8576	0
0	2	8577	7
0	2	8578	0
0	2	8579	0
0	2	8580	3
0	2	8581	6
0	2	8582	16
0	2	8583	10
0	2	8584	0
0	2	8585	0
0	2	8586	0
0	2	8587	0
0	2	8588	3
0	2	8589	4
0	2	8590	0
0	2	8591	12
0	2	8592	0
0	2	8593	1
0	2	8594	13
0	2	8595	0
0	2	8596	0
0	2	8597	0
0	2	8598	0
0	2	8599	0
0	2	8600	1
0	2	8601	0
0	2	8602	0
0	2	8603	0
0	2	8604	0
0	2	8605	3
0	2	8606	0
0	2	8607	0
0	2	8608	0
0	2	8609	0
0	2	8610	1
0	2	8611	0
0	2	8612	2
0	2	8613	0
0	2	8614	0
0	2	8615	0
0	2	8616	0
0	2	8617	0
0	2	8618	0
0	2	8619	0
0	2	8620	0
0	2	8621	0
0	2	8622	0
0	2	8623	0
0	2	8624	0
0	2	8625	4
0	2	8626	0
0	2	8627	0
0	2	8628	0
0	2	8629	0
0	2	8630	3
0	2	8631	6
0	2	8632	0
0	2	8633	0
0	2	8634	0
0	2	8635	0
0	2	8636	0
0	2	8637	6
0	2	8638	0
0	2	8639	0
0	2	8640	2
0	2	8641	0
0	2	8642	4
0	2	8643	9
0	2	8644	7
0	2	8645	0
0	2	8646	1
0	2	8647	0
0	2	8648	0
0	2	8649	0
0	2	8650	9
0	2	8651	0
0	2	8652	3
0	2	8653	0
0	2	8654	0
0	2	8655	2
0	2	8656	0
0	2	8657	1
0	2	8658	10
0	2	8659	2
0	2	8660	0
0	2	8661	5
0	2	8662	0
0	2	8663	0
0	2	8664	2
0	2	8665	0
0	2	8666	3
0	2	8667	0
0	2	8668	0
0	2	8669	5
0	2	8670	8
0	2	8671	0
0	2	8672	0
0	2	8673	0
0	2	8674	1
0	2	8675	0
0	2	8676	6
0	2	8677	4
0	2	8678	5
0	2	8679	2
0	2	8680	0
0	2	8681	0
0	2	8682	6
0	2	8683	0
0	2	8684	5
0	2	8685	0
0	2	8686	1
0	2	8687	0
0	2	8688	0
0	2	8689	0
0	2	8690	0
0	2	8691	1
0	2	8692	0
0	2	8693	2
0	2	8694	0
0	2	8695	0
0	2	8696	0
0	2	8697	0
0	2	8698	0
0	2	8699	0
0	2	8700	0
0	2	8701	0
0	2	8702	0
0	2	8703	0
0	2	8704	0
0	2	8705	5
0	2	8706	0
0	2	8707	0
0	2	8708	10
0	2	8709	2
0	2	8710	1
0	2	8711	3
0	2	8712	1
0	2	8713	0
0	2	8714	3
0	2	8715	0
0	2	8716	5
0	2	8717	0
0	2	8718	0
0	2	8719	0
0	2	8720	0
0	2	8721	0
0	2	8722	0
0	2	8723	0
0	2	8724	13
0	2	8725	2
0	2	8726	0
0	2	8727	7
0	2	8728	0
0	2	8729	0
0	2	8730	0
0	2	8731	8
0	2	8732	0
0	2	8733	0
0	2	8734	0
0	2	8735	5
0	2	8736	8
0	2	8737	0
0	2	8738	0
0	2	8739	0
0	2	8740	0
0	2	8741	7
0	2	8742	0
0	2	8743	10
0	2	8744	1
0	2	8745	2
0	2	8746	0
0	2	8747	9
0	2	8748	10
0	2	8749	4
0	2	8750	0
0	2	8751	0
0	2	8752	0
0	2	8753	22
0	2	8754	0
0	2	8755	0
0	2	8756	7
0	2	8757	0
0	2	8758	0
0	2	8759	5
0	2	8760	0
0	2	8761	0
0	2	8762	0
0	2	8763	0
0	2	8764	0
0	2	8765	0
0	2	8766	11
0	2	8767	10
0	2	8768	0
0	2	8769	0
0	2	8770	0
0	2	8771	0
0	2	8772	0
0	2	8773	1
0	2	8774	0
0	2	8775	0
0	2	8776	1
0	2	8777	0
0	2	8778	0
0	2	8779	0
0	2	8780	0
0	2	8781	0
0	2	8782	2
0	2	8783	0
0	2	8784	3
0	2	8785	0
0	2	8786	0
0	2	8787	0
0	2	8788	1
0	2	8789	6
0	2	8790	0
0	2	8791	0
0	2	8792	0
0	2	8793	0
0	2	8794	0
0	2	8795	0
0	2	8796	0
0	2	8797	0
0	2	8798	0
0	2	8799	0
0	2	8800	0
0	2	8801	0
0	2	8802	0
0	2	8803	0
0	2	8804	0
0	2	8805	0
0	2	8806	1
0	2	8807	0
0	2	8808	0
0	2	8809	0
0	2	8810	0
0	2	8811	3
0	2	8812	0
0	2	8813	0
0	2	8814	0
0	2	8815	0
0	2	8816	0
0	2	8817	0
0	2	8818	0
0	2	8819	0
0	2	8820	0
0	2	8821	6
0	2	8822	0
0	2	8823	0
0	2	8824	0
0	2	8825	0
0	2	8826	0
0	2	8827	1
0	2	8828	0
0	2	8829	4
0	2	8830	0
0	2	8831	0
0	2	8832	0
0	2	8833	0
0	2	8834	3
0	2	8835	0
0	2	8836	2
0	2	8837	0
0	2	8838	0
0	2	8839	0
0	2	8840	0
0	2	8841	0
0	2	8842	0
0	2	8843	4
0	2	8844	0
0	2	8845	0
0	2	8846	0
0	2	8847	0
0	2	8848	0
0	2	8849	0
0	2	8850	2
0	2	8851	0
0	2	8852	0
0	2	8853	0
0	2	8854	0
0	2	8855	6
0	2	8856	4
0	2	8857	0
0	2	8858	0
0	2	8859	0
0	2	8860	4
0	2	8861	0
0	2	8862	3
0	2	8863	5
0	2	8864	3
0	2	8865	1
0	2	8866	2
0	2	8867	2
0	2	8868	0
0	2	8869	0
0	2	8870	0
0	2	8871	1
0	2	8872	3
0	2	8873	1
0	2	8874	0
0	2	8875	0
0	2	8876	4
0	2	8877	10
0	2	8878	0
0	2	8879	0
0	2	8880	0
0	2	8881	0
0	2	8882	0
0	2	8883	0
0	2	8884	0
0	2	8885	14
0	2	8886	5
0	2	8887	0
0	2	8888	0
0	2	8889	0
0	2	8890	0
0	2	8891	7
0	2	8892	0
0	2	8893	0
0	2	8894	4
0	2	8895	0
0	2	8896	4
0	2	8897	0
0	2	8898	0
0	2	8899	19
0	2	8900	0
0	2	8901	0
0	2	8902	0
0	2	8903	0
0	2	8904	0
0	2	8905	6
0	2	8906	0
0	2	8907	0
0	2	8908	0
0	2	8909	0
0	2	8910	0
0	2	8911	1
0	2	8912	0
0	2	8913	12
0	2	8914	0
0	2	8915	0
0	2	8916	2
0	2	8917	0
0	2	8918	1
0	2	8919	1
0	2	8920	0
0	2	8921	3
0	2	8922	2
0	2	8923	0
0	2	8924	2
0	2	8925	0
0	2	8926	10
0	2	8927	8
0	2	8928	0
0	2	8929	0
0	2	8930	0
0	2	8931	14
0	2	8932	0
0	2	8933	0
0	2	8934	1
0	2	8935	0
0	2	8936	14
0	2	8937	0
0	2	8938	0
0	2	8939	0
0	2	8940	4
0	2	8941	0
0	2	8942	0
0	2	8943	9
0	2	8944	1
0	2	8945	0
0	2	8946	1
0	2	8947	0
0	2	8948	0
0	2	8949	2
0	2	8950	6
0	2	8951	0
0	2	8952	6
0	2	8953	0
0	2	8954	0
0	2	8955	2
0	2	8956	3
0	2	8957	0
0	2	8958	0
0	2	8959	0
0	2	8960	9
0	2	8961	0
0	2	8962	9
0	2	8963	0
0	2	8964	0
0	2	8965	0
0	2	8966	0
0	2	8967	0
0	2	8968	0
0	2	8969	0
0	2	8970	0
0	2	8971	7
0	2	8972	0
0	2	8973	0
0	2	8974	4
0	2	8975	5
0	2	8976	2
0	2	8977	12
0	2	8978	0
0	2	8979	0
0	2	8980	0
0	2	8981	0
0	2	8982	3
0	2	8983	0
0	2	8984	0
0	2	8985	0
0	2	8986	0
0	2	8987	1
0	2	8988	0
0	2	8989	0
0	2	8990	0
0	2	8991	0
0	2	8992	0
0	2	8993	17
0	2	8994	0
0	2	8995	0
0	2	8996	0
0	2	8997	0
0	2	8998	0
0	2	8999	0
0	2	9000	2
0	2	9001	0
0	2	9002	24
0	2	9003	0
0	2	9004	4
0	2	9005	0
0	2	9006	0
0	2	9007	5
0	2	9008	0
0	2	9009	0
0	2	9010	0
0	2	9011	0
0	2	9012	2
0	2	9013	2
0	2	9014	0
0	2	9015	4
0	2	9016	0
0	2	9017	0
0	2	9018	0
0	2	9019	0
0	2	9020	11
0	2	9021	1
0	2	9022	1
0	2	9023	0
0	2	9024	8
0	2	9025	0
0	2	9026	0
0	2	9027	0
0	2	9028	0
0	2	9029	0
0	2	9030	0
0	2	9031	2
0	2	9032	0
0	2	9033	7
0	2	9034	0
0	2	9035	0
0	2	9036	0
0	2	9037	0
0	2	9038	23
0	2	9039	0
0	2	9040	0
0	2	9041	0
0	2	9042	0
0	2	9043	0
0	2	9044	12
0	2	9045	4
0	2	9046	11
0	2	9047	0
0	2	9048	0
0	2	9049	0
0	2	9050	0
0	2	9051	1
0	2	9052	6
0	2	9053	0
0	2	9054	0
0	2	9055	0
0	2	9056	0
0	2	9057	0
0	2	9058	0
0	2	9059	0
0	2	9060	1
0	2	9061	0
0	2	9062	0
0	2	9063	4
0	2	9064	8
0	2	9065	7
0	2	9066	10
0	2	9067	0
0	2	9068	0
0	2	9069	0
0	2	9070	1
0	2	9071	0
0	2	9072	7
0	2	9073	0
0	2	9074	0
0	2	9075	0
0	2	9076	7
0	2	9077	5
0	2	9078	7
0	2	9079	0
0	2	9080	0
0	2	9081	0
0	2	9082	0
0	2	9083	0
0	2	9084	5
0	2	9085	0
0	2	9086	0
0	2	9087	26
0	2	9088	0
0	2	9089	4
0	2	9090	5
0	2	9091	0
0	2	9092	1
0	2	9093	4
0	2	9094	0
0	2	9095	0
0	2	9096	1
0	2	9097	3
0	2	9098	0
0	2	9099	0
0	2	9100	9
0	2	9101	1
0	2	9102	0
0	2	9103	9
0	2	9104	16
0	2	9105	0
0	2	9106	0
0	2	9107	0
0	2	9108	0
0	2	9109	0
0	2	9110	5
0	2	9111	0
0	2	9112	0
0	2	9113	0
0	2	9114	0
0	2	9115	11
0	2	9116	0
0	2	9117	7
0	2	9118	0
0	2	9119	0
0	2	9120	0
0	2	9121	9
0	2	9122	0
0	2	9123	0
0	2	9124	2
0	2	9125	1
0	2	9126	0
0	2	9127	0
0	2	9128	0
0	2	9129	4
0	2	9130	0
0	2	9131	0
0	2	9132	0
0	2	9133	0
0	2	9134	0
0	2	9135	0
0	2	9136	0
0	2	9137	0
0	2	9138	0
0	2	9139	0
0	2	9140	11
0	2	9141	0
0	2	9142	0
0	2	9143	3
0	2	9144	0
0	2	9145	0
0	2	9146	9
0	2	9147	3
0	2	9148	0
0	2	9149	0
0	2	9150	3
0	2	9151	0
0	2	9152	4
0	2	9153	0
0	2	9154	12
0	2	9155	0
0	2	9156	0
0	2	9157	7
0	2	9158	0
0	2	9159	0
0	2	9160	0
0	2	9161	0
0	2	9162	0
0	2	9163	1
0	2	9164	2
0	2	9165	0
0	2	9166	0
0	2	9167	0
0	2	9168	0
0	2	9169	1
0	2	9170	4
0	2	9171	1
0	2	9172	0
0	2	9173	0
0	2	9174	9
0	2	9175	0
0	2	9176	0
0	2	9177	0
0	2	9178	0
0	2	9179	4
0	2	9180	0
0	2	9181	1
0	2	9182	3
0	2	9183	7
0	2	9184	0
0	2	9185	0
0	2	9186	0
0	2	9187	0
0	2	9188	0
0	2	9189	0
0	2	9190	1
0	2	9191	0
0	2	9192	0
0	2	9193	0
0	2	9194	0
0	2	9195	0
0	2	9196	0
0	2	9197	3
0	2	9198	0
0	2	9199	0
0	2	9200	0
0	2	9201	0
0	2	9202	0
0	2	9203	0
0	2	9204	0
0	2	9205	0
0	2	9206	16
0	2	9207	0
0	2	9208	0
0	2	9209	3
0	2	9210	4
0	2	9211	0
0	2	9212	0
0	2	9213	0
0	2	9214	0
0	2	9215	5
0	2	9216	0
0	2	9217	0
0	2	9218	0
0	2	9219	1
0	2	9220	5
0	2	9221	0
0	2	9222	0
0	2	9223	5
0	2	9224	0
0	2	9225	12
0	2	9226	0
0	2	9227	0
0	2	9228	1
0	2	9229	0
0	2	9230	0
0	2	9231	0
0	2	9232	0
0	2	9233	0
0	2	9234	0
0	2	9235	6
0	2	9236	8
0	2	9237	3
0	2	9238	0
0	2	9239	0
0	2	9240	0
0	2	9241	0
0	2	9242	0
0	2	9243	0
0	2	9244	2
0	2	9245	0
0	2	9246	0
0	2	9247	14
0	2	9248	10
0	2	9249	4
0	2	9250	0
0	2	9251	0
0	2	9252	0
0	2	9253	0
0	2	9254	0
0	2	9255	0
0	2	9256	3
0	2	9257	0
0	2	9258	3
0	2	9259	0
0	2	9260	0
0	2	9261	0
0	2	9262	0
0	2	9263	6
0	2	9264	13
0	2	9265	4
0	2	9266	0
0	2	9267	3
0	2	9268	0
0	2	9269	0
0	2	9270	4
0	2	9271	0
0	2	9272	1
0	2	9273	0
0	2	9274	0
0	2	9275	0
0	2	9276	4
0	2	9277	0
0	2	9278	5
0	2	9279	0
0	2	9280	1
0	2	9281	6
0	2	9282	3
0	2	9283	0
0	2	9284	0
0	2	9285	0
0	2	9286	0
0	2	9287	0
0	2	9288	0
0	2	9289	5
0	2	9290	2
0	2	9291	0
0	2	9292	0
0	2	9293	1
0	2	9294	0
0	2	9295	0
0	2	9296	0
0	2	9297	2
0	2	9298	5
0	2	9299	1
0	2	9300	4
0	2	9301	0
0	2	9302	0
0	2	9303	0
0	2	9304	2
0	2	9305	9
0	2	9306	1
0	2	9307	7
0	2	9308	3
0	2	9309	0
0	2	9310	15
0	2	9311	5
0	2	9312	0
0	2	9313	0
0	2	9314	8
0	2	9315	21
0	2	9316	0
0	2	9317	0
0	2	9318	0
0	2	9319	11
0	2	9320	0
0	2	9321	0
0	2	9322	7
0	2	9323	0
0	2	9324	0
0	2	9325	10
0	2	9326	1
0	2	9327	0
0	2	9328	0
0	2	9329	0
0	2	9330	0
0	2	9331	1
0	2	9332	5
0	2	9333	0
0	2	9334	0
0	2	9335	0
0	2	9336	1
0	2	9337	0
0	2	9338	0
0	2	9339	1
0	2	9340	4
0	2	9341	0
0	2	9342	0
0	2	9343	2
0	2	9344	0
0	2	9345	0
0	2	9346	6
0	2	9347	3
0	2	9348	0
0	2	9349	2
0	2	9350	0
0	2	9351	1
0	2	9352	9
0	2	9353	1
0	2	9354	0
0	2	9355	0
0	2	9356	4
0	2	9357	5
0	2	9358	0
0	2	9359	0
0	2	9360	0
0	2	9361	0
0	2	9362	0
0	2	9363	4
0	2	9364	3
0	2	9365	15
0	2	9366	0
0	2	9367	2
0	2	9368	1
0	2	9369	0
0	2	9370	0
0	2	9371	1
0	2	9372	0
0	2	9373	5
0	2	9374	0
0	2	9375	2
0	2	9376	2
0	2	9377	0
0	2	9378	0
0	2	9379	0
0	2	9380	2
0	2	9381	0
0	2	9382	10
0	2	9383	6
0	2	9384	0
0	2	9385	0
0	2	9386	0
0	2	9387	0
0	2	9388	0
0	2	9389	0
0	2	9390	0
0	2	9391	0
0	2	9392	0
0	2	9393	0
0	2	9394	0
0	2	9395	0
0	2	9396	0
0	2	9397	12
0	2	9398	0
0	2	9399	2
0	2	9400	0
0	2	9401	0
0	2	9402	2
0	2	9403	0
0	2	9404	7
0	2	9405	0
0	2	9406	1
0	2	9407	0
0	2	9408	0
0	2	9409	0
0	2	9410	2
0	2	9411	0
0	2	9412	0
0	2	9413	0
0	2	9414	0
0	2	9415	0
0	2	9416	1
0	2	9417	0
0	2	9418	0
0	2	9419	6
0	2	9420	0
0	2	9421	12
0	2	9422	0
0	2	9423	0
0	2	9424	4
0	2	9425	0
0	2	9426	0
0	2	9427	0
0	2	9428	0
0	2	9429	2
0	2	9430	0
0	2	9431	0
0	2	9432	9
0	2	9433	0
0	2	9434	0
0	2	9435	0
0	2	9436	5
0	2	9437	0
0	2	9438	0
0	2	9439	1
0	2	9440	0
0	2	9441	0
0	2	9442	0
0	2	9443	0
0	2	9444	0
0	2	9445	10
0	2	9446	0
0	2	9447	8
0	2	9448	0
0	2	9449	0
0	2	9450	0
0	2	9451	0
0	2	9452	2
0	2	9453	3
0	2	9454	9
0	2	9455	0
0	2	9456	0
0	2	9457	0
0	2	9458	0
0	2	9459	2
0	2	9460	0
0	2	9461	0
0	2	9462	5
0	2	9463	0
0	2	9464	0
0	2	9465	8
0	2	9466	4
0	2	9467	0
0	2	9468	4
0	2	9469	0
0	2	9470	5
0	2	9471	0
0	2	9472	0
0	2	9473	0
0	2	9474	1
0	2	9475	0
0	2	9476	0
0	2	9477	5
0	2	9478	0
0	2	9479	0
0	2	9480	0
0	2	9481	8
0	2	9482	0
0	2	9483	0
0	2	9484	9
0	2	9485	10
0	2	9486	0
0	2	9487	0
0	2	9488	0
0	2	9489	0
0	2	9490	0
0	2	9491	0
0	2	9492	1
0	2	9493	2
0	2	9494	0
0	2	9495	0
0	2	9496	0
0	2	9497	5
0	2	9498	0
0	2	9499	0
0	2	9500	5
0	2	9501	0
0	2	9502	6
0	2	9503	0
0	2	9504	0
0	2	9505	0
0	2	9506	0
0	2	9507	0
0	2	9508	0
0	2	9509	11
0	2	9510	12
0	2	9511	0
0	2	9512	5
0	2	9513	0
0	2	9514	1
0	2	9515	0
0	2	9516	1
0	2	9517	0
0	2	9518	3
0	2	9519	0
0	2	9520	0
0	2	9521	2
0	2	9522	3
0	2	9523	0
0	2	9524	0
0	2	9525	0
0	2	9526	0
0	2	9527	0
0	2	9528	0
0	2	9529	0
0	2	9530	1
0	2	9531	0
0	2	9532	0
0	2	9533	2
0	2	9534	0
0	2	9535	0
0	2	9536	7
0	2	9537	0
0	2	9538	0
0	2	9539	0
0	2	9540	0
0	2	9541	0
0	2	9542	0
0	2	9543	0
0	2	9544	0
0	2	9545	2
0	2	9546	19
0	2	9547	23
0	2	9548	14
0	2	9549	0
0	2	9550	0
0	2	9551	0
0	2	9552	3
0	2	9553	2
0	2	9554	0
0	2	9555	0
0	2	9556	0
0	2	9557	0
0	2	9558	0
0	2	9559	0
0	2	9560	0
0	2	9561	0
0	2	9562	0
0	2	9563	0
0	2	9564	4
0	2	9565	0
0	2	9566	0
0	2	9567	0
0	2	9568	0
0	2	9569	0
0	2	9570	0
0	2	9571	12
0	2	9572	0
0	2	9573	2
0	2	9574	0
0	2	9575	0
0	2	9576	0
0	2	9577	1
0	2	9578	0
0	2	9579	0
0	2	9580	2
0	2	9581	3
0	2	9582	1
0	2	9583	1
0	2	9584	0
0	2	9585	1
0	2	9586	5
0	2	9587	0
0	2	9588	0
0	2	9589	0
0	2	9590	0
0	2	9591	3
0	2	9592	0
0	2	9593	0
0	2	9594	0
0	2	9595	7
0	2	9596	1
0	2	9597	9
0	2	9598	0
0	2	9599	0
0	2	9600	0
0	2	9601	0
0	2	9602	0
0	2	9603	14
0	2	9604	0
0	2	9605	3
0	2	9606	5
0	2	9607	0
0	2	9608	1
0	2	9609	1
0	2	9610	0
0	2	9611	3
0	2	9612	0
0	2	9613	0
0	2	9614	3
0	2	9615	0
0	2	9616	3
0	2	9617	5
0	2	9618	0
0	2	9619	0
0	2	9620	4
0	2	9621	0
0	2	9622	0
0	2	9623	0
0	2	9624	1
0	2	9625	1
0	2	9626	0
0	2	9627	2
0	2	9628	2
0	2	9629	0
0	2	9630	0
0	2	9631	3
0	2	9632	20
0	2	9633	1
0	2	9634	0
0	2	9635	10
0	2	9636	0
0	2	9637	1
0	2	9638	0
0	2	9639	4
0	2	9640	3
0	2	9641	0
0	2	9642	0
0	2	9643	0
0	2	9644	0
0	2	9645	0
0	2	9646	4
0	2	9647	0
0	2	9648	2
0	2	9649	0
0	2	9650	7
0	2	9651	0
0	2	9652	8
0	2	9653	0
0	2	9654	0
0	2	9655	1
0	2	9656	0
0	2	9657	0
0	2	9658	0
0	2	9659	5
0	2	9660	0
0	2	9661	0
0	2	9662	0
0	2	9663	0
0	2	9664	5
0	2	9665	0
0	2	9666	0
0	2	9667	4
0	2	9668	6
0	2	9669	0
0	2	9670	0
0	2	9671	1
0	2	9672	0
0	2	9673	0
0	2	9674	0
0	2	9675	0
0	2	9676	9
0	2	9677	0
0	2	9678	0
0	2	9679	4
0	2	9680	2
0	2	9681	1
0	2	9682	0
0	2	9683	6
0	2	9684	0
0	2	9685	1
0	2	9686	4
0	2	9687	0
0	2	9688	11
0	2	9689	0
0	2	9690	0
0	2	9691	0
0	2	9692	0
0	2	9693	0
0	2	9694	0
0	2	9695	0
0	2	9696	1
0	2	9697	4
0	2	9698	0
0	2	9699	11
0	2	9700	0
0	2	9701	0
0	2	9702	0
0	2	9703	0
0	2	9704	2
0	2	9705	1
0	2	9706	0
0	2	9707	0
0	2	9708	0
0	2	9709	0
0	2	9710	0
0	2	9711	0
0	2	9712	0
0	2	9713	0
0	2	9714	0
0	2	9715	0
0	2	9716	1
0	2	9717	2
0	2	9718	5
0	2	9719	0
0	2	9720	0
0	2	9721	0
0	2	9722	2
0	2	9723	0
0	2	9724	2
0	2	9725	4
0	2	9726	2
0	2	9727	0
0	2	9728	0
0	2	9729	4
0	2	9730	0
0	2	9731	0
0	2	9732	0
0	2	9733	2
0	2	9734	0
0	2	9735	0
0	2	9736	19
0	2	9737	0
0	2	9738	0
0	2	9739	3
0	2	9740	0
0	2	9741	0
0	2	9742	4
0	2	9743	1
0	2	9744	7
0	2	9745	0
0	2	9746	0
0	2	9747	2
0	2	9748	0
0	2	9749	6
0	2	9750	0
0	2	9751	0
0	2	9752	0
0	2	9753	6
0	2	9754	0
0	2	9755	2
0	2	9756	0
0	2	9757	10
0	2	9758	0
0	2	9759	0
0	2	9760	0
0	2	9761	0
0	2	9762	0
0	2	9763	0
0	2	9764	3
0	2	9765	0
0	2	9766	0
0	2	9767	0
0	2	9768	0
0	2	9769	0
0	2	9770	0
0	2	9771	3
0	2	9772	0
0	2	9773	4
0	2	9774	0
0	2	9775	0
0	2	9776	0
0	2	9777	0
0	2	9778	6
0	2	9779	0
0	2	9780	1
0	2	9781	4
0	2	9782	0
0	2	9783	0
0	2	9784	0
0	2	9785	3
0	2	9786	2
0	2	9787	0
0	2	9788	0
0	2	9789	0
0	2	9790	0
0	2	9791	15
0	2	9792	0
0	2	9793	6
0	2	9794	8
0	2	9795	0
0	2	9796	0
0	2	9797	0
0	2	9798	0
0	2	9799	1
0	2	9800	9
0	2	9801	7
0	2	9802	2
0	2	9803	0
0	2	9804	0
0	2	9805	5
0	2	9806	0
0	2	9807	0
0	2	9808	0
0	2	9809	0
0	2	9810	0
0	2	9811	0
0	2	9812	0
0	2	9813	0
0	2	9814	12
0	2	9815	0
0	2	9816	0
0	2	9817	0
0	2	9818	0
0	2	9819	1
0	2	9820	3
0	2	9821	0
0	2	9822	0
0	2	9823	0
0	2	9824	0
0	2	9825	0
0	2	9826	1
0	2	9827	0
0	2	9828	8
0	2	9829	0
0	2	9830	4
0	2	9831	1
0	2	9832	6
0	2	9833	0
0	2	9834	3
0	2	9835	0
0	2	9836	0
0	2	9837	0
0	2	9838	0
0	2	9839	0
0	2	9840	0
0	2	9841	0
0	2	9842	0
0	2	9843	6
0	2	9844	0
0	2	9845	0
0	2	9846	0
0	2	9847	0
0	2	9848	0
0	2	9849	0
0	2	9850	0
0	2	9851	0
0	2	9852	0
0	2	9853	4
0	2	9854	0
0	2	9855	0
0	2	9856	0
0	2	9857	0
0	2	9858	0
0	2	9859	0
0	2	9860	0
0	2	9861	0
0	2	9862	13
0	2	9863	5
0	2	9864	1
0	2	9865	0
0	2	9866	0
0	2	9867	3
0	2	9868	0
0	2	9869	0
0	2	9870	3
0	2	9871	3
0	2	9872	2
0	2	9873	8
0	2	9874	2
0	2	9875	0
0	2	9876	5
0	2	9877	0
0	2	9878	2
0	2	9879	1
0	2	9880	0
0	2	9881	0
0	2	9882	0
0	2	9883	0
0	2	9884	0
0	2	9885	6
0	2	9886	0
0	2	9887	8
0	2	9888	0
0	2	9889	2
0	2	9890	0
0	2	9891	0
0	2	9892	2
0	2	9893	0
0	2	9894	6
0	2	9895	0
0	2	9896	0
0	2	9897	0
0	2	9898	0
0	2	9899	13
0	2	9900	0
0	2	9901	9
0	2	9902	0
0	2	9903	0
0	2	9904	0
0	2	9905	0
0	2	9906	3
0	2	9907	0
0	2	9908	9
0	2	9909	0
0	2	9910	0
0	2	9911	0
0	2	9912	7
0	2	9913	0
0	2	9914	3
0	2	9915	2
0	2	9916	0
0	2	9917	12
0	2	9918	0
0	2	9919	0
0	2	9920	0
0	2	9921	0
0	2	9922	0
0	2	9923	3
0	2	9924	1
0	2	9925	0
0	2	9926	0
0	2	9927	1
0	2	9928	0
0	2	9929	0
0	2	9930	0
0	2	9931	4
0	2	9932	1
0	2	9933	8
0	2	9934	0
0	2	9935	0
0	2	9936	6
0	2	9937	0
0	2	9938	0
0	2	9939	0
0	2	9940	0
0	2	9941	2
0	2	9942	0
0	2	9943	6
0	2	9944	0
0	2	9945	0
0	2	9946	2
0	2	9947	0
0	2	9948	0
0	2	9949	6
0	2	9950	0
0	2	9951	0
0	2	9952	1
0	2	9953	0
0	2	9954	1
0	2	9955	0
0	2	9956	0
0	2	9957	0
0	2	9958	0
0	2	9959	0
0	2	9960	0
0	2	9961	7
0	2	9962	0
0	2	9963	2
0	2	9964	0
0	2	9965	0
0	2	9966	0
0	2	9967	7
0	2	9968	3
0	2	9969	0
0	2	9970	0
0	2	9971	0
0	2	9972	0
0	2	9973	0
0	2	9974	0
0	2	9975	0
0	2	9976	0
0	2	9977	6
0	2	9978	0
0	2	9979	0
0	2	9980	0
0	2	9981	4
0	2	9982	0
0	2	9983	1
0	2	9984	4
0	2	9985	0
0	2	9986	1
0	2	9987	1
0	2	9988	0
0	2	9989	0
0	2	9990	0
0	2	9991	6
0	2	9992	0
0	2	9993	4
0	2	9994	0
0	2	9995	0
0	2	9996	0
0	2	9997	0
0	2	9998	0
0	2	9999	5
1	2	0	0
1	2	1	0
1	2	2	0
1	2	3	0
1	2	4	1
1	2	5	0
1	2	6	0
1	2	7	0
1	2	8	0
1	2	9	0
1	2	10	0
1	2	11	1
1	2	12	0
1	2	13	0
1	2	14	0
1	2	15	0
1	2	16	7
1	2	17	0
1	2	18	10
1	2	19	0
1	2	20	0
1	2	21	0
1	2	22	0
1	2	23	0
1	2	24	3
1	2	25	0
1	2	26	0
1	2	27	0
1	2	28	2
1	2	29	0
1	2	30	0
1	2	31	1
1	2	32	0
1	2	33	0
1	2	34	1
1	2	35	0
1	2	36	0
1	2	37	0
1	2	38	0
1	2	39	0
1	2	40	0
1	2	41	4
1	2	42	3
1	2	43	0
1	2	44	0
1	2	45	7
1	2	46	1
1	2	47	1
1	2	48	0
1	2	49	4
1	2	50	0
1	2	51	0
1	2	52	0
1	2	53	0
1	2	54	0
1	2	55	0
1	2	56	0
1	2	57	10
1	2	58	0
1	2	59	0
1	2	60	0
1	2	61	0
1	2	62	0
1	2	63	0
1	2	64	0
1	2	65	10
1	2	66	5
1	2	67	3
1	2	68	4
1	2	69	0
1	2	70	0
1	2	71	3
1	2	72	0
1	2	73	0
1	2	74	0
1	2	75	0
1	2	76	0
1	2	77	6
1	2	78	0
1	2	79	0
1	2	80	1
1	2	81	0
1	2	82	0
1	2	83	1
1	2	84	0
1	2	85	0
1	2	86	0
1	2	87	0
1	2	88	7
1	2	89	0
1	2	90	5
1	2	91	0
1	2	92	3
1	2	93	0
1	2	94	1
1	2	95	1
1	2	96	0
1	2	97	0
1	2	98	0
1	2	99	0
1	2	100	0
1	2	101	7
1	2	102	6
1	2	103	14
1	2	104	0
1	2	105	3
1	2	106	0
1	2	107	0
1	2	108	5
1	2	109	0
1	2	110	0
1	2	111	0
1	2	112	0
1	2	113	1
1	2	114	0
1	2	115	0
1	2	116	0
1	2	117	4
1	2	118	0
1	2	119	6
1	2	120	0
1	2	121	7
1	2	122	0
1	2	123	0
1	2	124	0
1	2	125	5
1	2	126	0
1	2	127	0
1	2	128	0
1	2	129	0
1	2	130	0
1	2	131	0
1	2	132	0
1	2	133	0
1	2	134	0
1	2	135	4
1	2	136	0
1	2	137	2
1	2	138	3
1	2	139	1
1	2	140	0
1	2	141	0
1	2	142	4
1	2	143	0
1	2	144	0
1	2	145	0
1	2	146	1
1	2	147	0
1	2	148	3
1	2	149	3
1	2	150	0
1	2	151	0
1	2	152	0
1	2	153	0
1	2	154	0
1	2	155	6
1	2	156	5
1	2	157	0
1	2	158	0
1	2	159	1
1	2	160	0
1	2	161	4
1	2	162	0
1	2	163	8
1	2	164	0
1	2	165	10
1	2	166	0
1	2	167	0
1	2	168	0
1	2	169	10
1	2	170	10
1	2	171	0
1	2	172	0
1	2	173	3
1	2	174	0
1	2	175	0
1	2	176	0
1	2	177	2
1	2	178	0
1	2	179	0
1	2	180	0
1	2	181	4
1	2	182	0
1	2	183	0
1	2	184	1
1	2	185	0
1	2	186	7
1	2	187	3
1	2	188	8
1	2	189	0
1	2	190	0
1	2	191	1
1	2	192	0
1	2	193	0
1	2	194	6
1	2	195	0
1	2	196	0
1	2	197	0
1	2	198	13
1	2	199	0
1	2	200	6
1	2	201	0
1	2	202	0
1	2	203	1
1	2	204	0
1	2	205	10
1	2	206	1
1	2	207	0
1	2	208	5
1	2	209	11
1	2	210	0
1	2	211	5
1	2	212	3
1	2	213	0
1	2	214	0
1	2	215	0
1	2	216	0
1	2	217	0
1	2	218	0
1	2	219	3
1	2	220	4
1	2	221	0
1	2	222	0
1	2	223	11
1	2	224	0
1	2	225	0
1	2	226	4
1	2	227	0
1	2	228	0
1	2	229	7
1	2	230	1
1	2	231	0
1	2	232	0
1	2	233	0
1	2	234	0
1	2	235	0
1	2	236	0
1	2	237	2
1	2	238	8
1	2	239	0
1	2	240	0
1	2	241	0
1	2	242	0
1	2	243	0
1	2	244	0
1	2	245	6
1	2	246	0
1	2	247	3
1	2	248	0
1	2	249	6
1	2	250	0
1	2	251	0
1	2	252	0
1	2	253	0
1	2	254	0
1	2	255	22
1	2	256	0
1	2	257	3
1	2	258	0
1	2	259	0
1	2	260	2
1	2	261	7
1	2	262	0
1	2	263	0
1	2	264	17
1	2	265	0
1	2	266	0
1	2	267	4
1	2	268	0
1	2	269	0
1	2	270	0
1	2	271	14
1	2	272	8
1	2	273	0
1	2	274	5
1	2	275	0
1	2	276	0
1	2	277	0
1	2	278	0
1	2	279	0
1	2	280	0
1	2	281	6
1	2	282	0
1	2	283	0
1	2	284	0
1	2	285	0
1	2	286	2
1	2	287	0
1	2	288	0
1	2	289	0
1	2	290	0
1	2	291	0
1	2	292	0
1	2	293	0
1	2	294	1
1	2	295	1
1	2	296	0
1	2	297	0
1	2	298	1
1	2	299	1
1	2	300	0
1	2	301	0
1	2	302	8
1	2	303	0
1	2	304	4
1	2	305	0
1	2	306	3
1	2	307	0
1	2	308	0
1	2	309	1
1	2	310	0
1	2	311	0
1	2	312	1
1	2	313	6
1	2	314	0
1	2	315	0
1	2	316	1
1	2	317	0
1	2	318	0
1	2	319	0
1	2	320	9
1	2	321	1
1	2	322	0
1	2	323	0
1	2	324	1
1	2	325	0
1	2	326	0
1	2	327	0
1	2	328	4
1	2	329	0
1	2	330	0
1	2	331	0
1	2	332	0
1	2	333	0
1	2	334	0
1	2	335	7
1	2	336	3
1	2	337	0
1	2	338	2
1	2	339	5
1	2	340	0
1	2	341	2
1	2	342	0
1	2	343	0
1	2	344	1
1	2	345	0
1	2	346	0
1	2	347	3
1	2	348	0
1	2	349	0
1	2	350	1
1	2	351	0
1	2	352	3
1	2	353	0
1	2	354	0
1	2	355	0
1	2	356	2
1	2	357	0
1	2	358	0
1	2	359	0
1	2	360	0
1	2	361	0
1	2	362	5
1	2	363	5
1	2	364	1
1	2	365	0
1	2	366	0
1	2	367	0
1	2	368	0
1	2	369	6
1	2	370	1
1	2	371	0
1	2	372	1
1	2	373	0
1	2	374	0
1	2	375	3
1	2	376	2
1	2	377	0
1	2	378	0
1	2	379	14
1	2	380	0
1	2	381	0
1	2	382	0
1	2	383	1
1	2	384	0
1	2	385	0
1	2	386	0
1	2	387	0
1	2	388	2
1	2	389	0
1	2	390	0
1	2	391	0
1	2	392	4
1	2	393	0
1	2	394	4
1	2	395	0
1	2	396	0
1	2	397	0
1	2	398	1
1	2	399	0
1	2	400	0
1	2	401	0
1	2	402	0
1	2	403	33
1	2	404	0
1	2	405	0
1	2	406	6
1	2	407	11
1	2	408	0
1	2	409	8
1	2	410	0
1	2	411	0
1	2	412	2
1	2	413	5
1	2	414	0
1	2	415	0
1	2	416	8
1	2	417	0
1	2	418	0
1	2	419	0
1	2	420	5
1	2	421	0
1	2	422	2
1	2	423	0
1	2	424	0
1	2	425	0
1	2	426	0
1	2	427	0
1	2	428	0
1	2	429	0
1	2	430	0
1	2	431	0
1	2	432	0
1	2	433	0
1	2	434	1
1	2	435	0
1	2	436	0
1	2	437	0
1	2	438	0
1	2	439	0
1	2	440	0
1	2	441	4
1	2	442	0
1	2	443	4
1	2	444	0
1	2	445	0
1	2	446	0
1	2	447	0
1	2	448	0
1	2	449	7
1	2	450	0
1	2	451	0
1	2	452	2
1	2	453	0
1	2	454	1
1	2	455	0
1	2	456	0
1	2	457	0
1	2	458	0
1	2	459	0
1	2	460	0
1	2	461	0
1	2	462	2
1	2	463	0
1	2	464	0
1	2	465	0
1	2	466	0
1	2	467	0
1	2	468	0
1	2	469	5
1	2	470	0
1	2	471	2
1	2	472	3
1	2	473	0
1	2	474	0
1	2	475	0
1	2	476	0
1	2	477	0
1	2	478	0
1	2	479	0
1	2	480	9
1	2	481	0
1	2	482	0
1	2	483	5
1	2	484	0
1	2	485	0
1	2	486	0
1	2	487	1
1	2	488	6
1	2	489	0
1	2	490	2
1	2	491	0
1	2	492	1
1	2	493	0
1	2	494	0
1	2	495	0
1	2	496	0
1	2	497	0
1	2	498	0
1	2	499	0
1	2	500	0
1	2	501	6
1	2	502	0
1	2	503	7
1	2	504	6
1	2	505	2
1	2	506	0
1	2	507	2
1	2	508	0
1	2	509	0
1	2	510	3
1	2	511	0
1	2	512	3
1	2	513	0
1	2	514	18
1	2	515	0
1	2	516	5
1	2	517	0
1	2	518	0
1	2	519	0
1	2	520	0
1	2	521	0
1	2	522	0
1	2	523	7
1	2	524	2
1	2	525	0
1	2	526	0
1	2	527	0
1	2	528	0
1	2	529	0
1	2	530	0
1	2	531	0
1	2	532	0
1	2	533	0
1	2	534	0
1	2	535	3
1	2	536	0
1	2	537	0
1	2	538	0
1	2	539	0
1	2	540	16
1	2	541	0
1	2	542	1
1	2	543	0
1	2	544	0
1	2	545	0
1	2	546	0
1	2	547	0
1	2	548	0
1	2	549	6
1	2	550	0
1	2	551	0
1	2	552	2
1	2	553	11
1	2	554	1
1	2	555	0
1	2	556	10
1	2	557	5
1	2	558	0
1	2	559	10
1	2	560	5
1	2	561	0
1	2	562	0
1	2	563	0
1	2	564	1
1	2	565	3
1	2	566	0
1	2	567	8
1	2	568	0
1	2	569	0
1	2	570	0
1	2	571	0
1	2	572	0
1	2	573	2
1	2	574	8
1	2	575	0
1	2	576	0
1	2	577	0
1	2	578	0
1	2	579	0
1	2	580	0
1	2	581	0
1	2	582	1
1	2	583	0
1	2	584	24
1	2	585	0
1	2	586	1
1	2	587	2
1	2	588	0
1	2	589	10
1	2	590	0
1	2	591	0
1	2	592	0
1	2	593	0
1	2	594	0
1	2	595	10
1	2	596	0
1	2	597	0
1	2	598	0
1	2	599	0
1	2	600	0
1	2	601	0
1	2	602	4
1	2	603	0
1	2	604	0
1	2	605	5
1	2	606	11
1	2	607	1
1	2	608	1
1	2	609	0
1	2	610	3
1	2	611	0
1	2	612	0
1	2	613	4
1	2	614	0
1	2	615	1
1	2	616	19
1	2	617	0
1	2	618	0
1	2	619	8
1	2	620	2
1	2	621	0
1	2	622	0
1	2	623	0
1	2	624	4
1	2	625	1
1	2	626	0
1	2	627	0
1	2	628	0
1	2	629	6
1	2	630	0
1	2	631	0
1	2	632	7
1	2	633	0
1	2	634	0
1	2	635	11
1	2	636	0
1	2	637	1
1	2	638	0
1	2	639	12
1	2	640	2
1	2	641	0
1	2	642	0
1	2	643	0
1	2	644	6
1	2	645	2
1	2	646	0
1	2	647	0
1	2	648	0
1	2	649	0
1	2	650	0
1	2	651	0
1	2	652	0
1	2	653	0
1	2	654	0
1	2	655	0
1	2	656	0
1	2	657	15
1	2	658	0
1	2	659	0
1	2	660	0
1	2	661	0
1	2	662	0
1	2	663	0
1	2	664	1
1	2	665	0
1	2	666	0
1	2	667	9
1	2	668	1
1	2	669	9
1	2	670	0
1	2	671	0
1	2	672	0
1	2	673	0
1	2	674	0
1	2	675	0
1	2	676	0
1	2	677	4
1	2	678	0
1	2	679	1
1	2	680	4
1	2	681	0
1	2	682	5
1	2	683	2
1	2	684	0
1	2	685	0
1	2	686	0
1	2	687	0
1	2	688	0
1	2	689	0
1	2	690	0
1	2	691	11
1	2	692	0
1	2	693	0
1	2	694	0
1	2	695	3
1	2	696	0
1	2	697	0
1	2	698	0
1	2	699	0
1	2	700	1
1	2	701	0
1	2	702	1
1	2	703	7
1	2	704	1
1	2	705	0
1	2	706	3
1	2	707	0
1	2	708	0
1	2	709	0
1	2	710	11
1	2	711	6
1	2	712	4
1	2	713	1
1	2	714	6
1	2	715	0
1	2	716	6
1	2	717	0
1	2	718	0
1	2	719	0
1	2	720	0
1	2	721	0
1	2	722	0
1	2	723	0
1	2	724	0
1	2	725	0
1	2	726	3
1	2	727	0
1	2	728	10
1	2	729	5
1	2	730	0
1	2	731	0
1	2	732	0
1	2	733	0
1	2	734	0
1	2	735	0
1	2	736	0
1	2	737	0
1	2	738	0
1	2	739	0
1	2	740	0
1	2	741	0
1	2	742	0
1	2	743	0
1	2	744	0
1	2	745	0
1	2	746	0
1	2	747	0
1	2	748	1
1	2	749	0
1	2	750	4
1	2	751	0
1	2	752	0
1	2	753	0
1	2	754	0
1	2	755	0
1	2	756	0
1	2	757	0
1	2	758	0
1	2	759	19
1	2	760	0
1	2	761	1
1	2	762	6
1	2	763	1
1	2	764	5
1	2	765	25
1	2	766	0
1	2	767	0
1	2	768	0
1	2	769	2
1	2	770	0
1	2	771	0
1	2	772	1
1	2	773	1
1	2	774	1
1	2	775	0
1	2	776	0
1	2	777	0
1	2	778	8
1	2	779	0
1	2	780	0
1	2	781	0
1	2	782	7
1	2	783	0
1	2	784	0
1	2	785	0
1	2	786	0
1	2	787	7
1	2	788	6
1	2	789	0
1	2	790	0
1	2	791	0
1	2	792	0
1	2	793	3
1	2	794	8
1	2	795	0
1	2	796	0
1	2	797	0
1	2	798	0
1	2	799	0
1	2	800	0
1	2	801	0
1	2	802	0
1	2	803	7
1	2	804	1
1	2	805	0
1	2	806	0
1	2	807	3
1	2	808	0
1	2	809	0
1	2	810	0
1	2	811	0
1	2	812	6
1	2	813	0
1	2	814	0
1	2	815	1
1	2	816	0
1	2	817	0
1	2	818	0
1	2	819	9
1	2	820	0
1	2	821	3
1	2	822	1
1	2	823	3
1	2	824	0
1	2	825	0
1	2	826	0
1	2	827	0
1	2	828	0
1	2	829	1
1	2	830	9
1	2	831	1
1	2	832	0
1	2	833	0
1	2	834	2
1	2	835	6
1	2	836	0
1	2	837	0
1	2	838	0
1	2	839	4
1	2	840	0
1	2	841	0
1	2	842	0
1	2	843	0
1	2	844	6
1	2	845	2
1	2	846	0
1	2	847	0
1	2	848	0
1	2	849	0
1	2	850	0
1	2	851	19
1	2	852	2
1	2	853	0
1	2	854	3
1	2	855	0
1	2	856	2
1	2	857	0
1	2	858	0
1	2	859	0
1	2	860	0
1	2	861	2
1	2	862	1
1	2	863	0
1	2	864	2
1	2	865	0
1	2	866	0
1	2	867	7
1	2	868	0
1	2	869	0
1	2	870	2
1	2	871	0
1	2	872	1
1	2	873	6
1	2	874	0
1	2	875	0
1	2	876	0
1	2	877	0
1	2	878	2
1	2	879	0
1	2	880	0
1	2	881	0
1	2	882	5
1	2	883	0
1	2	884	4
1	2	885	0
1	2	886	9
1	2	887	0
1	2	888	0
1	2	889	0
1	2	890	0
1	2	891	3
1	2	892	0
1	2	893	0
1	2	894	1
1	2	895	0
1	2	896	0
1	2	897	0
1	2	898	0
1	2	899	0
1	2	900	0
1	2	901	2
1	2	902	0
1	2	903	0
1	2	904	0
1	2	905	0
1	2	906	0
1	2	907	0
1	2	908	0
1	2	909	0
1	2	910	0
1	2	911	0
1	2	912	0
1	2	913	0
1	2	914	0
1	2	915	0
1	2	916	9
1	2	917	0
1	2	918	2
1	2	919	0
1	2	920	0
1	2	921	0
1	2	922	0
1	2	923	0
1	2	924	0
1	2	925	13
1	2	926	0
1	2	927	4
1	2	928	0
1	2	929	0
1	2	930	0
1	2	931	5
1	2	932	0
1	2	933	0
1	2	934	0
1	2	935	0
1	2	936	0
1	2	937	6
1	2	938	0
1	2	939	0
1	2	940	0
1	2	941	0
1	2	942	0
1	2	943	0
1	2	944	0
1	2	945	0
1	2	946	0
1	2	947	1
1	2	948	0
1	2	949	3
1	2	950	0
1	2	951	0
1	2	952	0
1	2	953	0
1	2	954	0
1	2	955	0
1	2	956	3
1	2	957	0
1	2	958	7
1	2	959	0
1	2	960	0
1	2	961	0
1	2	962	6
1	2	963	0
1	2	964	0
1	2	965	0
1	2	966	0
1	2	967	11
1	2	968	3
1	2	969	6
1	2	970	0
1	2	971	10
1	2	972	0
1	2	973	0
1	2	974	3
1	2	975	0
1	2	976	0
1	2	977	0
1	2	978	0
1	2	979	0
1	2	980	0
1	2	981	9
1	2	982	0
1	2	983	0
1	2	984	1
1	2	985	1
1	2	986	1
1	2	987	0
1	2	988	1
1	2	989	0
1	2	990	11
1	2	991	0
1	2	992	2
1	2	993	0
1	2	994	4
1	2	995	0
1	2	996	0
1	2	997	8
1	2	998	0
1	2	999	0
1	2	1000	15
1	2	1001	0
1	2	1002	0
1	2	1003	0
1	2	1004	0
1	2	1005	0
1	2	1006	4
1	2	1007	5
1	2	1008	0
1	2	1009	0
1	2	1010	0
1	2	1011	4
1	2	1012	0
1	2	1013	0
1	2	1014	21
1	2	1015	0
1	2	1016	0
1	2	1017	0
1	2	1018	0
1	2	1019	0
1	2	1020	19
1	2	1021	0
1	2	1022	5
1	2	1023	0
1	2	1024	11
1	2	1025	0
1	2	1026	0
1	2	1027	0
1	2	1028	0
1	2	1029	0
1	2	1030	3
1	2	1031	0
1	2	1032	0
1	2	1033	0
1	2	1034	0
1	2	1035	3
1	2	1036	0
1	2	1037	0
1	2	1038	0
1	2	1039	0
1	2	1040	0
1	2	1041	0
1	2	1042	1
1	2	1043	2
1	2	1044	0
1	2	1045	0
1	2	1046	0
1	2	1047	0
1	2	1048	0
1	2	1049	0
1	2	1050	10
1	2	1051	4
1	2	1052	0
1	2	1053	0
1	2	1054	2
1	2	1055	0
1	2	1056	7
1	2	1057	0
1	2	1058	4
1	2	1059	0
1	2	1060	0
1	2	1061	0
1	2	1062	0
1	2	1063	0
1	2	1064	1
1	2	1065	2
1	2	1066	0
1	2	1067	0
1	2	1068	0
1	2	1069	4
1	2	1070	0
1	2	1071	4
1	2	1072	0
1	2	1073	5
1	2	1074	0
1	2	1075	5
1	2	1076	0
1	2	1077	0
1	2	1078	0
1	2	1079	0
1	2	1080	5
1	2	1081	0
1	2	1082	0
1	2	1083	0
1	2	1084	0
1	2	1085	0
1	2	1086	0
1	2	1087	0
1	2	1088	0
1	2	1089	2
1	2	1090	1
1	2	1091	0
1	2	1092	0
1	2	1093	0
1	2	1094	0
1	2	1095	0
1	2	1096	0
1	2	1097	6
1	2	1098	0
1	2	1099	2
1	2	1100	2
1	2	1101	0
1	2	1102	2
1	2	1103	1
1	2	1104	0
1	2	1105	0
1	2	1106	0
1	2	1107	0
1	2	1108	0
1	2	1109	8
1	2	1110	6
1	2	1111	0
1	2	1112	0
1	2	1113	0
1	2	1114	3
1	2	1115	0
1	2	1116	0
1	2	1117	2
1	2	1118	4
1	2	1119	3
1	2	1120	0
1	2	1121	0
1	2	1122	1
1	2	1123	10
1	2	1124	4
1	2	1125	0
1	2	1126	0
1	2	1127	0
1	2	1128	0
1	2	1129	0
1	2	1130	2
1	2	1131	8
1	2	1132	0
1	2	1133	0
1	2	1134	0
1	2	1135	0
1	2	1136	0
1	2	1137	0
1	2	1138	21
1	2	1139	0
1	2	1140	0
1	2	1141	2
1	2	1142	1
1	2	1143	0
1	2	1144	15
1	2	1145	0
1	2	1146	4
1	2	1147	0
1	2	1148	0
1	2	1149	0
1	2	1150	0
1	2	1151	1
1	2	1152	0
1	2	1153	0
1	2	1154	0
1	2	1155	14
1	2	1156	6
1	2	1157	0
1	2	1158	0
1	2	1159	0
1	2	1160	0
1	2	1161	5
1	2	1162	3
1	2	1163	0
1	2	1164	4
1	2	1165	0
1	2	1166	0
1	2	1167	0
1	2	1168	0
1	2	1169	0
1	2	1170	0
1	2	1171	12
1	2	1172	0
1	2	1173	2
1	2	1174	0
1	2	1175	0
1	2	1176	0
1	2	1177	2
1	2	1178	2
1	2	1179	1
1	2	1180	0
1	2	1181	0
1	2	1182	0
1	2	1183	0
1	2	1184	0
1	2	1185	0
1	2	1186	0
1	2	1187	1
1	2	1188	0
1	2	1189	1
1	2	1190	0
1	2	1191	0
1	2	1192	0
1	2	1193	2
1	2	1194	0
1	2	1195	0
1	2	1196	0
1	2	1197	0
1	2	1198	0
1	2	1199	2
1	2	1200	0
1	2	1201	0
1	2	1202	13
1	2	1203	0
1	2	1204	0
1	2	1205	0
1	2	1206	0
1	2	1207	0
1	2	1208	0
1	2	1209	0
1	2	1210	4
1	2	1211	0
1	2	1212	0
1	2	1213	0
1	2	1214	0
1	2	1215	0
1	2	1216	0
1	2	1217	1
1	2	1218	0
1	2	1219	0
1	2	1220	5
1	2	1221	0
1	2	1222	0
1	2	1223	0
1	2	1224	0
1	2	1225	0
1	2	1226	0
1	2	1227	0
1	2	1228	14
1	2	1229	9
1	2	1230	0
1	2	1231	4
1	2	1232	7
1	2	1233	0
1	2	1234	0
1	2	1235	13
1	2	1236	0
1	2	1237	12
1	2	1238	0
1	2	1239	0
1	2	1240	1
1	2	1241	0
1	2	1242	0
1	2	1243	0
1	2	1244	0
1	2	1245	0
1	2	1246	1
1	2	1247	0
1	2	1248	0
1	2	1249	0
1	2	1250	1
1	2	1251	0
1	2	1252	0
1	2	1253	6
1	2	1254	0
1	2	1255	0
1	2	1256	0
1	2	1257	0
1	2	1258	3
1	2	1259	0
1	2	1260	1
1	2	1261	0
1	2	1262	0
1	2	1263	11
1	2	1264	0
1	2	1265	0
1	2	1266	0
1	2	1267	0
1	2	1268	0
1	2	1269	0
1	2	1270	0
1	2	1271	0
1	2	1272	0
1	2	1273	1
1	2	1274	0
1	2	1275	0
1	2	1276	0
1	2	1277	0
1	2	1278	0
1	2	1279	5
1	2	1280	0
1	2	1281	0
1	2	1282	0
1	2	1283	0
1	2	1284	0
1	2	1285	0
1	2	1286	2
1	2	1287	0
1	2	1288	0
1	2	1289	0
1	2	1290	11
1	2	1291	2
1	2	1292	0
1	2	1293	8
1	2	1294	0
1	2	1295	0
1	2	1296	0
1	2	1297	0
1	2	1298	0
1	2	1299	0
1	2	1300	0
1	2	1301	0
1	2	1302	0
1	2	1303	5
1	2	1304	0
1	2	1305	0
1	2	1306	0
1	2	1307	0
1	2	1308	0
1	2	1309	0
1	2	1310	0
1	2	1311	9
1	2	1312	0
1	2	1313	8
1	2	1314	0
1	2	1315	0
1	2	1316	0
1	2	1317	0
1	2	1318	3
1	2	1319	2
1	2	1320	0
1	2	1321	0
1	2	1322	7
1	2	1323	0
1	2	1324	0
1	2	1325	23
1	2	1326	10
1	2	1327	0
1	2	1328	2
1	2	1329	2
1	2	1330	0
1	2	1331	0
1	2	1332	0
1	2	1333	0
1	2	1334	0
1	2	1335	7
1	2	1336	0
1	2	1337	0
1	2	1338	2
1	2	1339	14
1	2	1340	9
1	2	1341	4
1	2	1342	0
1	2	1343	0
1	2	1344	2
1	2	1345	0
1	2	1346	0
1	2	1347	0
1	2	1348	0
1	2	1349	0
1	2	1350	0
1	2	1351	0
1	2	1352	0
1	2	1353	0
1	2	1354	0
1	2	1355	0
1	2	1356	0
1	2	1357	0
1	2	1358	0
1	2	1359	0
1	2	1360	0
1	2	1361	0
1	2	1362	0
1	2	1363	0
1	2	1364	0
1	2	1365	0
1	2	1366	4
1	2	1367	0
1	2	1368	0
1	2	1369	0
1	2	1370	0
1	2	1371	0
1	2	1372	9
1	2	1373	0
1	2	1374	0
1	2	1375	0
1	2	1376	0
1	2	1377	3
1	2	1378	0
1	2	1379	0
1	2	1380	0
1	2	1381	0
1	2	1382	0
1	2	1383	0
1	2	1384	0
1	2	1385	0
1	2	1386	7
1	2	1387	1
1	2	1388	0
1	2	1389	0
1	2	1390	0
1	2	1391	0
1	2	1392	2
1	2	1393	0
1	2	1394	26
1	2	1395	0
1	2	1396	3
1	2	1397	0
1	2	1398	4
1	2	1399	0
1	2	1400	0
1	2	1401	0
1	2	1402	0
1	2	1403	0
1	2	1404	5
1	2	1405	0
1	2	1406	0
1	2	1407	0
1	2	1408	0
1	2	1409	0
1	2	1410	0
1	2	1411	0
1	2	1412	0
1	2	1413	0
1	2	1414	0
1	2	1415	0
1	2	1416	0
1	2	1417	0
1	2	1418	3
1	2	1419	2
1	2	1420	0
1	2	1421	0
1	2	1422	0
1	2	1423	12
1	2	1424	0
1	2	1425	0
1	2	1426	3
1	2	1427	0
1	2	1428	0
1	2	1429	2
1	2	1430	0
1	2	1431	9
1	2	1432	0
1	2	1433	4
1	2	1434	0
1	2	1435	0
1	2	1436	0
1	2	1437	0
1	2	1438	3
1	2	1439	4
1	2	1440	7
1	2	1441	1
1	2	1442	0
1	2	1443	7
1	2	1444	0
1	2	1445	5
1	2	1446	13
1	2	1447	5
1	2	1448	2
1	2	1449	0
1	2	1450	6
1	2	1451	0
1	2	1452	0
1	2	1453	0
1	2	1454	2
1	2	1455	0
1	2	1456	3
1	2	1457	0
1	2	1458	0
1	2	1459	0
1	2	1460	5
1	2	1461	0
1	2	1462	0
1	2	1463	11
1	2	1464	0
1	2	1465	0
1	2	1466	0
1	2	1467	2
1	2	1468	5
1	2	1469	0
1	2	1470	4
1	2	1471	2
1	2	1472	0
1	2	1473	0
1	2	1474	2
1	2	1475	0
1	2	1476	0
1	2	1477	4
1	2	1478	0
1	2	1479	3
1	2	1480	0
1	2	1481	0
1	2	1482	0
1	2	1483	2
1	2	1484	0
1	2	1485	5
1	2	1486	0
1	2	1487	0
1	2	1488	0
1	2	1489	0
1	2	1490	0
1	2	1491	5
1	2	1492	0
1	2	1493	0
1	2	1494	0
1	2	1495	2
1	2	1496	1
1	2	1497	0
1	2	1498	0
1	2	1499	0
1	2	1500	0
1	2	1501	5
1	2	1502	0
1	2	1503	0
1	2	1504	0
1	2	1505	0
1	2	1506	1
1	2	1507	0
1	2	1508	0
1	2	1509	0
1	2	1510	0
1	2	1511	0
1	2	1512	2
1	2	1513	2
1	2	1514	0
1	2	1515	0
1	2	1516	0
1	2	1517	0
1	2	1518	0
1	2	1519	5
1	2	1520	0
1	2	1521	0
1	2	1522	0
1	2	1523	0
1	2	1524	0
1	2	1525	0
1	2	1526	1
1	2	1527	0
1	2	1528	2
1	2	1529	0
1	2	1530	16
1	2	1531	1
1	2	1532	3
1	2	1533	0
1	2	1534	1
1	2	1535	0
1	2	1536	0
1	2	1537	0
1	2	1538	0
1	2	1539	0
1	2	1540	4
1	2	1541	0
1	2	1542	1
1	2	1543	0
1	2	1544	2
1	2	1545	0
1	2	1546	0
1	2	1547	0
1	2	1548	0
1	2	1549	0
1	2	1550	0
1	2	1551	0
1	2	1552	0
1	2	1553	0
1	2	1554	17
1	2	1555	0
1	2	1556	0
1	2	1557	0
1	2	1558	12
1	2	1559	0
1	2	1560	0
1	2	1561	0
1	2	1562	0
1	2	1563	0
1	2	1564	0
1	2	1565	2
1	2	1566	0
1	2	1567	12
1	2	1568	1
1	2	1569	0
1	2	1570	1
1	2	1571	0
1	2	1572	4
1	2	1573	0
1	2	1574	0
1	2	1575	0
1	2	1576	0
1	2	1577	3
1	2	1578	0
1	2	1579	19
1	2	1580	1
1	2	1581	0
1	2	1582	2
1	2	1583	0
1	2	1584	0
1	2	1585	0
1	2	1586	0
1	2	1587	0
1	2	1588	0
1	2	1589	0
1	2	1590	0
1	2	1591	0
1	2	1592	2
1	2	1593	0
1	2	1594	0
1	2	1595	0
1	2	1596	0
1	2	1597	0
1	2	1598	0
1	2	1599	0
1	2	1600	1
1	2	1601	0
1	2	1602	8
1	2	1603	3
1	2	1604	0
1	2	1605	0
1	2	1606	5
1	2	1607	1
1	2	1608	4
1	2	1609	0
1	2	1610	0
1	2	1611	0
1	2	1612	0
1	2	1613	9
1	2	1614	0
1	2	1615	0
1	2	1616	0
1	2	1617	0
1	2	1618	0
1	2	1619	0
1	2	1620	0
1	2	1621	0
1	2	1622	0
1	2	1623	0
1	2	1624	2
1	2	1625	0
1	2	1626	8
1	2	1627	1
1	2	1628	0
1	2	1629	5
1	2	1630	0
1	2	1631	4
1	2	1632	3
1	2	1633	0
1	2	1634	2
1	2	1635	0
1	2	1636	0
1	2	1637	0
1	2	1638	4
1	2	1639	0
1	2	1640	2
1	2	1641	0
1	2	1642	0
1	2	1643	0
1	2	1644	0
1	2	1645	0
1	2	1646	0
1	2	1647	0
1	2	1648	0
1	2	1649	0
1	2	1650	1
1	2	1651	1
1	2	1652	4
1	2	1653	0
1	2	1654	0
1	2	1655	0
1	2	1656	0
1	2	1657	0
1	2	1658	0
1	2	1659	1
1	2	1660	1
1	2	1661	0
1	2	1662	0
1	2	1663	0
1	2	1664	0
1	2	1665	15
1	2	1666	0
1	2	1667	0
1	2	1668	0
1	2	1669	0
1	2	1670	0
1	2	1671	0
1	2	1672	6
1	2	1673	0
1	2	1674	0
1	2	1675	3
1	2	1676	8
1	2	1677	0
1	2	1678	10
1	2	1679	4
1	2	1680	0
1	2	1681	0
1	2	1682	0
1	2	1683	0
1	2	1684	4
1	2	1685	0
1	2	1686	0
1	2	1687	0
1	2	1688	0
1	2	1689	1
1	2	1690	0
1	2	1691	5
1	2	1692	8
1	2	1693	0
1	2	1694	0
1	2	1695	1
1	2	1696	8
1	2	1697	0
1	2	1698	0
1	2	1699	0
1	2	1700	0
1	2	1701	3
1	2	1702	0
1	2	1703	0
1	2	1704	0
1	2	1705	0
1	2	1706	2
1	2	1707	1
1	2	1708	1
1	2	1709	0
1	2	1710	0
1	2	1711	6
1	2	1712	0
1	2	1713	0
1	2	1714	0
1	2	1715	0
1	2	1716	2
1	2	1717	2
1	2	1718	2
1	2	1719	2
1	2	1720	0
1	2	1721	0
1	2	1722	2
1	2	1723	0
1	2	1724	6
1	2	1725	4
1	2	1726	15
1	2	1727	0
1	2	1728	0
1	2	1729	16
1	2	1730	0
1	2	1731	0
1	2	1732	0
1	2	1733	5
1	2	1734	0
1	2	1735	1
1	2	1736	0
1	2	1737	0
1	2	1738	0
1	2	1739	0
1	2	1740	0
1	2	1741	0
1	2	1742	0
1	2	1743	3
1	2	1744	1
1	2	1745	0
1	2	1746	0
1	2	1747	9
1	2	1748	0
1	2	1749	10
1	2	1750	0
1	2	1751	0
1	2	1752	2
1	2	1753	0
1	2	1754	0
1	2	1755	0
1	2	1756	12
1	2	1757	0
1	2	1758	0
1	2	1759	0
1	2	1760	1
1	2	1761	0
1	2	1762	0
1	2	1763	0
1	2	1764	0
1	2	1765	0
1	2	1766	12
1	2	1767	10
1	2	1768	0
1	2	1769	1
1	2	1770	0
1	2	1771	0
1	2	1772	6
1	2	1773	0
1	2	1774	5
1	2	1775	0
1	2	1776	8
1	2	1777	1
1	2	1778	0
1	2	1779	4
1	2	1780	0
1	2	1781	1
1	2	1782	0
1	2	1783	0
1	2	1784	0
1	2	1785	0
1	2	1786	5
1	2	1787	3
1	2	1788	0
1	2	1789	0
1	2	1790	0
1	2	1791	0
1	2	1792	0
1	2	1793	0
1	2	1794	2
1	2	1795	0
1	2	1796	9
1	2	1797	0
1	2	1798	0
1	2	1799	0
1	2	1800	1
1	2	1801	0
1	2	1802	0
1	2	1803	0
1	2	1804	0
1	2	1805	0
1	2	1806	4
1	2	1807	0
1	2	1808	3
1	2	1809	2
1	2	1810	4
1	2	1811	0
1	2	1812	0
1	2	1813	0
1	2	1814	0
1	2	1815	6
1	2	1816	7
1	2	1817	0
1	2	1818	9
1	2	1819	0
1	2	1820	0
1	2	1821	0
1	2	1822	10
1	2	1823	0
1	2	1824	0
1	2	1825	1
1	2	1826	1
1	2	1827	1
1	2	1828	3
1	2	1829	1
1	2	1830	0
1	2	1831	0
1	2	1832	2
1	2	1833	0
1	2	1834	0
1	2	1835	5
1	2	1836	0
1	2	1837	13
1	2	1838	0
1	2	1839	0
1	2	1840	0
1	2	1841	9
1	2	1842	0
1	2	1843	1
1	2	1844	0
1	2	1845	0
1	2	1846	3
1	2	1847	0
1	2	1848	1
1	2	1849	6
1	2	1850	0
1	2	1851	7
1	2	1852	9
1	2	1853	13
1	2	1854	2
1	2	1855	0
1	2	1856	0
1	2	1857	5
1	2	1858	20
1	2	1859	0
1	2	1860	0
1	2	1861	0
1	2	1862	1
1	2	1863	1
1	2	1864	0
1	2	1865	11
1	2	1866	0
1	2	1867	0
1	2	1868	0
1	2	1869	0
1	2	1870	1
1	2	1871	0
1	2	1872	0
1	2	1873	2
1	2	1874	0
1	2	1875	0
1	2	1876	0
1	2	1877	0
1	2	1878	0
1	2	1879	1
1	2	1880	0
1	2	1881	0
1	2	1882	0
1	2	1883	0
1	2	1884	0
1	2	1885	0
1	2	1886	4
1	2	1887	1
1	2	1888	10
1	2	1889	5
1	2	1890	0
1	2	1891	1
1	2	1892	0
1	2	1893	0
1	2	1894	0
1	2	1895	0
1	2	1896	2
1	2	1897	0
1	2	1898	7
1	2	1899	0
1	2	1900	0
1	2	1901	6
1	2	1902	0
1	2	1903	12
1	2	1904	4
1	2	1905	0
1	2	1906	8
1	2	1907	0
1	2	1908	0
1	2	1909	0
1	2	1910	0
1	2	1911	0
1	2	1912	0
1	2	1913	0
1	2	1914	0
1	2	1915	5
1	2	1916	0
1	2	1917	0
1	2	1918	21
1	2	1919	0
1	2	1920	1
1	2	1921	0
1	2	1922	2
1	2	1923	0
1	2	1924	0
1	2	1925	0
1	2	1926	2
1	2	1927	0
1	2	1928	0
1	2	1929	0
1	2	1930	0
1	2	1931	9
1	2	1932	0
1	2	1933	6
1	2	1934	0
1	2	1935	0
1	2	1936	0
1	2	1937	0
1	2	1938	3
1	2	1939	0
1	2	1940	0
1	2	1941	0
1	2	1942	3
1	2	1943	0
1	2	1944	3
1	2	1945	3
1	2	1946	0
1	2	1947	0
1	2	1948	0
1	2	1949	0
1	2	1950	0
1	2	1951	1
1	2	1952	4
1	2	1953	0
1	2	1954	2
1	2	1955	0
1	2	1956	24
1	2	1957	3
1	2	1958	4
1	2	1959	0
1	2	1960	0
1	2	1961	0
1	2	1962	0
1	2	1963	0
1	2	1964	0
1	2	1965	0
1	2	1966	0
1	2	1967	0
1	2	1968	0
1	2	1969	6
1	2	1970	0
1	2	1971	0
1	2	1972	1
1	2	1973	1
1	2	1974	2
1	2	1975	0
1	2	1976	6
1	2	1977	0
1	2	1978	0
1	2	1979	0
1	2	1980	0
1	2	1981	0
1	2	1982	0
1	2	1983	0
1	2	1984	1
1	2	1985	0
1	2	1986	4
1	2	1987	10
1	2	1988	1
1	2	1989	3
1	2	1990	0
1	2	1991	6
1	2	1992	1
1	2	1993	3
1	2	1994	2
1	2	1995	0
1	2	1996	0
1	2	1997	0
1	2	1998	1
1	2	1999	0
1	2	2000	0
1	2	2001	0
1	2	2002	0
1	2	2003	0
1	2	2004	0
1	2	2005	0
1	2	2006	0
1	2	2007	0
1	2	2008	0
1	2	2009	0
1	2	2010	1
1	2	2011	0
1	2	2012	0
1	2	2013	0
1	2	2014	0
1	2	2015	0
1	2	2016	0
1	2	2017	0
1	2	2018	3
1	2	2019	1
1	2	2020	0
1	2	2021	1
1	2	2022	0
1	2	2023	0
1	2	2024	0
1	2	2025	5
1	2	2026	4
1	2	2027	4
1	2	2028	0
1	2	2029	23
1	2	2030	0
1	2	2031	7
1	2	2032	0
1	2	2033	0
1	2	2034	2
1	2	2035	0
1	2	2036	4
1	2	2037	0
1	2	2038	26
1	2	2039	0
1	2	2040	0
1	2	2041	1
1	2	2042	0
1	2	2043	0
1	2	2044	0
1	2	2045	0
1	2	2046	2
1	2	2047	5
1	2	2048	0
1	2	2049	0
1	2	2050	0
1	2	2051	0
1	2	2052	0
1	2	2053	0
1	2	2054	0
1	2	2055	0
1	2	2056	0
1	2	2057	16
1	2	2058	0
1	2	2059	0
1	2	2060	0
1	2	2061	0
1	2	2062	8
1	2	2063	0
1	2	2064	4
1	2	2065	0
1	2	2066	0
1	2	2067	0
1	2	2068	0
1	2	2069	0
1	2	2070	0
1	2	2071	1
1	2	2072	0
1	2	2073	0
1	2	2074	0
1	2	2075	4
1	2	2076	0
1	2	2077	0
1	2	2078	0
1	2	2079	0
1	2	2080	0
1	2	2081	0
1	2	2082	0
1	2	2083	13
1	2	2084	1
1	2	2085	3
1	2	2086	1
1	2	2087	9
1	2	2088	0
1	2	2089	0
1	2	2090	0
1	2	2091	2
1	2	2092	4
1	2	2093	12
1	2	2094	6
1	2	2095	18
1	2	2096	0
1	2	2097	3
1	2	2098	0
1	2	2099	0
1	2	2100	0
1	2	2101	5
1	2	2102	0
1	2	2103	0
1	2	2104	4
1	2	2105	1
1	2	2106	2
1	2	2107	0
1	2	2108	0
1	2	2109	4
1	2	2110	1
1	2	2111	5
1	2	2112	0
1	2	2113	0
1	2	2114	3
1	2	2115	5
1	2	2116	0
1	2	2117	0
1	2	2118	0
1	2	2119	0
1	2	2120	7
1	2	2121	0
1	2	2122	5
1	2	2123	0
1	2	2124	1
1	2	2125	0
1	2	2126	0
1	2	2127	2
1	2	2128	0
1	2	2129	9
1	2	2130	0
1	2	2131	0
1	2	2132	0
1	2	2133	0
1	2	2134	0
1	2	2135	1
1	2	2136	1
1	2	2137	0
1	2	2138	0
1	2	2139	0
1	2	2140	1
1	2	2141	0
1	2	2142	0
1	2	2143	3
1	2	2144	0
1	2	2145	0
1	2	2146	0
1	2	2147	0
1	2	2148	0
1	2	2149	2
1	2	2150	12
1	2	2151	0
1	2	2152	3
1	2	2153	0
1	2	2154	2
1	2	2155	0
1	2	2156	0
1	2	2157	0
1	2	2158	0
1	2	2159	3
1	2	2160	2
1	2	2161	0
1	2	2162	0
1	2	2163	0
1	2	2164	0
1	2	2165	0
1	2	2166	0
1	2	2167	2
1	2	2168	1
1	2	2169	1
1	2	2170	0
1	2	2171	0
1	2	2172	0
1	2	2173	6
1	2	2174	0
1	2	2175	0
1	2	2176	0
1	2	2177	0
1	2	2178	0
1	2	2179	0
1	2	2180	3
1	2	2181	2
1	2	2182	0
1	2	2183	0
1	2	2184	0
1	2	2185	4
1	2	2186	3
1	2	2187	0
1	2	2188	9
1	2	2189	4
1	2	2190	0
1	2	2191	0
1	2	2192	9
1	2	2193	0
1	2	2194	0
1	2	2195	8
1	2	2196	0
1	2	2197	6
1	2	2198	8
1	2	2199	0
1	2	2200	0
1	2	2201	0
1	2	2202	12
1	2	2203	2
1	2	2204	0
1	2	2205	3
1	2	2206	0
1	2	2207	0
1	2	2208	0
1	2	2209	6
1	2	2210	2
1	2	2211	0
1	2	2212	0
1	2	2213	9
1	2	2214	0
1	2	2215	0
1	2	2216	0
1	2	2217	0
1	2	2218	0
1	2	2219	3
1	2	2220	1
1	2	2221	7
1	2	2222	0
1	2	2223	0
1	2	2224	0
1	2	2225	8
1	2	2226	0
1	2	2227	0
1	2	2228	0
1	2	2229	4
1	2	2230	0
1	2	2231	0
1	2	2232	0
1	2	2233	0
1	2	2234	0
1	2	2235	0
1	2	2236	2
1	2	2237	4
1	2	2238	0
1	2	2239	0
1	2	2240	1
1	2	2241	0
1	2	2242	0
1	2	2243	0
1	2	2244	7
1	2	2245	0
1	2	2246	0
1	2	2247	1
1	2	2248	1
1	2	2249	0
1	2	2250	0
1	2	2251	0
1	2	2252	5
1	2	2253	4
1	2	2254	0
1	2	2255	2
1	2	2256	0
1	2	2257	0
1	2	2258	13
1	2	2259	0
1	2	2260	0
1	2	2261	1
1	2	2262	0
1	2	2263	0
1	2	2264	0
1	2	2265	4
1	2	2266	2
1	2	2267	15
1	2	2268	0
1	2	2269	0
1	2	2270	0
1	2	2271	0
1	2	2272	0
1	2	2273	0
1	2	2274	1
1	2	2275	0
1	2	2276	4
1	2	2277	0
1	2	2278	0
1	2	2279	0
1	2	2280	0
1	2	2281	8
1	2	2282	0
1	2	2283	7
1	2	2284	0
1	2	2285	0
1	2	2286	0
1	2	2287	0
1	2	2288	0
1	2	2289	1
1	2	2290	0
1	2	2291	0
1	2	2292	0
1	2	2293	0
1	2	2294	1
1	2	2295	13
1	2	2296	0
1	2	2297	0
1	2	2298	0
1	2	2299	3
1	2	2300	3
1	2	2301	0
1	2	2302	4
1	2	2303	0
1	2	2304	0
1	2	2305	0
1	2	2306	1
1	2	2307	0
1	2	2308	0
1	2	2309	0
1	2	2310	0
1	2	2311	0
1	2	2312	3
1	2	2313	0
1	2	2314	0
1	2	2315	7
1	2	2316	0
1	2	2317	0
1	2	2318	0
1	2	2319	13
1	2	2320	0
1	2	2321	0
1	2	2322	0
1	2	2323	5
1	2	2324	5
1	2	2325	0
1	2	2326	0
1	2	2327	0
1	2	2328	9
1	2	2329	0
1	2	2330	0
1	2	2331	0
1	2	2332	1
1	2	2333	0
1	2	2334	0
1	2	2335	2
1	2	2336	0
1	2	2337	0
1	2	2338	0
1	2	2339	0
1	2	2340	5
1	2	2341	2
1	2	2342	0
1	2	2343	2
1	2	2344	9
1	2	2345	3
1	2	2346	0
1	2	2347	2
1	2	2348	0
1	2	2349	0
1	2	2350	1
1	2	2351	0
1	2	2352	4
1	2	2353	2
1	2	2354	0
1	2	2355	0
1	2	2356	0
1	2	2357	0
1	2	2358	0
1	2	2359	0
1	2	2360	1
1	2	2361	7
1	2	2362	0
1	2	2363	0
1	2	2364	15
1	2	2365	0
1	2	2366	1
1	2	2367	0
1	2	2368	0
1	2	2369	3
1	2	2370	0
1	2	2371	0
1	2	2372	0
1	2	2373	1
1	2	2374	2
1	2	2375	0
1	2	2376	1
1	2	2377	0
1	2	2378	12
1	2	2379	6
1	2	2380	0
1	2	2381	4
1	2	2382	0
1	2	2383	0
1	2	2384	6
1	2	2385	1
1	2	2386	3
1	2	2387	0
1	2	2388	0
1	2	2389	14
1	2	2390	0
1	2	2391	0
1	2	2392	7
1	2	2393	2
1	2	2394	5
1	2	2395	11
1	2	2396	0
1	2	2397	0
1	2	2398	0
1	2	2399	0
1	2	2400	0
1	2	2401	0
1	2	2402	0
1	2	2403	0
1	2	2404	0
1	2	2405	0
1	2	2406	0
1	2	2407	0
1	2	2408	0
1	2	2409	0
1	2	2410	0
1	2	2411	0
1	2	2412	3
1	2	2413	0
1	2	2414	0
1	2	2415	0
1	2	2416	5
1	2	2417	0
1	2	2418	0
1	2	2419	2
1	2	2420	0
1	2	2421	0
1	2	2422	0
1	2	2423	16
1	2	2424	1
1	2	2425	20
1	2	2426	0
1	2	2427	0
1	2	2428	0
1	2	2429	0
1	2	2430	5
1	2	2431	0
1	2	2432	0
1	2	2433	0
1	2	2434	6
1	2	2435	0
1	2	2436	3
1	2	2437	5
1	2	2438	7
1	2	2439	0
1	2	2440	0
1	2	2441	0
1	2	2442	0
1	2	2443	0
1	2	2444	1
1	2	2445	0
1	2	2446	6
1	2	2447	0
1	2	2448	4
1	2	2449	2
1	2	2450	3
1	2	2451	0
1	2	2452	0
1	2	2453	0
1	2	2454	0
1	2	2455	0
1	2	2456	1
1	2	2457	11
1	2	2458	0
1	2	2459	0
1	2	2460	3
1	2	2461	0
1	2	2462	0
1	2	2463	0
1	2	2464	3
1	2	2465	0
1	2	2466	0
1	2	2467	0
1	2	2468	0
1	2	2469	0
1	2	2470	5
1	2	2471	1
1	2	2472	2
1	2	2473	0
1	2	2474	2
1	2	2475	0
1	2	2476	0
1	2	2477	11
1	2	2478	7
1	2	2479	3
1	2	2480	0
1	2	2481	0
1	2	2482	0
1	2	2483	0
1	2	2484	0
1	2	2485	0
1	2	2486	5
1	2	2487	0
1	2	2488	0
1	2	2489	15
1	2	2490	0
1	2	2491	0
1	2	2492	0
1	2	2493	0
1	2	2494	5
1	2	2495	0
1	2	2496	0
1	2	2497	0
1	2	2498	1
1	2	2499	3
1	2	2500	0
1	2	2501	0
1	2	2502	0
1	2	2503	1
1	2	2504	0
1	2	2505	0
1	2	2506	0
1	2	2507	1
1	2	2508	2
1	2	2509	9
1	2	2510	0
1	2	2511	4
1	2	2512	0
1	2	2513	2
1	2	2514	2
1	2	2515	1
1	2	2516	3
1	2	2517	4
1	2	2518	0
1	2	2519	2
1	2	2520	17
1	2	2521	0
1	2	2522	8
1	2	2523	0
1	2	2524	0
1	2	2525	1
1	2	2526	0
1	2	2527	0
1	2	2528	6
1	2	2529	2
1	2	2530	0
1	2	2531	0
1	2	2532	16
1	2	2533	0
1	2	2534	0
1	2	2535	13
1	2	2536	0
1	2	2537	0
1	2	2538	0
1	2	2539	0
1	2	2540	3
1	2	2541	0
1	2	2542	2
1	2	2543	0
1	2	2544	2
1	2	2545	0
1	2	2546	10
1	2	2547	0
1	2	2548	0
1	2	2549	3
1	2	2550	0
1	2	2551	0
1	2	2552	0
1	2	2553	0
1	2	2554	3
1	2	2555	0
1	2	2556	1
1	2	2557	0
1	2	2558	0
1	2	2559	7
1	2	2560	0
1	2	2561	0
1	2	2562	2
1	2	2563	0
1	2	2564	0
1	2	2565	0
1	2	2566	0
1	2	2567	1
1	2	2568	6
1	2	2569	0
1	2	2570	0
1	2	2571	0
1	2	2572	0
1	2	2573	0
1	2	2574	0
1	2	2575	0
1	2	2576	0
1	2	2577	2
1	2	2578	0
1	2	2579	27
1	2	2580	0
1	2	2581	0
1	2	2582	0
1	2	2583	0
1	2	2584	1
1	2	2585	0
1	2	2586	0
1	2	2587	1
1	2	2588	0
1	2	2589	0
1	2	2590	9
1	2	2591	1
1	2	2592	0
1	2	2593	7
1	2	2594	0
1	2	2595	0
1	2	2596	0
1	2	2597	0
1	2	2598	0
1	2	2599	0
1	2	2600	4
1	2	2601	0
1	2	2602	9
1	2	2603	1
1	2	2604	0
1	2	2605	0
1	2	2606	0
1	2	2607	0
1	2	2608	0
1	2	2609	0
1	2	2610	1
1	2	2611	0
1	2	2612	0
1	2	2613	0
1	2	2614	0
1	2	2615	1
1	2	2616	0
1	2	2617	0
1	2	2618	0
1	2	2619	18
1	2	2620	3
1	2	2621	1
1	2	2622	0
1	2	2623	3
1	2	2624	0
1	2	2625	2
1	2	2626	0
1	2	2627	0
1	2	2628	0
1	2	2629	0
1	2	2630	13
1	2	2631	13
1	2	2632	0
1	2	2633	0
1	2	2634	0
1	2	2635	2
1	2	2636	0
1	2	2637	0
1	2	2638	0
1	2	2639	0
1	2	2640	0
1	2	2641	7
1	2	2642	0
1	2	2643	0
1	2	2644	9
1	2	2645	0
1	2	2646	0
1	2	2647	0
1	2	2648	0
1	2	2649	0
1	2	2650	0
1	2	2651	0
1	2	2652	0
1	2	2653	0
1	2	2654	0
1	2	2655	0
1	2	2656	4
1	2	2657	0
1	2	2658	7
1	2	2659	2
1	2	2660	1
1	2	2661	0
1	2	2662	16
1	2	2663	0
1	2	2664	0
1	2	2665	0
1	2	2666	0
1	2	2667	2
1	2	2668	3
1	2	2669	0
1	2	2670	0
1	2	2671	0
1	2	2672	0
1	2	2673	6
1	2	2674	0
1	2	2675	18
1	2	2676	0
1	2	2677	4
1	2	2678	1
1	2	2679	1
1	2	2680	0
1	2	2681	6
1	2	2682	1
1	2	2683	0
1	2	2684	1
1	2	2685	3
1	2	2686	8
1	2	2687	0
1	2	2688	1
1	2	2689	0
1	2	2690	0
1	2	2691	3
1	2	2692	6
1	2	2693	0
1	2	2694	0
1	2	2695	0
1	2	2696	0
1	2	2697	0
1	2	2698	0
1	2	2699	6
1	2	2700	0
1	2	2701	0
1	2	2702	1
1	2	2703	0
1	2	2704	0
1	2	2705	0
1	2	2706	0
1	2	2707	0
1	2	2708	0
1	2	2709	0
1	2	2710	5
1	2	2711	1
1	2	2712	0
1	2	2713	0
1	2	2714	0
1	2	2715	0
1	2	2716	1
1	2	2717	0
1	2	2718	0
1	2	2719	0
1	2	2720	5
1	2	2721	7
1	2	2722	11
1	2	2723	0
1	2	2724	4
1	2	2725	0
1	2	2726	0
1	2	2727	0
1	2	2728	0
1	2	2729	0
1	2	2730	3
1	2	2731	9
1	2	2732	1
1	2	2733	12
1	2	2734	0
1	2	2735	0
1	2	2736	0
1	2	2737	0
1	2	2738	3
1	2	2739	1
1	2	2740	2
1	2	2741	0
1	2	2742	0
1	2	2743	1
1	2	2744	0
1	2	2745	3
1	2	2746	2
1	2	2747	0
1	2	2748	0
1	2	2749	4
1	2	2750	0
1	2	2751	1
1	2	2752	0
1	2	2753	0
1	2	2754	0
1	2	2755	0
1	2	2756	0
1	2	2757	0
1	2	2758	3
1	2	2759	10
1	2	2760	1
1	2	2761	0
1	2	2762	0
1	2	2763	0
1	2	2764	0
1	2	2765	3
1	2	2766	0
1	2	2767	0
1	2	2768	0
1	2	2769	20
1	2	2770	0
1	2	2771	0
1	2	2772	0
1	2	2773	0
1	2	2774	10
1	2	2775	0
1	2	2776	0
1	2	2777	0
1	2	2778	0
1	2	2779	3
1	2	2780	0
1	2	2781	0
1	2	2782	0
1	2	2783	17
1	2	2784	7
1	2	2785	0
1	2	2786	0
1	2	2787	0
1	2	2788	0
1	2	2789	0
1	2	2790	5
1	2	2791	0
1	2	2792	0
1	2	2793	1
1	2	2794	0
1	2	2795	0
1	2	2796	0
1	2	2797	4
1	2	2798	0
1	2	2799	6
1	2	2800	2
1	2	2801	0
1	2	2802	0
1	2	2803	0
1	2	2804	1
1	2	2805	0
1	2	2806	0
1	2	2807	1
1	2	2808	8
1	2	2809	0
1	2	2810	0
1	2	2811	5
1	2	2812	1
1	2	2813	1
1	2	2814	3
1	2	2815	0
1	2	2816	0
1	2	2817	1
1	2	2818	0
1	2	2819	0
1	2	2820	0
1	2	2821	0
1	2	2822	0
1	2	2823	0
1	2	2824	0
1	2	2825	0
1	2	2826	6
1	2	2827	0
1	2	2828	0
1	2	2829	0
1	2	2830	0
1	2	2831	0
1	2	2832	0
1	2	2833	6
1	2	2834	0
1	2	2835	0
1	2	2836	0
1	2	2837	3
1	2	2838	10
1	2	2839	0
1	2	2840	0
1	2	2841	0
1	2	2842	1
1	2	2843	0
1	2	2844	8
1	2	2845	0
1	2	2846	0
1	2	2847	0
1	2	2848	5
1	2	2849	5
1	2	2850	0
1	2	2851	5
1	2	2852	0
1	2	2853	0
1	2	2854	0
1	2	2855	0
1	2	2856	2
1	2	2857	7
1	2	2858	4
1	2	2859	1
1	2	2860	0
1	2	2861	0
1	2	2862	0
1	2	2863	0
1	2	2864	0
1	2	2865	0
1	2	2866	0
1	2	2867	16
1	2	2868	0
1	2	2869	1
1	2	2870	0
1	2	2871	9
1	2	2872	5
1	2	2873	0
1	2	2874	0
1	2	2875	0
1	2	2876	0
1	2	2877	13
1	2	2878	0
1	2	2879	0
1	2	2880	6
1	2	2881	0
1	2	2882	0
1	2	2883	0
1	2	2884	0
1	2	2885	0
1	2	2886	14
1	2	2887	2
1	2	2888	1
1	2	2889	0
1	2	2890	0
1	2	2891	0
1	2	2892	2
1	2	2893	0
1	2	2894	0
1	2	2895	4
1	2	2896	8
1	2	2897	0
1	2	2898	0
1	2	2899	0
1	2	2900	0
1	2	2901	0
1	2	2902	0
1	2	2903	4
1	2	2904	0
1	2	2905	0
1	2	2906	2
1	2	2907	0
1	2	2908	0
1	2	2909	0
1	2	2910	9
1	2	2911	0
1	2	2912	0
1	2	2913	0
1	2	2914	0
1	2	2915	1
1	2	2916	0
1	2	2917	2
1	2	2918	4
1	2	2919	0
1	2	2920	0
1	2	2921	0
1	2	2922	4
1	2	2923	18
1	2	2924	0
1	2	2925	0
1	2	2926	10
1	2	2927	0
1	2	2928	2
1	2	2929	2
1	2	2930	11
1	2	2931	0
1	2	2932	1
1	2	2933	0
1	2	2934	0
1	2	2935	0
1	2	2936	2
1	2	2937	0
1	2	2938	0
1	2	2939	1
1	2	2940	0
1	2	2941	0
1	2	2942	3
1	2	2943	3
1	2	2944	6
1	2	2945	0
1	2	2946	1
1	2	2947	0
1	2	2948	0
1	2	2949	8
1	2	2950	0
1	2	2951	2
1	2	2952	1
1	2	2953	0
1	2	2954	0
1	2	2955	0
1	2	2956	0
1	2	2957	0
1	2	2958	1
1	2	2959	7
1	2	2960	9
1	2	2961	0
1	2	2962	0
1	2	2963	5
1	2	2964	0
1	2	2965	9
1	2	2966	4
1	2	2967	0
1	2	2968	0
1	2	2969	0
1	2	2970	0
1	2	2971	1
1	2	2972	0
1	2	2973	0
1	2	2974	0
1	2	2975	0
1	2	2976	0
1	2	2977	8
1	2	2978	8
1	2	2979	1
1	2	2980	0
1	2	2981	12
1	2	2982	0
1	2	2983	0
1	2	2984	0
1	2	2985	0
1	2	2986	0
1	2	2987	0
1	2	2988	0
1	2	2989	0
1	2	2990	0
1	2	2991	1
1	2	2992	0
1	2	2993	3
1	2	2994	0
1	2	2995	1
1	2	2996	0
1	2	2997	0
1	2	2998	0
1	2	2999	3
1	2	3000	7
1	2	3001	0
1	2	3002	2
1	2	3003	0
1	2	3004	0
1	2	3005	0
1	2	3006	0
1	2	3007	8
1	2	3008	5
1	2	3009	0
1	2	3010	6
1	2	3011	0
1	2	3012	0
1	2	3013	0
1	2	3014	0
1	2	3015	0
1	2	3016	0
1	2	3017	2
1	2	3018	0
1	2	3019	0
1	2	3020	3
1	2	3021	3
1	2	3022	9
1	2	3023	0
1	2	3024	0
1	2	3025	0
1	2	3026	16
1	2	3027	0
1	2	3028	0
1	2	3029	0
1	2	3030	0
1	2	3031	4
1	2	3032	0
1	2	3033	0
1	2	3034	5
1	2	3035	0
1	2	3036	16
1	2	3037	0
1	2	3038	0
1	2	3039	0
1	2	3040	9
1	2	3041	1
1	2	3042	1
1	2	3043	0
1	2	3044	2
1	2	3045	0
1	2	3046	2
1	2	3047	0
1	2	3048	0
1	2	3049	9
1	2	3050	0
1	2	3051	1
1	2	3052	8
1	2	3053	0
1	2	3054	0
1	2	3055	10
1	2	3056	0
1	2	3057	0
1	2	3058	0
1	2	3059	13
1	2	3060	0
1	2	3061	0
1	2	3062	1
1	2	3063	0
1	2	3064	0
1	2	3065	0
1	2	3066	0
1	2	3067	8
1	2	3068	0
1	2	3069	9
1	2	3070	0
1	2	3071	0
1	2	3072	0
1	2	3073	0
1	2	3074	1
1	2	3075	0
1	2	3076	0
1	2	3077	0
1	2	3078	0
1	2	3079	6
1	2	3080	0
1	2	3081	0
1	2	3082	0
1	2	3083	2
1	2	3084	0
1	2	3085	0
1	2	3086	0
1	2	3087	6
1	2	3088	0
1	2	3089	0
1	2	3090	3
1	2	3091	0
1	2	3092	0
1	2	3093	0
1	2	3094	0
1	2	3095	0
1	2	3096	0
1	2	3097	0
1	2	3098	0
1	2	3099	0
1	2	3100	3
1	2	3101	0
1	2	3102	6
1	2	3103	5
1	2	3104	0
1	2	3105	0
1	2	3106	0
1	2	3107	0
1	2	3108	5
1	2	3109	0
1	2	3110	0
1	2	3111	10
1	2	3112	5
1	2	3113	1
1	2	3114	0
1	2	3115	7
1	2	3116	0
1	2	3117	0
1	2	3118	0
1	2	3119	0
1	2	3120	6
1	2	3121	0
1	2	3122	0
1	2	3123	0
1	2	3124	0
1	2	3125	0
1	2	3126	0
1	2	3127	0
1	2	3128	0
1	2	3129	0
1	2	3130	0
1	2	3131	2
1	2	3132	13
1	2	3133	1
1	2	3134	0
1	2	3135	0
1	2	3136	11
1	2	3137	0
1	2	3138	0
1	2	3139	0
1	2	3140	0
1	2	3141	0
1	2	3142	0
1	2	3143	0
1	2	3144	0
1	2	3145	1
1	2	3146	0
1	2	3147	4
1	2	3148	0
1	2	3149	0
1	2	3150	0
1	2	3151	0
1	2	3152	0
1	2	3153	0
1	2	3154	3
1	2	3155	21
1	2	3156	0
1	2	3157	3
1	2	3158	0
1	2	3159	0
1	2	3160	0
1	2	3161	0
1	2	3162	13
1	2	3163	7
1	2	3164	0
1	2	3165	0
1	2	3166	1
1	2	3167	0
1	2	3168	0
1	2	3169	16
1	2	3170	0
1	2	3171	0
1	2	3172	0
1	2	3173	3
1	2	3174	2
1	2	3175	4
1	2	3176	0
1	2	3177	0
1	2	3178	0
1	2	3179	9
1	2	3180	0
1	2	3181	7
1	2	3182	0
1	2	3183	7
1	2	3184	2
1	2	3185	1
1	2	3186	0
1	2	3187	0
1	2	3188	5
1	2	3189	13
1	2	3190	0
1	2	3191	6
1	2	3192	0
1	2	3193	0
1	2	3194	1
1	2	3195	3
1	2	3196	0
1	2	3197	1
1	2	3198	0
1	2	3199	0
1	2	3200	0
1	2	3201	0
1	2	3202	1
1	2	3203	0
1	2	3204	0
1	2	3205	2
1	2	3206	1
1	2	3207	0
1	2	3208	3
1	2	3209	4
1	2	3210	0
1	2	3211	7
1	2	3212	1
1	2	3213	0
1	2	3214	0
1	2	3215	0
1	2	3216	0
1	2	3217	0
1	2	3218	0
1	2	3219	3
1	2	3220	0
1	2	3221	0
1	2	3222	0
1	2	3223	2
1	2	3224	4
1	2	3225	0
1	2	3226	0
1	2	3227	6
1	2	3228	8
1	2	3229	7
1	2	3230	2
1	2	3231	0
1	2	3232	0
1	2	3233	0
1	2	3234	0
1	2	3235	0
1	2	3236	2
1	2	3237	5
1	2	3238	0
1	2	3239	0
1	2	3240	0
1	2	3241	1
1	2	3242	0
1	2	3243	0
1	2	3244	0
1	2	3245	7
1	2	3246	0
1	2	3247	0
1	2	3248	0
1	2	3249	0
1	2	3250	0
1	2	3251	0
1	2	3252	0
1	2	3253	0
1	2	3254	0
1	2	3255	0
1	2	3256	5
1	2	3257	0
1	2	3258	0
1	2	3259	10
1	2	3260	0
1	2	3261	0
1	2	3262	0
1	2	3263	0
1	2	3264	0
1	2	3265	0
1	2	3266	9
1	2	3267	0
1	2	3268	7
1	2	3269	0
1	2	3270	0
1	2	3271	0
1	2	3272	6
1	2	3273	0
1	2	3274	0
1	2	3275	0
1	2	3276	0
1	2	3277	1
1	2	3278	1
1	2	3279	0
1	2	3280	3
1	2	3281	4
1	2	3282	0
1	2	3283	0
1	2	3284	0
1	2	3285	0
1	2	3286	0
1	2	3287	0
1	2	3288	12
1	2	3289	0
1	2	3290	0
1	2	3291	0
1	2	3292	2
1	2	3293	0
1	2	3294	0
1	2	3295	5
1	2	3296	0
1	2	3297	0
1	2	3298	9
1	2	3299	0
1	2	3300	0
1	2	3301	0
1	2	3302	2
1	2	3303	2
1	2	3304	0
1	2	3305	0
1	2	3306	0
1	2	3307	0
1	2	3308	2
1	2	3309	2
1	2	3310	0
1	2	3311	3
1	2	3312	0
1	2	3313	0
1	2	3314	0
1	2	3315	0
1	2	3316	6
1	2	3317	7
1	2	3318	0
1	2	3319	5
1	2	3320	1
1	2	3321	4
1	2	3322	0
1	2	3323	0
1	2	3324	7
1	2	3325	0
1	2	3326	0
1	2	3327	0
1	2	3328	0
1	2	3329	3
1	2	3330	0
1	2	3331	2
1	2	3332	0
1	2	3333	0
1	2	3334	0
1	2	3335	0
1	2	3336	0
1	2	3337	2
1	2	3338	0
1	2	3339	7
1	2	3340	0
1	2	3341	0
1	2	3342	0
1	2	3343	0
1	2	3344	6
1	2	3345	0
1	2	3346	0
1	2	3347	0
1	2	3348	2
1	2	3349	0
1	2	3350	0
1	2	3351	0
1	2	3352	7
1	2	3353	0
1	2	3354	8
1	2	3355	1
1	2	3356	0
1	2	3357	0
1	2	3358	0
1	2	3359	2
1	2	3360	0
1	2	3361	4
1	2	3362	0
1	2	3363	0
1	2	3364	0
1	2	3365	0
1	2	3366	1
1	2	3367	5
1	2	3368	0
1	2	3369	3
1	2	3370	0
1	2	3371	6
1	2	3372	0
1	2	3373	0
1	2	3374	0
1	2	3375	2
1	2	3376	2
1	2	3377	0
1	2	3378	0
1	2	3379	13
1	2	3380	0
1	2	3381	1
1	2	3382	7
1	2	3383	0
1	2	3384	0
1	2	3385	7
1	2	3386	0
1	2	3387	0
1	2	3388	0
1	2	3389	0
1	2	3390	0
1	2	3391	0
1	2	3392	0
1	2	3393	0
1	2	3394	0
1	2	3395	0
1	2	3396	1
1	2	3397	0
1	2	3398	0
1	2	3399	12
1	2	3400	0
1	2	3401	0
1	2	3402	1
1	2	3403	0
1	2	3404	4
1	2	3405	0
1	2	3406	0
1	2	3407	3
1	2	3408	0
1	2	3409	0
1	2	3410	0
1	2	3411	0
1	2	3412	0
1	2	3413	0
1	2	3414	0
1	2	3415	0
1	2	3416	0
1	2	3417	0
1	2	3418	0
1	2	3419	0
1	2	3420	2
1	2	3421	0
1	2	3422	0
1	2	3423	0
1	2	3424	0
1	2	3425	0
1	2	3426	0
1	2	3427	0
1	2	3428	0
1	2	3429	0
1	2	3430	0
1	2	3431	0
1	2	3432	0
1	2	3433	0
1	2	3434	9
1	2	3435	2
1	2	3436	0
1	2	3437	19
1	2	3438	0
1	2	3439	2
1	2	3440	2
1	2	3441	1
1	2	3442	0
1	2	3443	0
1	2	3444	0
1	2	3445	0
1	2	3446	9
1	2	3447	6
1	2	3448	0
1	2	3449	0
1	2	3450	4
1	2	3451	5
1	2	3452	0
1	2	3453	7
1	2	3454	1
1	2	3455	0
1	2	3456	6
1	2	3457	1
1	2	3458	0
1	2	3459	4
1	2	3460	0
1	2	3461	4
1	2	3462	6
1	2	3463	0
1	2	3464	0
1	2	3465	4
1	2	3466	0
1	2	3467	0
1	2	3468	2
1	2	3469	0
1	2	3470	0
1	2	3471	0
1	2	3472	0
1	2	3473	2
1	2	3474	0
1	2	3475	5
1	2	3476	0
1	2	3477	0
1	2	3478	0
1	2	3479	2
1	2	3480	5
1	2	3481	0
1	2	3482	3
1	2	3483	12
1	2	3484	0
1	2	3485	0
1	2	3486	1
1	2	3487	1
1	2	3488	0
1	2	3489	0
1	2	3490	0
1	2	3491	0
1	2	3492	0
1	2	3493	0
1	2	3494	0
1	2	3495	5
1	2	3496	3
1	2	3497	0
1	2	3498	0
1	2	3499	1
1	2	3500	11
1	2	3501	14
1	2	3502	1
1	2	3503	4
1	2	3504	0
1	2	3505	1
1	2	3506	0
1	2	3507	0
1	2	3508	0
1	2	3509	0
1	2	3510	0
1	2	3511	0
1	2	3512	5
1	2	3513	0
1	2	3514	5
1	2	3515	0
1	2	3516	0
1	2	3517	0
1	2	3518	1
1	2	3519	2
1	2	3520	1
1	2	3521	0
1	2	3522	1
1	2	3523	0
1	2	3524	6
1	2	3525	0
1	2	3526	0
1	2	3527	4
1	2	3528	0
1	2	3529	2
1	2	3530	1
1	2	3531	0
1	2	3532	0
1	2	3533	4
1	2	3534	1
1	2	3535	0
1	2	3536	2
1	2	3537	0
1	2	3538	0
1	2	3539	0
1	2	3540	1
1	2	3541	0
1	2	3542	0
1	2	3543	0
1	2	3544	2
1	2	3545	0
1	2	3546	0
1	2	3547	0
1	2	3548	0
1	2	3549	0
1	2	3550	0
1	2	3551	0
1	2	3552	2
1	2	3553	0
1	2	3554	0
1	2	3555	8
1	2	3556	0
1	2	3557	0
1	2	3558	9
1	2	3559	4
1	2	3560	0
1	2	3561	4
1	2	3562	0
1	2	3563	0
1	2	3564	0
1	2	3565	1
1	2	3566	0
1	2	3567	2
1	2	3568	4
1	2	3569	0
1	2	3570	0
1	2	3571	0
1	2	3572	2
1	2	3573	0
1	2	3574	0
1	2	3575	9
1	2	3576	3
1	2	3577	2
1	2	3578	0
1	2	3579	18
1	2	3580	0
1	2	3581	0
1	2	3582	10
1	2	3583	0
1	2	3584	6
1	2	3585	2
1	2	3586	0
1	2	3587	9
1	2	3588	0
1	2	3589	0
1	2	3590	0
1	2	3591	0
1	2	3592	3
1	2	3593	0
1	2	3594	0
1	2	3595	8
1	2	3596	13
1	2	3597	1
1	2	3598	0
1	2	3599	0
1	2	3600	0
1	2	3601	0
1	2	3602	0
1	2	3603	0
1	2	3604	13
1	2	3605	2
1	2	3606	0
1	2	3607	0
1	2	3608	0
1	2	3609	0
1	2	3610	13
1	2	3611	0
1	2	3612	0
1	2	3613	5
1	2	3614	3
1	2	3615	0
1	2	3616	0
1	2	3617	0
1	2	3618	1
1	2	3619	2
1	2	3620	0
1	2	3621	3
1	2	3622	0
1	2	3623	1
1	2	3624	0
1	2	3625	0
1	2	3626	13
1	2	3627	0
1	2	3628	0
1	2	3629	1
1	2	3630	0
1	2	3631	2
1	2	3632	0
1	2	3633	5
1	2	3634	2
1	2	3635	0
1	2	3636	0
1	2	3637	0
1	2	3638	0
1	2	3639	0
1	2	3640	1
1	2	3641	0
1	2	3642	3
1	2	3643	0
1	2	3644	1
1	2	3645	0
1	2	3646	0
1	2	3647	0
1	2	3648	0
1	2	3649	0
1	2	3650	4
1	2	3651	0
1	2	3652	3
1	2	3653	0
1	2	3654	2
1	2	3655	0
1	2	3656	0
1	2	3657	0
1	2	3658	0
1	2	3659	0
1	2	3660	4
1	2	3661	0
1	2	3662	11
1	2	3663	0
1	2	3664	0
1	2	3665	0
1	2	3666	1
1	2	3667	0
1	2	3668	0
1	2	3669	7
1	2	3670	0
1	2	3671	2
1	2	3672	0
1	2	3673	0
1	2	3674	0
1	2	3675	10
1	2	3676	0
1	2	3677	16
1	2	3678	0
1	2	3679	0
1	2	3680	0
1	2	3681	0
1	2	3682	0
1	2	3683	0
1	2	3684	0
1	2	3685	0
1	2	3686	0
1	2	3687	7
1	2	3688	6
1	2	3689	8
1	2	3690	0
1	2	3691	2
1	2	3692	0
1	2	3693	0
1	2	3694	0
1	2	3695	0
1	2	3696	1
1	2	3697	0
1	2	3698	0
1	2	3699	13
1	2	3700	17
1	2	3701	0
1	2	3702	2
1	2	3703	0
1	2	3704	0
1	2	3705	0
1	2	3706	2
1	2	3707	7
1	2	3708	0
1	2	3709	0
1	2	3710	4
1	2	3711	0
1	2	3712	0
1	2	3713	0
1	2	3714	1
1	2	3715	0
1	2	3716	2
1	2	3717	0
1	2	3718	0
1	2	3719	7
1	2	3720	0
1	2	3721	13
1	2	3722	15
1	2	3723	15
1	2	3724	1
1	2	3725	8
1	2	3726	0
1	2	3727	5
1	2	3728	4
1	2	3729	10
1	2	3730	4
1	2	3731	1
1	2	3732	4
1	2	3733	0
1	2	3734	0
1	2	3735	0
1	2	3736	0
1	2	3737	0
1	2	3738	0
1	2	3739	0
1	2	3740	0
1	2	3741	0
1	2	3742	0
1	2	3743	18
1	2	3744	0
1	2	3745	5
1	2	3746	0
1	2	3747	1
1	2	3748	0
1	2	3749	0
1	2	3750	6
1	2	3751	0
1	2	3752	6
1	2	3753	1
1	2	3754	2
1	2	3755	0
1	2	3756	0
1	2	3757	0
1	2	3758	0
1	2	3759	4
1	2	3760	0
1	2	3761	0
1	2	3762	3
1	2	3763	0
1	2	3764	0
1	2	3765	0
1	2	3766	2
1	2	3767	2
1	2	3768	0
1	2	3769	0
1	2	3770	0
1	2	3771	0
1	2	3772	0
1	2	3773	0
1	2	3774	0
1	2	3775	0
1	2	3776	4
1	2	3777	0
1	2	3778	0
1	2	3779	0
1	2	3780	0
1	2	3781	0
1	2	3782	1
1	2	3783	2
1	2	3784	0
1	2	3785	0
1	2	3786	0
1	2	3787	0
1	2	3788	8
1	2	3789	0
1	2	3790	0
1	2	3791	0
1	2	3792	4
1	2	3793	0
1	2	3794	0
1	2	3795	3
1	2	3796	0
1	2	3797	0
1	2	3798	0
1	2	3799	4
1	2	3800	6
1	2	3801	0
1	2	3802	0
1	2	3803	0
1	2	3804	3
1	2	3805	5
1	2	3806	0
1	2	3807	0
1	2	3808	0
1	2	3809	0
1	2	3810	0
1	2	3811	0
1	2	3812	0
1	2	3813	0
1	2	3814	0
1	2	3815	0
1	2	3816	0
1	2	3817	0
1	2	3818	5
1	2	3819	0
1	2	3820	0
1	2	3821	2
1	2	3822	0
1	2	3823	14
1	2	3824	0
1	2	3825	12
1	2	3826	0
1	2	3827	0
1	2	3828	2
1	2	3829	0
1	2	3830	7
1	2	3831	0
1	2	3832	7
1	2	3833	0
1	2	3834	5
1	2	3835	0
1	2	3836	0
1	2	3837	0
1	2	3838	0
1	2	3839	0
1	2	3840	2
1	2	3841	0
1	2	3842	3
1	2	3843	0
1	2	3844	2
1	2	3845	0
1	2	3846	0
1	2	3847	0
1	2	3848	9
1	2	3849	0
1	2	3850	0
1	2	3851	0
1	2	3852	0
1	2	3853	0
1	2	3854	0
1	2	3855	0
1	2	3856	0
1	2	3857	0
1	2	3858	0
1	2	3859	0
1	2	3860	1
1	2	3861	0
1	2	3862	0
1	2	3863	2
1	2	3864	0
1	2	3865	2
1	2	3866	0
1	2	3867	1
1	2	3868	0
1	2	3869	0
1	2	3870	12
1	2	3871	0
1	2	3872	3
1	2	3873	2
1	2	3874	9
1	2	3875	0
1	2	3876	8
1	2	3877	8
1	2	3878	3
1	2	3879	18
1	2	3880	0
1	2	3881	0
1	2	3882	2
1	2	3883	0
1	2	3884	0
1	2	3885	13
1	2	3886	0
1	2	3887	1
1	2	3888	5
1	2	3889	4
1	2	3890	0
1	2	3891	0
1	2	3892	0
1	2	3893	0
1	2	3894	0
1	2	3895	0
1	2	3896	0
1	2	3897	0
1	2	3898	0
1	2	3899	0
1	2	3900	6
1	2	3901	0
1	2	3902	0
1	2	3903	0
1	2	3904	0
1	2	3905	0
1	2	3906	0
1	2	3907	0
1	2	3908	20
1	2	3909	0
1	2	3910	0
1	2	3911	0
1	2	3912	0
1	2	3913	7
1	2	3914	0
1	2	3915	2
1	2	3916	2
1	2	3917	13
1	2	3918	0
1	2	3919	2
1	2	3920	0
1	2	3921	6
1	2	3922	0
1	2	3923	0
1	2	3924	8
1	2	3925	0
1	2	3926	5
1	2	3927	0
1	2	3928	0
1	2	3929	2
1	2	3930	5
1	2	3931	6
1	2	3932	0
1	2	3933	0
1	2	3934	0
1	2	3935	0
1	2	3936	0
1	2	3937	0
1	2	3938	0
1	2	3939	0
1	2	3940	0
1	2	3941	0
1	2	3942	6
1	2	3943	15
1	2	3944	0
1	2	3945	0
1	2	3946	0
1	2	3947	0
1	2	3948	2
1	2	3949	0
1	2	3950	0
1	2	3951	3
1	2	3952	0
1	2	3953	0
1	2	3954	0
1	2	3955	0
1	2	3956	3
1	2	3957	1
1	2	3958	0
1	2	3959	4
1	2	3960	0
1	2	3961	0
1	2	3962	0
1	2	3963	2
1	2	3964	1
1	2	3965	0
1	2	3966	9
1	2	3967	0
1	2	3968	0
1	2	3969	0
1	2	3970	0
1	2	3971	0
1	2	3972	0
1	2	3973	0
1	2	3974	12
1	2	3975	3
1	2	3976	0
1	2	3977	0
1	2	3978	0
1	2	3979	3
1	2	3980	0
1	2	3981	5
1	2	3982	0
1	2	3983	1
1	2	3984	0
1	2	3985	0
1	2	3986	5
1	2	3987	0
1	2	3988	15
1	2	3989	0
1	2	3990	0
1	2	3991	9
1	2	3992	0
1	2	3993	0
1	2	3994	0
1	2	3995	11
1	2	3996	0
1	2	3997	9
1	2	3998	0
1	2	3999	0
1	2	4000	0
1	2	4001	7
1	2	4002	0
1	2	4003	0
1	2	4004	0
1	2	4005	0
1	2	4006	4
1	2	4007	0
1	2	4008	0
1	2	4009	0
1	2	4010	0
1	2	4011	2
1	2	4012	1
1	2	4013	0
1	2	4014	0
1	2	4015	0
1	2	4016	5
1	2	4017	0
1	2	4018	0
1	2	4019	5
1	2	4020	0
1	2	4021	0
1	2	4022	0
1	2	4023	0
1	2	4024	0
1	2	4025	0
1	2	4026	0
1	2	4027	10
1	2	4028	8
1	2	4029	0
1	2	4030	0
1	2	4031	0
1	2	4032	16
1	2	4033	0
1	2	4034	2
1	2	4035	0
1	2	4036	0
1	2	4037	0
1	2	4038	0
1	2	4039	2
1	2	4040	0
1	2	4041	0
1	2	4042	0
1	2	4043	0
1	2	4044	7
1	2	4045	0
1	2	4046	0
1	2	4047	5
1	2	4048	9
1	2	4049	0
1	2	4050	0
1	2	4051	0
1	2	4052	0
1	2	4053	0
1	2	4054	0
1	2	4055	0
1	2	4056	18
1	2	4057	0
1	2	4058	18
1	2	4059	0
1	2	4060	0
1	2	4061	0
1	2	4062	7
1	2	4063	4
1	2	4064	0
1	2	4065	3
1	2	4066	7
1	2	4067	2
1	2	4068	0
1	2	4069	0
1	2	4070	4
1	2	4071	0
1	2	4072	0
1	2	4073	1
1	2	4074	0
1	2	4075	0
1	2	4076	1
1	2	4077	0
1	2	4078	4
1	2	4079	6
1	2	4080	0
1	2	4081	0
1	2	4082	0
1	2	4083	0
1	2	4084	3
1	2	4085	0
1	2	4086	0
1	2	4087	4
1	2	4088	0
1	2	4089	0
1	2	4090	7
1	2	4091	0
1	2	4092	0
1	2	4093	2
1	2	4094	12
1	2	4095	0
1	2	4096	0
1	2	4097	11
1	2	4098	10
1	2	4099	3
1	2	4100	11
1	2	4101	2
1	2	4102	0
1	2	4103	0
1	2	4104	3
1	2	4105	31
1	2	4106	0
1	2	4107	0
1	2	4108	3
1	2	4109	0
1	2	4110	3
1	2	4111	0
1	2	4112	0
1	2	4113	3
1	2	4114	0
1	2	4115	0
1	2	4116	16
1	2	4117	8
1	2	4118	2
1	2	4119	0
1	2	4120	0
1	2	4121	0
1	2	4122	0
1	2	4123	0
1	2	4124	2
1	2	4125	0
1	2	4126	0
1	2	4127	0
1	2	4128	2
1	2	4129	7
1	2	4130	7
1	2	4131	0
1	2	4132	0
1	2	4133	1
1	2	4134	3
1	2	4135	0
1	2	4136	0
1	2	4137	1
1	2	4138	1
1	2	4139	6
1	2	4140	0
1	2	4141	0
1	2	4142	3
1	2	4143	0
1	2	4144	0
1	2	4145	0
1	2	4146	1
1	2	4147	0
1	2	4148	0
1	2	4149	0
1	2	4150	0
1	2	4151	0
1	2	4152	1
1	2	4153	1
1	2	4154	4
1	2	4155	0
1	2	4156	0
1	2	4157	0
1	2	4158	3
1	2	4159	0
1	2	4160	0
1	2	4161	0
1	2	4162	0
1	2	4163	0
1	2	4164	1
1	2	4165	0
1	2	4166	0
1	2	4167	2
1	2	4168	0
1	2	4169	0
1	2	4170	6
1	2	4171	1
1	2	4172	1
1	2	4173	0
1	2	4174	3
1	2	4175	0
1	2	4176	0
1	2	4177	17
1	2	4178	0
1	2	4179	0
1	2	4180	0
1	2	4181	0
1	2	4182	0
1	2	4183	0
1	2	4184	0
1	2	4185	4
1	2	4186	0
1	2	4187	5
1	2	4188	0
1	2	4189	0
1	2	4190	14
1	2	4191	0
1	2	4192	0
1	2	4193	2
1	2	4194	8
1	2	4195	0
1	2	4196	2
1	2	4197	0
1	2	4198	0
1	2	4199	0
1	2	4200	0
1	2	4201	1
1	2	4202	8
1	2	4203	0
1	2	4204	0
1	2	4205	0
1	2	4206	0
1	2	4207	0
1	2	4208	5
1	2	4209	0
1	2	4210	0
1	2	4211	0
1	2	4212	1
1	2	4213	3
1	2	4214	0
1	2	4215	0
1	2	4216	2
1	2	4217	8
1	2	4218	0
1	2	4219	0
1	2	4220	0
1	2	4221	1
1	2	4222	0
1	2	4223	0
1	2	4224	0
1	2	4225	0
1	2	4226	0
1	2	4227	6
1	2	4228	0
1	2	4229	0
1	2	4230	3
1	2	4231	0
1	2	4232	0
1	2	4233	4
1	2	4234	0
1	2	4235	1
1	2	4236	0
1	2	4237	0
1	2	4238	0
1	2	4239	9
1	2	4240	0
1	2	4241	0
1	2	4242	0
1	2	4243	0
1	2	4244	0
1	2	4245	10
1	2	4246	0
1	2	4247	0
1	2	4248	0
1	2	4249	0
1	2	4250	0
1	2	4251	0
1	2	4252	0
1	2	4253	0
1	2	4254	0
1	2	4255	0
1	2	4256	0
1	2	4257	2
1	2	4258	6
1	2	4259	13
1	2	4260	0
1	2	4261	0
1	2	4262	0
1	2	4263	0
1	2	4264	3
1	2	4265	0
1	2	4266	0
1	2	4267	6
1	2	4268	0
1	2	4269	0
1	2	4270	0
1	2	4271	0
1	2	4272	0
1	2	4273	0
1	2	4274	1
1	2	4275	0
1	2	4276	0
1	2	4277	0
1	2	4278	5
1	2	4279	0
1	2	4280	0
1	2	4281	0
1	2	4282	6
1	2	4283	0
1	2	4284	0
1	2	4285	0
1	2	4286	0
1	2	4287	0
1	2	4288	0
1	2	4289	0
1	2	4290	13
1	2	4291	7
1	2	4292	7
1	2	4293	0
1	2	4294	0
1	2	4295	5
1	2	4296	1
1	2	4297	3
1	2	4298	6
1	2	4299	0
1	2	4300	0
1	2	4301	0
1	2	4302	0
1	2	4303	0
1	2	4304	0
1	2	4305	0
1	2	4306	1
1	2	4307	3
1	2	4308	0
1	2	4309	0
1	2	4310	2
1	2	4311	2
1	2	4312	7
1	2	4313	0
1	2	4314	0
1	2	4315	0
1	2	4316	0
1	2	4317	0
1	2	4318	8
1	2	4319	0
1	2	4320	25
1	2	4321	0
1	2	4322	7
1	2	4323	0
1	2	4324	0
1	2	4325	0
1	2	4326	0
1	2	4327	0
1	2	4328	0
1	2	4329	0
1	2	4330	0
1	2	4331	1
1	2	4332	0
1	2	4333	6
1	2	4334	0
1	2	4335	0
1	2	4336	2
1	2	4337	0
1	2	4338	0
1	2	4339	0
1	2	4340	0
1	2	4341	5
1	2	4342	0
1	2	4343	0
1	2	4344	22
1	2	4345	15
1	2	4346	0
1	2	4347	0
1	2	4348	9
1	2	4349	2
1	2	4350	2
1	2	4351	0
1	2	4352	0
1	2	4353	0
1	2	4354	0
1	2	4355	1
1	2	4356	1
1	2	4357	2
1	2	4358	2
1	2	4359	0
1	2	4360	0
1	2	4361	0
1	2	4362	0
1	2	4363	0
1	2	4364	0
1	2	4365	0
1	2	4366	0
1	2	4367	2
1	2	4368	5
1	2	4369	0
1	2	4370	0
1	2	4371	0
1	2	4372	0
1	2	4373	0
1	2	4374	6
1	2	4375	5
1	2	4376	0
1	2	4377	13
1	2	4378	0
1	2	4379	0
1	2	4380	3
1	2	4381	7
1	2	4382	0
1	2	4383	2
1	2	4384	0
1	2	4385	0
1	2	4386	0
1	2	4387	0
1	2	4388	0
1	2	4389	0
1	2	4390	0
1	2	4391	0
1	2	4392	0
1	2	4393	1
1	2	4394	0
1	2	4395	0
1	2	4396	1
1	2	4397	0
1	2	4398	1
1	2	4399	4
1	2	4400	0
1	2	4401	0
1	2	4402	0
1	2	4403	0
1	2	4404	0
1	2	4405	0
1	2	4406	1
1	2	4407	0
1	2	4408	1
1	2	4409	0
1	2	4410	0
1	2	4411	1
1	2	4412	0
1	2	4413	0
1	2	4414	10
1	2	4415	0
1	2	4416	4
1	2	4417	0
1	2	4418	0
1	2	4419	0
1	2	4420	0
1	2	4421	0
1	2	4422	0
1	2	4423	2
1	2	4424	0
1	2	4425	0
1	2	4426	0
1	2	4427	0
1	2	4428	5
1	2	4429	1
1	2	4430	0
1	2	4431	0
1	2	4432	0
1	2	4433	0
1	2	4434	0
1	2	4435	0
1	2	4436	4
1	2	4437	0
1	2	4438	0
1	2	4439	0
1	2	4440	0
1	2	4441	1
1	2	4442	0
1	2	4443	0
1	2	4444	0
1	2	4445	0
1	2	4446	1
1	2	4447	0
1	2	4448	7
1	2	4449	2
1	2	4450	0
1	2	4451	0
1	2	4452	0
1	2	4453	1
1	2	4454	0
1	2	4455	0
1	2	4456	5
1	2	4457	6
1	2	4458	1
1	2	4459	0
1	2	4460	8
1	2	4461	0
1	2	4462	0
1	2	4463	9
1	2	4464	0
1	2	4465	0
1	2	4466	0
1	2	4467	0
1	2	4468	2
1	2	4469	0
1	2	4470	0
1	2	4471	0
1	2	4472	0
1	2	4473	0
1	2	4474	5
1	2	4475	0
1	2	4476	0
1	2	4477	0
1	2	4478	0
1	2	4479	0
1	2	4480	8
1	2	4481	0
1	2	4482	0
1	2	4483	8
1	2	4484	3
1	2	4485	0
1	2	4486	0
1	2	4487	0
1	2	4488	5
1	2	4489	3
1	2	4490	0
1	2	4491	0
1	2	4492	0
1	2	4493	0
1	2	4494	4
1	2	4495	2
1	2	4496	6
1	2	4497	4
1	2	4498	0
1	2	4499	0
1	2	4500	0
1	2	4501	0
1	2	4502	0
1	2	4503	0
1	2	4504	2
1	2	4505	2
1	2	4506	0
1	2	4507	2
1	2	4508	0
1	2	4509	0
1	2	4510	8
1	2	4511	5
1	2	4512	1
1	2	4513	3
1	2	4514	0
1	2	4515	0
1	2	4516	0
1	2	4517	0
1	2	4518	0
1	2	4519	0
1	2	4520	0
1	2	4521	7
1	2	4522	0
1	2	4523	0
1	2	4524	0
1	2	4525	1
1	2	4526	0
1	2	4527	4
1	2	4528	9
1	2	4529	5
1	2	4530	0
1	2	4531	0
1	2	4532	0
1	2	4533	13
1	2	4534	0
1	2	4535	0
1	2	4536	0
1	2	4537	0
1	2	4538	1
1	2	4539	0
1	2	4540	3
1	2	4541	0
1	2	4542	2
1	2	4543	0
1	2	4544	0
1	2	4545	0
1	2	4546	0
1	2	4547	1
1	2	4548	5
1	2	4549	2
1	2	4550	2
1	2	4551	4
1	2	4552	5
1	2	4553	11
1	2	4554	21
1	2	4555	0
1	2	4556	0
1	2	4557	1
1	2	4558	0
1	2	4559	0
1	2	4560	6
1	2	4561	0
1	2	4562	7
1	2	4563	0
1	2	4564	0
1	2	4565	0
1	2	4566	0
1	2	4567	0
1	2	4568	5
1	2	4569	0
1	2	4570	1
1	2	4571	2
1	2	4572	1
1	2	4573	1
1	2	4574	0
1	2	4575	1
1	2	4576	0
1	2	4577	0
1	2	4578	11
1	2	4579	0
1	2	4580	1
1	2	4581	0
1	2	4582	7
1	2	4583	0
1	2	4584	0
1	2	4585	0
1	2	4586	0
1	2	4587	0
1	2	4588	0
1	2	4589	3
1	2	4590	0
1	2	4591	0
1	2	4592	31
1	2	4593	0
1	2	4594	0
1	2	4595	1
1	2	4596	0
1	2	4597	0
1	2	4598	0
1	2	4599	0
1	2	4600	0
1	2	4601	0
1	2	4602	0
1	2	4603	3
1	2	4604	4
1	2	4605	0
1	2	4606	12
1	2	4607	0
1	2	4608	0
1	2	4609	0
1	2	4610	9
1	2	4611	0
1	2	4612	0
1	2	4613	0
1	2	4614	0
1	2	4615	3
1	2	4616	0
1	2	4617	4
1	2	4618	0
1	2	4619	0
1	2	4620	0
1	2	4621	0
1	2	4622	0
1	2	4623	0
1	2	4624	0
1	2	4625	0
1	2	4626	0
1	2	4627	0
1	2	4628	0
1	2	4629	0
1	2	4630	1
1	2	4631	0
1	2	4632	0
1	2	4633	0
1	2	4634	3
1	2	4635	6
1	2	4636	0
1	2	4637	0
1	2	4638	0
1	2	4639	1
1	2	4640	3
1	2	4641	1
1	2	4642	0
1	2	4643	4
1	2	4644	0
1	2	4645	0
1	2	4646	0
1	2	4647	0
1	2	4648	0
1	2	4649	0
1	2	4650	0
1	2	4651	0
1	2	4652	12
1	2	4653	0
1	2	4654	0
1	2	4655	6
1	2	4656	0
1	2	4657	11
1	2	4658	2
1	2	4659	0
1	2	4660	0
1	2	4661	0
1	2	4662	0
1	2	4663	1
1	2	4664	0
1	2	4665	14
1	2	4666	0
1	2	4667	0
1	2	4668	0
1	2	4669	1
1	2	4670	6
1	2	4671	3
1	2	4672	0
1	2	4673	0
1	2	4674	0
1	2	4675	0
1	2	4676	0
1	2	4677	2
1	2	4678	7
1	2	4679	0
1	2	4680	4
1	2	4681	0
1	2	4682	0
1	2	4683	0
1	2	4684	14
1	2	4685	0
1	2	4686	0
1	2	4687	2
1	2	4688	8
1	2	4689	0
1	2	4690	0
1	2	4691	0
1	2	4692	0
1	2	4693	2
1	2	4694	0
1	2	4695	0
1	2	4696	6
1	2	4697	0
1	2	4698	0
1	2	4699	0
1	2	4700	7
1	2	4701	0
1	2	4702	3
1	2	4703	0
1	2	4704	0
1	2	4705	0
1	2	4706	8
1	2	4707	0
1	2	4708	0
1	2	4709	0
1	2	4710	0
1	2	4711	3
1	2	4712	2
1	2	4713	4
1	2	4714	0
1	2	4715	0
1	2	4716	0
1	2	4717	1
1	2	4718	0
1	2	4719	0
1	2	4720	0
1	2	4721	0
1	2	4722	2
1	2	4723	3
1	2	4724	0
1	2	4725	4
1	2	4726	3
1	2	4727	0
1	2	4728	1
1	2	4729	0
1	2	4730	0
1	2	4731	0
1	2	4732	0
1	2	4733	3
1	2	4734	0
1	2	4735	0
1	2	4736	2
1	2	4737	0
1	2	4738	0
1	2	4739	0
1	2	4740	14
1	2	4741	0
1	2	4742	2
1	2	4743	14
1	2	4744	0
1	2	4745	0
1	2	4746	0
1	2	4747	0
1	2	4748	0
1	2	4749	2
1	2	4750	3
1	2	4751	10
1	2	4752	0
1	2	4753	0
1	2	4754	0
1	2	4755	0
1	2	4756	0
1	2	4757	1
1	2	4758	0
1	2	4759	0
1	2	4760	0
1	2	4761	0
1	2	4762	18
1	2	4763	3
1	2	4764	0
1	2	4765	0
1	2	4766	0
1	2	4767	11
1	2	4768	0
1	2	4769	8
1	2	4770	0
1	2	4771	0
1	2	4772	0
1	2	4773	0
1	2	4774	4
1	2	4775	7
1	2	4776	2
1	2	4777	0
1	2	4778	6
1	2	4779	0
1	2	4780	0
1	2	4781	3
1	2	4782	7
1	2	4783	0
1	2	4784	0
1	2	4785	3
1	2	4786	1
1	2	4787	0
1	2	4788	0
1	2	4789	0
1	2	4790	0
1	2	4791	4
1	2	4792	0
1	2	4793	5
1	2	4794	0
1	2	4795	6
1	2	4796	5
1	2	4797	0
1	2	4798	0
1	2	4799	0
1	2	4800	0
1	2	4801	0
1	2	4802	0
1	2	4803	0
1	2	4804	0
1	2	4805	0
1	2	4806	1
1	2	4807	4
1	2	4808	0
1	2	4809	7
1	2	4810	0
1	2	4811	0
1	2	4812	0
1	2	4813	0
1	2	4814	0
1	2	4815	0
1	2	4816	0
1	2	4817	10
1	2	4818	0
1	2	4819	0
1	2	4820	0
1	2	4821	0
1	2	4822	0
1	2	4823	0
1	2	4824	3
1	2	4825	0
1	2	4826	0
1	2	4827	3
1	2	4828	0
1	2	4829	0
1	2	4830	1
1	2	4831	0
1	2	4832	0
1	2	4833	0
1	2	4834	0
1	2	4835	8
1	2	4836	0
1	2	4837	4
1	2	4838	0
1	2	4839	2
1	2	4840	0
1	2	4841	7
1	2	4842	15
1	2	4843	0
1	2	4844	4
1	2	4845	0
1	2	4846	0
1	2	4847	0
1	2	4848	0
1	2	4849	1
1	2	4850	0
1	2	4851	7
1	2	4852	0
1	2	4853	0
1	2	4854	15
1	2	4855	9
1	2	4856	0
1	2	4857	0
1	2	4858	1
1	2	4859	0
1	2	4860	0
1	2	4861	5
1	2	4862	0
1	2	4863	0
1	2	4864	2
1	2	4865	20
1	2	4866	0
1	2	4867	5
1	2	4868	0
1	2	4869	0
1	2	4870	11
1	2	4871	0
1	2	4872	0
1	2	4873	1
1	2	4874	0
1	2	4875	0
1	2	4876	0
1	2	4877	0
1	2	4878	2
1	2	4879	0
1	2	4880	0
1	2	4881	1
1	2	4882	0
1	2	4883	0
1	2	4884	0
1	2	4885	0
1	2	4886	1
1	2	4887	5
1	2	4888	5
1	2	4889	0
1	2	4890	0
1	2	4891	0
1	2	4892	0
1	2	4893	1
1	2	4894	0
1	2	4895	30
1	2	4896	0
1	2	4897	0
1	2	4898	0
1	2	4899	0
1	2	4900	1
1	2	4901	3
1	2	4902	5
1	2	4903	3
1	2	4904	0
1	2	4905	0
1	2	4906	3
1	2	4907	0
1	2	4908	0
1	2	4909	13
1	2	4910	0
1	2	4911	2
1	2	4912	3
1	2	4913	0
1	2	4914	2
1	2	4915	1
1	2	4916	0
1	2	4917	0
1	2	4918	0
1	2	4919	0
1	2	4920	3
1	2	4921	0
1	2	4922	0
1	2	4923	0
1	2	4924	0
1	2	4925	0
1	2	4926	0
1	2	4927	2
1	2	4928	0
1	2	4929	3
1	2	4930	0
1	2	4931	0
1	2	4932	0
1	2	4933	0
1	2	4934	0
1	2	4935	13
1	2	4936	0
1	2	4937	0
1	2	4938	5
1	2	4939	1
1	2	4940	0
1	2	4941	2
1	2	4942	0
1	2	4943	0
1	2	4944	0
1	2	4945	1
1	2	4946	0
1	2	4947	0
1	2	4948	0
1	2	4949	0
1	2	4950	0
1	2	4951	6
1	2	4952	0
1	2	4953	0
1	2	4954	4
1	2	4955	6
1	2	4956	20
1	2	4957	0
1	2	4958	4
1	2	4959	0
1	2	4960	0
1	2	4961	0
1	2	4962	0
1	2	4963	0
1	2	4964	0
1	2	4965	12
1	2	4966	2
1	2	4967	0
1	2	4968	0
1	2	4969	0
1	2	4970	12
1	2	4971	0
1	2	4972	2
1	2	4973	0
1	2	4974	0
1	2	4975	0
1	2	4976	0
1	2	4977	3
1	2	4978	0
1	2	4979	0
1	2	4980	0
1	2	4981	0
1	2	4982	1
1	2	4983	12
1	2	4984	9
1	2	4985	2
1	2	4986	4
1	2	4987	7
1	2	4988	0
1	2	4989	0
1	2	4990	0
1	2	4991	2
1	2	4992	0
1	2	4993	9
1	2	4994	0
1	2	4995	2
1	2	4996	0
1	2	4997	0
1	2	4998	0
1	2	4999	0
1	2	5000	1
1	2	5001	5
1	2	5002	0
1	2	5003	1
1	2	5004	0
1	2	5005	9
1	2	5006	0
1	2	5007	0
1	2	5008	3
1	2	5009	0
1	2	5010	1
1	2	5011	12
1	2	5012	0
1	2	5013	0
1	2	5014	0
1	2	5015	0
1	2	5016	0
1	2	5017	2
1	2	5018	0
1	2	5019	0
1	2	5020	0
1	2	5021	0
1	2	5022	0
1	2	5023	0
1	2	5024	4
1	2	5025	0
1	2	5026	3
1	2	5027	7
1	2	5028	0
1	2	5029	0
1	2	5030	0
1	2	5031	0
1	2	5032	2
1	2	5033	0
1	2	5034	0
1	2	5035	7
1	2	5036	3
1	2	5037	0
1	2	5038	0
1	2	5039	0
1	2	5040	1
1	2	5041	0
1	2	5042	3
1	2	5043	0
1	2	5044	0
1	2	5045	9
1	2	5046	0
1	2	5047	0
1	2	5048	0
1	2	5049	7
1	2	5050	2
1	2	5051	0
1	2	5052	0
1	2	5053	0
1	2	5054	0
1	2	5055	2
1	2	5056	0
1	2	5057	11
1	2	5058	1
1	2	5059	0
1	2	5060	2
1	2	5061	0
1	2	5062	0
1	2	5063	4
1	2	5064	0
1	2	5065	0
1	2	5066	0
1	2	5067	0
1	2	5068	0
1	2	5069	0
1	2	5070	1
1	2	5071	5
1	2	5072	4
1	2	5073	0
1	2	5074	0
1	2	5075	3
1	2	5076	0
1	2	5077	3
1	2	5078	0
1	2	5079	0
1	2	5080	0
1	2	5081	0
1	2	5082	0
1	2	5083	0
1	2	5084	3
1	2	5085	0
1	2	5086	0
1	2	5087	2
1	2	5088	0
1	2	5089	0
1	2	5090	0
1	2	5091	0
1	2	5092	3
1	2	5093	0
1	2	5094	0
1	2	5095	0
1	2	5096	0
1	2	5097	0
1	2	5098	0
1	2	5099	0
1	2	5100	0
1	2	5101	3
1	2	5102	0
1	2	5103	0
1	2	5104	0
1	2	5105	13
1	2	5106	2
1	2	5107	0
1	2	5108	0
1	2	5109	0
1	2	5110	4
1	2	5111	0
1	2	5112	0
1	2	5113	7
1	2	5114	0
1	2	5115	0
1	2	5116	1
1	2	5117	0
1	2	5118	1
1	2	5119	1
1	2	5120	0
1	2	5121	0
1	2	5122	0
1	2	5123	0
1	2	5124	3
1	2	5125	0
1	2	5126	0
1	2	5127	0
1	2	5128	0
1	2	5129	0
1	2	5130	5
1	2	5131	0
1	2	5132	2
1	2	5133	0
1	2	5134	0
1	2	5135	0
1	2	5136	0
1	2	5137	5
1	2	5138	1
1	2	5139	1
1	2	5140	0
1	2	5141	10
1	2	5142	0
1	2	5143	0
1	2	5144	0
1	2	5145	2
1	2	5146	10
1	2	5147	0
1	2	5148	0
1	2	5149	1
1	2	5150	0
1	2	5151	0
1	2	5152	0
1	2	5153	0
1	2	5154	0
1	2	5155	0
1	2	5156	0
1	2	5157	0
1	2	5158	0
1	2	5159	0
1	2	5160	0
1	2	5161	0
1	2	5162	0
1	2	5163	4
1	2	5164	1
1	2	5165	1
1	2	5166	7
1	2	5167	0
1	2	5168	0
1	2	5169	4
1	2	5170	0
1	2	5171	1
1	2	5172	1
1	2	5173	0
1	2	5174	0
1	2	5175	2
1	2	5176	14
1	2	5177	0
1	2	5178	0
1	2	5179	1
1	2	5180	0
1	2	5181	0
1	2	5182	0
1	2	5183	0
1	2	5184	0
1	2	5185	7
1	2	5186	0
1	2	5187	9
1	2	5188	1
1	2	5189	2
1	2	5190	5
1	2	5191	6
1	2	5192	0
1	2	5193	0
1	2	5194	3
1	2	5195	0
1	2	5196	0
1	2	5197	0
1	2	5198	16
1	2	5199	0
1	2	5200	0
1	2	5201	0
1	2	5202	0
1	2	5203	0
1	2	5204	1
1	2	5205	0
1	2	5206	2
1	2	5207	1
1	2	5208	0
1	2	5209	1
1	2	5210	17
1	2	5211	0
1	2	5212	0
1	2	5213	0
1	2	5214	0
1	2	5215	0
1	2	5216	0
1	2	5217	0
1	2	5218	4
1	2	5219	0
1	2	5220	8
1	2	5221	2
1	2	5222	10
1	2	5223	0
1	2	5224	0
1	2	5225	0
1	2	5226	1
1	2	5227	3
1	2	5228	0
1	2	5229	0
1	2	5230	0
1	2	5231	0
1	2	5232	5
1	2	5233	2
1	2	5234	1
1	2	5235	0
1	2	5236	0
1	2	5237	4
1	2	5238	0
1	2	5239	0
1	2	5240	12
1	2	5241	3
1	2	5242	0
1	2	5243	0
1	2	5244	0
1	2	5245	3
1	2	5246	0
1	2	5247	0
1	2	5248	0
1	2	5249	20
1	2	5250	0
1	2	5251	0
1	2	5252	0
1	2	5253	0
1	2	5254	0
1	2	5255	3
1	2	5256	0
1	2	5257	0
1	2	5258	1
1	2	5259	0
1	2	5260	0
1	2	5261	0
1	2	5262	0
1	2	5263	1
1	2	5264	0
1	2	5265	4
1	2	5266	0
1	2	5267	0
1	2	5268	1
1	2	5269	0
1	2	5270	3
1	2	5271	0
1	2	5272	0
1	2	5273	0
1	2	5274	2
1	2	5275	0
1	2	5276	0
1	2	5277	0
1	2	5278	0
1	2	5279	0
1	2	5280	0
1	2	5281	0
1	2	5282	0
1	2	5283	0
1	2	5284	7
1	2	5285	0
1	2	5286	0
1	2	5287	0
1	2	5288	0
1	2	5289	5
1	2	5290	0
1	2	5291	0
1	2	5292	1
1	2	5293	3
1	2	5294	0
1	2	5295	0
1	2	5296	0
1	2	5297	0
1	2	5298	2
1	2	5299	3
1	2	5300	0
1	2	5301	0
1	2	5302	0
1	2	5303	0
1	2	5304	0
1	2	5305	0
1	2	5306	3
1	2	5307	0
1	2	5308	0
1	2	5309	0
1	2	5310	0
1	2	5311	0
1	2	5312	0
1	2	5313	0
1	2	5314	0
1	2	5315	0
1	2	5316	0
1	2	5317	0
1	2	5318	0
1	2	5319	0
1	2	5320	1
1	2	5321	0
1	2	5322	2
1	2	5323	0
1	2	5324	6
1	2	5325	0
1	2	5326	9
1	2	5327	1
1	2	5328	0
1	2	5329	10
1	2	5330	4
1	2	5331	0
1	2	5332	4
1	2	5333	0
1	2	5334	0
1	2	5335	8
1	2	5336	0
1	2	5337	0
1	2	5338	0
1	2	5339	6
1	2	5340	0
1	2	5341	0
1	2	5342	0
1	2	5343	0
1	2	5344	8
1	2	5345	0
1	2	5346	1
1	2	5347	6
1	2	5348	7
1	2	5349	0
1	2	5350	0
1	2	5351	0
1	2	5352	3
1	2	5353	3
1	2	5354	0
1	2	5355	0
1	2	5356	1
1	2	5357	0
1	2	5358	0
1	2	5359	0
1	2	5360	4
1	2	5361	0
1	2	5362	2
1	2	5363	0
1	2	5364	0
1	2	5365	0
1	2	5366	0
1	2	5367	0
1	2	5368	0
1	2	5369	0
1	2	5370	10
1	2	5371	0
1	2	5372	0
1	2	5373	1
1	2	5374	14
1	2	5375	7
1	2	5376	10
1	2	5377	1
1	2	5378	1
1	2	5379	0
1	2	5380	1
1	2	5381	0
1	2	5382	0
1	2	5383	0
1	2	5384	5
1	2	5385	2
1	2	5386	0
1	2	5387	0
1	2	5388	1
1	2	5389	0
1	2	5390	1
1	2	5391	0
1	2	5392	5
1	2	5393	0
1	2	5394	0
1	2	5395	0
1	2	5396	0
1	2	5397	0
1	2	5398	0
1	2	5399	0
1	2	5400	1
1	2	5401	0
1	2	5402	2
1	2	5403	0
1	2	5404	3
1	2	5405	1
1	2	5406	0
1	2	5407	0
1	2	5408	12
1	2	5409	0
1	2	5410	0
1	2	5411	0
1	2	5412	0
1	2	5413	0
1	2	5414	1
1	2	5415	0
1	2	5416	4
1	2	5417	0
1	2	5418	0
1	2	5419	0
1	2	5420	0
1	2	5421	3
1	2	5422	0
1	2	5423	0
1	2	5424	0
1	2	5425	8
1	2	5426	0
1	2	5427	0
1	2	5428	7
1	2	5429	0
1	2	5430	0
1	2	5431	0
1	2	5432	0
1	2	5433	13
1	2	5434	0
1	2	5435	0
1	2	5436	0
1	2	5437	0
1	2	5438	0
1	2	5439	8
1	2	5440	2
1	2	5441	0
1	2	5442	1
1	2	5443	0
1	2	5444	0
1	2	5445	5
1	2	5446	0
1	2	5447	0
1	2	5448	6
1	2	5449	6
1	2	5450	0
1	2	5451	1
1	2	5452	1
1	2	5453	0
1	2	5454	0
1	2	5455	0
1	2	5456	0
1	2	5457	4
1	2	5458	0
1	2	5459	0
1	2	5460	0
1	2	5461	0
1	2	5462	0
1	2	5463	0
1	2	5464	0
1	2	5465	0
1	2	5466	0
1	2	5467	0
1	2	5468	0
1	2	5469	0
1	2	5470	0
1	2	5471	0
1	2	5472	0
1	2	5473	5
1	2	5474	0
1	2	5475	2
1	2	5476	0
1	2	5477	0
1	2	5478	0
1	2	5479	6
1	2	5480	0
1	2	5481	10
1	2	5482	0
1	2	5483	8
1	2	5484	1
1	2	5485	10
1	2	5486	3
1	2	5487	0
1	2	5488	0
1	2	5489	2
1	2	5490	3
1	2	5491	0
1	2	5492	0
1	2	5493	28
1	2	5494	0
1	2	5495	0
1	2	5496	0
1	2	5497	0
1	2	5498	0
1	2	5499	1
1	2	5500	0
1	2	5501	5
1	2	5502	0
1	2	5503	2
1	2	5504	0
1	2	5505	0
1	2	5506	0
1	2	5507	0
1	2	5508	4
1	2	5509	0
1	2	5510	4
1	2	5511	0
1	2	5512	0
1	2	5513	0
1	2	5514	5
1	2	5515	3
1	2	5516	2
1	2	5517	0
1	2	5518	0
1	2	5519	0
1	2	5520	1
1	2	5521	0
1	2	5522	0
1	2	5523	0
1	2	5524	2
1	2	5525	0
1	2	5526	0
1	2	5527	8
1	2	5528	9
1	2	5529	2
1	2	5530	0
1	2	5531	0
1	2	5532	0
1	2	5533	0
1	2	5534	1
1	2	5535	0
1	2	5536	4
1	2	5537	0
1	2	5538	12
1	2	5539	2
1	2	5540	0
1	2	5541	0
1	2	5542	0
1	2	5543	1
1	2	5544	0
1	2	5545	3
1	2	5546	1
1	2	5547	0
1	2	5548	0
1	2	5549	0
1	2	5550	0
1	2	5551	0
1	2	5552	4
1	2	5553	10
1	2	5554	0
1	2	5555	0
1	2	5556	0
1	2	5557	0
1	2	5558	0
1	2	5559	0
1	2	5560	5
1	2	5561	0
1	2	5562	0
1	2	5563	0
1	2	5564	0
1	2	5565	11
1	2	5566	0
1	2	5567	0
1	2	5568	4
1	2	5569	0
1	2	5570	2
1	2	5571	0
1	2	5572	0
1	2	5573	0
1	2	5574	0
1	2	5575	0
1	2	5576	5
1	2	5577	2
1	2	5578	0
1	2	5579	6
1	2	5580	5
1	2	5581	0
1	2	5582	0
1	2	5583	5
1	2	5584	0
1	2	5585	0
1	2	5586	0
1	2	5587	0
1	2	5588	0
1	2	5589	1
1	2	5590	0
1	2	5591	9
1	2	5592	0
1	2	5593	6
1	2	5594	4
1	2	5595	0
1	2	5596	1
1	2	5597	0
1	2	5598	3
1	2	5599	4
1	2	5600	3
1	2	5601	0
1	2	5602	0
1	2	5603	0
1	2	5604	0
1	2	5605	0
1	2	5606	3
1	2	5607	0
1	2	5608	0
1	2	5609	0
1	2	5610	18
1	2	5611	0
1	2	5612	0
1	2	5613	1
1	2	5614	4
1	2	5615	0
1	2	5616	0
1	2	5617	0
1	2	5618	2
1	2	5619	0
1	2	5620	0
1	2	5621	0
1	2	5622	0
1	2	5623	2
1	2	5624	1
1	2	5625	0
1	2	5626	0
1	2	5627	0
1	2	5628	1
1	2	5629	10
1	2	5630	0
1	2	5631	15
1	2	5632	0
1	2	5633	4
1	2	5634	0
1	2	5635	0
1	2	5636	0
1	2	5637	9
1	2	5638	0
1	2	5639	5
1	2	5640	1
1	2	5641	0
1	2	5642	2
1	2	5643	0
1	2	5644	0
1	2	5645	0
1	2	5646	0
1	2	5647	0
1	2	5648	0
1	2	5649	0
1	2	5650	4
1	2	5651	0
1	2	5652	1
1	2	5653	0
1	2	5654	13
1	2	5655	0
1	2	5656	4
1	2	5657	2
1	2	5658	7
1	2	5659	0
1	2	5660	1
1	2	5661	0
1	2	5662	0
1	2	5663	9
1	2	5664	0
1	2	5665	9
1	2	5666	0
1	2	5667	0
1	2	5668	0
1	2	5669	0
1	2	5670	0
1	2	5671	0
1	2	5672	0
1	2	5673	0
1	2	5674	0
1	2	5675	5
1	2	5676	13
1	2	5677	5
1	2	5678	0
1	2	5679	0
1	2	5680	1
1	2	5681	0
1	2	5682	0
1	2	5683	4
1	2	5684	0
1	2	5685	0
1	2	5686	2
1	2	5687	0
1	2	5688	0
1	2	5689	0
1	2	5690	2
1	2	5691	2
1	2	5692	0
1	2	5693	0
1	2	5694	0
1	2	5695	0
1	2	5696	9
1	2	5697	0
1	2	5698	2
1	2	5699	2
1	2	5700	0
1	2	5701	4
1	2	5702	0
1	2	5703	0
1	2	5704	5
1	2	5705	0
1	2	5706	0
1	2	5707	0
1	2	5708	0
1	2	5709	0
1	2	5710	0
1	2	5711	0
1	2	5712	0
1	2	5713	0
1	2	5714	0
1	2	5715	7
1	2	5716	0
1	2	5717	0
1	2	5718	1
1	2	5719	5
1	2	5720	2
1	2	5721	4
1	2	5722	1
1	2	5723	0
1	2	5724	4
1	2	5725	0
1	2	5726	0
1	2	5727	0
1	2	5728	0
1	2	5729	0
1	2	5730	6
1	2	5731	0
1	2	5732	0
1	2	5733	0
1	2	5734	1
1	2	5735	1
1	2	5736	0
1	2	5737	0
1	2	5738	0
1	2	5739	0
1	2	5740	0
1	2	5741	0
1	2	5742	0
1	2	5743	10
1	2	5744	5
1	2	5745	2
1	2	5746	9
1	2	5747	1
1	2	5748	0
1	2	5749	0
1	2	5750	0
1	2	5751	0
1	2	5752	10
1	2	5753	3
1	2	5754	9
1	2	5755	0
1	2	5756	1
1	2	5757	1
1	2	5758	0
1	2	5759	0
1	2	5760	8
1	2	5761	0
1	2	5762	5
1	2	5763	0
1	2	5764	0
1	2	5765	0
1	2	5766	4
1	2	5767	0
1	2	5768	0
1	2	5769	0
1	2	5770	0
1	2	5771	0
1	2	5772	0
1	2	5773	0
1	2	5774	0
1	2	5775	0
1	2	5776	10
1	2	5777	1
1	2	5778	0
1	2	5779	0
1	2	5780	0
1	2	5781	0
1	2	5782	4
1	2	5783	0
1	2	5784	0
1	2	5785	2
1	2	5786	2
1	2	5787	3
1	2	5788	2
1	2	5789	0
1	2	5790	0
1	2	5791	2
1	2	5792	0
1	2	5793	0
1	2	5794	0
1	2	5795	4
1	2	5796	13
1	2	5797	0
1	2	5798	0
1	2	5799	0
1	2	5800	3
1	2	5801	7
1	2	5802	0
1	2	5803	0
1	2	5804	0
1	2	5805	9
1	2	5806	0
1	2	5807	1
1	2	5808	8
1	2	5809	0
1	2	5810	0
1	2	5811	4
1	2	5812	8
1	2	5813	0
1	2	5814	0
1	2	5815	0
1	2	5816	0
1	2	5817	0
1	2	5818	0
1	2	5819	0
1	2	5820	0
1	2	5821	0
1	2	5822	0
1	2	5823	0
1	2	5824	0
1	2	5825	0
1	2	5826	0
1	2	5827	0
1	2	5828	2
1	2	5829	0
1	2	5830	0
1	2	5831	2
1	2	5832	0
1	2	5833	0
1	2	5834	0
1	2	5835	5
1	2	5836	7
1	2	5837	3
1	2	5838	4
1	2	5839	2
1	2	5840	0
1	2	5841	0
1	2	5842	0
1	2	5843	1
1	2	5844	11
1	2	5845	2
1	2	5846	0
1	2	5847	5
1	2	5848	0
1	2	5849	12
1	2	5850	5
1	2	5851	0
1	2	5852	0
1	2	5853	5
1	2	5854	0
1	2	5855	0
1	2	5856	0
1	2	5857	0
1	2	5858	0
1	2	5859	0
1	2	5860	2
1	2	5861	0
1	2	5862	0
1	2	5863	0
1	2	5864	5
1	2	5865	1
1	2	5866	7
1	2	5867	7
1	2	5868	0
1	2	5869	0
1	2	5870	0
1	2	5871	1
1	2	5872	5
1	2	5873	0
1	2	5874	4
1	2	5875	0
1	2	5876	0
1	2	5877	0
1	2	5878	1
1	2	5879	0
1	2	5880	7
1	2	5881	4
1	2	5882	6
1	2	5883	10
1	2	5884	0
1	2	5885	0
1	2	5886	6
1	2	5887	3
1	2	5888	2
1	2	5889	7
1	2	5890	0
1	2	5891	0
1	2	5892	0
1	2	5893	0
1	2	5894	18
1	2	5895	0
1	2	5896	0
1	2	5897	0
1	2	5898	0
1	2	5899	6
1	2	5900	0
1	2	5901	0
1	2	5902	2
1	2	5903	0
1	2	5904	12
1	2	5905	1
1	2	5906	3
1	2	5907	0
1	2	5908	3
1	2	5909	0
1	2	5910	0
1	2	5911	0
1	2	5912	0
1	2	5913	0
1	2	5914	0
1	2	5915	0
1	2	5916	5
1	2	5917	0
1	2	5918	0
1	2	5919	13
1	2	5920	0
1	2	5921	0
1	2	5922	15
1	2	5923	1
1	2	5924	1
1	2	5925	0
1	2	5926	0
1	2	5927	0
1	2	5928	0
1	2	5929	0
1	2	5930	0
1	2	5931	0
1	2	5932	3
1	2	5933	0
1	2	5934	0
1	2	5935	0
1	2	5936	0
1	2	5937	5
1	2	5938	0
1	2	5939	3
1	2	5940	0
1	2	5941	0
1	2	5942	0
1	2	5943	1
1	2	5944	1
1	2	5945	0
1	2	5946	0
1	2	5947	0
1	2	5948	12
1	2	5949	0
1	2	5950	0
1	2	5951	0
1	2	5952	0
1	2	5953	0
1	2	5954	0
1	2	5955	0
1	2	5956	5
1	2	5957	1
1	2	5958	1
1	2	5959	0
1	2	5960	2
1	2	5961	6
1	2	5962	0
1	2	5963	0
1	2	5964	1
1	2	5965	0
1	2	5966	0
1	2	5967	1
1	2	5968	0
1	2	5969	4
1	2	5970	0
1	2	5971	0
1	2	5972	0
1	2	5973	0
1	2	5974	1
1	2	5975	0
1	2	5976	0
1	2	5977	0
1	2	5978	7
1	2	5979	1
1	2	5980	0
1	2	5981	0
1	2	5982	0
1	2	5983	0
1	2	5984	1
1	2	5985	2
1	2	5986	0
1	2	5987	0
1	2	5988	0
1	2	5989	0
1	2	5990	0
1	2	5991	2
1	2	5992	2
1	2	5993	5
1	2	5994	0
1	2	5995	0
1	2	5996	0
1	2	5997	0
1	2	5998	6
1	2	5999	0
1	2	6000	1
1	2	6001	0
1	2	6002	6
1	2	6003	0
1	2	6004	0
1	2	6005	0
1	2	6006	0
1	2	6007	6
1	2	6008	0
1	2	6009	9
1	2	6010	3
1	2	6011	0
1	2	6012	0
1	2	6013	0
1	2	6014	0
1	2	6015	0
1	2	6016	0
1	2	6017	3
1	2	6018	0
1	2	6019	2
1	2	6020	0
1	2	6021	0
1	2	6022	0
1	2	6023	3
1	2	6024	2
1	2	6025	0
1	2	6026	0
1	2	6027	5
1	2	6028	8
1	2	6029	0
1	2	6030	0
1	2	6031	6
1	2	6032	0
1	2	6033	0
1	2	6034	0
1	2	6035	1
1	2	6036	6
1	2	6037	0
1	2	6038	3
1	2	6039	0
1	2	6040	4
1	2	6041	0
1	2	6042	0
1	2	6043	2
1	2	6044	0
1	2	6045	0
1	2	6046	0
1	2	6047	0
1	2	6048	0
1	2	6049	1
1	2	6050	0
1	2	6051	1
1	2	6052	0
1	2	6053	0
1	2	6054	2
1	2	6055	4
1	2	6056	0
1	2	6057	0
1	2	6058	0
1	2	6059	0
1	2	6060	0
1	2	6061	3
1	2	6062	0
1	2	6063	0
1	2	6064	0
1	2	6065	4
1	2	6066	0
1	2	6067	0
1	2	6068	0
1	2	6069	0
1	2	6070	0
1	2	6071	0
1	2	6072	0
1	2	6073	0
1	2	6074	4
1	2	6075	0
1	2	6076	0
1	2	6077	0
1	2	6078	0
1	2	6079	0
1	2	6080	4
1	2	6081	5
1	2	6082	0
1	2	6083	0
1	2	6084	0
1	2	6085	0
1	2	6086	1
1	2	6087	0
1	2	6088	0
1	2	6089	0
1	2	6090	3
1	2	6091	0
1	2	6092	0
1	2	6093	0
1	2	6094	19
1	2	6095	0
1	2	6096	1
1	2	6097	1
1	2	6098	0
1	2	6099	0
1	2	6100	0
1	2	6101	0
1	2	6102	0
1	2	6103	0
1	2	6104	0
1	2	6105	0
1	2	6106	3
1	2	6107	0
1	2	6108	0
1	2	6109	0
1	2	6110	9
1	2	6111	6
1	2	6112	9
1	2	6113	6
1	2	6114	1
1	2	6115	0
1	2	6116	0
1	2	6117	4
1	2	6118	0
1	2	6119	0
1	2	6120	0
1	2	6121	0
1	2	6122	6
1	2	6123	0
1	2	6124	0
1	2	6125	1
1	2	6126	0
1	2	6127	9
1	2	6128	2
1	2	6129	0
1	2	6130	0
1	2	6131	0
1	2	6132	0
1	2	6133	0
1	2	6134	11
1	2	6135	0
1	2	6136	0
1	2	6137	1
1	2	6138	1
1	2	6139	0
1	2	6140	1
1	2	6141	3
1	2	6142	0
1	2	6143	0
1	2	6144	2
1	2	6145	0
1	2	6146	7
1	2	6147	2
1	2	6148	0
1	2	6149	0
1	2	6150	0
1	2	6151	7
1	2	6152	10
1	2	6153	0
1	2	6154	0
1	2	6155	0
1	2	6156	0
1	2	6157	0
1	2	6158	7
1	2	6159	0
1	2	6160	3
1	2	6161	0
1	2	6162	3
1	2	6163	2
1	2	6164	8
1	2	6165	0
1	2	6166	2
1	2	6167	2
1	2	6168	8
1	2	6169	0
1	2	6170	7
1	2	6171	6
1	2	6172	0
1	2	6173	9
1	2	6174	0
1	2	6175	6
1	2	6176	3
1	2	6177	0
1	2	6178	0
1	2	6179	1
1	2	6180	0
1	2	6181	6
1	2	6182	1
1	2	6183	0
1	2	6184	0
1	2	6185	5
1	2	6186	8
1	2	6187	0
1	2	6188	0
1	2	6189	0
1	2	6190	2
1	2	6191	0
1	2	6192	0
1	2	6193	2
1	2	6194	0
1	2	6195	7
1	2	6196	0
1	2	6197	0
1	2	6198	1
1	2	6199	12
1	2	6200	0
1	2	6201	0
1	2	6202	6
1	2	6203	0
1	2	6204	3
1	2	6205	0
1	2	6206	0
1	2	6207	0
1	2	6208	0
1	2	6209	0
1	2	6210	1
1	2	6211	1
1	2	6212	2
1	2	6213	2
1	2	6214	0
1	2	6215	0
1	2	6216	9
1	2	6217	0
1	2	6218	0
1	2	6219	2
1	2	6220	0
1	2	6221	2
1	2	6222	3
1	2	6223	0
1	2	6224	5
1	2	6225	0
1	2	6226	0
1	2	6227	0
1	2	6228	0
1	2	6229	0
1	2	6230	0
1	2	6231	20
1	2	6232	0
1	2	6233	0
1	2	6234	0
1	2	6235	0
1	2	6236	0
1	2	6237	0
1	2	6238	0
1	2	6239	7
1	2	6240	1
1	2	6241	0
1	2	6242	5
1	2	6243	0
1	2	6244	10
1	2	6245	0
1	2	6246	0
1	2	6247	0
1	2	6248	0
1	2	6249	0
1	2	6250	9
1	2	6251	0
1	2	6252	0
1	2	6253	0
1	2	6254	1
1	2	6255	0
1	2	6256	0
1	2	6257	0
1	2	6258	1
1	2	6259	0
1	2	6260	0
1	2	6261	0
1	2	6262	0
1	2	6263	0
1	2	6264	0
1	2	6265	3
1	2	6266	1
1	2	6267	0
1	2	6268	0
1	2	6269	9
1	2	6270	0
1	2	6271	0
1	2	6272	0
1	2	6273	0
1	2	6274	0
1	2	6275	0
1	2	6276	6
1	2	6277	0
1	2	6278	1
1	2	6279	15
1	2	6280	1
1	2	6281	0
1	2	6282	8
1	2	6283	0
1	2	6284	0
1	2	6285	7
1	2	6286	0
1	2	6287	0
1	2	6288	0
1	2	6289	0
1	2	6290	0
1	2	6291	6
1	2	6292	1
1	2	6293	0
1	2	6294	0
1	2	6295	0
1	2	6296	0
1	2	6297	0
1	2	6298	0
1	2	6299	14
1	2	6300	0
1	2	6301	5
1	2	6302	3
1	2	6303	0
1	2	6304	0
1	2	6305	5
1	2	6306	0
1	2	6307	0
1	2	6308	0
1	2	6309	0
1	2	6310	0
1	2	6311	0
1	2	6312	2
1	2	6313	0
1	2	6314	0
1	2	6315	1
1	2	6316	0
1	2	6317	0
1	2	6318	3
1	2	6319	0
1	2	6320	2
1	2	6321	6
1	2	6322	0
1	2	6323	0
1	2	6324	0
1	2	6325	1
1	2	6326	2
1	2	6327	0
1	2	6328	1
1	2	6329	0
1	2	6330	0
1	2	6331	0
1	2	6332	0
1	2	6333	3
1	2	6334	0
1	2	6335	0
1	2	6336	0
1	2	6337	7
1	2	6338	0
1	2	6339	4
1	2	6340	1
1	2	6341	0
1	2	6342	1
1	2	6343	0
1	2	6344	1
1	2	6345	0
1	2	6346	0
1	2	6347	0
1	2	6348	7
1	2	6349	0
1	2	6350	0
1	2	6351	0
1	2	6352	0
1	2	6353	0
1	2	6354	0
1	2	6355	0
1	2	6356	0
1	2	6357	0
1	2	6358	0
1	2	6359	1
1	2	6360	4
1	2	6361	5
1	2	6362	3
1	2	6363	0
1	2	6364	1
1	2	6365	0
1	2	6366	6
1	2	6367	6
1	2	6368	13
1	2	6369	1
1	2	6370	9
1	2	6371	0
1	2	6372	0
1	2	6373	2
1	2	6374	0
1	2	6375	0
1	2	6376	0
1	2	6377	0
1	2	6378	8
1	2	6379	16
1	2	6380	0
1	2	6381	0
1	2	6382	0
1	2	6383	0
1	2	6384	10
1	2	6385	0
1	2	6386	0
1	2	6387	4
1	2	6388	3
1	2	6389	0
1	2	6390	0
1	2	6391	0
1	2	6392	0
1	2	6393	0
1	2	6394	2
1	2	6395	0
1	2	6396	0
1	2	6397	1
1	2	6398	4
1	2	6399	1
1	2	6400	2
1	2	6401	0
1	2	6402	0
1	2	6403	3
1	2	6404	0
1	2	6405	0
1	2	6406	0
1	2	6407	0
1	2	6408	1
1	2	6409	0
1	2	6410	0
1	2	6411	1
1	2	6412	0
1	2	6413	0
1	2	6414	0
1	2	6415	0
1	2	6416	3
1	2	6417	0
1	2	6418	0
1	2	6419	0
1	2	6420	3
1	2	6421	4
1	2	6422	3
1	2	6423	1
1	2	6424	0
1	2	6425	16
1	2	6426	0
1	2	6427	0
1	2	6428	0
1	2	6429	0
1	2	6430	0
1	2	6431	0
1	2	6432	12
1	2	6433	0
1	2	6434	0
1	2	6435	0
1	2	6436	6
1	2	6437	0
1	2	6438	0
1	2	6439	0
1	2	6440	1
1	2	6441	0
1	2	6442	0
1	2	6443	0
1	2	6444	0
1	2	6445	0
1	2	6446	0
1	2	6447	0
1	2	6448	0
1	2	6449	1
1	2	6450	0
1	2	6451	0
1	2	6452	3
1	2	6453	0
1	2	6454	0
1	2	6455	0
1	2	6456	0
1	2	6457	0
1	2	6458	11
1	2	6459	0
1	2	6460	0
1	2	6461	1
1	2	6462	0
1	2	6463	0
1	2	6464	0
1	2	6465	0
1	2	6466	0
1	2	6467	0
1	2	6468	0
1	2	6469	2
1	2	6470	5
1	2	6471	0
1	2	6472	0
1	2	6473	5
1	2	6474	0
1	2	6475	0
1	2	6476	0
1	2	6477	0
1	2	6478	0
1	2	6479	2
1	2	6480	0
1	2	6481	0
1	2	6482	0
1	2	6483	0
1	2	6484	0
1	2	6485	0
1	2	6486	0
1	2	6487	0
1	2	6488	0
1	2	6489	0
1	2	6490	0
1	2	6491	0
1	2	6492	5
1	2	6493	0
1	2	6494	0
1	2	6495	0
1	2	6496	0
1	2	6497	0
1	2	6498	0
1	2	6499	0
1	2	6500	0
1	2	6501	0
1	2	6502	7
1	2	6503	0
1	2	6504	0
1	2	6505	0
1	2	6506	0
1	2	6507	0
1	2	6508	0
1	2	6509	8
1	2	6510	0
1	2	6511	0
1	2	6512	0
1	2	6513	0
1	2	6514	0
1	2	6515	7
1	2	6516	0
1	2	6517	33
1	2	6518	0
1	2	6519	0
1	2	6520	0
1	2	6521	0
1	2	6522	0
1	2	6523	0
1	2	6524	0
1	2	6525	1
1	2	6526	0
1	2	6527	0
1	2	6528	0
1	2	6529	7
1	2	6530	11
1	2	6531	12
1	2	6532	10
1	2	6533	1
1	2	6534	1
1	2	6535	6
1	2	6536	6
1	2	6537	0
1	2	6538	8
1	2	6539	5
1	2	6540	3
1	2	6541	0
1	2	6542	0
1	2	6543	0
1	2	6544	0
1	2	6545	5
1	2	6546	0
1	2	6547	7
1	2	6548	7
1	2	6549	0
1	2	6550	0
1	2	6551	0
1	2	6552	0
1	2	6553	0
1	2	6554	0
1	2	6555	0
1	2	6556	2
1	2	6557	2
1	2	6558	3
1	2	6559	6
1	2	6560	0
1	2	6561	0
1	2	6562	0
1	2	6563	1
1	2	6564	1
1	2	6565	0
1	2	6566	0
1	2	6567	0
1	2	6568	0
1	2	6569	1
1	2	6570	0
1	2	6571	0
1	2	6572	0
1	2	6573	0
1	2	6574	0
1	2	6575	22
1	2	6576	0
1	2	6577	7
1	2	6578	0
1	2	6579	0
1	2	6580	0
1	2	6581	8
1	2	6582	5
1	2	6583	0
1	2	6584	4
1	2	6585	0
1	2	6586	4
1	2	6587	1
1	2	6588	0
1	2	6589	6
1	2	6590	0
1	2	6591	6
1	2	6592	0
1	2	6593	0
1	2	6594	0
1	2	6595	0
1	2	6596	0
1	2	6597	0
1	2	6598	3
1	2	6599	2
1	2	6600	0
1	2	6601	7
1	2	6602	0
1	2	6603	2
1	2	6604	1
1	2	6605	0
1	2	6606	2
1	2	6607	0
1	2	6608	0
1	2	6609	0
1	2	6610	9
1	2	6611	1
1	2	6612	0
1	2	6613	5
1	2	6614	0
1	2	6615	1
1	2	6616	1
1	2	6617	0
1	2	6618	0
1	2	6619	4
1	2	6620	0
1	2	6621	0
1	2	6622	1
1	2	6623	0
1	2	6624	4
1	2	6625	7
1	2	6626	0
1	2	6627	31
1	2	6628	0
1	2	6629	3
1	2	6630	1
1	2	6631	0
1	2	6632	0
1	2	6633	0
1	2	6634	0
1	2	6635	12
1	2	6636	0
1	2	6637	0
1	2	6638	0
1	2	6639	0
1	2	6640	0
1	2	6641	1
1	2	6642	0
1	2	6643	0
1	2	6644	4
1	2	6645	9
1	2	6646	0
1	2	6647	0
1	2	6648	1
1	2	6649	0
1	2	6650	3
1	2	6651	0
1	2	6652	0
1	2	6653	13
1	2	6654	0
1	2	6655	1
1	2	6656	0
1	2	6657	0
1	2	6658	4
1	2	6659	6
1	2	6660	5
1	2	6661	6
1	2	6662	2
1	2	6663	0
1	2	6664	0
1	2	6665	0
1	2	6666	0
1	2	6667	0
1	2	6668	0
1	2	6669	0
1	2	6670	0
1	2	6671	0
1	2	6672	0
1	2	6673	0
1	2	6674	0
1	2	6675	0
1	2	6676	0
1	2	6677	0
1	2	6678	0
1	2	6679	2
1	2	6680	0
1	2	6681	1
1	2	6682	4
1	2	6683	0
1	2	6684	0
1	2	6685	0
1	2	6686	0
1	2	6687	0
1	2	6688	0
1	2	6689	13
1	2	6690	7
1	2	6691	9
1	2	6692	0
1	2	6693	3
1	2	6694	11
1	2	6695	3
1	2	6696	1
1	2	6697	3
1	2	6698	12
1	2	6699	2
1	2	6700	0
1	2	6701	0
1	2	6702	0
1	2	6703	0
1	2	6704	8
1	2	6705	0
1	2	6706	4
1	2	6707	0
1	2	6708	0
1	2	6709	0
1	2	6710	1
1	2	6711	0
1	2	6712	0
1	2	6713	0
1	2	6714	8
1	2	6715	0
1	2	6716	0
1	2	6717	0
1	2	6718	4
1	2	6719	0
1	2	6720	0
1	2	6721	0
1	2	6722	0
1	2	6723	0
1	2	6724	11
1	2	6725	0
1	2	6726	0
1	2	6727	0
1	2	6728	2
1	2	6729	0
1	2	6730	0
1	2	6731	5
1	2	6732	5
1	2	6733	0
1	2	6734	0
1	2	6735	0
1	2	6736	0
1	2	6737	0
1	2	6738	0
1	2	6739	3
1	2	6740	0
1	2	6741	0
1	2	6742	0
1	2	6743	0
1	2	6744	0
1	2	6745	5
1	2	6746	0
1	2	6747	0
1	2	6748	0
1	2	6749	0
1	2	6750	0
1	2	6751	1
1	2	6752	9
1	2	6753	0
1	2	6754	6
1	2	6755	0
1	2	6756	10
1	2	6757	0
1	2	6758	3
1	2	6759	0
1	2	6760	1
1	2	6761	4
1	2	6762	0
1	2	6763	6
1	2	6764	0
1	2	6765	0
1	2	6766	4
1	2	6767	0
1	2	6768	0
1	2	6769	4
1	2	6770	0
1	2	6771	0
1	2	6772	0
1	2	6773	0
1	2	6774	0
1	2	6775	5
1	2	6776	2
1	2	6777	0
1	2	6778	15
1	2	6779	16
1	2	6780	0
1	2	6781	0
1	2	6782	0
1	2	6783	0
1	2	6784	1
1	2	6785	3
1	2	6786	0
1	2	6787	3
1	2	6788	0
1	2	6789	0
1	2	6790	0
1	2	6791	0
1	2	6792	0
1	2	6793	2
1	2	6794	8
1	2	6795	0
1	2	6796	0
1	2	6797	0
1	2	6798	0
1	2	6799	0
1	2	6800	19
1	2	6801	0
1	2	6802	0
1	2	6803	6
1	2	6804	0
1	2	6805	0
1	2	6806	1
1	2	6807	0
1	2	6808	0
1	2	6809	7
1	2	6810	2
1	2	6811	0
1	2	6812	6
1	2	6813	0
1	2	6814	0
1	2	6815	0
1	2	6816	0
1	2	6817	0
1	2	6818	4
1	2	6819	0
1	2	6820	0
1	2	6821	0
1	2	6822	0
1	2	6823	0
1	2	6824	3
1	2	6825	0
1	2	6826	0
1	2	6827	3
1	2	6828	0
1	2	6829	11
1	2	6830	0
1	2	6831	3
1	2	6832	0
1	2	6833	0
1	2	6834	7
1	2	6835	0
1	2	6836	5
1	2	6837	1
1	2	6838	0
1	2	6839	0
1	2	6840	4
1	2	6841	0
1	2	6842	0
1	2	6843	3
1	2	6844	4
1	2	6845	4
1	2	6846	4
1	2	6847	0
1	2	6848	0
1	2	6849	0
1	2	6850	0
1	2	6851	0
1	2	6852	1
1	2	6853	0
1	2	6854	3
1	2	6855	2
1	2	6856	0
1	2	6857	1
1	2	6858	0
1	2	6859	0
1	2	6860	0
1	2	6861	0
1	2	6862	0
1	2	6863	0
1	2	6864	0
1	2	6865	8
1	2	6866	0
1	2	6867	8
1	2	6868	8
1	2	6869	2
1	2	6870	0
1	2	6871	5
1	2	6872	4
1	2	6873	3
1	2	6874	15
1	2	6875	0
1	2	6876	0
1	2	6877	0
1	2	6878	0
1	2	6879	13
1	2	6880	0
1	2	6881	0
1	2	6882	6
1	2	6883	0
1	2	6884	0
1	2	6885	1
1	2	6886	9
1	2	6887	11
1	2	6888	0
1	2	6889	0
1	2	6890	0
1	2	6891	0
1	2	6892	0
1	2	6893	7
1	2	6894	7
1	2	6895	0
1	2	6896	0
1	2	6897	0
1	2	6898	6
1	2	6899	0
1	2	6900	11
1	2	6901	3
1	2	6902	4
1	2	6903	1
1	2	6904	4
1	2	6905	0
1	2	6906	0
1	2	6907	0
1	2	6908	3
1	2	6909	0
1	2	6910	3
1	2	6911	0
1	2	6912	0
1	2	6913	0
1	2	6914	0
1	2	6915	1
1	2	6916	0
1	2	6917	8
1	2	6918	0
1	2	6919	0
1	2	6920	0
1	2	6921	2
1	2	6922	0
1	2	6923	0
1	2	6924	16
1	2	6925	0
1	2	6926	0
1	2	6927	0
1	2	6928	0
1	2	6929	3
1	2	6930	0
1	2	6931	0
1	2	6932	0
1	2	6933	17
1	2	6934	0
1	2	6935	0
1	2	6936	7
1	2	6937	0
1	2	6938	3
1	2	6939	3
1	2	6940	0
1	2	6941	0
1	2	6942	1
1	2	6943	0
1	2	6944	0
1	2	6945	0
1	2	6946	0
1	2	6947	0
1	2	6948	0
1	2	6949	0
1	2	6950	0
1	2	6951	3
1	2	6952	0
1	2	6953	7
1	2	6954	0
1	2	6955	0
1	2	6956	1
1	2	6957	0
1	2	6958	1
1	2	6959	0
1	2	6960	4
1	2	6961	0
1	2	6962	0
1	2	6963	0
1	2	6964	17
1	2	6965	0
1	2	6966	0
1	2	6967	3
1	2	6968	0
1	2	6969	1
1	2	6970	0
1	2	6971	0
1	2	6972	0
1	2	6973	0
1	2	6974	1
1	2	6975	3
1	2	6976	1
1	2	6977	0
1	2	6978	1
1	2	6979	2
1	2	6980	8
1	2	6981	0
1	2	6982	0
1	2	6983	0
1	2	6984	2
1	2	6985	1
1	2	6986	14
1	2	6987	6
1	2	6988	3
1	2	6989	0
1	2	6990	0
1	2	6991	0
1	2	6992	2
1	2	6993	0
1	2	6994	0
1	2	6995	0
1	2	6996	9
1	2	6997	4
1	2	6998	3
1	2	6999	4
1	2	7000	3
1	2	7001	0
1	2	7002	4
1	2	7003	1
1	2	7004	0
1	2	7005	0
1	2	7006	5
1	2	7007	0
1	2	7008	4
1	2	7009	0
1	2	7010	2
1	2	7011	8
1	2	7012	3
1	2	7013	18
1	2	7014	2
1	2	7015	14
1	2	7016	4
1	2	7017	0
1	2	7018	0
1	2	7019	3
1	2	7020	0
1	2	7021	0
1	2	7022	0
1	2	7023	0
1	2	7024	0
1	2	7025	0
1	2	7026	3
1	2	7027	8
1	2	7028	0
1	2	7029	7
1	2	7030	0
1	2	7031	7
1	2	7032	5
1	2	7033	0
1	2	7034	0
1	2	7035	0
1	2	7036	0
1	2	7037	0
1	2	7038	0
1	2	7039	11
1	2	7040	3
1	2	7041	0
1	2	7042	0
1	2	7043	0
1	2	7044	9
1	2	7045	0
1	2	7046	0
1	2	7047	0
1	2	7048	1
1	2	7049	0
1	2	7050	0
1	2	7051	1
1	2	7052	0
1	2	7053	0
1	2	7054	10
1	2	7055	3
1	2	7056	0
1	2	7057	0
1	2	7058	0
1	2	7059	0
1	2	7060	0
1	2	7061	4
1	2	7062	0
1	2	7063	0
1	2	7064	2
1	2	7065	0
1	2	7066	0
1	2	7067	2
1	2	7068	0
1	2	7069	3
1	2	7070	0
1	2	7071	0
1	2	7072	0
1	2	7073	0
1	2	7074	10
1	2	7075	2
1	2	7076	2
1	2	7077	0
1	2	7078	0
1	2	7079	10
1	2	7080	0
1	2	7081	0
1	2	7082	0
1	2	7083	2
1	2	7084	2
1	2	7085	0
1	2	7086	0
1	2	7087	0
1	2	7088	4
1	2	7089	0
1	2	7090	0
1	2	7091	1
1	2	7092	0
1	2	7093	0
1	2	7094	0
1	2	7095	0
1	2	7096	5
1	2	7097	0
1	2	7098	0
1	2	7099	0
1	2	7100	5
1	2	7101	0
1	2	7102	0
1	2	7103	0
1	2	7104	0
1	2	7105	4
1	2	7106	0
1	2	7107	0
1	2	7108	0
1	2	7109	0
1	2	7110	7
1	2	7111	0
1	2	7112	0
1	2	7113	0
1	2	7114	0
1	2	7115	0
1	2	7116	0
1	2	7117	0
1	2	7118	0
1	2	7119	0
1	2	7120	4
1	2	7121	2
1	2	7122	3
1	2	7123	1
1	2	7124	0
1	2	7125	3
1	2	7126	0
1	2	7127	0
1	2	7128	2
1	2	7129	0
1	2	7130	0
1	2	7131	4
1	2	7132	0
1	2	7133	2
1	2	7134	0
1	2	7135	0
1	2	7136	0
1	2	7137	1
1	2	7138	9
1	2	7139	0
1	2	7140	0
1	2	7141	0
1	2	7142	0
1	2	7143	3
1	2	7144	0
1	2	7145	0
1	2	7146	0
1	2	7147	0
1	2	7148	8
1	2	7149	5
1	2	7150	1
1	2	7151	2
1	2	7152	0
1	2	7153	0
1	2	7154	5
1	2	7155	0
1	2	7156	0
1	2	7157	0
1	2	7158	0
1	2	7159	0
1	2	7160	6
1	2	7161	0
1	2	7162	1
1	2	7163	5
1	2	7164	0
1	2	7165	0
1	2	7166	2
1	2	7167	1
1	2	7168	0
1	2	7169	0
1	2	7170	0
1	2	7171	0
1	2	7172	2
1	2	7173	0
1	2	7174	2
1	2	7175	15
1	2	7176	1
1	2	7177	0
1	2	7178	0
1	2	7179	10
1	2	7180	0
1	2	7181	0
1	2	7182	0
1	2	7183	6
1	2	7184	0
1	2	7185	0
1	2	7186	24
1	2	7187	0
1	2	7188	1
1	2	7189	0
1	2	7190	3
1	2	7191	0
1	2	7192	8
1	2	7193	0
1	2	7194	8
1	2	7195	0
1	2	7196	0
1	2	7197	0
1	2	7198	11
1	2	7199	7
1	2	7200	4
1	2	7201	2
1	2	7202	0
1	2	7203	0
1	2	7204	0
1	2	7205	0
1	2	7206	0
1	2	7207	0
1	2	7208	0
1	2	7209	0
1	2	7210	0
1	2	7211	0
1	2	7212	7
1	2	7213	0
1	2	7214	1
1	2	7215	2
1	2	7216	6
1	2	7217	0
1	2	7218	0
1	2	7219	0
1	2	7220	0
1	2	7221	0
1	2	7222	0
1	2	7223	7
1	2	7224	1
1	2	7225	1
1	2	7226	3
1	2	7227	0
1	2	7228	0
1	2	7229	0
1	2	7230	0
1	2	7231	0
1	2	7232	0
1	2	7233	5
1	2	7234	5
1	2	7235	2
1	2	7236	0
1	2	7237	0
1	2	7238	0
1	2	7239	3
1	2	7240	0
1	2	7241	0
1	2	7242	0
1	2	7243	8
1	2	7244	0
1	2	7245	0
1	2	7246	0
1	2	7247	0
1	2	7248	0
1	2	7249	0
1	2	7250	0
1	2	7251	2
1	2	7252	0
1	2	7253	0
1	2	7254	0
1	2	7255	0
1	2	7256	0
1	2	7257	0
1	2	7258	0
1	2	7259	1
1	2	7260	0
1	2	7261	0
1	2	7262	0
1	2	7263	0
1	2	7264	0
1	2	7265	0
1	2	7266	0
1	2	7267	6
1	2	7268	0
1	2	7269	3
1	2	7270	0
1	2	7271	0
1	2	7272	16
1	2	7273	0
1	2	7274	1
1	2	7275	4
1	2	7276	0
1	2	7277	0
1	2	7278	11
1	2	7279	2
1	2	7280	0
1	2	7281	4
1	2	7282	0
1	2	7283	0
1	2	7284	1
1	2	7285	0
1	2	7286	0
1	2	7287	6
1	2	7288	1
1	2	7289	2
1	2	7290	0
1	2	7291	0
1	2	7292	2
1	2	7293	5
1	2	7294	0
1	2	7295	0
1	2	7296	0
1	2	7297	13
1	2	7298	0
1	2	7299	0
1	2	7300	0
1	2	7301	0
1	2	7302	0
1	2	7303	0
1	2	7304	2
1	2	7305	0
1	2	7306	2
1	2	7307	2
1	2	7308	6
1	2	7309	0
1	2	7310	0
1	2	7311	2
1	2	7312	1
1	2	7313	3
1	2	7314	0
1	2	7315	8
1	2	7316	4
1	2	7317	0
1	2	7318	1
1	2	7319	0
1	2	7320	0
1	2	7321	0
1	2	7322	1
1	2	7323	0
1	2	7324	0
1	2	7325	0
1	2	7326	0
1	2	7327	0
1	2	7328	0
1	2	7329	0
1	2	7330	6
1	2	7331	4
1	2	7332	0
1	2	7333	0
1	2	7334	0
1	2	7335	0
1	2	7336	6
1	2	7337	0
1	2	7338	0
1	2	7339	2
1	2	7340	0
1	2	7341	0
1	2	7342	0
1	2	7343	0
1	2	7344	0
1	2	7345	6
1	2	7346	0
1	2	7347	0
1	2	7348	4
1	2	7349	0
1	2	7350	0
1	2	7351	0
1	2	7352	5
1	2	7353	0
1	2	7354	0
1	2	7355	7
1	2	7356	0
1	2	7357	0
1	2	7358	0
1	2	7359	2
1	2	7360	0
1	2	7361	0
1	2	7362	0
1	2	7363	0
1	2	7364	0
1	2	7365	0
1	2	7366	2
1	2	7367	0
1	2	7368	0
1	2	7369	1
1	2	7370	0
1	2	7371	9
1	2	7372	5
1	2	7373	0
1	2	7374	5
1	2	7375	0
1	2	7376	4
1	2	7377	0
1	2	7378	3
1	2	7379	0
1	2	7380	0
1	2	7381	0
1	2	7382	0
1	2	7383	0
1	2	7384	0
1	2	7385	0
1	2	7386	0
1	2	7387	0
1	2	7388	0
1	2	7389	0
1	2	7390	0
1	2	7391	16
1	2	7392	0
1	2	7393	0
1	2	7394	0
1	2	7395	0
1	2	7396	0
1	2	7397	0
1	2	7398	0
1	2	7399	0
1	2	7400	0
1	2	7401	10
1	2	7402	5
1	2	7403	0
1	2	7404	1
1	2	7405	0
1	2	7406	8
1	2	7407	1
1	2	7408	1
1	2	7409	0
1	2	7410	0
1	2	7411	4
1	2	7412	1
1	2	7413	5
1	2	7414	0
1	2	7415	0
1	2	7416	6
1	2	7417	0
1	2	7418	0
1	2	7419	0
1	2	7420	1
1	2	7421	9
1	2	7422	0
1	2	7423	2
1	2	7424	0
1	2	7425	0
1	2	7426	1
1	2	7427	0
1	2	7428	0
1	2	7429	4
1	2	7430	17
1	2	7431	3
1	2	7432	0
1	2	7433	2
1	2	7434	0
1	2	7435	0
1	2	7436	6
1	2	7437	18
1	2	7438	0
1	2	7439	3
1	2	7440	0
1	2	7441	0
1	2	7442	2
1	2	7443	1
1	2	7444	0
1	2	7445	0
1	2	7446	0
1	2	7447	0
1	2	7448	0
1	2	7449	0
1	2	7450	0
1	2	7451	0
1	2	7452	7
1	2	7453	0
1	2	7454	0
1	2	7455	0
1	2	7456	0
1	2	7457	0
1	2	7458	0
1	2	7459	0
1	2	7460	9
1	2	7461	0
1	2	7462	3
1	2	7463	0
1	2	7464	0
1	2	7465	0
1	2	7466	0
1	2	7467	5
1	2	7468	0
1	2	7469	0
1	2	7470	6
1	2	7471	3
1	2	7472	3
1	2	7473	0
1	2	7474	0
1	2	7475	6
1	2	7476	0
1	2	7477	0
1	2	7478	0
1	2	7479	1
1	2	7480	0
1	2	7481	2
1	2	7482	0
1	2	7483	0
1	2	7484	2
1	2	7485	6
1	2	7486	0
1	2	7487	0
1	2	7488	3
1	2	7489	0
1	2	7490	0
1	2	7491	0
1	2	7492	6
1	2	7493	0
1	2	7494	0
1	2	7495	0
1	2	7496	0
1	2	7497	0
1	2	7498	1
1	2	7499	0
1	2	7500	0
1	2	7501	0
1	2	7502	0
1	2	7503	7
1	2	7504	0
1	2	7505	0
1	2	7506	0
1	2	7507	0
1	2	7508	0
1	2	7509	0
1	2	7510	38
1	2	7511	0
1	2	7512	0
1	2	7513	0
1	2	7514	0
1	2	7515	0
1	2	7516	0
1	2	7517	0
1	2	7518	0
1	2	7519	5
1	2	7520	1
1	2	7521	0
1	2	7522	2
1	2	7523	0
1	2	7524	0
1	2	7525	0
1	2	7526	0
1	2	7527	2
1	2	7528	0
1	2	7529	0
1	2	7530	0
1	2	7531	0
1	2	7532	0
1	2	7533	12
1	2	7534	0
1	2	7535	0
1	2	7536	7
1	2	7537	0
1	2	7538	0
1	2	7539	0
1	2	7540	0
1	2	7541	0
1	2	7542	2
1	2	7543	0
1	2	7544	3
1	2	7545	0
1	2	7546	7
1	2	7547	1
1	2	7548	2
1	2	7549	0
1	2	7550	13
1	2	7551	4
1	2	7552	2
1	2	7553	0
1	2	7554	0
1	2	7555	0
1	2	7556	0
1	2	7557	0
1	2	7558	0
1	2	7559	8
1	2	7560	1
1	2	7561	0
1	2	7562	6
1	2	7563	0
1	2	7564	6
1	2	7565	0
1	2	7566	0
1	2	7567	0
1	2	7568	0
1	2	7569	0
1	2	7570	0
1	2	7571	4
1	2	7572	3
1	2	7573	4
1	2	7574	1
1	2	7575	0
1	2	7576	0
1	2	7577	0
1	2	7578	0
1	2	7579	0
1	2	7580	3
1	2	7581	7
1	2	7582	0
1	2	7583	0
1	2	7584	0
1	2	7585	1
1	2	7586	0
1	2	7587	0
1	2	7588	0
1	2	7589	0
1	2	7590	0
1	2	7591	1
1	2	7592	0
1	2	7593	0
1	2	7594	1
1	2	7595	0
1	2	7596	10
1	2	7597	0
1	2	7598	0
1	2	7599	1
1	2	7600	0
1	2	7601	0
1	2	7602	4
1	2	7603	1
1	2	7604	10
1	2	7605	0
1	2	7606	0
1	2	7607	0
1	2	7608	0
1	2	7609	16
1	2	7610	8
1	2	7611	0
1	2	7612	0
1	2	7613	0
1	2	7614	0
1	2	7615	0
1	2	7616	0
1	2	7617	1
1	2	7618	7
1	2	7619	1
1	2	7620	0
1	2	7621	0
1	2	7622	1
1	2	7623	0
1	2	7624	0
1	2	7625	0
1	2	7626	1
1	2	7627	0
1	2	7628	0
1	2	7629	0
1	2	7630	10
1	2	7631	0
1	2	7632	2
1	2	7633	0
1	2	7634	1
1	2	7635	2
1	2	7636	0
1	2	7637	0
1	2	7638	13
1	2	7639	8
1	2	7640	0
1	2	7641	0
1	2	7642	3
1	2	7643	0
1	2	7644	0
1	2	7645	4
1	2	7646	0
1	2	7647	0
1	2	7648	0
1	2	7649	0
1	2	7650	0
1	2	7651	1
1	2	7652	0
1	2	7653	4
1	2	7654	11
1	2	7655	0
1	2	7656	0
1	2	7657	0
1	2	7658	1
1	2	7659	0
1	2	7660	0
1	2	7661	2
1	2	7662	0
1	2	7663	5
1	2	7664	0
1	2	7665	0
1	2	7666	0
1	2	7667	1
1	2	7668	18
1	2	7669	28
1	2	7670	14
1	2	7671	6
1	2	7672	0
1	2	7673	0
1	2	7674	0
1	2	7675	0
1	2	7676	0
1	2	7677	11
1	2	7678	7
1	2	7679	0
1	2	7680	0
1	2	7681	0
1	2	7682	0
1	2	7683	1
1	2	7684	0
1	2	7685	0
1	2	7686	0
1	2	7687	0
1	2	7688	0
1	2	7689	0
1	2	7690	0
1	2	7691	8
1	2	7692	2
1	2	7693	0
1	2	7694	4
1	2	7695	0
1	2	7696	18
1	2	7697	0
1	2	7698	26
1	2	7699	7
1	2	7700	9
1	2	7701	1
1	2	7702	5
1	2	7703	6
1	2	7704	5
1	2	7705	0
1	2	7706	6
1	2	7707	0
1	2	7708	4
1	2	7709	0
1	2	7710	6
1	2	7711	0
1	2	7712	4
1	2	7713	0
1	2	7714	6
1	2	7715	3
1	2	7716	0
1	2	7717	0
1	2	7718	2
1	2	7719	0
1	2	7720	3
1	2	7721	0
1	2	7722	0
1	2	7723	0
1	2	7724	4
1	2	7725	0
1	2	7726	0
1	2	7727	7
1	2	7728	1
1	2	7729	0
1	2	7730	0
1	2	7731	0
1	2	7732	7
1	2	7733	2
1	2	7734	6
1	2	7735	4
1	2	7736	0
1	2	7737	0
1	2	7738	0
1	2	7739	0
1	2	7740	0
1	2	7741	0
1	2	7742	0
1	2	7743	4
1	2	7744	2
1	2	7745	0
1	2	7746	4
1	2	7747	0
1	2	7748	0
1	2	7749	6
1	2	7750	1
1	2	7751	0
1	2	7752	0
1	2	7753	0
1	2	7754	11
1	2	7755	0
1	2	7756	0
1	2	7757	0
1	2	7758	0
1	2	7759	15
1	2	7760	0
1	2	7761	9
1	2	7762	0
1	2	7763	0
1	2	7764	1
1	2	7765	5
1	2	7766	0
1	2	7767	1
1	2	7768	0
1	2	7769	4
1	2	7770	1
1	2	7771	1
1	2	7772	7
1	2	7773	0
1	2	7774	0
1	2	7775	0
1	2	7776	0
1	2	7777	0
1	2	7778	0
1	2	7779	0
1	2	7780	0
1	2	7781	0
1	2	7782	0
1	2	7783	0
1	2	7784	2
1	2	7785	1
1	2	7786	0
1	2	7787	0
1	2	7788	0
1	2	7789	0
1	2	7790	0
1	2	7791	6
1	2	7792	1
1	2	7793	13
1	2	7794	1
1	2	7795	0
1	2	7796	0
1	2	7797	0
1	2	7798	1
1	2	7799	0
1	2	7800	0
1	2	7801	7
1	2	7802	0
1	2	7803	11
1	2	7804	0
1	2	7805	0
1	2	7806	5
1	2	7807	0
1	2	7808	0
1	2	7809	0
1	2	7810	16
1	2	7811	0
1	2	7812	0
1	2	7813	0
1	2	7814	5
1	2	7815	1
1	2	7816	0
1	2	7817	4
1	2	7818	0
1	2	7819	1
1	2	7820	0
1	2	7821	1
1	2	7822	3
1	2	7823	0
1	2	7824	14
1	2	7825	0
1	2	7826	0
1	2	7827	0
1	2	7828	3
1	2	7829	6
1	2	7830	7
1	2	7831	0
1	2	7832	0
1	2	7833	0
1	2	7834	4
1	2	7835	0
1	2	7836	0
1	2	7837	0
1	2	7838	0
1	2	7839	0
1	2	7840	0
1	2	7841	0
1	2	7842	1
1	2	7843	0
1	2	7844	0
1	2	7845	2
1	2	7846	1
1	2	7847	0
1	2	7848	0
1	2	7849	0
1	2	7850	6
1	2	7851	1
1	2	7852	0
1	2	7853	11
1	2	7854	8
1	2	7855	0
1	2	7856	1
1	2	7857	0
1	2	7858	0
1	2	7859	0
1	2	7860	5
1	2	7861	0
1	2	7862	5
1	2	7863	0
1	2	7864	12
1	2	7865	0
1	2	7866	0
1	2	7867	0
1	2	7868	4
1	2	7869	0
1	2	7870	0
1	2	7871	0
1	2	7872	10
1	2	7873	6
1	2	7874	0
1	2	7875	4
1	2	7876	3
1	2	7877	3
1	2	7878	0
1	2	7879	0
1	2	7880	1
1	2	7881	8
1	2	7882	0
1	2	7883	2
1	2	7884	1
1	2	7885	0
1	2	7886	0
1	2	7887	5
1	2	7888	0
1	2	7889	0
1	2	7890	3
1	2	7891	1
1	2	7892	6
1	2	7893	10
1	2	7894	0
1	2	7895	0
1	2	7896	0
1	2	7897	0
1	2	7898	4
1	2	7899	0
1	2	7900	0
1	2	7901	9
1	2	7902	2
1	2	7903	4
1	2	7904	1
1	2	7905	0
1	2	7906	0
1	2	7907	1
1	2	7908	4
1	2	7909	0
1	2	7910	0
1	2	7911	0
1	2	7912	0
1	2	7913	0
1	2	7914	0
1	2	7915	0
1	2	7916	0
1	2	7917	0
1	2	7918	0
1	2	7919	0
1	2	7920	1
1	2	7921	6
1	2	7922	0
1	2	7923	0
1	2	7924	0
1	2	7925	2
1	2	7926	4
1	2	7927	0
1	2	7928	0
1	2	7929	0
1	2	7930	0
1	2	7931	0
1	2	7932	0
1	2	7933	4
1	2	7934	0
1	2	7935	0
1	2	7936	0
1	2	7937	0
1	2	7938	0
1	2	7939	0
1	2	7940	0
1	2	7941	0
1	2	7942	4
1	2	7943	0
1	2	7944	0
1	2	7945	5
1	2	7946	0
1	2	7947	0
1	2	7948	1
1	2	7949	3
1	2	7950	4
1	2	7951	0
1	2	7952	0
1	2	7953	0
1	2	7954	5
1	2	7955	5
1	2	7956	0
1	2	7957	1
1	2	7958	0
1	2	7959	0
1	2	7960	0
1	2	7961	0
1	2	7962	0
1	2	7963	4
1	2	7964	0
1	2	7965	0
1	2	7966	0
1	2	7967	0
1	2	7968	0
1	2	7969	0
1	2	7970	10
1	2	7971	1
1	2	7972	7
1	2	7973	1
1	2	7974	0
1	2	7975	0
1	2	7976	3
1	2	7977	0
1	2	7978	0
1	2	7979	3
1	2	7980	0
1	2	7981	1
1	2	7982	0
1	2	7983	1
1	2	7984	9
1	2	7985	0
1	2	7986	0
1	2	7987	8
1	2	7988	0
1	2	7989	0
1	2	7990	0
1	2	7991	1
1	2	7992	3
1	2	7993	1
1	2	7994	2
1	2	7995	0
1	2	7996	4
1	2	7997	0
1	2	7998	1
1	2	7999	3
1	2	8000	0
1	2	8001	0
1	2	8002	0
1	2	8003	0
1	2	8004	0
1	2	8005	0
1	2	8006	0
1	2	8007	0
1	2	8008	0
1	2	8009	3
1	2	8010	10
1	2	8011	0
1	2	8012	0
1	2	8013	0
1	2	8014	2
1	2	8015	0
1	2	8016	4
1	2	8017	0
1	2	8018	2
1	2	8019	7
1	2	8020	0
1	2	8021	0
1	2	8022	4
1	2	8023	0
1	2	8024	0
1	2	8025	0
1	2	8026	0
1	2	8027	0
1	2	8028	0
1	2	8029	0
1	2	8030	0
1	2	8031	0
1	2	8032	0
1	2	8033	0
1	2	8034	10
1	2	8035	0
1	2	8036	0
1	2	8037	0
1	2	8038	1
1	2	8039	6
1	2	8040	0
1	2	8041	0
1	2	8042	0
1	2	8043	8
1	2	8044	0
1	2	8045	2
1	2	8046	0
1	2	8047	0
1	2	8048	1
1	2	8049	1
1	2	8050	0
1	2	8051	0
1	2	8052	0
1	2	8053	1
1	2	8054	0
1	2	8055	0
1	2	8056	0
1	2	8057	6
1	2	8058	1
1	2	8059	0
1	2	8060	0
1	2	8061	15
1	2	8062	0
1	2	8063	0
1	2	8064	0
1	2	8065	0
1	2	8066	1
1	2	8067	4
1	2	8068	0
1	2	8069	0
1	2	8070	0
1	2	8071	1
1	2	8072	1
1	2	8073	0
1	2	8074	11
1	2	8075	0
1	2	8076	8
1	2	8077	0
1	2	8078	11
1	2	8079	0
1	2	8080	6
1	2	8081	0
1	2	8082	0
1	2	8083	2
1	2	8084	0
1	2	8085	6
1	2	8086	13
1	2	8087	0
1	2	8088	3
1	2	8089	2
1	2	8090	5
1	2	8091	0
1	2	8092	0
1	2	8093	2
1	2	8094	0
1	2	8095	0
1	2	8096	0
1	2	8097	5
1	2	8098	15
1	2	8099	7
1	2	8100	0
1	2	8101	0
1	2	8102	2
1	2	8103	0
1	2	8104	0
1	2	8105	0
1	2	8106	0
1	2	8107	0
1	2	8108	2
1	2	8109	0
1	2	8110	0
1	2	8111	2
1	2	8112	1
1	2	8113	0
1	2	8114	3
1	2	8115	0
1	2	8116	0
1	2	8117	0
1	2	8118	2
1	2	8119	0
1	2	8120	15
1	2	8121	0
1	2	8122	0
1	2	8123	0
1	2	8124	0
1	2	8125	0
1	2	8126	6
1	2	8127	0
1	2	8128	0
1	2	8129	0
1	2	8130	3
1	2	8131	0
1	2	8132	0
1	2	8133	0
1	2	8134	0
1	2	8135	14
1	2	8136	4
1	2	8137	4
1	2	8138	2
1	2	8139	0
1	2	8140	0
1	2	8141	15
1	2	8142	0
1	2	8143	8
1	2	8144	0
1	2	8145	0
1	2	8146	1
1	2	8147	0
1	2	8148	25
1	2	8149	5
1	2	8150	0
1	2	8151	0
1	2	8152	0
1	2	8153	0
1	2	8154	0
1	2	8155	0
1	2	8156	4
1	2	8157	3
1	2	8158	3
1	2	8159	1
1	2	8160	0
1	2	8161	0
1	2	8162	0
1	2	8163	0
1	2	8164	0
1	2	8165	0
1	2	8166	13
1	2	8167	0
1	2	8168	0
1	2	8169	5
1	2	8170	4
1	2	8171	0
1	2	8172	2
1	2	8173	0
1	2	8174	0
1	2	8175	0
1	2	8176	0
1	2	8177	0
1	2	8178	0
1	2	8179	11
1	2	8180	0
1	2	8181	0
1	2	8182	0
1	2	8183	0
1	2	8184	0
1	2	8185	3
1	2	8186	0
1	2	8187	3
1	2	8188	0
1	2	8189	6
1	2	8190	4
1	2	8191	0
1	2	8192	0
1	2	8193	0
1	2	8194	1
1	2	8195	1
1	2	8196	0
1	2	8197	0
1	2	8198	4
1	2	8199	0
1	2	8200	0
1	2	8201	3
1	2	8202	1
1	2	8203	0
1	2	8204	0
1	2	8205	3
1	2	8206	0
1	2	8207	0
1	2	8208	0
1	2	8209	7
1	2	8210	0
1	2	8211	0
1	2	8212	0
1	2	8213	0
1	2	8214	0
1	2	8215	2
1	2	8216	0
1	2	8217	0
1	2	8218	3
1	2	8219	0
1	2	8220	4
1	2	8221	0
1	2	8222	2
1	2	8223	0
1	2	8224	2
1	2	8225	0
1	2	8226	1
1	2	8227	2
1	2	8228	1
1	2	8229	3
1	2	8230	1
1	2	8231	6
1	2	8232	0
1	2	8233	0
1	2	8234	0
1	2	8235	1
1	2	8236	8
1	2	8237	1
1	2	8238	0
1	2	8239	0
1	2	8240	0
1	2	8241	12
1	2	8242	1
1	2	8243	0
1	2	8244	8
1	2	8245	6
1	2	8246	0
1	2	8247	0
1	2	8248	0
1	2	8249	0
1	2	8250	0
1	2	8251	0
1	2	8252	1
1	2	8253	0
1	2	8254	0
1	2	8255	0
1	2	8256	0
1	2	8257	4
1	2	8258	6
1	2	8259	0
1	2	8260	4
1	2	8261	0
1	2	8262	1
1	2	8263	0
1	2	8264	0
1	2	8265	0
1	2	8266	0
1	2	8267	0
1	2	8268	1
1	2	8269	0
1	2	8270	3
1	2	8271	0
1	2	8272	4
1	2	8273	0
1	2	8274	0
1	2	8275	0
1	2	8276	0
1	2	8277	0
1	2	8278	0
1	2	8279	0
1	2	8280	2
1	2	8281	10
1	2	8282	0
1	2	8283	0
1	2	8284	0
1	2	8285	0
1	2	8286	0
1	2	8287	0
1	2	8288	0
1	2	8289	1
1	2	8290	6
1	2	8291	12
1	2	8292	15
1	2	8293	7
1	2	8294	0
1	2	8295	0
1	2	8296	0
1	2	8297	0
1	2	8298	0
1	2	8299	0
1	2	8300	0
1	2	8301	0
1	2	8302	0
1	2	8303	19
1	2	8304	0
1	2	8305	2
1	2	8306	10
1	2	8307	0
1	2	8308	0
1	2	8309	10
1	2	8310	0
1	2	8311	0
1	2	8312	0
1	2	8313	0
1	2	8314	0
1	2	8315	0
1	2	8316	4
1	2	8317	7
1	2	8318	0
1	2	8319	0
1	2	8320	0
1	2	8321	0
1	2	8322	0
1	2	8323	9
1	2	8324	0
1	2	8325	0
1	2	8326	1
1	2	8327	0
1	2	8328	12
1	2	8329	0
1	2	8330	0
1	2	8331	2
1	2	8332	8
1	2	8333	0
1	2	8334	0
1	2	8335	0
1	2	8336	5
1	2	8337	6
1	2	8338	0
1	2	8339	0
1	2	8340	0
1	2	8341	4
1	2	8342	2
1	2	8343	0
1	2	8344	0
1	2	8345	0
1	2	8346	1
1	2	8347	0
1	2	8348	0
1	2	8349	0
1	2	8350	3
1	2	8351	0
1	2	8352	0
1	2	8353	3
1	2	8354	1
1	2	8355	0
1	2	8356	0
1	2	8357	0
1	2	8358	0
1	2	8359	0
1	2	8360	6
1	2	8361	0
1	2	8362	2
1	2	8363	3
1	2	8364	0
1	2	8365	0
1	2	8366	0
1	2	8367	0
1	2	8368	11
1	2	8369	3
1	2	8370	0
1	2	8371	12
1	2	8372	0
1	2	8373	0
1	2	8374	0
1	2	8375	1
1	2	8376	0
1	2	8377	18
1	2	8378	0
1	2	8379	0
1	2	8380	0
1	2	8381	2
1	2	8382	0
1	2	8383	2
1	2	8384	0
1	2	8385	0
1	2	8386	3
1	2	8387	0
1	2	8388	7
1	2	8389	0
1	2	8390	0
1	2	8391	0
1	2	8392	5
1	2	8393	0
1	2	8394	2
1	2	8395	0
1	2	8396	0
1	2	8397	5
1	2	8398	0
1	2	8399	2
1	2	8400	8
1	2	8401	0
1	2	8402	11
1	2	8403	10
1	2	8404	2
1	2	8405	0
1	2	8406	0
1	2	8407	0
1	2	8408	0
1	2	8409	0
1	2	8410	0
1	2	8411	0
1	2	8412	1
1	2	8413	0
1	2	8414	1
1	2	8415	0
1	2	8416	0
1	2	8417	0
1	2	8418	0
1	2	8419	0
1	2	8420	0
1	2	8421	1
1	2	8422	8
1	2	8423	5
1	2	8424	1
1	2	8425	3
1	2	8426	0
1	2	8427	0
1	2	8428	0
1	2	8429	0
1	2	8430	5
1	2	8431	0
1	2	8432	0
1	2	8433	1
1	2	8434	0
1	2	8435	0
1	2	8436	3
1	2	8437	0
1	2	8438	0
1	2	8439	10
1	2	8440	0
1	2	8441	5
1	2	8442	0
1	2	8443	0
1	2	8444	0
1	2	8445	2
1	2	8446	0
1	2	8447	3
1	2	8448	4
1	2	8449	9
1	2	8450	0
1	2	8451	0
1	2	8452	2
1	2	8453	1
1	2	8454	0
1	2	8455	2
1	2	8456	0
1	2	8457	0
1	2	8458	6
1	2	8459	0
1	2	8460	0
1	2	8461	1
1	2	8462	1
1	2	8463	0
1	2	8464	9
1	2	8465	0
1	2	8466	0
1	2	8467	0
1	2	8468	0
1	2	8469	0
1	2	8470	0
1	2	8471	0
1	2	8472	0
1	2	8473	19
1	2	8474	0
1	2	8475	0
1	2	8476	0
1	2	8477	3
1	2	8478	0
1	2	8479	0
1	2	8480	0
1	2	8481	0
1	2	8482	7
1	2	8483	0
1	2	8484	0
1	2	8485	1
1	2	8486	0
1	2	8487	0
1	2	8488	0
1	2	8489	0
1	2	8490	4
1	2	8491	0
1	2	8492	0
1	2	8493	1
1	2	8494	14
1	2	8495	0
1	2	8496	0
1	2	8497	0
1	2	8498	1
1	2	8499	11
1	2	8500	0
1	2	8501	0
1	2	8502	0
1	2	8503	0
1	2	8504	0
1	2	8505	0
1	2	8506	0
1	2	8507	7
1	2	8508	9
1	2	8509	0
1	2	8510	3
1	2	8511	0
1	2	8512	0
1	2	8513	1
1	2	8514	0
1	2	8515	0
1	2	8516	0
1	2	8517	0
1	2	8518	0
1	2	8519	0
1	2	8520	5
1	2	8521	5
1	2	8522	0
1	2	8523	0
1	2	8524	10
1	2	8525	0
1	2	8526	0
1	2	8527	0
1	2	8528	0
1	2	8529	0
1	2	8530	0
1	2	8531	0
1	2	8532	0
1	2	8533	0
1	2	8534	2
1	2	8535	0
1	2	8536	0
1	2	8537	0
1	2	8538	3
1	2	8539	0
1	2	8540	6
1	2	8541	0
1	2	8542	2
1	2	8543	0
1	2	8544	0
1	2	8545	9
1	2	8546	4
1	2	8547	3
1	2	8548	1
1	2	8549	0
1	2	8550	0
1	2	8551	2
1	2	8552	0
1	2	8553	0
1	2	8554	0
1	2	8555	0
1	2	8556	5
1	2	8557	4
1	2	8558	1
1	2	8559	1
1	2	8560	0
1	2	8561	0
1	2	8562	0
1	2	8563	1
1	2	8564	0
1	2	8565	0
1	2	8566	0
1	2	8567	5
1	2	8568	0
1	2	8569	1
1	2	8570	0
1	2	8571	0
1	2	8572	0
1	2	8573	0
1	2	8574	4
1	2	8575	0
1	2	8576	0
1	2	8577	0
1	2	8578	0
1	2	8579	0
1	2	8580	2
1	2	8581	5
1	2	8582	3
1	2	8583	0
1	2	8584	0
1	2	8585	0
1	2	8586	0
1	2	8587	0
1	2	8588	4
1	2	8589	0
1	2	8590	2
1	2	8591	0
1	2	8592	3
1	2	8593	0
1	2	8594	0
1	2	8595	3
1	2	8596	0
1	2	8597	5
1	2	8598	12
1	2	8599	1
1	2	8600	0
1	2	8601	6
1	2	8602	1
1	2	8603	6
1	2	8604	6
1	2	8605	0
1	2	8606	0
1	2	8607	5
1	2	8608	0
1	2	8609	0
1	2	8610	0
1	2	8611	0
1	2	8612	0
1	2	8613	4
1	2	8614	0
1	2	8615	0
1	2	8616	0
1	2	8617	0
1	2	8618	6
1	2	8619	0
1	2	8620	3
1	2	8621	0
1	2	8622	0
1	2	8623	0
1	2	8624	0
1	2	8625	2
1	2	8626	0
1	2	8627	3
1	2	8628	0
1	2	8629	0
1	2	8630	0
1	2	8631	0
1	2	8632	0
1	2	8633	0
1	2	8634	7
1	2	8635	3
1	2	8636	0
1	2	8637	0
1	2	8638	12
1	2	8639	0
1	2	8640	0
1	2	8641	6
1	2	8642	1
1	2	8643	9
1	2	8644	0
1	2	8645	0
1	2	8646	3
1	2	8647	1
1	2	8648	0
1	2	8649	0
1	2	8650	0
1	2	8651	0
1	2	8652	11
1	2	8653	1
1	2	8654	10
1	2	8655	0
1	2	8656	0
1	2	8657	2
1	2	8658	18
1	2	8659	3
1	2	8660	0
1	2	8661	0
1	2	8662	0
1	2	8663	0
1	2	8664	16
1	2	8665	0
1	2	8666	0
1	2	8667	10
1	2	8668	0
1	2	8669	0
1	2	8670	0
1	2	8671	1
1	2	8672	0
1	2	8673	6
1	2	8674	5
1	2	8675	0
1	2	8676	0
1	2	8677	1
1	2	8678	0
1	2	8679	5
1	2	8680	0
1	2	8681	9
1	2	8682	0
1	2	8683	0
1	2	8684	0
1	2	8685	0
1	2	8686	12
1	2	8687	0
1	2	8688	0
1	2	8689	0
1	2	8690	0
1	2	8691	0
1	2	8692	0
1	2	8693	0
1	2	8694	0
1	2	8695	2
1	2	8696	5
1	2	8697	0
1	2	8698	0
1	2	8699	2
1	2	8700	1
1	2	8701	0
1	2	8702	8
1	2	8703	14
1	2	8704	0
1	2	8705	3
1	2	8706	0
1	2	8707	0
1	2	8708	0
1	2	8709	0
1	2	8710	6
1	2	8711	0
1	2	8712	0
1	2	8713	0
1	2	8714	0
1	2	8715	0
1	2	8716	0
1	2	8717	0
1	2	8718	2
1	2	8719	0
1	2	8720	0
1	2	8721	0
1	2	8722	17
1	2	8723	0
1	2	8724	0
1	2	8725	0
1	2	8726	0
1	2	8727	5
1	2	8728	11
1	2	8729	1
1	2	8730	0
1	2	8731	7
1	2	8732	0
1	2	8733	2
1	2	8734	1
1	2	8735	1
1	2	8736	0
1	2	8737	0
1	2	8738	1
1	2	8739	0
1	2	8740	0
1	2	8741	3
1	2	8742	0
1	2	8743	4
1	2	8744	10
1	2	8745	17
1	2	8746	0
1	2	8747	0
1	2	8748	0
1	2	8749	3
1	2	8750	0
1	2	8751	3
1	2	8752	0
1	2	8753	0
1	2	8754	2
1	2	8755	2
1	2	8756	0
1	2	8757	0
1	2	8758	0
1	2	8759	13
1	2	8760	0
1	2	8761	2
1	2	8762	0
1	2	8763	0
1	2	8764	1
1	2	8765	1
1	2	8766	5
1	2	8767	0
1	2	8768	0
1	2	8769	0
1	2	8770	3
1	2	8771	3
1	2	8772	0
1	2	8773	4
1	2	8774	0
1	2	8775	0
1	2	8776	0
1	2	8777	1
1	2	8778	0
1	2	8779	0
1	2	8780	0
1	2	8781	0
1	2	8782	0
1	2	8783	0
1	2	8784	7
1	2	8785	14
1	2	8786	10
1	2	8787	0
1	2	8788	0
1	2	8789	2
1	2	8790	11
1	2	8791	0
1	2	8792	0
1	2	8793	0
1	2	8794	0
1	2	8795	0
1	2	8796	2
1	2	8797	0
1	2	8798	0
1	2	8799	0
1	2	8800	0
1	2	8801	0
1	2	8802	0
1	2	8803	0
1	2	8804	0
1	2	8805	0
1	2	8806	0
1	2	8807	11
1	2	8808	0
1	2	8809	0
1	2	8810	3
1	2	8811	0
1	2	8812	6
1	2	8813	0
1	2	8814	4
1	2	8815	17
1	2	8816	0
1	2	8817	0
1	2	8818	0
1	2	8819	0
1	2	8820	7
1	2	8821	0
1	2	8822	6
1	2	8823	0
1	2	8824	4
1	2	8825	7
1	2	8826	1
1	2	8827	4
1	2	8828	3
1	2	8829	8
1	2	8830	0
1	2	8831	0
1	2	8832	7
1	2	8833	7
1	2	8834	0
1	2	8835	0
1	2	8836	0
1	2	8837	6
1	2	8838	2
1	2	8839	7
1	2	8840	0
1	2	8841	0
1	2	8842	0
1	2	8843	0
1	2	8844	1
1	2	8845	0
1	2	8846	0
1	2	8847	3
1	2	8848	0
1	2	8849	0
1	2	8850	0
1	2	8851	0
1	2	8852	0
1	2	8853	6
1	2	8854	0
1	2	8855	9
1	2	8856	5
1	2	8857	0
1	2	8858	0
1	2	8859	2
1	2	8860	0
1	2	8861	0
1	2	8862	0
1	2	8863	0
1	2	8864	2
1	2	8865	7
1	2	8866	0
1	2	8867	4
1	2	8868	0
1	2	8869	3
1	2	8870	0
1	2	8871	0
1	2	8872	0
1	2	8873	10
1	2	8874	0
1	2	8875	2
1	2	8876	3
1	2	8877	11
1	2	8878	2
1	2	8879	8
1	2	8880	0
1	2	8881	0
1	2	8882	4
1	2	8883	0
1	2	8884	0
1	2	8885	0
1	2	8886	1
1	2	8887	0
1	2	8888	0
1	2	8889	1
1	2	8890	2
1	2	8891	0
1	2	8892	0
1	2	8893	1
1	2	8894	9
1	2	8895	7
1	2	8896	3
1	2	8897	0
1	2	8898	2
1	2	8899	0
1	2	8900	0
1	2	8901	0
1	2	8902	0
1	2	8903	0
1	2	8904	0
1	2	8905	15
1	2	8906	0
1	2	8907	0
1	2	8908	0
1	2	8909	0
1	2	8910	0
1	2	8911	0
1	2	8912	0
1	2	8913	1
1	2	8914	0
1	2	8915	0
1	2	8916	0
1	2	8917	0
1	2	8918	0
1	2	8919	0
1	2	8920	0
1	2	8921	0
1	2	8922	3
1	2	8923	2
1	2	8924	1
1	2	8925	0
1	2	8926	0
1	2	8927	8
1	2	8928	2
1	2	8929	4
1	2	8930	0
1	2	8931	0
1	2	8932	0
1	2	8933	0
1	2	8934	4
1	2	8935	0
1	2	8936	0
1	2	8937	26
1	2	8938	5
1	2	8939	0
1	2	8940	0
1	2	8941	1
1	2	8942	0
1	2	8943	9
1	2	8944	8
1	2	8945	0
1	2	8946	7
1	2	8947	0
1	2	8948	1
1	2	8949	0
1	2	8950	7
1	2	8951	1
1	2	8952	1
1	2	8953	0
1	2	8954	0
1	2	8955	0
1	2	8956	0
1	2	8957	0
1	2	8958	1
1	2	8959	5
1	2	8960	0
1	2	8961	3
1	2	8962	0
1	2	8963	2
1	2	8964	0
1	2	8965	0
1	2	8966	8
1	2	8967	0
1	2	8968	5
1	2	8969	2
1	2	8970	6
1	2	8971	7
1	2	8972	1
1	2	8973	0
1	2	8974	0
1	2	8975	3
1	2	8976	15
1	2	8977	0
1	2	8978	0
1	2	8979	0
1	2	8980	12
1	2	8981	0
1	2	8982	0
1	2	8983	1
1	2	8984	2
1	2	8985	0
1	2	8986	3
1	2	8987	0
1	2	8988	11
1	2	8989	0
1	2	8990	6
1	2	8991	1
1	2	8992	0
1	2	8993	6
1	2	8994	0
1	2	8995	0
1	2	8996	0
1	2	8997	0
1	2	8998	4
1	2	8999	1
1	2	9000	7
1	2	9001	0
1	2	9002	1
1	2	9003	5
1	2	9004	0
1	2	9005	0
1	2	9006	0
1	2	9007	0
1	2	9008	0
1	2	9009	2
1	2	9010	0
1	2	9011	0
1	2	9012	0
1	2	9013	0
1	2	9014	0
1	2	9015	0
1	2	9016	0
1	2	9017	4
1	2	9018	4
1	2	9019	3
1	2	9020	0
1	2	9021	3
1	2	9022	0
1	2	9023	3
1	2	9024	2
1	2	9025	0
1	2	9026	0
1	2	9027	3
1	2	9028	6
1	2	9029	3
1	2	9030	0
1	2	9031	0
1	2	9032	0
1	2	9033	4
1	2	9034	0
1	2	9035	1
1	2	9036	0
1	2	9037	0
1	2	9038	0
1	2	9039	0
1	2	9040	0
1	2	9041	6
1	2	9042	1
1	2	9043	0
1	2	9044	11
1	2	9045	0
1	2	9046	0
1	2	9047	0
1	2	9048	0
1	2	9049	5
1	2	9050	9
1	2	9051	0
1	2	9052	0
1	2	9053	13
1	2	9054	0
1	2	9055	0
1	2	9056	0
1	2	9057	0
1	2	9058	0
1	2	9059	1
1	2	9060	0
1	2	9061	0
1	2	9062	0
1	2	9063	2
1	2	9064	13
1	2	9065	0
1	2	9066	2
1	2	9067	1
1	2	9068	0
1	2	9069	4
1	2	9070	5
1	2	9071	0
1	2	9072	0
1	2	9073	4
1	2	9074	1
1	2	9075	0
1	2	9076	0
1	2	9077	4
1	2	9078	0
1	2	9079	0
1	2	9080	0
1	2	9081	0
1	2	9082	0
1	2	9083	5
1	2	9084	3
1	2	9085	0
1	2	9086	3
1	2	9087	0
1	2	9088	0
1	2	9089	0
1	2	9090	1
1	2	9091	0
1	2	9092	0
1	2	9093	0
1	2	9094	0
1	2	9095	1
1	2	9096	1
1	2	9097	0
1	2	9098	1
1	2	9099	3
1	2	9100	6
1	2	9101	0
1	2	9102	10
1	2	9103	1
1	2	9104	0
1	2	9105	0
1	2	9106	0
1	2	9107	0
1	2	9108	4
1	2	9109	1
1	2	9110	2
1	2	9111	0
1	2	9112	0
1	2	9113	0
1	2	9114	9
1	2	9115	0
1	2	9116	0
1	2	9117	0
1	2	9118	3
1	2	9119	3
1	2	9120	0
1	2	9121	0
1	2	9122	8
1	2	9123	0
1	2	9124	0
1	2	9125	5
1	2	9126	0
1	2	9127	0
1	2	9128	0
1	2	9129	0
1	2	9130	2
1	2	9131	0
1	2	9132	4
1	2	9133	0
1	2	9134	0
1	2	9135	3
1	2	9136	9
1	2	9137	0
1	2	9138	1
1	2	9139	0
1	2	9140	0
1	2	9141	21
1	2	9142	1
1	2	9143	1
1	2	9144	0
1	2	9145	1
1	2	9146	0
1	2	9147	0
1	2	9148	2
1	2	9149	0
1	2	9150	0
1	2	9151	0
1	2	9152	0
1	2	9153	0
1	2	9154	0
1	2	9155	0
1	2	9156	0
1	2	9157	0
1	2	9158	0
1	2	9159	0
1	2	9160	0
1	2	9161	0
1	2	9162	0
1	2	9163	0
1	2	9164	2
1	2	9165	0
1	2	9166	0
1	2	9167	0
1	2	9168	1
1	2	9169	0
1	2	9170	0
1	2	9171	0
1	2	9172	0
1	2	9173	0
1	2	9174	0
1	2	9175	2
1	2	9176	0
1	2	9177	0
1	2	9178	0
1	2	9179	0
1	2	9180	0
1	2	9181	13
1	2	9182	0
1	2	9183	7
1	2	9184	0
1	2	9185	2
1	2	9186	0
1	2	9187	0
1	2	9188	8
1	2	9189	4
1	2	9190	0
1	2	9191	0
1	2	9192	2
1	2	9193	3
1	2	9194	0
1	2	9195	7
1	2	9196	0
1	2	9197	8
1	2	9198	0
1	2	9199	0
1	2	9200	0
1	2	9201	5
1	2	9202	12
1	2	9203	0
1	2	9204	12
1	2	9205	0
1	2	9206	0
1	2	9207	0
1	2	9208	0
1	2	9209	0
1	2	9210	0
1	2	9211	1
1	2	9212	0
1	2	9213	1
1	2	9214	0
1	2	9215	2
1	2	9216	0
1	2	9217	0
1	2	9218	0
1	2	9219	4
1	2	9220	0
1	2	9221	0
1	2	9222	0
1	2	9223	0
1	2	9224	0
1	2	9225	3
1	2	9226	0
1	2	9227	0
1	2	9228	0
1	2	9229	0
1	2	9230	0
1	2	9231	0
1	2	9232	0
1	2	9233	0
1	2	9234	0
1	2	9235	7
1	2	9236	10
1	2	9237	0
1	2	9238	1
1	2	9239	2
1	2	9240	0
1	2	9241	16
1	2	9242	0
1	2	9243	0
1	2	9244	4
1	2	9245	0
1	2	9246	0
1	2	9247	0
1	2	9248	0
1	2	9249	0
1	2	9250	0
1	2	9251	0
1	2	9252	0
1	2	9253	0
1	2	9254	7
1	2	9255	0
1	2	9256	2
1	2	9257	1
1	2	9258	18
1	2	9259	4
1	2	9260	10
1	2	9261	5
1	2	9262	0
1	2	9263	0
1	2	9264	0
1	2	9265	0
1	2	9266	12
1	2	9267	0
1	2	9268	0
1	2	9269	9
1	2	9270	3
1	2	9271	11
1	2	9272	1
1	2	9273	0
1	2	9274	0
1	2	9275	0
1	2	9276	0
1	2	9277	0
1	2	9278	0
1	2	9279	0
1	2	9280	13
1	2	9281	4
1	2	9282	0
1	2	9283	0
1	2	9284	0
1	2	9285	4
1	2	9286	0
1	2	9287	0
1	2	9288	0
1	2	9289	3
1	2	9290	1
1	2	9291	0
1	2	9292	0
1	2	9293	0
1	2	9294	2
1	2	9295	0
1	2	9296	0
1	2	9297	3
1	2	9298	0
1	2	9299	5
1	2	9300	2
1	2	9301	0
1	2	9302	12
1	2	9303	0
1	2	9304	0
1	2	9305	6
1	2	9306	0
1	2	9307	0
1	2	9308	0
1	2	9309	0
1	2	9310	0
1	2	9311	0
1	2	9312	0
1	2	9313	0
1	2	9314	0
1	2	9315	4
1	2	9316	1
1	2	9317	0
1	2	9318	0
1	2	9319	3
1	2	9320	7
1	2	9321	0
1	2	9322	0
1	2	9323	2
1	2	9324	0
1	2	9325	0
1	2	9326	0
1	2	9327	0
1	2	9328	3
1	2	9329	4
1	2	9330	0
1	2	9331	6
1	2	9332	0
1	2	9333	0
1	2	9334	2
1	2	9335	2
1	2	9336	4
1	2	9337	0
1	2	9338	0
1	2	9339	0
1	2	9340	0
1	2	9341	0
1	2	9342	6
1	2	9343	0
1	2	9344	0
1	2	9345	0
1	2	9346	0
1	2	9347	16
1	2	9348	3
1	2	9349	0
1	2	9350	0
1	2	9351	0
1	2	9352	0
1	2	9353	0
1	2	9354	0
1	2	9355	0
1	2	9356	0
1	2	9357	0
1	2	9358	2
1	2	9359	2
1	2	9360	0
1	2	9361	4
1	2	9362	0
1	2	9363	0
1	2	9364	0
1	2	9365	3
1	2	9366	0
1	2	9367	5
1	2	9368	17
1	2	9369	0
1	2	9370	0
1	2	9371	0
1	2	9372	30
1	2	9373	0
1	2	9374	0
1	2	9375	6
1	2	9376	0
1	2	9377	2
1	2	9378	0
1	2	9379	0
1	2	9380	2
1	2	9381	0
1	2	9382	0
1	2	9383	0
1	2	9384	0
1	2	9385	0
1	2	9386	0
1	2	9387	6
1	2	9388	0
1	2	9389	0
1	2	9390	0
1	2	9391	5
1	2	9392	0
1	2	9393	0
1	2	9394	9
1	2	9395	0
1	2	9396	1
1	2	9397	0
1	2	9398	0
1	2	9399	0
1	2	9400	0
1	2	9401	0
1	2	9402	2
1	2	9403	0
1	2	9404	0
1	2	9405	0
1	2	9406	0
1	2	9407	3
1	2	9408	0
1	2	9409	0
1	2	9410	0
1	2	9411	0
1	2	9412	0
1	2	9413	5
1	2	9414	0
1	2	9415	0
1	2	9416	0
1	2	9417	0
1	2	9418	0
1	2	9419	0
1	2	9420	7
1	2	9421	0
1	2	9422	0
1	2	9423	0
1	2	9424	0
1	2	9425	0
1	2	9426	0
1	2	9427	0
1	2	9428	0
1	2	9429	0
1	2	9430	14
1	2	9431	0
1	2	9432	0
1	2	9433	13
1	2	9434	2
1	2	9435	0
1	2	9436	0
1	2	9437	0
1	2	9438	0
1	2	9439	0
1	2	9440	0
1	2	9441	0
1	2	9442	1
1	2	9443	0
1	2	9444	0
1	2	9445	4
1	2	9446	9
1	2	9447	1
1	2	9448	1
1	2	9449	6
1	2	9450	3
1	2	9451	0
1	2	9452	3
1	2	9453	7
1	2	9454	0
1	2	9455	0
1	2	9456	0
1	2	9457	0
1	2	9458	0
1	2	9459	0
1	2	9460	0
1	2	9461	0
1	2	9462	3
1	2	9463	5
1	2	9464	7
1	2	9465	0
1	2	9466	1
1	2	9467	0
1	2	9468	0
1	2	9469	3
1	2	9470	0
1	2	9471	0
1	2	9472	0
1	2	9473	0
1	2	9474	0
1	2	9475	3
1	2	9476	0
1	2	9477	1
1	2	9478	0
1	2	9479	0
1	2	9480	4
1	2	9481	0
1	2	9482	0
1	2	9483	2
1	2	9484	0
1	2	9485	8
1	2	9486	0
1	2	9487	0
1	2	9488	0
1	2	9489	10
1	2	9490	0
1	2	9491	0
1	2	9492	0
1	2	9493	0
1	2	9494	10
1	2	9495	0
1	2	9496	0
1	2	9497	0
1	2	9498	5
1	2	9499	15
1	2	9500	23
1	2	9501	0
1	2	9502	0
1	2	9503	1
1	2	9504	1
1	2	9505	3
1	2	9506	0
1	2	9507	5
1	2	9508	4
1	2	9509	0
1	2	9510	0
1	2	9511	0
1	2	9512	0
1	2	9513	9
1	2	9514	4
1	2	9515	0
1	2	9516	1
1	2	9517	12
1	2	9518	0
1	2	9519	0
1	2	9520	0
1	2	9521	0
1	2	9522	0
1	2	9523	0
1	2	9524	0
1	2	9525	0
1	2	9526	0
1	2	9527	0
1	2	9528	1
1	2	9529	0
1	2	9530	0
1	2	9531	0
1	2	9532	0
1	2	9533	1
1	2	9534	0
1	2	9535	0
1	2	9536	0
1	2	9537	0
1	2	9538	0
1	2	9539	0
1	2	9540	0
1	2	9541	0
1	2	9542	0
1	2	9543	0
1	2	9544	0
1	2	9545	4
1	2	9546	1
1	2	9547	1
1	2	9548	0
1	2	9549	1
1	2	9550	4
1	2	9551	0
1	2	9552	2
1	2	9553	6
1	2	9554	22
1	2	9555	0
1	2	9556	12
1	2	9557	0
1	2	9558	0
1	2	9559	0
1	2	9560	0
1	2	9561	9
1	2	9562	0
1	2	9563	0
1	2	9564	0
1	2	9565	0
1	2	9566	0
1	2	9567	1
1	2	9568	0
1	2	9569	0
1	2	9570	4
1	2	9571	0
1	2	9572	0
1	2	9573	0
1	2	9574	7
1	2	9575	0
1	2	9576	0
1	2	9577	0
1	2	9578	0
1	2	9579	0
1	2	9580	10
1	2	9581	0
1	2	9582	0
1	2	9583	0
1	2	9584	0
1	2	9585	0
1	2	9586	0
1	2	9587	0
1	2	9588	0
1	2	9589	2
1	2	9590	7
1	2	9591	0
1	2	9592	2
1	2	9593	0
1	2	9594	1
1	2	9595	3
1	2	9596	0
1	2	9597	0
1	2	9598	0
1	2	9599	0
1	2	9600	0
1	2	9601	4
1	2	9602	0
1	2	9603	3
1	2	9604	1
1	2	9605	0
1	2	9606	0
1	2	9607	0
1	2	9608	0
1	2	9609	0
1	2	9610	0
1	2	9611	0
1	2	9612	0
1	2	9613	0
1	2	9614	0
1	2	9615	0
1	2	9616	0
1	2	9617	0
1	2	9618	1
1	2	9619	0
1	2	9620	0
1	2	9621	6
1	2	9622	0
1	2	9623	0
1	2	9624	0
1	2	9625	2
1	2	9626	1
1	2	9627	9
1	2	9628	5
1	2	9629	0
1	2	9630	0
1	2	9631	0
1	2	9632	0
1	2	9633	0
1	2	9634	0
1	2	9635	0
1	2	9636	0
1	2	9637	0
1	2	9638	10
1	2	9639	0
1	2	9640	1
1	2	9641	5
1	2	9642	0
1	2	9643	0
1	2	9644	4
1	2	9645	0
1	2	9646	0
1	2	9647	3
1	2	9648	0
1	2	9649	0
1	2	9650	2
1	2	9651	0
1	2	9652	0
1	2	9653	0
1	2	9654	0
1	2	9655	0
1	2	9656	0
1	2	9657	0
1	2	9658	0
1	2	9659	1
1	2	9660	0
1	2	9661	0
1	2	9662	0
1	2	9663	2
1	2	9664	0
1	2	9665	4
1	2	9666	3
1	2	9667	10
1	2	9668	13
1	2	9669	0
1	2	9670	0
1	2	9671	3
1	2	9672	0
1	2	9673	0
1	2	9674	0
1	2	9675	0
1	2	9676	0
1	2	9677	0
1	2	9678	0
1	2	9679	0
1	2	9680	0
1	2	9681	0
1	2	9682	0
1	2	9683	0
1	2	9684	0
1	2	9685	0
1	2	9686	1
1	2	9687	0
1	2	9688	0
1	2	9689	0
1	2	9690	0
1	2	9691	0
1	2	9692	0
1	2	9693	0
1	2	9694	0
1	2	9695	7
1	2	9696	0
1	2	9697	0
1	2	9698	9
1	2	9699	0
1	2	9700	1
1	2	9701	0
1	2	9702	2
1	2	9703	0
1	2	9704	6
1	2	9705	0
1	2	9706	0
1	2	9707	0
1	2	9708	0
1	2	9709	0
1	2	9710	0
1	2	9711	5
1	2	9712	2
1	2	9713	1
1	2	9714	11
1	2	9715	0
1	2	9716	0
1	2	9717	0
1	2	9718	2
1	2	9719	0
1	2	9720	0
1	2	9721	1
1	2	9722	0
1	2	9723	1
1	2	9724	2
1	2	9725	0
1	2	9726	0
1	2	9727	4
1	2	9728	2
1	2	9729	7
1	2	9730	1
1	2	9731	0
1	2	9732	0
1	2	9733	0
1	2	9734	0
1	2	9735	0
1	2	9736	30
1	2	9737	3
1	2	9738	5
1	2	9739	2
1	2	9740	0
1	2	9741	0
1	2	9742	2
1	2	9743	0
1	2	9744	0
1	2	9745	0
1	2	9746	17
1	2	9747	3
1	2	9748	0
1	2	9749	0
1	2	9750	1
1	2	9751	0
1	2	9752	0
1	2	9753	0
1	2	9754	0
1	2	9755	0
1	2	9756	0
1	2	9757	2
1	2	9758	0
1	2	9759	0
1	2	9760	0
1	2	9761	3
1	2	9762	1
1	2	9763	1
1	2	9764	0
1	2	9765	1
1	2	9766	9
1	2	9767	9
1	2	9768	2
1	2	9769	0
1	2	9770	1
1	2	9771	13
1	2	9772	0
1	2	9773	0
1	2	9774	0
1	2	9775	2
1	2	9776	0
1	2	9777	0
1	2	9778	0
1	2	9779	0
1	2	9780	4
1	2	9781	0
1	2	9782	0
1	2	9783	0
1	2	9784	0
1	2	9785	0
1	2	9786	0
1	2	9787	1
1	2	9788	1
1	2	9789	1
1	2	9790	6
1	2	9791	0
1	2	9792	0
1	2	9793	0
1	2	9794	1
1	2	9795	0
1	2	9796	0
1	2	9797	4
1	2	9798	1
1	2	9799	0
1	2	9800	8
1	2	9801	0
1	2	9802	11
1	2	9803	0
1	2	9804	15
1	2	9805	1
1	2	9806	4
1	2	9807	2
1	2	9808	6
1	2	9809	5
1	2	9810	0
1	2	9811	0
1	2	9812	5
1	2	9813	11
1	2	9814	0
1	2	9815	0
1	2	9816	0
1	2	9817	0
1	2	9818	0
1	2	9819	3
1	2	9820	0
1	2	9821	3
1	2	9822	0
1	2	9823	1
1	2	9824	0
1	2	9825	0
1	2	9826	0
1	2	9827	3
1	2	9828	0
1	2	9829	0
1	2	9830	2
1	2	9831	0
1	2	9832	0
1	2	9833	0
1	2	9834	0
1	2	9835	1
1	2	9836	0
1	2	9837	2
1	2	9838	0
1	2	9839	0
1	2	9840	0
1	2	9841	0
1	2	9842	16
1	2	9843	0
1	2	9844	5
1	2	9845	1
1	2	9846	4
1	2	9847	0
1	2	9848	0
1	2	9849	0
1	2	9850	3
1	2	9851	0
1	2	9852	0
1	2	9853	12
1	2	9854	1
1	2	9855	1
1	2	9856	0
1	2	9857	0
1	2	9858	9
1	2	9859	0
1	2	9860	1
1	2	9861	0
1	2	9862	0
1	2	9863	0
1	2	9864	4
1	2	9865	0
1	2	9866	0
1	2	9867	2
1	2	9868	8
1	2	9869	0
1	2	9870	6
1	2	9871	0
1	2	9872	0
1	2	9873	0
1	2	9874	0
1	2	9875	0
1	2	9876	0
1	2	9877	0
1	2	9878	0
1	2	9879	1
1	2	9880	0
1	2	9881	0
1	2	9882	2
1	2	9883	0
1	2	9884	0
1	2	9885	0
1	2	9886	0
1	2	9887	0
1	2	9888	16
1	2	9889	0
1	2	9890	0
1	2	9891	0
1	2	9892	0
1	2	9893	0
1	2	9894	3
1	2	9895	11
1	2	9896	0
1	2	9897	0
1	2	9898	8
1	2	9899	0
1	2	9900	21
1	2	9901	0
1	2	9902	0
1	2	9903	0
1	2	9904	1
1	2	9905	2
1	2	9906	0
1	2	9907	0
1	2	9908	0
1	2	9909	0
1	2	9910	0
1	2	9911	0
1	2	9912	3
1	2	9913	0
1	2	9914	0
1	2	9915	8
1	2	9916	0
1	2	9917	0
1	2	9918	0
1	2	9919	0
1	2	9920	0
1	2	9921	0
1	2	9922	0
1	2	9923	0
1	2	9924	0
1	2	9925	0
1	2	9926	0
1	2	9927	0
1	2	9928	0
1	2	9929	0
1	2	9930	0
1	2	9931	5
1	2	9932	16
1	2	9933	0
1	2	9934	0
1	2	9935	0
1	2	9936	3
1	2	9937	1
1	2	9938	0
1	2	9939	4
1	2	9940	10
1	2	9941	2
1	2	9942	0
1	2	9943	8
1	2	9944	0
1	2	9945	0
1	2	9946	0
1	2	9947	0
1	2	9948	0
1	2	9949	0
1	2	9950	0
1	2	9951	1
1	2	9952	0
1	2	9953	0
1	2	9954	1
1	2	9955	8
1	2	9956	21
1	2	9957	0
1	2	9958	4
1	2	9959	1
1	2	9960	0
1	2	9961	12
1	2	9962	0
1	2	9963	0
1	2	9964	0
1	2	9965	0
1	2	9966	2
1	2	9967	7
1	2	9968	0
1	2	9969	0
1	2	9970	0
1	2	9971	1
1	2	9972	3
1	2	9973	1
1	2	9974	7
1	2	9975	0
1	2	9976	0
1	2	9977	0
1	2	9978	8
1	2	9979	4
1	2	9980	0
1	2	9981	0
1	2	9982	1
1	2	9983	0
1	2	9984	0
1	2	9985	0
1	2	9986	0
1	2	9987	2
1	2	9988	0
1	2	9989	5
1	2	9990	12
1	2	9991	0
1	2	9992	0
1	2	9993	3
1	2	9994	0
1	2	9995	15
1	2	9996	0
1	2	9997	0
1	2	9998	0
1	2	9999	8
2	2	0	11
2	2	1	0
2	2	2	1
2	2	3	0
2	2	4	0
2	2	5	0
2	2	6	2
2	2	7	5
2	2	8	3
2	2	9	0
2	2	10	0
2	2	11	0
2	2	12	0
2	2	13	0
2	2	14	3
2	2	15	0
2	2	16	0
2	2	17	0
2	2	18	8
2	2	19	0
2	2	20	0
2	2	21	6
2	2	22	0
2	2	23	0
2	2	24	0
2	2	25	0
2	2	26	1
2	2	27	0
2	2	28	0
2	2	29	0
2	2	30	0
2	2	31	4
2	2	32	0
2	2	33	0
2	2	34	0
2	2	35	0
2	2	36	0
2	2	37	2
2	2	38	0
2	2	39	6
2	2	40	0
2	2	41	0
2	2	42	8
2	2	43	0
2	2	44	2
2	2	45	0
2	2	46	5
2	2	47	4
2	2	48	0
2	2	49	0
2	2	50	0
2	2	51	0
2	2	52	0
2	2	53	0
2	2	54	0
2	2	55	11
2	2	56	4
2	2	57	2
2	2	58	2
2	2	59	0
2	2	60	3
2	2	61	0
2	2	62	0
2	2	63	1
2	2	64	0
2	2	65	6
2	2	66	0
2	2	67	0
2	2	68	0
2	2	69	0
2	2	70	0
2	2	71	6
2	2	72	0
2	2	73	0
2	2	74	0
2	2	75	0
2	2	76	0
2	2	77	0
2	2	78	0
2	2	79	0
2	2	80	0
2	2	81	0
2	2	82	0
2	2	83	5
2	2	84	0
2	2	85	0
2	2	86	0
2	2	87	7
2	2	88	0
2	2	89	0
2	2	90	3
2	2	91	1
2	2	92	0
2	2	93	3
2	2	94	0
2	2	95	0
2	2	96	0
2	2	97	3
2	2	98	0
2	2	99	0
2	2	100	7
2	2	101	0
2	2	102	0
2	2	103	5
2	2	104	0
2	2	105	0
2	2	106	0
2	2	107	0
2	2	108	0
2	2	109	11
2	2	110	0
2	2	111	0
2	2	112	0
2	2	113	9
2	2	114	0
2	2	115	0
2	2	116	5
2	2	117	0
2	2	118	3
2	2	119	1
2	2	120	5
2	2	121	0
2	2	122	0
2	2	123	0
2	2	124	0
2	2	125	0
2	2	126	0
2	2	127	0
2	2	128	0
2	2	129	0
2	2	130	0
2	2	131	0
2	2	132	0
2	2	133	2
2	2	134	0
2	2	135	0
2	2	136	2
2	2	137	0
2	2	138	0
2	2	139	5
2	2	140	8
2	2	141	0
2	2	142	0
2	2	143	0
2	2	144	0
2	2	145	0
2	2	146	0
2	2	147	0
2	2	148	3
2	2	149	0
2	2	150	0
2	2	151	3
2	2	152	2
2	2	153	0
2	2	154	0
2	2	155	0
2	2	156	0
2	2	157	3
2	2	158	0
2	2	159	0
2	2	160	0
2	2	161	0
2	2	162	0
2	2	163	0
2	2	164	0
2	2	165	3
2	2	166	0
2	2	167	10
2	2	168	0
2	2	169	6
2	2	170	1
2	2	171	1
2	2	172	0
2	2	173	6
2	2	174	0
2	2	175	0
2	2	176	1
2	2	177	0
2	2	178	4
2	2	179	0
2	2	180	2
2	2	181	2
2	2	182	0
2	2	183	0
2	2	184	0
2	2	185	2
2	2	186	0
2	2	187	0
2	2	188	0
2	2	189	4
2	2	190	4
2	2	191	0
2	2	192	8
2	2	193	0
2	2	194	0
2	2	195	0
2	2	196	0
2	2	197	0
2	2	198	10
2	2	199	5
2	2	200	2
2	2	201	0
2	2	202	0
2	2	203	0
2	2	204	0
2	2	205	5
2	2	206	6
2	2	207	0
2	2	208	0
2	2	209	0
2	2	210	0
2	2	211	5
2	2	212	0
2	2	213	0
2	2	214	0
2	2	215	0
2	2	216	0
2	2	217	6
2	2	218	6
2	2	219	0
2	2	220	0
2	2	221	0
2	2	222	9
2	2	223	3
2	2	224	0
2	2	225	0
2	2	226	0
2	2	227	1
2	2	228	0
2	2	229	0
2	2	230	0
2	2	231	0
2	2	232	0
2	2	233	0
2	2	234	0
2	2	235	5
2	2	236	0
2	2	237	6
2	2	238	0
2	2	239	0
2	2	240	5
2	2	241	0
2	2	242	10
2	2	243	0
2	2	244	2
2	2	245	17
2	2	246	0
2	2	247	0
2	2	248	4
2	2	249	4
2	2	250	0
2	2	251	3
2	2	252	0
2	2	253	0
2	2	254	4
2	2	255	1
2	2	256	0
2	2	257	4
2	2	258	0
2	2	259	3
2	2	260	0
2	2	261	0
2	2	262	0
2	2	263	0
2	2	264	0
2	2	265	0
2	2	266	0
2	2	267	0
2	2	268	2
2	2	269	0
2	2	270	0
2	2	271	2
2	2	272	0
2	2	273	0
2	2	274	4
2	2	275	3
2	2	276	0
2	2	277	6
2	2	278	6
2	2	279	0
2	2	280	0
2	2	281	0
2	2	282	1
2	2	283	0
2	2	284	4
2	2	285	0
2	2	286	0
2	2	287	0
2	2	288	0
2	2	289	10
2	2	290	2
2	2	291	0
2	2	292	12
2	2	293	2
2	2	294	0
2	2	295	0
2	2	296	0
2	2	297	10
2	2	298	0
2	2	299	0
2	2	300	0
2	2	301	0
2	2	302	0
2	2	303	4
2	2	304	0
2	2	305	0
2	2	306	0
2	2	307	3
2	2	308	0
2	2	309	1
2	2	310	0
2	2	311	0
2	2	312	0
2	2	313	0
2	2	314	0
2	2	315	2
2	2	316	12
2	2	317	0
2	2	318	0
2	2	319	0
2	2	320	0
2	2	321	0
2	2	322	0
2	2	323	0
2	2	324	0
2	2	325	0
2	2	326	6
2	2	327	0
2	2	328	4
2	2	329	0
2	2	330	0
2	2	331	2
2	2	332	0
2	2	333	0
2	2	334	0
2	2	335	0
2	2	336	8
2	2	337	15
2	2	338	0
2	2	339	2
2	2	340	0
2	2	341	0
2	2	342	9
2	2	343	15
2	2	344	0
2	2	345	0
2	2	346	0
2	2	347	0
2	2	348	5
2	2	349	0
2	2	350	0
2	2	351	0
2	2	352	0
2	2	353	0
2	2	354	0
2	2	355	0
2	2	356	0
2	2	357	0
2	2	358	0
2	2	359	2
2	2	360	0
2	2	361	0
2	2	362	4
2	2	363	0
2	2	364	0
2	2	365	0
2	2	366	0
2	2	367	1
2	2	368	0
2	2	369	0
2	2	370	0
2	2	371	4
2	2	372	0
2	2	373	0
2	2	374	4
2	2	375	3
2	2	376	3
2	2	377	0
2	2	378	0
2	2	379	0
2	2	380	0
2	2	381	0
2	2	382	0
2	2	383	0
2	2	384	11
2	2	385	4
2	2	386	6
2	2	387	2
2	2	388	0
2	2	389	0
2	2	390	0
2	2	391	2
2	2	392	8
2	2	393	5
2	2	394	5
2	2	395	0
2	2	396	0
2	2	397	0
2	2	398	0
2	2	399	1
2	2	400	1
2	2	401	14
2	2	402	0
2	2	403	0
2	2	404	5
2	2	405	0
2	2	406	0
2	2	407	0
2	2	408	0
2	2	409	0
2	2	410	11
2	2	411	0
2	2	412	6
2	2	413	0
2	2	414	0
2	2	415	0
2	2	416	0
2	2	417	0
2	2	418	0
2	2	419	1
2	2	420	7
2	2	421	3
2	2	422	0
2	2	423	0
2	2	424	0
2	2	425	0
2	2	426	0
2	2	427	3
2	2	428	4
2	2	429	0
2	2	430	7
2	2	431	7
2	2	432	0
2	2	433	0
2	2	434	9
2	2	435	0
2	2	436	0
2	2	437	2
2	2	438	4
2	2	439	0
2	2	440	7
2	2	441	2
2	2	442	12
2	2	443	0
2	2	444	0
2	2	445	0
2	2	446	0
2	2	447	0
2	2	448	0
2	2	449	4
2	2	450	0
2	2	451	0
2	2	452	0
2	2	453	3
2	2	454	0
2	2	455	0
2	2	456	0
2	2	457	0
2	2	458	2
2	2	459	5
2	2	460	3
2	2	461	0
2	2	462	0
2	2	463	1
2	2	464	0
2	2	465	0
2	2	466	0
2	2	467	0
2	2	468	0
2	2	469	4
2	2	470	0
2	2	471	0
2	2	472	1
2	2	473	0
2	2	474	0
2	2	475	0
2	2	476	0
2	2	477	0
2	2	478	0
2	2	479	0
2	2	480	1
2	2	481	0
2	2	482	6
2	2	483	2
2	2	484	0
2	2	485	0
2	2	486	0
2	2	487	1
2	2	488	0
2	2	489	0
2	2	490	9
2	2	491	1
2	2	492	2
2	2	493	0
2	2	494	0
2	2	495	0
2	2	496	2
2	2	497	21
2	2	498	1
2	2	499	0
2	2	500	0
2	2	501	0
2	2	502	0
2	2	503	0
2	2	504	1
2	2	505	0
2	2	506	1
2	2	507	0
2	2	508	0
2	2	509	0
2	2	510	4
2	2	511	4
2	2	512	0
2	2	513	0
2	2	514	0
2	2	515	0
2	2	516	0
2	2	517	2
2	2	518	0
2	2	519	6
2	2	520	0
2	2	521	0
2	2	522	0
2	2	523	0
2	2	524	0
2	2	525	0
2	2	526	6
2	2	527	0
2	2	528	0
2	2	529	0
2	2	530	0
2	2	531	0
2	2	532	1
2	2	533	3
2	2	534	25
2	2	535	7
2	2	536	0
2	2	537	0
2	2	538	4
2	2	539	18
2	2	540	0
2	2	541	0
2	2	542	0
2	2	543	0
2	2	544	5
2	2	545	0
2	2	546	0
2	2	547	0
2	2	548	3
2	2	549	5
2	2	550	0
2	2	551	7
2	2	552	0
2	2	553	0
2	2	554	1
2	2	555	8
2	2	556	8
2	2	557	0
2	2	558	0
2	2	559	1
2	2	560	6
2	2	561	3
2	2	562	4
2	2	563	0
2	2	564	0
2	2	565	1
2	2	566	5
2	2	567	0
2	2	568	0
2	2	569	0
2	2	570	0
2	2	571	0
2	2	572	0
2	2	573	0
2	2	574	0
2	2	575	0
2	2	576	0
2	2	577	1
2	2	578	6
2	2	579	0
2	2	580	0
2	2	581	0
2	2	582	3
2	2	583	0
2	2	584	1
2	2	585	1
2	2	586	5
2	2	587	3
2	2	588	5
2	2	589	4
2	2	590	2
2	2	591	0
2	2	592	12
2	2	593	0
2	2	594	0
2	2	595	0
2	2	596	0
2	2	597	0
2	2	598	0
2	2	599	2
2	2	600	1
2	2	601	0
2	2	602	0
2	2	603	0
2	2	604	0
2	2	605	0
2	2	606	2
2	2	607	0
2	2	608	3
2	2	609	0
2	2	610	0
2	2	611	0
2	2	612	5
2	2	613	14
2	2	614	0
2	2	615	0
2	2	616	0
2	2	617	0
2	2	618	0
2	2	619	5
2	2	620	0
2	2	621	0
2	2	622	1
2	2	623	1
2	2	624	0
2	2	625	0
2	2	626	0
2	2	627	0
2	2	628	0
2	2	629	4
2	2	630	0
2	2	631	0
2	2	632	0
2	2	633	3
2	2	634	0
2	2	635	0
2	2	636	1
2	2	637	0
2	2	638	3
2	2	639	0
2	2	640	6
2	2	641	0
2	2	642	0
2	2	643	9
2	2	644	1
2	2	645	0
2	2	646	8
2	2	647	0
2	2	648	0
2	2	649	3
2	2	650	1
2	2	651	2
2	2	652	0
2	2	653	4
2	2	654	0
2	2	655	0
2	2	656	0
2	2	657	4
2	2	658	4
2	2	659	3
2	2	660	0
2	2	661	7
2	2	662	0
2	2	663	1
2	2	664	0
2	2	665	0
2	2	666	0
2	2	667	0
2	2	668	0
2	2	669	0
2	2	670	0
2	2	671	0
2	2	672	1
2	2	673	0
2	2	674	0
2	2	675	2
2	2	676	3
2	2	677	0
2	2	678	0
2	2	679	10
2	2	680	4
2	2	681	0
2	2	682	0
2	2	683	1
2	2	684	1
2	2	685	7
2	2	686	4
2	2	687	2
2	2	688	0
2	2	689	6
2	2	690	0
2	2	691	0
2	2	692	0
2	2	693	0
2	2	694	5
2	2	695	5
2	2	696	0
2	2	697	0
2	2	698	0
2	2	699	0
2	2	700	0
2	2	701	2
2	2	702	0
2	2	703	0
2	2	704	0
2	2	705	4
2	2	706	0
2	2	707	0
2	2	708	0
2	2	709	5
2	2	710	1
2	2	711	0
2	2	712	0
2	2	713	2
2	2	714	0
2	2	715	0
2	2	716	0
2	2	717	0
2	2	718	10
2	2	719	0
2	2	720	5
2	2	721	0
2	2	722	10
2	2	723	0
2	2	724	0
2	2	725	0
2	2	726	1
2	2	727	0
2	2	728	0
2	2	729	7
2	2	730	0
2	2	731	0
2	2	732	0
2	2	733	2
2	2	734	0
2	2	735	0
2	2	736	0
2	2	737	1
2	2	738	0
2	2	739	5
2	2	740	1
2	2	741	4
2	2	742	0
2	2	743	1
2	2	744	0
2	2	745	0
2	2	746	0
2	2	747	0
2	2	748	2
2	2	749	0
2	2	750	0
2	2	751	1
2	2	752	0
2	2	753	0
2	2	754	1
2	2	755	2
2	2	756	0
2	2	757	0
2	2	758	0
2	2	759	4
2	2	760	0
2	2	761	0
2	2	762	0
2	2	763	10
2	2	764	0
2	2	765	0
2	2	766	8
2	2	767	0
2	2	768	1
2	2	769	0
2	2	770	0
2	2	771	0
2	2	772	2
2	2	773	0
2	2	774	0
2	2	775	0
2	2	776	2
2	2	777	0
2	2	778	5
2	2	779	0
2	2	780	5
2	2	781	0
2	2	782	1
2	2	783	0
2	2	784	2
2	2	785	0
2	2	786	0
2	2	787	0
2	2	788	0
2	2	789	0
2	2	790	0
2	2	791	4
2	2	792	1
2	2	793	3
2	2	794	4
2	2	795	1
2	2	796	0
2	2	797	0
2	2	798	0
2	2	799	0
2	2	800	0
2	2	801	0
2	2	802	0
2	2	803	0
2	2	804	11
2	2	805	0
2	2	806	5
2	2	807	3
2	2	808	4
2	2	809	0
2	2	810	1
2	2	811	2
2	2	812	0
2	2	813	0
2	2	814	12
2	2	815	0
2	2	816	11
2	2	817	0
2	2	818	3
2	2	819	3
2	2	820	0
2	2	821	2
2	2	822	4
2	2	823	0
2	2	824	9
2	2	825	1
2	2	826	0
2	2	827	0
2	2	828	0
2	2	829	0
2	2	830	0
2	2	831	0
2	2	832	0
2	2	833	0
2	2	834	0
2	2	835	0
2	2	836	1
2	2	837	5
2	2	838	1
2	2	839	5
2	2	840	0
2	2	841	0
2	2	842	0
2	2	843	0
2	2	844	0
2	2	845	0
2	2	846	0
2	2	847	0
2	2	848	1
2	2	849	0
2	2	850	1
2	2	851	0
2	2	852	6
2	2	853	7
2	2	854	0
2	2	855	0
2	2	856	0
2	2	857	12
2	2	858	0
2	2	859	4
2	2	860	0
2	2	861	0
2	2	862	0
2	2	863	0
2	2	864	0
2	2	865	0
2	2	866	13
2	2	867	0
2	2	868	0
2	2	869	0
2	2	870	0
2	2	871	0
2	2	872	0
2	2	873	1
2	2	874	7
2	2	875	0
2	2	876	0
2	2	877	0
2	2	878	3
2	2	879	0
2	2	880	0
2	2	881	2
2	2	882	8
2	2	883	10
2	2	884	0
2	2	885	5
2	2	886	0
2	2	887	0
2	2	888	1
2	2	889	0
2	2	890	0
2	2	891	1
2	2	892	0
2	2	893	0
2	2	894	9
2	2	895	0
2	2	896	0
2	2	897	5
2	2	898	3
2	2	899	16
2	2	900	0
2	2	901	0
2	2	902	0
2	2	903	1
2	2	904	0
2	2	905	0
2	2	906	0
2	2	907	0
2	2	908	0
2	2	909	0
2	2	910	1
2	2	911	0
2	2	912	1
2	2	913	0
2	2	914	3
2	2	915	12
2	2	916	0
2	2	917	0
2	2	918	0
2	2	919	0
2	2	920	0
2	2	921	0
2	2	922	0
2	2	923	0
2	2	924	0
2	2	925	0
2	2	926	1
2	2	927	0
2	2	928	0
2	2	929	0
2	2	930	0
2	2	931	0
2	2	932	0
2	2	933	0
2	2	934	11
2	2	935	0
2	2	936	3
2	2	937	0
2	2	938	0
2	2	939	0
2	2	940	0
2	2	941	0
2	2	942	5
2	2	943	0
2	2	944	0
2	2	945	0
2	2	946	2
2	2	947	0
2	2	948	3
2	2	949	0
2	2	950	0
2	2	951	0
2	2	952	0
2	2	953	0
2	2	954	0
2	2	955	0
2	2	956	4
2	2	957	0
2	2	958	0
2	2	959	7
2	2	960	2
2	2	961	0
2	2	962	0
2	2	963	3
2	2	964	0
2	2	965	0
2	2	966	0
2	2	967	5
2	2	968	6
2	2	969	0
2	2	970	0
2	2	971	6
2	2	972	0
2	2	973	0
2	2	974	0
2	2	975	0
2	2	976	12
2	2	977	0
2	2	978	0
2	2	979	0
2	2	980	0
2	2	981	7
2	2	982	0
2	2	983	6
2	2	984	1
2	2	985	0
2	2	986	15
2	2	987	0
2	2	988	2
2	2	989	0
2	2	990	0
2	2	991	0
2	2	992	0
2	2	993	0
2	2	994	3
2	2	995	0
2	2	996	0
2	2	997	1
2	2	998	0
2	2	999	0
2	2	1000	0
2	2	1001	1
2	2	1002	0
2	2	1003	4
2	2	1004	0
2	2	1005	1
2	2	1006	0
2	2	1007	15
2	2	1008	0
2	2	1009	0
2	2	1010	1
2	2	1011	0
2	2	1012	0
2	2	1013	0
2	2	1014	2
2	2	1015	0
2	2	1016	0
2	2	1017	16
2	2	1018	0
2	2	1019	0
2	2	1020	0
2	2	1021	3
2	2	1022	5
2	2	1023	0
2	2	1024	0
2	2	1025	0
2	2	1026	0
2	2	1027	6
2	2	1028	6
2	2	1029	0
2	2	1030	0
2	2	1031	0
2	2	1032	8
2	2	1033	10
2	2	1034	12
2	2	1035	0
2	2	1036	0
2	2	1037	3
2	2	1038	0
2	2	1039	0
2	2	1040	0
2	2	1041	0
2	2	1042	1
2	2	1043	1
2	2	1044	3
2	2	1045	0
2	2	1046	5
2	2	1047	6
2	2	1048	17
2	2	1049	4
2	2	1050	0
2	2	1051	0
2	2	1052	0
2	2	1053	26
2	2	1054	0
2	2	1055	0
2	2	1056	0
2	2	1057	0
2	2	1058	0
2	2	1059	0
2	2	1060	2
2	2	1061	0
2	2	1062	0
2	2	1063	4
2	2	1064	0
2	2	1065	0
2	2	1066	1
2	2	1067	1
2	2	1068	0
2	2	1069	0
2	2	1070	0
2	2	1071	0
2	2	1072	0
2	2	1073	1
2	2	1074	0
2	2	1075	0
2	2	1076	8
2	2	1077	5
2	2	1078	0
2	2	1079	0
2	2	1080	0
2	2	1081	1
2	2	1082	3
2	2	1083	0
2	2	1084	1
2	2	1085	0
2	2	1086	0
2	2	1087	2
2	2	1088	19
2	2	1089	0
2	2	1090	8
2	2	1091	0
2	2	1092	0
2	2	1093	3
2	2	1094	0
2	2	1095	0
2	2	1096	0
2	2	1097	0
2	2	1098	0
2	2	1099	0
2	2	1100	1
2	2	1101	3
2	2	1102	2
2	2	1103	0
2	2	1104	0
2	2	1105	0
2	2	1106	1
2	2	1107	0
2	2	1108	0
2	2	1109	1
2	2	1110	3
2	2	1111	1
2	2	1112	0
2	2	1113	0
2	2	1114	0
2	2	1115	2
2	2	1116	7
2	2	1117	0
2	2	1118	4
2	2	1119	0
2	2	1120	0
2	2	1121	1
2	2	1122	0
2	2	1123	2
2	2	1124	0
2	2	1125	7
2	2	1126	0
2	2	1127	0
2	2	1128	3
2	2	1129	0
2	2	1130	1
2	2	1131	4
2	2	1132	1
2	2	1133	0
2	2	1134	0
2	2	1135	6
2	2	1136	3
2	2	1137	5
2	2	1138	0
2	2	1139	0
2	2	1140	1
2	2	1141	0
2	2	1142	0
2	2	1143	0
2	2	1144	2
2	2	1145	0
2	2	1146	5
2	2	1147	0
2	2	1148	10
2	2	1149	0
2	2	1150	0
2	2	1151	0
2	2	1152	0
2	2	1153	0
2	2	1154	15
2	2	1155	0
2	2	1156	0
2	2	1157	0
2	2	1158	4
2	2	1159	0
2	2	1160	0
2	2	1161	4
2	2	1162	6
2	2	1163	0
2	2	1164	0
2	2	1165	3
2	2	1166	0
2	2	1167	0
2	2	1168	6
2	2	1169	0
2	2	1170	6
2	2	1171	4
2	2	1172	0
2	2	1173	0
2	2	1174	1
2	2	1175	0
2	2	1176	3
2	2	1177	5
2	2	1178	0
2	2	1179	5
2	2	1180	0
2	2	1181	6
2	2	1182	0
2	2	1183	1
2	2	1184	4
2	2	1185	0
2	2	1186	0
2	2	1187	6
2	2	1188	23
2	2	1189	0
2	2	1190	0
2	2	1191	0
2	2	1192	0
2	2	1193	2
2	2	1194	0
2	2	1195	1
2	2	1196	0
2	2	1197	0
2	2	1198	0
2	2	1199	0
2	2	1200	4
2	2	1201	6
2	2	1202	17
2	2	1203	0
2	2	1204	0
2	2	1205	0
2	2	1206	0
2	2	1207	0
2	2	1208	1
2	2	1209	6
2	2	1210	0
2	2	1211	0
2	2	1212	0
2	2	1213	0
2	2	1214	8
2	2	1215	0
2	2	1216	0
2	2	1217	0
2	2	1218	0
2	2	1219	0
2	2	1220	0
2	2	1221	4
2	2	1222	0
2	2	1223	0
2	2	1224	0
2	2	1225	1
2	2	1226	0
2	2	1227	2
2	2	1228	0
2	2	1229	0
2	2	1230	2
2	2	1231	4
2	2	1232	0
2	2	1233	0
2	2	1234	0
2	2	1235	0
2	2	1236	1
2	2	1237	17
2	2	1238	0
2	2	1239	12
2	2	1240	0
2	2	1241	2
2	2	1242	0
2	2	1243	0
2	2	1244	0
2	2	1245	1
2	2	1246	0
2	2	1247	0
2	2	1248	0
2	2	1249	0
2	2	1250	9
2	2	1251	1
2	2	1252	3
2	2	1253	0
2	2	1254	1
2	2	1255	0
2	2	1256	0
2	2	1257	0
2	2	1258	14
2	2	1259	0
2	2	1260	0
2	2	1261	0
2	2	1262	8
2	2	1263	3
2	2	1264	3
2	2	1265	0
2	2	1266	0
2	2	1267	0
2	2	1268	6
2	2	1269	0
2	2	1270	0
2	2	1271	1
2	2	1272	1
2	2	1273	0
2	2	1274	0
2	2	1275	12
2	2	1276	1
2	2	1277	0
2	2	1278	1
2	2	1279	1
2	2	1280	0
2	2	1281	7
2	2	1282	0
2	2	1283	0
2	2	1284	1
2	2	1285	0
2	2	1286	0
2	2	1287	0
2	2	1288	0
2	2	1289	14
2	2	1290	0
2	2	1291	0
2	2	1292	7
2	2	1293	0
2	2	1294	0
2	2	1295	0
2	2	1296	0
2	2	1297	0
2	2	1298	6
2	2	1299	0
2	2	1300	0
2	2	1301	0
2	2	1302	0
2	2	1303	0
2	2	1304	7
2	2	1305	1
2	2	1306	0
2	2	1307	0
2	2	1308	0
2	2	1309	2
2	2	1310	5
2	2	1311	0
2	2	1312	1
2	2	1313	0
2	2	1314	4
2	2	1315	0
2	2	1316	0
2	2	1317	12
2	2	1318	0
2	2	1319	0
2	2	1320	7
2	2	1321	1
2	2	1322	0
2	2	1323	0
2	2	1324	0
2	2	1325	0
2	2	1326	0
2	2	1327	0
2	2	1328	0
2	2	1329	5
2	2	1330	0
2	2	1331	0
2	2	1332	3
2	2	1333	1
2	2	1334	1
2	2	1335	6
2	2	1336	0
2	2	1337	0
2	2	1338	0
2	2	1339	0
2	2	1340	0
2	2	1341	0
2	2	1342	0
2	2	1343	0
2	2	1344	3
2	2	1345	5
2	2	1346	0
2	2	1347	0
2	2	1348	1
2	2	1349	0
2	2	1350	0
2	2	1351	9
2	2	1352	5
2	2	1353	0
2	2	1354	3
2	2	1355	0
2	2	1356	0
2	2	1357	0
2	2	1358	6
2	2	1359	3
2	2	1360	0
2	2	1361	0
2	2	1362	0
2	2	1363	6
2	2	1364	0
2	2	1365	5
2	2	1366	0
2	2	1367	3
2	2	1368	0
2	2	1369	0
2	2	1370	9
2	2	1371	0
2	2	1372	4
2	2	1373	0
2	2	1374	10
2	2	1375	5
2	2	1376	7
2	2	1377	0
2	2	1378	0
2	2	1379	0
2	2	1380	4
2	2	1381	8
2	2	1382	4
2	2	1383	0
2	2	1384	1
2	2	1385	1
2	2	1386	0
2	2	1387	5
2	2	1388	0
2	2	1389	1
2	2	1390	0
2	2	1391	0
2	2	1392	0
2	2	1393	7
2	2	1394	0
2	2	1395	0
2	2	1396	7
2	2	1397	0
2	2	1398	0
2	2	1399	0
2	2	1400	8
2	2	1401	0
2	2	1402	0
2	2	1403	0
2	2	1404	1
2	2	1405	3
2	2	1406	0
2	2	1407	0
2	2	1408	2
2	2	1409	4
2	2	1410	0
2	2	1411	0
2	2	1412	0
2	2	1413	0
2	2	1414	0
2	2	1415	0
2	2	1416	0
2	2	1417	1
2	2	1418	0
2	2	1419	0
2	2	1420	0
2	2	1421	0
2	2	1422	0
2	2	1423	0
2	2	1424	2
2	2	1425	0
2	2	1426	1
2	2	1427	0
2	2	1428	0
2	2	1429	1
2	2	1430	9
2	2	1431	0
2	2	1432	7
2	2	1433	0
2	2	1434	0
2	2	1435	3
2	2	1436	0
2	2	1437	0
2	2	1438	0
2	2	1439	0
2	2	1440	0
2	2	1441	0
2	2	1442	0
2	2	1443	0
2	2	1444	3
2	2	1445	5
2	2	1446	0
2	2	1447	0
2	2	1448	0
2	2	1449	0
2	2	1450	10
2	2	1451	19
2	2	1452	0
2	2	1453	0
2	2	1454	0
2	2	1455	0
2	2	1456	0
2	2	1457	1
2	2	1458	0
2	2	1459	0
2	2	1460	0
2	2	1461	0
2	2	1462	4
2	2	1463	0
2	2	1464	0
2	2	1465	0
2	2	1466	0
2	2	1467	0
2	2	1468	0
2	2	1469	0
2	2	1470	2
2	2	1471	0
2	2	1472	0
2	2	1473	1
2	2	1474	0
2	2	1475	2
2	2	1476	0
2	2	1477	0
2	2	1478	3
2	2	1479	0
2	2	1480	0
2	2	1481	0
2	2	1482	0
2	2	1483	0
2	2	1484	6
2	2	1485	5
2	2	1486	3
2	2	1487	0
2	2	1488	4
2	2	1489	0
2	2	1490	0
2	2	1491	17
2	2	1492	0
2	2	1493	2
2	2	1494	0
2	2	1495	0
2	2	1496	0
2	2	1497	0
2	2	1498	6
2	2	1499	0
2	2	1500	0
2	2	1501	9
2	2	1502	0
2	2	1503	5
2	2	1504	0
2	2	1505	5
2	2	1506	0
2	2	1507	8
2	2	1508	2
2	2	1509	0
2	2	1510	0
2	2	1511	1
2	2	1512	0
2	2	1513	7
2	2	1514	0
2	2	1515	0
2	2	1516	0
2	2	1517	0
2	2	1518	0
2	2	1519	0
2	2	1520	0
2	2	1521	0
2	2	1522	1
2	2	1523	0
2	2	1524	0
2	2	1525	0
2	2	1526	1
2	2	1527	0
2	2	1528	3
2	2	1529	0
2	2	1530	2
2	2	1531	0
2	2	1532	5
2	2	1533	0
2	2	1534	0
2	2	1535	0
2	2	1536	0
2	2	1537	0
2	2	1538	0
2	2	1539	0
2	2	1540	0
2	2	1541	0
2	2	1542	0
2	2	1543	1
2	2	1544	1
2	2	1545	3
2	2	1546	2
2	2	1547	0
2	2	1548	0
2	2	1549	0
2	2	1550	0
2	2	1551	3
2	2	1552	2
2	2	1553	0
2	2	1554	0
2	2	1555	0
2	2	1556	0
2	2	1557	0
2	2	1558	2
2	2	1559	5
2	2	1560	0
2	2	1561	0
2	2	1562	0
2	2	1563	3
2	2	1564	0
2	2	1565	0
2	2	1566	4
2	2	1567	0
2	2	1568	0
2	2	1569	0
2	2	1570	0
2	2	1571	5
2	2	1572	0
2	2	1573	3
2	2	1574	4
2	2	1575	3
2	2	1576	0
2	2	1577	0
2	2	1578	2
2	2	1579	0
2	2	1580	5
2	2	1581	0
2	2	1582	0
2	2	1583	0
2	2	1584	0
2	2	1585	0
2	2	1586	8
2	2	1587	0
2	2	1588	12
2	2	1589	0
2	2	1590	3
2	2	1591	0
2	2	1592	0
2	2	1593	0
2	2	1594	0
2	2	1595	0
2	2	1596	0
2	2	1597	3
2	2	1598	0
2	2	1599	0
2	2	1600	0
2	2	1601	0
2	2	1602	0
2	2	1603	0
2	2	1604	0
2	2	1605	0
2	2	1606	0
2	2	1607	0
2	2	1608	8
2	2	1609	0
2	2	1610	0
2	2	1611	0
2	2	1612	6
2	2	1613	0
2	2	1614	10
2	2	1615	1
2	2	1616	0
2	2	1617	0
2	2	1618	0
2	2	1619	0
2	2	1620	0
2	2	1621	0
2	2	1622	0
2	2	1623	0
2	2	1624	3
2	2	1625	1
2	2	1626	0
2	2	1627	10
2	2	1628	2
2	2	1629	0
2	2	1630	0
2	2	1631	0
2	2	1632	0
2	2	1633	3
2	2	1634	0
2	2	1635	0
2	2	1636	0
2	2	1637	0
2	2	1638	1
2	2	1639	0
2	2	1640	1
2	2	1641	9
2	2	1642	0
2	2	1643	0
2	2	1644	0
2	2	1645	8
2	2	1646	1
2	2	1647	6
2	2	1648	0
2	2	1649	0
2	2	1650	0
2	2	1651	0
2	2	1652	0
2	2	1653	0
2	2	1654	3
2	2	1655	0
2	2	1656	0
2	2	1657	0
2	2	1658	1
2	2	1659	0
2	2	1660	0
2	2	1661	2
2	2	1662	4
2	2	1663	0
2	2	1664	1
2	2	1665	2
2	2	1666	0
2	2	1667	0
2	2	1668	0
2	2	1669	0
2	2	1670	0
2	2	1671	1
2	2	1672	0
2	2	1673	0
2	2	1674	0
2	2	1675	0
2	2	1676	0
2	2	1677	0
2	2	1678	0
2	2	1679	0
2	2	1680	8
2	2	1681	0
2	2	1682	0
2	2	1683	12
2	2	1684	0
2	2	1685	5
2	2	1686	0
2	2	1687	6
2	2	1688	0
2	2	1689	2
2	2	1690	9
2	2	1691	0
2	2	1692	3
2	2	1693	0
2	2	1694	0
2	2	1695	0
2	2	1696	0
2	2	1697	5
2	2	1698	0
2	2	1699	2
2	2	1700	0
2	2	1701	0
2	2	1702	0
2	2	1703	3
2	2	1704	2
2	2	1705	0
2	2	1706	3
2	2	1707	3
2	2	1708	0
2	2	1709	0
2	2	1710	3
2	2	1711	0
2	2	1712	0
2	2	1713	0
2	2	1714	2
2	2	1715	1
2	2	1716	4
2	2	1717	0
2	2	1718	5
2	2	1719	0
2	2	1720	0
2	2	1721	0
2	2	1722	6
2	2	1723	3
2	2	1724	3
2	2	1725	3
2	2	1726	0
2	2	1727	0
2	2	1728	0
2	2	1729	0
2	2	1730	1
2	2	1731	2
2	2	1732	0
2	2	1733	0
2	2	1734	0
2	2	1735	0
2	2	1736	0
2	2	1737	3
2	2	1738	0
2	2	1739	1
2	2	1740	2
2	2	1741	0
2	2	1742	0
2	2	1743	0
2	2	1744	0
2	2	1745	0
2	2	1746	0
2	2	1747	0
2	2	1748	8
2	2	1749	0
2	2	1750	0
2	2	1751	1
2	2	1752	11
2	2	1753	2
2	2	1754	6
2	2	1755	0
2	2	1756	0
2	2	1757	0
2	2	1758	7
2	2	1759	0
2	2	1760	4
2	2	1761	0
2	2	1762	0
2	2	1763	0
2	2	1764	14
2	2	1765	6
2	2	1766	0
2	2	1767	0
2	2	1768	0
2	2	1769	0
2	2	1770	0
2	2	1771	2
2	2	1772	0
2	2	1773	0
2	2	1774	0
2	2	1775	0
2	2	1776	0
2	2	1777	0
2	2	1778	29
2	2	1779	0
2	2	1780	5
2	2	1781	0
2	2	1782	0
2	2	1783	0
2	2	1784	0
2	2	1785	6
2	2	1786	0
2	2	1787	0
2	2	1788	9
2	2	1789	0
2	2	1790	0
2	2	1791	0
2	2	1792	2
2	2	1793	0
2	2	1794	2
2	2	1795	3
2	2	1796	0
2	2	1797	7
2	2	1798	0
2	2	1799	0
2	2	1800	0
2	2	1801	0
2	2	1802	0
2	2	1803	0
2	2	1804	0
2	2	1805	0
2	2	1806	0
2	2	1807	0
2	2	1808	0
2	2	1809	7
2	2	1810	6
2	2	1811	1
2	2	1812	0
2	2	1813	0
2	2	1814	0
2	2	1815	0
2	2	1816	0
2	2	1817	0
2	2	1818	0
2	2	1819	0
2	2	1820	2
2	2	1821	0
2	2	1822	18
2	2	1823	0
2	2	1824	0
2	2	1825	0
2	2	1826	0
2	2	1827	0
2	2	1828	1
2	2	1829	0
2	2	1830	0
2	2	1831	1
2	2	1832	0
2	2	1833	0
2	2	1834	1
2	2	1835	0
2	2	1836	0
2	2	1837	0
2	2	1838	0
2	2	1839	0
2	2	1840	0
2	2	1841	1
2	2	1842	0
2	2	1843	3
2	2	1844	1
2	2	1845	1
2	2	1846	0
2	2	1847	10
2	2	1848	0
2	2	1849	12
2	2	1850	1
2	2	1851	3
2	2	1852	1
2	2	1853	1
2	2	1854	2
2	2	1855	0
2	2	1856	7
2	2	1857	0
2	2	1858	0
2	2	1859	5
2	2	1860	0
2	2	1861	0
2	2	1862	0
2	2	1863	0
2	2	1864	5
2	2	1865	0
2	2	1866	6
2	2	1867	0
2	2	1868	0
2	2	1869	0
2	2	1870	0
2	2	1871	0
2	2	1872	0
2	2	1873	0
2	2	1874	0
2	2	1875	0
2	2	1876	0
2	2	1877	14
2	2	1878	0
2	2	1879	0
2	2	1880	0
2	2	1881	5
2	2	1882	0
2	2	1883	0
2	2	1884	18
2	2	1885	0
2	2	1886	0
2	2	1887	0
2	2	1888	0
2	2	1889	0
2	2	1890	0
2	2	1891	0
2	2	1892	0
2	2	1893	0
2	2	1894	3
2	2	1895	0
2	2	1896	0
2	2	1897	0
2	2	1898	0
2	2	1899	0
2	2	1900	0
2	2	1901	0
2	2	1902	0
2	2	1903	0
2	2	1904	0
2	2	1905	0
2	2	1906	0
2	2	1907	0
2	2	1908	2
2	2	1909	0
2	2	1910	0
2	2	1911	7
2	2	1912	0
2	2	1913	0
2	2	1914	1
2	2	1915	0
2	2	1916	4
2	2	1917	0
2	2	1918	0
2	2	1919	10
2	2	1920	0
2	2	1921	1
2	2	1922	0
2	2	1923	0
2	2	1924	12
2	2	1925	0
2	2	1926	1
2	2	1927	1
2	2	1928	0
2	2	1929	0
2	2	1930	0
2	2	1931	0
2	2	1932	0
2	2	1933	0
2	2	1934	0
2	2	1935	2
2	2	1936	0
2	2	1937	5
2	2	1938	0
2	2	1939	0
2	2	1940	3
2	2	1941	3
2	2	1942	6
2	2	1943	0
2	2	1944	0
2	2	1945	0
2	2	1946	8
2	2	1947	1
2	2	1948	0
2	2	1949	0
2	2	1950	0
2	2	1951	0
2	2	1952	2
2	2	1953	4
2	2	1954	11
2	2	1955	0
2	2	1956	0
2	2	1957	0
2	2	1958	0
2	2	1959	0
2	2	1960	1
2	2	1961	0
2	2	1962	13
2	2	1963	0
2	2	1964	0
2	2	1965	4
2	2	1966	1
2	2	1967	0
2	2	1968	0
2	2	1969	3
2	2	1970	0
2	2	1971	1
2	2	1972	0
2	2	1973	1
2	2	1974	10
2	2	1975	0
2	2	1976	0
2	2	1977	3
2	2	1978	6
2	2	1979	0
2	2	1980	0
2	2	1981	0
2	2	1982	0
2	2	1983	0
2	2	1984	0
2	2	1985	0
2	2	1986	4
2	2	1987	3
2	2	1988	0
2	2	1989	0
2	2	1990	0
2	2	1991	0
2	2	1992	0
2	2	1993	0
2	2	1994	0
2	2	1995	5
2	2	1996	0
2	2	1997	0
2	2	1998	0
2	2	1999	0
2	2	2000	1
2	2	2001	0
2	2	2002	0
2	2	2003	0
2	2	2004	0
2	2	2005	0
2	2	2006	3
2	2	2007	2
2	2	2008	29
2	2	2009	0
2	2	2010	0
2	2	2011	0
2	2	2012	4
2	2	2013	0
2	2	2014	0
2	2	2015	0
2	2	2016	7
2	2	2017	1
2	2	2018	3
2	2	2019	0
2	2	2020	0
2	2	2021	0
2	2	2022	0
2	2	2023	4
2	2	2024	0
2	2	2025	0
2	2	2026	0
2	2	2027	10
2	2	2028	2
2	2	2029	0
2	2	2030	0
2	2	2031	4
2	2	2032	10
2	2	2033	7
2	2	2034	0
2	2	2035	0
2	2	2036	0
2	2	2037	6
2	2	2038	1
2	2	2039	0
2	2	2040	0
2	2	2041	5
2	2	2042	0
2	2	2043	0
2	2	2044	4
2	2	2045	0
2	2	2046	0
2	2	2047	0
2	2	2048	0
2	2	2049	0
2	2	2050	2
2	2	2051	0
2	2	2052	0
2	2	2053	12
2	2	2054	0
2	2	2055	0
2	2	2056	0
2	2	2057	4
2	2	2058	0
2	2	2059	0
2	2	2060	15
2	2	2061	0
2	2	2062	8
2	2	2063	3
2	2	2064	5
2	2	2065	0
2	2	2066	1
2	2	2067	1
2	2	2068	2
2	2	2069	0
2	2	2070	0
2	2	2071	0
2	2	2072	0
2	2	2073	0
2	2	2074	2
2	2	2075	1
2	2	2076	10
2	2	2077	0
2	2	2078	0
2	2	2079	0
2	2	2080	0
2	2	2081	5
2	2	2082	7
2	2	2083	0
2	2	2084	2
2	2	2085	0
2	2	2086	7
2	2	2087	0
2	2	2088	0
2	2	2089	0
2	2	2090	0
2	2	2091	0
2	2	2092	0
2	2	2093	1
2	2	2094	0
2	2	2095	18
2	2	2096	4
2	2	2097	1
2	2	2098	6
2	2	2099	0
2	2	2100	0
2	2	2101	0
2	2	2102	0
2	2	2103	0
2	2	2104	3
2	2	2105	2
2	2	2106	0
2	2	2107	0
2	2	2108	0
2	2	2109	0
2	2	2110	0
2	2	2111	0
2	2	2112	0
2	2	2113	0
2	2	2114	0
2	2	2115	0
2	2	2116	0
2	2	2117	16
2	2	2118	3
2	2	2119	0
2	2	2120	13
2	2	2121	0
2	2	2122	1
2	2	2123	0
2	2	2124	0
2	2	2125	0
2	2	2126	0
2	2	2127	0
2	2	2128	0
2	2	2129	0
2	2	2130	0
2	2	2131	5
2	2	2132	2
2	2	2133	0
2	2	2134	4
2	2	2135	0
2	2	2136	0
2	2	2137	8
2	2	2138	0
2	2	2139	0
2	2	2140	0
2	2	2141	0
2	2	2142	0
2	2	2143	3
2	2	2144	0
2	2	2145	0
2	2	2146	0
2	2	2147	0
2	2	2148	0
2	2	2149	0
2	2	2150	0
2	2	2151	3
2	2	2152	0
2	2	2153	2
2	2	2154	0
2	2	2155	0
2	2	2156	0
2	2	2157	0
2	2	2158	0
2	2	2159	0
2	2	2160	0
2	2	2161	7
2	2	2162	0
2	2	2163	1
2	2	2164	0
2	2	2165	7
2	2	2166	1
2	2	2167	0
2	2	2168	0
2	2	2169	0
2	2	2170	11
2	2	2171	3
2	2	2172	0
2	2	2173	0
2	2	2174	2
2	2	2175	0
2	2	2176	2
2	2	2177	12
2	2	2178	0
2	2	2179	0
2	2	2180	7
2	2	2181	7
2	2	2182	0
2	2	2183	5
2	2	2184	2
2	2	2185	0
2	2	2186	0
2	2	2187	0
2	2	2188	0
2	2	2189	0
2	2	2190	0
2	2	2191	4
2	2	2192	3
2	2	2193	0
2	2	2194	2
2	2	2195	7
2	2	2196	1
2	2	2197	0
2	2	2198	0
2	2	2199	0
2	2	2200	0
2	2	2201	0
2	2	2202	0
2	2	2203	6
2	2	2204	8
2	2	2205	1
2	2	2206	0
2	2	2207	0
2	2	2208	1
2	2	2209	0
2	2	2210	0
2	2	2211	14
2	2	2212	0
2	2	2213	7
2	2	2214	1
2	2	2215	0
2	2	2216	1
2	2	2217	2
2	2	2218	0
2	2	2219	0
2	2	2220	0
2	2	2221	0
2	2	2222	0
2	2	2223	0
2	2	2224	0
2	2	2225	3
2	2	2226	0
2	2	2227	0
2	2	2228	0
2	2	2229	2
2	2	2230	6
2	2	2231	0
2	2	2232	8
2	2	2233	0
2	2	2234	0
2	2	2235	0
2	2	2236	0
2	2	2237	0
2	2	2238	1
2	2	2239	0
2	2	2240	0
2	2	2241	1
2	2	2242	0
2	2	2243	0
2	2	2244	0
2	2	2245	1
2	2	2246	1
2	2	2247	0
2	2	2248	0
2	2	2249	0
2	2	2250	0
2	2	2251	0
2	2	2252	0
2	2	2253	8
2	2	2254	0
2	2	2255	1
2	2	2256	0
2	2	2257	0
2	2	2258	2
2	2	2259	1
2	2	2260	0
2	2	2261	0
2	2	2262	0
2	2	2263	5
2	2	2264	2
2	2	2265	0
2	2	2266	1
2	2	2267	12
2	2	2268	0
2	2	2269	0
2	2	2270	0
2	2	2271	0
2	2	2272	0
2	2	2273	0
2	2	2274	0
2	2	2275	0
2	2	2276	0
2	2	2277	0
2	2	2278	0
2	2	2279	15
2	2	2280	0
2	2	2281	0
2	2	2282	0
2	2	2283	1
2	2	2284	0
2	2	2285	5
2	2	2286	1
2	2	2287	0
2	2	2288	0
2	2	2289	0
2	2	2290	0
2	2	2291	0
2	2	2292	7
2	2	2293	3
2	2	2294	8
2	2	2295	1
2	2	2296	3
2	2	2297	3
2	2	2298	1
2	2	2299	0
2	2	2300	2
2	2	2301	3
2	2	2302	2
2	2	2303	0
2	2	2304	0
2	2	2305	0
2	2	2306	9
2	2	2307	0
2	2	2308	0
2	2	2309	4
2	2	2310	4
2	2	2311	0
2	2	2312	0
2	2	2313	0
2	2	2314	0
2	2	2315	0
2	2	2316	0
2	2	2317	0
2	2	2318	0
2	2	2319	0
2	2	2320	0
2	2	2321	0
2	2	2322	0
2	2	2323	0
2	2	2324	0
2	2	2325	0
2	2	2326	0
2	2	2327	13
2	2	2328	0
2	2	2329	0
2	2	2330	2
2	2	2331	0
2	2	2332	1
2	2	2333	3
2	2	2334	0
2	2	2335	4
2	2	2336	0
2	2	2337	0
2	2	2338	0
2	2	2339	0
2	2	2340	0
2	2	2341	0
2	2	2342	9
2	2	2343	0
2	2	2344	0
2	2	2345	0
2	2	2346	1
2	2	2347	0
2	2	2348	0
2	2	2349	0
2	2	2350	0
2	2	2351	0
2	2	2352	0
2	2	2353	0
2	2	2354	1
2	2	2355	0
2	2	2356	7
2	2	2357	2
2	2	2358	0
2	2	2359	0
2	2	2360	0
2	2	2361	3
2	2	2362	1
2	2	2363	0
2	2	2364	0
2	2	2365	0
2	2	2366	0
2	2	2367	4
2	2	2368	0
2	2	2369	0
2	2	2370	7
2	2	2371	0
2	2	2372	0
2	2	2373	0
2	2	2374	0
2	2	2375	0
2	2	2376	0
2	2	2377	0
2	2	2378	4
2	2	2379	1
2	2	2380	0
2	2	2381	0
2	2	2382	1
2	2	2383	0
2	2	2384	1
2	2	2385	0
2	2	2386	0
2	2	2387	0
2	2	2388	1
2	2	2389	0
2	2	2390	2
2	2	2391	9
2	2	2392	1
2	2	2393	0
2	2	2394	0
2	2	2395	0
2	2	2396	1
2	2	2397	0
2	2	2398	0
2	2	2399	4
2	2	2400	5
2	2	2401	9
2	2	2402	0
2	2	2403	0
2	2	2404	0
2	2	2405	0
2	2	2406	3
2	2	2407	2
2	2	2408	0
2	2	2409	0
2	2	2410	0
2	2	2411	0
2	2	2412	0
2	2	2413	8
2	2	2414	3
2	2	2415	0
2	2	2416	0
2	2	2417	11
2	2	2418	0
2	2	2419	1
2	2	2420	0
2	2	2421	1
2	2	2422	0
2	2	2423	0
2	2	2424	0
2	2	2425	0
2	2	2426	0
2	2	2427	0
2	2	2428	2
2	2	2429	4
2	2	2430	0
2	2	2431	0
2	2	2432	0
2	2	2433	0
2	2	2434	0
2	2	2435	0
2	2	2436	0
2	2	2437	0
2	2	2438	0
2	2	2439	5
2	2	2440	1
2	2	2441	0
2	2	2442	0
2	2	2443	1
2	2	2444	0
2	2	2445	0
2	2	2446	0
2	2	2447	0
2	2	2448	0
2	2	2449	0
2	2	2450	0
2	2	2451	5
2	2	2452	0
2	2	2453	6
2	2	2454	0
2	2	2455	0
2	2	2456	0
2	2	2457	0
2	2	2458	0
2	2	2459	0
2	2	2460	9
2	2	2461	0
2	2	2462	0
2	2	2463	0
2	2	2464	0
2	2	2465	0
2	2	2466	0
2	2	2467	0
2	2	2468	0
2	2	2469	0
2	2	2470	0
2	2	2471	0
2	2	2472	0
2	2	2473	0
2	2	2474	14
2	2	2475	1
2	2	2476	0
2	2	2477	3
2	2	2478	7
2	2	2479	2
2	2	2480	3
2	2	2481	0
2	2	2482	5
2	2	2483	6
2	2	2484	0
2	2	2485	6
2	2	2486	0
2	2	2487	10
2	2	2488	0
2	2	2489	3
2	2	2490	2
2	2	2491	7
2	2	2492	0
2	2	2493	1
2	2	2494	0
2	2	2495	0
2	2	2496	7
2	2	2497	0
2	2	2498	2
2	2	2499	0
2	2	2500	1
2	2	2501	0
2	2	2502	1
2	2	2503	1
2	2	2504	0
2	2	2505	0
2	2	2506	0
2	2	2507	4
2	2	2508	1
2	2	2509	0
2	2	2510	4
2	2	2511	5
2	2	2512	2
2	2	2513	0
2	2	2514	0
2	2	2515	0
2	2	2516	0
2	2	2517	0
2	2	2518	0
2	2	2519	0
2	2	2520	1
2	2	2521	0
2	2	2522	1
2	2	2523	0
2	2	2524	11
2	2	2525	0
2	2	2526	0
2	2	2527	1
2	2	2528	0
2	2	2529	0
2	2	2530	1
2	2	2531	0
2	2	2532	0
2	2	2533	0
2	2	2534	12
2	2	2535	0
2	2	2536	0
2	2	2537	0
2	2	2538	1
2	2	2539	0
2	2	2540	0
2	2	2541	0
2	2	2542	0
2	2	2543	0
2	2	2544	0
2	2	2545	1
2	2	2546	0
2	2	2547	0
2	2	2548	0
2	2	2549	0
2	2	2550	0
2	2	2551	0
2	2	2552	0
2	2	2553	0
2	2	2554	0
2	2	2555	1
2	2	2556	0
2	2	2557	0
2	2	2558	0
2	2	2559	0
2	2	2560	0
2	2	2561	0
2	2	2562	5
2	2	2563	0
2	2	2564	0
2	2	2565	0
2	2	2566	0
2	2	2567	0
2	2	2568	0
2	2	2569	0
2	2	2570	0
2	2	2571	0
2	2	2572	0
2	2	2573	0
2	2	2574	0
2	2	2575	0
2	2	2576	0
2	2	2577	4
2	2	2578	0
2	2	2579	0
2	2	2580	0
2	2	2581	2
2	2	2582	0
2	2	2583	0
2	2	2584	0
2	2	2585	1
2	2	2586	0
2	2	2587	0
2	2	2588	0
2	2	2589	0
2	2	2590	0
2	2	2591	0
2	2	2592	8
2	2	2593	8
2	2	2594	0
2	2	2595	0
2	2	2596	1
2	2	2597	0
2	2	2598	7
2	2	2599	0
2	2	2600	1
2	2	2601	0
2	2	2602	0
2	2	2603	1
2	2	2604	0
2	2	2605	0
2	2	2606	6
2	2	2607	4
2	2	2608	0
2	2	2609	0
2	2	2610	0
2	2	2611	0
2	2	2612	0
2	2	2613	0
2	2	2614	1
2	2	2615	1
2	2	2616	0
2	2	2617	0
2	2	2618	0
2	2	2619	0
2	2	2620	0
2	2	2621	5
2	2	2622	0
2	2	2623	2
2	2	2624	0
2	2	2625	0
2	2	2626	0
2	2	2627	0
2	2	2628	0
2	2	2629	6
2	2	2630	0
2	2	2631	0
2	2	2632	2
2	2	2633	0
2	2	2634	0
2	2	2635	0
2	2	2636	0
2	2	2637	0
2	2	2638	6
2	2	2639	19
2	2	2640	5
2	2	2641	5
2	2	2642	1
2	2	2643	0
2	2	2644	0
2	2	2645	0
2	2	2646	0
2	2	2647	0
2	2	2648	7
2	2	2649	0
2	2	2650	0
2	2	2651	0
2	2	2652	0
2	2	2653	11
2	2	2654	0
2	2	2655	0
2	2	2656	3
2	2	2657	0
2	2	2658	9
2	2	2659	0
2	2	2660	12
2	2	2661	9
2	2	2662	0
2	2	2663	0
2	2	2664	0
2	2	2665	0
2	2	2666	0
2	2	2667	0
2	2	2668	2
2	2	2669	3
2	2	2670	0
2	2	2671	0
2	2	2672	2
2	2	2673	0
2	2	2674	0
2	2	2675	0
2	2	2676	0
2	2	2677	3
2	2	2678	0
2	2	2679	8
2	2	2680	0
2	2	2681	0
2	2	2682	8
2	2	2683	0
2	2	2684	0
2	2	2685	0
2	2	2686	0
2	2	2687	0
2	2	2688	0
2	2	2689	3
2	2	2690	1
2	2	2691	6
2	2	2692	0
2	2	2693	0
2	2	2694	0
2	2	2695	0
2	2	2696	0
2	2	2697	0
2	2	2698	0
2	2	2699	0
2	2	2700	0
2	2	2701	4
2	2	2702	0
2	2	2703	0
2	2	2704	0
2	2	2705	0
2	2	2706	0
2	2	2707	0
2	2	2708	3
2	2	2709	10
2	2	2710	0
2	2	2711	0
2	2	2712	5
2	2	2713	0
2	2	2714	0
2	2	2715	0
2	2	2716	0
2	2	2717	0
2	2	2718	0
2	2	2719	0
2	2	2720	0
2	2	2721	0
2	2	2722	4
2	2	2723	0
2	2	2724	3
2	2	2725	1
2	2	2726	0
2	2	2727	0
2	2	2728	0
2	2	2729	0
2	2	2730	0
2	2	2731	3
2	2	2732	0
2	2	2733	0
2	2	2734	8
2	2	2735	0
2	2	2736	0
2	2	2737	8
2	2	2738	4
2	2	2739	5
2	2	2740	0
2	2	2741	0
2	2	2742	0
2	2	2743	7
2	2	2744	0
2	2	2745	0
2	2	2746	0
2	2	2747	4
2	2	2748	3
2	2	2749	6
2	2	2750	7
2	2	2751	0
2	2	2752	0
2	2	2753	2
2	2	2754	0
2	2	2755	0
2	2	2756	0
2	2	2757	0
2	2	2758	0
2	2	2759	0
2	2	2760	0
2	2	2761	1
2	2	2762	0
2	2	2763	4
2	2	2764	20
2	2	2765	0
2	2	2766	0
2	2	2767	0
2	2	2768	0
2	2	2769	0
2	2	2770	0
2	2	2771	0
2	2	2772	0
2	2	2773	0
2	2	2774	0
2	2	2775	0
2	2	2776	4
2	2	2777	0
2	2	2778	0
2	2	2779	0
2	2	2780	9
2	2	2781	0
2	2	2782	0
2	2	2783	2
2	2	2784	0
2	2	2785	2
2	2	2786	1
2	2	2787	0
2	2	2788	0
2	2	2789	0
2	2	2790	0
2	2	2791	8
2	2	2792	0
2	2	2793	1
2	2	2794	2
2	2	2795	3
2	2	2796	0
2	2	2797	0
2	2	2798	2
2	2	2799	0
2	2	2800	2
2	2	2801	0
2	2	2802	0
2	2	2803	0
2	2	2804	0
2	2	2805	0
2	2	2806	0
2	2	2807	5
2	2	2808	0
2	2	2809	0
2	2	2810	0
2	2	2811	0
2	2	2812	0
2	2	2813	0
2	2	2814	0
2	2	2815	0
2	2	2816	18
2	2	2817	0
2	2	2818	7
2	2	2819	0
2	2	2820	0
2	2	2821	0
2	2	2822	0
2	2	2823	0
2	2	2824	0
2	2	2825	0
2	2	2826	0
2	2	2827	0
2	2	2828	3
2	2	2829	0
2	2	2830	1
2	2	2831	0
2	2	2832	0
2	2	2833	5
2	2	2834	5
2	2	2835	0
2	2	2836	4
2	2	2837	0
2	2	2838	0
2	2	2839	0
2	2	2840	3
2	2	2841	3
2	2	2842	1
2	2	2843	0
2	2	2844	1
2	2	2845	0
2	2	2846	0
2	2	2847	5
2	2	2848	0
2	2	2849	0
2	2	2850	0
2	2	2851	2
2	2	2852	0
2	2	2853	0
2	2	2854	2
2	2	2855	10
2	2	2856	0
2	2	2857	0
2	2	2858	6
2	2	2859	0
2	2	2860	0
2	2	2861	0
2	2	2862	0
2	2	2863	11
2	2	2864	0
2	2	2865	1
2	2	2866	0
2	2	2867	6
2	2	2868	0
2	2	2869	0
2	2	2870	0
2	2	2871	0
2	2	2872	0
2	2	2873	0
2	2	2874	0
2	2	2875	0
2	2	2876	3
2	2	2877	0
2	2	2878	7
2	2	2879	0
2	2	2880	3
2	2	2881	0
2	2	2882	0
2	2	2883	0
2	2	2884	0
2	2	2885	0
2	2	2886	0
2	2	2887	0
2	2	2888	3
2	2	2889	5
2	2	2890	0
2	2	2891	0
2	2	2892	9
2	2	2893	0
2	2	2894	0
2	2	2895	0
2	2	2896	0
2	2	2897	0
2	2	2898	0
2	2	2899	0
2	2	2900	0
2	2	2901	0
2	2	2902	0
2	2	2903	0
2	2	2904	0
2	2	2905	0
2	2	2906	1
2	2	2907	0
2	2	2908	0
2	2	2909	0
2	2	2910	0
2	2	2911	0
2	2	2912	3
2	2	2913	0
2	2	2914	1
2	2	2915	0
2	2	2916	0
2	2	2917	0
2	2	2918	4
2	2	2919	0
2	2	2920	0
2	2	2921	5
2	2	2922	0
2	2	2923	5
2	2	2924	0
2	2	2925	0
2	2	2926	0
2	2	2927	0
2	2	2928	0
2	2	2929	2
2	2	2930	0
2	2	2931	0
2	2	2932	0
2	2	2933	10
2	2	2934	0
2	2	2935	4
2	2	2936	6
2	2	2937	0
2	2	2938	0
2	2	2939	2
2	2	2940	0
2	2	2941	0
2	2	2942	0
2	2	2943	0
2	2	2944	0
2	2	2945	0
2	2	2946	0
2	2	2947	4
2	2	2948	4
2	2	2949	0
2	2	2950	0
2	2	2951	3
2	2	2952	0
2	2	2953	0
2	2	2954	3
2	2	2955	14
2	2	2956	3
2	2	2957	0
2	2	2958	0
2	2	2959	1
2	2	2960	0
2	2	2961	3
2	2	2962	0
2	2	2963	0
2	2	2964	2
2	2	2965	0
2	2	2966	0
2	2	2967	6
2	2	2968	0
2	2	2969	2
2	2	2970	6
2	2	2971	0
2	2	2972	9
2	2	2973	2
2	2	2974	0
2	2	2975	0
2	2	2976	0
2	2	2977	0
2	2	2978	0
2	2	2979	0
2	2	2980	0
2	2	2981	3
2	2	2982	3
2	2	2983	10
2	2	2984	0
2	2	2985	2
2	2	2986	0
2	2	2987	0
2	2	2988	0
2	2	2989	9
2	2	2990	0
2	2	2991	0
2	2	2992	0
2	2	2993	0
2	2	2994	15
2	2	2995	0
2	2	2996	0
2	2	2997	0
2	2	2998	5
2	2	2999	1
2	2	3000	3
2	2	3001	0
2	2	3002	0
2	2	3003	0
2	2	3004	0
2	2	3005	2
2	2	3006	3
2	2	3007	0
2	2	3008	0
2	2	3009	0
2	2	3010	0
2	2	3011	8
2	2	3012	5
2	2	3013	0
2	2	3014	0
2	2	3015	7
2	2	3016	0
2	2	3017	19
2	2	3018	0
2	2	3019	0
2	2	3020	0
2	2	3021	0
2	2	3022	0
2	2	3023	0
2	2	3024	5
2	2	3025	4
2	2	3026	1
2	2	3027	0
2	2	3028	0
2	2	3029	0
2	2	3030	8
2	2	3031	0
2	2	3032	1
2	2	3033	0
2	2	3034	1
2	2	3035	5
2	2	3036	3
2	2	3037	19
2	2	3038	0
2	2	3039	2
2	2	3040	2
2	2	3041	0
2	2	3042	0
2	2	3043	0
2	2	3044	0
2	2	3045	0
2	2	3046	4
2	2	3047	0
2	2	3048	0
2	2	3049	0
2	2	3050	0
2	2	3051	4
2	2	3052	0
2	2	3053	2
2	2	3054	0
2	2	3055	0
2	2	3056	6
2	2	3057	0
2	2	3058	0
2	2	3059	1
2	2	3060	5
2	2	3061	12
2	2	3062	0
2	2	3063	0
2	2	3064	0
2	2	3065	24
2	2	3066	2
2	2	3067	2
2	2	3068	2
2	2	3069	0
2	2	3070	0
2	2	3071	0
2	2	3072	0
2	2	3073	0
2	2	3074	0
2	2	3075	4
2	2	3076	1
2	2	3077	0
2	2	3078	11
2	2	3079	1
2	2	3080	0
2	2	3081	0
2	2	3082	0
2	2	3083	0
2	2	3084	9
2	2	3085	12
2	2	3086	2
2	2	3087	0
2	2	3088	0
2	2	3089	0
2	2	3090	0
2	2	3091	0
2	2	3092	0
2	2	3093	0
2	2	3094	0
2	2	3095	0
2	2	3096	13
2	2	3097	0
2	2	3098	0
2	2	3099	6
2	2	3100	0
2	2	3101	2
2	2	3102	0
2	2	3103	0
2	2	3104	0
2	2	3105	0
2	2	3106	0
2	2	3107	0
2	2	3108	0
2	2	3109	0
2	2	3110	0
2	2	3111	0
2	2	3112	0
2	2	3113	0
2	2	3114	0
2	2	3115	2
2	2	3116	7
2	2	3117	0
2	2	3118	15
2	2	3119	7
2	2	3120	7
2	2	3121	0
2	2	3122	0
2	2	3123	0
2	2	3124	0
2	2	3125	0
2	2	3126	0
2	2	3127	4
2	2	3128	0
2	2	3129	0
2	2	3130	0
2	2	3131	19
2	2	3132	0
2	2	3133	0
2	2	3134	1
2	2	3135	0
2	2	3136	0
2	2	3137	11
2	2	3138	0
2	2	3139	0
2	2	3140	5
2	2	3141	0
2	2	3142	0
2	2	3143	3
2	2	3144	3
2	2	3145	0
2	2	3146	2
2	2	3147	3
2	2	3148	0
2	2	3149	2
2	2	3150	0
2	2	3151	0
2	2	3152	0
2	2	3153	12
2	2	3154	0
2	2	3155	0
2	2	3156	3
2	2	3157	0
2	2	3158	0
2	2	3159	0
2	2	3160	5
2	2	3161	0
2	2	3162	3
2	2	3163	3
2	2	3164	0
2	2	3165	5
2	2	3166	0
2	2	3167	0
2	2	3168	12
2	2	3169	0
2	2	3170	4
2	2	3171	0
2	2	3172	0
2	2	3173	0
2	2	3174	0
2	2	3175	0
2	2	3176	0
2	2	3177	0
2	2	3178	0
2	2	3179	0
2	2	3180	2
2	2	3181	0
2	2	3182	2
2	2	3183	4
2	2	3184	0
2	2	3185	0
2	2	3186	1
2	2	3187	1
2	2	3188	6
2	2	3189	0
2	2	3190	0
2	2	3191	0
2	2	3192	1
2	2	3193	4
2	2	3194	0
2	2	3195	0
2	2	3196	0
2	2	3197	1
2	2	3198	0
2	2	3199	0
2	2	3200	3
2	2	3201	5
2	2	3202	8
2	2	3203	0
2	2	3204	0
2	2	3205	0
2	2	3206	4
2	2	3207	0
2	2	3208	2
2	2	3209	1
2	2	3210	1
2	2	3211	0
2	2	3212	0
2	2	3213	0
2	2	3214	2
2	2	3215	3
2	2	3216	0
2	2	3217	0
2	2	3218	0
2	2	3219	11
2	2	3220	0
2	2	3221	6
2	2	3222	0
2	2	3223	0
2	2	3224	0
2	2	3225	0
2	2	3226	0
2	2	3227	0
2	2	3228	1
2	2	3229	0
2	2	3230	0
2	2	3231	0
2	2	3232	0
2	2	3233	0
2	2	3234	5
2	2	3235	0
2	2	3236	0
2	2	3237	0
2	2	3238	1
2	2	3239	0
2	2	3240	21
2	2	3241	0
2	2	3242	0
2	2	3243	0
2	2	3244	0
2	2	3245	3
2	2	3246	3
2	2	3247	4
2	2	3248	0
2	2	3249	0
2	2	3250	0
2	2	3251	0
2	2	3252	0
2	2	3253	16
2	2	3254	10
2	2	3255	0
2	2	3256	1
2	2	3257	0
2	2	3258	2
2	2	3259	0
2	2	3260	0
2	2	3261	0
2	2	3262	8
2	2	3263	0
2	2	3264	0
2	2	3265	0
2	2	3266	0
2	2	3267	0
2	2	3268	1
2	2	3269	4
2	2	3270	0
2	2	3271	7
2	2	3272	0
2	2	3273	0
2	2	3274	0
2	2	3275	6
2	2	3276	1
2	2	3277	0
2	2	3278	25
2	2	3279	0
2	2	3280	0
2	2	3281	3
2	2	3282	0
2	2	3283	0
2	2	3284	0
2	2	3285	0
2	2	3286	7
2	2	3287	1
2	2	3288	0
2	2	3289	0
2	2	3290	3
2	2	3291	0
2	2	3292	13
2	2	3293	2
2	2	3294	0
2	2	3295	0
2	2	3296	0
2	2	3297	2
2	2	3298	1
2	2	3299	0
2	2	3300	0
2	2	3301	2
2	2	3302	0
2	2	3303	0
2	2	3304	0
2	2	3305	0
2	2	3306	0
2	2	3307	5
2	2	3308	0
2	2	3309	0
2	2	3310	0
2	2	3311	0
2	2	3312	0
2	2	3313	0
2	2	3314	0
2	2	3315	1
2	2	3316	0
2	2	3317	0
2	2	3318	0
2	2	3319	0
2	2	3320	1
2	2	3321	0
2	2	3322	0
2	2	3323	0
2	2	3324	0
2	2	3325	0
2	2	3326	5
2	2	3327	0
2	2	3328	0
2	2	3329	0
2	2	3330	0
2	2	3331	1
2	2	3332	13
2	2	3333	0
2	2	3334	0
2	2	3335	0
2	2	3336	0
2	2	3337	0
2	2	3338	4
2	2	3339	0
2	2	3340	1
2	2	3341	6
2	2	3342	0
2	2	3343	0
2	2	3344	1
2	2	3345	0
2	2	3346	0
2	2	3347	3
2	2	3348	1
2	2	3349	0
2	2	3350	0
2	2	3351	0
2	2	3352	0
2	2	3353	0
2	2	3354	0
2	2	3355	0
2	2	3356	0
2	2	3357	0
2	2	3358	0
2	2	3359	1
2	2	3360	0
2	2	3361	0
2	2	3362	2
2	2	3363	4
2	2	3364	0
2	2	3365	0
2	2	3366	0
2	2	3367	0
2	2	3368	0
2	2	3369	0
2	2	3370	0
2	2	3371	0
2	2	3372	0
2	2	3373	0
2	2	3374	0
2	2	3375	0
2	2	3376	0
2	2	3377	0
2	2	3378	0
2	2	3379	3
2	2	3380	0
2	2	3381	0
2	2	3382	0
2	2	3383	7
2	2	3384	0
2	2	3385	11
2	2	3386	1
2	2	3387	7
2	2	3388	0
2	2	3389	0
2	2	3390	0
2	2	3391	0
2	2	3392	0
2	2	3393	0
2	2	3394	0
2	2	3395	0
2	2	3396	0
2	2	3397	3
2	2	3398	0
2	2	3399	0
2	2	3400	3
2	2	3401	2
2	2	3402	5
2	2	3403	3
2	2	3404	5
2	2	3405	0
2	2	3406	0
2	2	3407	0
2	2	3408	3
2	2	3409	0
2	2	3410	1
2	2	3411	0
2	2	3412	0
2	2	3413	0
2	2	3414	2
2	2	3415	0
2	2	3416	0
2	2	3417	2
2	2	3418	0
2	2	3419	0
2	2	3420	5
2	2	3421	0
2	2	3422	1
2	2	3423	0
2	2	3424	0
2	2	3425	0
2	2	3426	0
2	2	3427	0
2	2	3428	9
2	2	3429	0
2	2	3430	0
2	2	3431	0
2	2	3432	1
2	2	3433	0
2	2	3434	9
2	2	3435	0
2	2	3436	0
2	2	3437	0
2	2	3438	5
2	2	3439	0
2	2	3440	0
2	2	3441	2
2	2	3442	0
2	2	3443	0
2	2	3444	0
2	2	3445	3
2	2	3446	0
2	2	3447	0
2	2	3448	9
2	2	3449	0
2	2	3450	0
2	2	3451	0
2	2	3452	12
2	2	3453	4
2	2	3454	0
2	2	3455	0
2	2	3456	0
2	2	3457	0
2	2	3458	7
2	2	3459	2
2	2	3460	0
2	2	3461	4
2	2	3462	0
2	2	3463	0
2	2	3464	0
2	2	3465	0
2	2	3466	10
2	2	3467	0
2	2	3468	0
2	2	3469	0
2	2	3470	7
2	2	3471	5
2	2	3472	0
2	2	3473	0
2	2	3474	1
2	2	3475	0
2	2	3476	4
2	2	3477	0
2	2	3478	2
2	2	3479	0
2	2	3480	0
2	2	3481	0
2	2	3482	0
2	2	3483	0
2	2	3484	0
2	2	3485	0
2	2	3486	16
2	2	3487	6
2	2	3488	0
2	2	3489	0
2	2	3490	1
2	2	3491	0
2	2	3492	0
2	2	3493	10
2	2	3494	0
2	2	3495	0
2	2	3496	0
2	2	3497	0
2	2	3498	0
2	2	3499	0
2	2	3500	0
2	2	3501	0
2	2	3502	0
2	2	3503	6
2	2	3504	1
2	2	3505	2
2	2	3506	4
2	2	3507	0
2	2	3508	0
2	2	3509	0
2	2	3510	0
2	2	3511	0
2	2	3512	0
2	2	3513	0
2	2	3514	0
2	2	3515	0
2	2	3516	0
2	2	3517	0
2	2	3518	2
2	2	3519	0
2	2	3520	0
2	2	3521	2
2	2	3522	5
2	2	3523	0
2	2	3524	0
2	2	3525	0
2	2	3526	0
2	2	3527	0
2	2	3528	0
2	2	3529	1
2	2	3530	0
2	2	3531	0
2	2	3532	0
2	2	3533	2
2	2	3534	0
2	2	3535	0
2	2	3536	4
2	2	3537	7
2	2	3538	1
2	2	3539	0
2	2	3540	3
2	2	3541	0
2	2	3542	0
2	2	3543	3
2	2	3544	0
2	2	3545	0
2	2	3546	1
2	2	3547	0
2	2	3548	0
2	2	3549	0
2	2	3550	0
2	2	3551	0
2	2	3552	0
2	2	3553	9
2	2	3554	8
2	2	3555	1
2	2	3556	2
2	2	3557	2
2	2	3558	1
2	2	3559	0
2	2	3560	3
2	2	3561	0
2	2	3562	0
2	2	3563	0
2	2	3564	0
2	2	3565	0
2	2	3566	3
2	2	3567	0
2	2	3568	2
2	2	3569	1
2	2	3570	1
2	2	3571	0
2	2	3572	4
2	2	3573	0
2	2	3574	0
2	2	3575	0
2	2	3576	0
2	2	3577	0
2	2	3578	0
2	2	3579	6
2	2	3580	7
2	2	3581	0
2	2	3582	0
2	2	3583	2
2	2	3584	3
2	2	3585	0
2	2	3586	1
2	2	3587	0
2	2	3588	0
2	2	3589	0
2	2	3590	0
2	2	3591	0
2	2	3592	3
2	2	3593	2
2	2	3594	0
2	2	3595	0
2	2	3596	0
2	2	3597	0
2	2	3598	0
2	2	3599	0
2	2	3600	7
2	2	3601	3
2	2	3602	0
2	2	3603	0
2	2	3604	0
2	2	3605	0
2	2	3606	1
2	2	3607	1
2	2	3608	0
2	2	3609	4
2	2	3610	0
2	2	3611	0
2	2	3612	0
2	2	3613	6
2	2	3614	1
2	2	3615	0
2	2	3616	0
2	2	3617	1
2	2	3618	0
2	2	3619	15
2	2	3620	9
2	2	3621	0
2	2	3622	0
2	2	3623	0
2	2	3624	0
2	2	3625	2
2	2	3626	0
2	2	3627	1
2	2	3628	0
2	2	3629	7
2	2	3630	0
2	2	3631	0
2	2	3632	2
2	2	3633	0
2	2	3634	0
2	2	3635	0
2	2	3636	0
2	2	3637	0
2	2	3638	0
2	2	3639	0
2	2	3640	5
2	2	3641	0
2	2	3642	1
2	2	3643	0
2	2	3644	0
2	2	3645	6
2	2	3646	0
2	2	3647	0
2	2	3648	0
2	2	3649	5
2	2	3650	6
2	2	3651	0
2	2	3652	1
2	2	3653	0
2	2	3654	15
2	2	3655	0
2	2	3656	0
2	2	3657	0
2	2	3658	15
2	2	3659	0
2	2	3660	1
2	2	3661	0
2	2	3662	4
2	2	3663	0
2	2	3664	0
2	2	3665	4
2	2	3666	0
2	2	3667	2
2	2	3668	6
2	2	3669	2
2	2	3670	3
2	2	3671	0
2	2	3672	2
2	2	3673	0
2	2	3674	0
2	2	3675	0
2	2	3676	0
2	2	3677	10
2	2	3678	0
2	2	3679	0
2	2	3680	0
2	2	3681	3
2	2	3682	0
2	2	3683	11
2	2	3684	0
2	2	3685	0
2	2	3686	0
2	2	3687	0
2	2	3688	1
2	2	3689	3
2	2	3690	0
2	2	3691	0
2	2	3692	0
2	2	3693	5
2	2	3694	10
2	2	3695	1
2	2	3696	4
2	2	3697	5
2	2	3698	3
2	2	3699	0
2	2	3700	0
2	2	3701	0
2	2	3702	0
2	2	3703	0
2	2	3704	0
2	2	3705	5
2	2	3706	0
2	2	3707	0
2	2	3708	0
2	2	3709	2
2	2	3710	0
2	2	3711	0
2	2	3712	4
2	2	3713	0
2	2	3714	3
2	2	3715	0
2	2	3716	0
2	2	3717	2
2	2	3718	4
2	2	3719	5
2	2	3720	5
2	2	3721	8
2	2	3722	3
2	2	3723	0
2	2	3724	0
2	2	3725	0
2	2	3726	0
2	2	3727	0
2	2	3728	0
2	2	3729	3
2	2	3730	0
2	2	3731	0
2	2	3732	0
2	2	3733	4
2	2	3734	5
2	2	3735	0
2	2	3736	11
2	2	3737	2
2	2	3738	0
2	2	3739	0
2	2	3740	4
2	2	3741	0
2	2	3742	0
2	2	3743	0
2	2	3744	9
2	2	3745	9
2	2	3746	0
2	2	3747	0
2	2	3748	0
2	2	3749	7
2	2	3750	0
2	2	3751	10
2	2	3752	0
2	2	3753	0
2	2	3754	0
2	2	3755	0
2	2	3756	2
2	2	3757	0
2	2	3758	0
2	2	3759	0
2	2	3760	4
2	2	3761	0
2	2	3762	1
2	2	3763	0
2	2	3764	0
2	2	3765	0
2	2	3766	0
2	2	3767	4
2	2	3768	1
2	2	3769	0
2	2	3770	3
2	2	3771	1
2	2	3772	2
2	2	3773	11
2	2	3774	8
2	2	3775	0
2	2	3776	0
2	2	3777	6
2	2	3778	0
2	2	3779	0
2	2	3780	2
2	2	3781	2
2	2	3782	19
2	2	3783	0
2	2	3784	5
2	2	3785	2
2	2	3786	2
2	2	3787	0
2	2	3788	0
2	2	3789	6
2	2	3790	0
2	2	3791	0
2	2	3792	10
2	2	3793	1
2	2	3794	0
2	2	3795	0
2	2	3796	0
2	2	3797	0
2	2	3798	4
2	2	3799	4
2	2	3800	5
2	2	3801	1
2	2	3802	3
2	2	3803	3
2	2	3804	13
2	2	3805	0
2	2	3806	0
2	2	3807	2
2	2	3808	0
2	2	3809	0
2	2	3810	0
2	2	3811	0
2	2	3812	0
2	2	3813	0
2	2	3814	0
2	2	3815	0
2	2	3816	0
2	2	3817	0
2	2	3818	0
2	2	3819	0
2	2	3820	0
2	2	3821	0
2	2	3822	0
2	2	3823	0
2	2	3824	0
2	2	3825	0
2	2	3826	6
2	2	3827	0
2	2	3828	0
2	2	3829	0
2	2	3830	4
2	2	3831	4
2	2	3832	0
2	2	3833	5
2	2	3834	3
2	2	3835	0
2	2	3836	0
2	2	3837	0
2	2	3838	0
2	2	3839	2
2	2	3840	0
2	2	3841	4
2	2	3842	4
2	2	3843	0
2	2	3844	0
2	2	3845	0
2	2	3846	5
2	2	3847	0
2	2	3848	7
2	2	3849	0
2	2	3850	0
2	2	3851	0
2	2	3852	0
2	2	3853	25
2	2	3854	0
2	2	3855	0
2	2	3856	2
2	2	3857	1
2	2	3858	0
2	2	3859	0
2	2	3860	0
2	2	3861	0
2	2	3862	1
2	2	3863	0
2	2	3864	3
2	2	3865	0
2	2	3866	0
2	2	3867	0
2	2	3868	0
2	2	3869	0
2	2	3870	0
2	2	3871	0
2	2	3872	0
2	2	3873	0
2	2	3874	0
2	2	3875	3
2	2	3876	0
2	2	3877	5
2	2	3878	0
2	2	3879	0
2	2	3880	8
2	2	3881	0
2	2	3882	14
2	2	3883	0
2	2	3884	5
2	2	3885	0
2	2	3886	18
2	2	3887	0
2	2	3888	0
2	2	3889	0
2	2	3890	0
2	2	3891	0
2	2	3892	0
2	2	3893	0
2	2	3894	6
2	2	3895	0
2	2	3896	0
2	2	3897	7
2	2	3898	12
2	2	3899	7
2	2	3900	7
2	2	3901	0
2	2	3902	0
2	2	3903	13
2	2	3904	0
2	2	3905	0
2	2	3906	0
2	2	3907	0
2	2	3908	0
2	2	3909	9
2	2	3910	0
2	2	3911	0
2	2	3912	0
2	2	3913	1
2	2	3914	0
2	2	3915	0
2	2	3916	0
2	2	3917	0
2	2	3918	4
2	2	3919	0
2	2	3920	6
2	2	3921	0
2	2	3922	2
2	2	3923	8
2	2	3924	5
2	2	3925	0
2	2	3926	0
2	2	3927	5
2	2	3928	11
2	2	3929	4
2	2	3930	0
2	2	3931	4
2	2	3932	0
2	2	3933	3
2	2	3934	0
2	2	3935	0
2	2	3936	0
2	2	3937	2
2	2	3938	0
2	2	3939	11
2	2	3940	0
2	2	3941	0
2	2	3942	3
2	2	3943	0
2	2	3944	0
2	2	3945	0
2	2	3946	8
2	2	3947	7
2	2	3948	0
2	2	3949	0
2	2	3950	0
2	2	3951	0
2	2	3952	3
2	2	3953	0
2	2	3954	0
2	2	3955	0
2	2	3956	0
2	2	3957	0
2	2	3958	0
2	2	3959	7
2	2	3960	0
2	2	3961	0
2	2	3962	12
2	2	3963	0
2	2	3964	0
2	2	3965	0
2	2	3966	8
2	2	3967	4
2	2	3968	0
2	2	3969	2
2	2	3970	0
2	2	3971	0
2	2	3972	3
2	2	3973	2
2	2	3974	0
2	2	3975	0
2	2	3976	1
2	2	3977	2
2	2	3978	0
2	2	3979	7
2	2	3980	0
2	2	3981	0
2	2	3982	0
2	2	3983	0
2	2	3984	4
2	2	3985	0
2	2	3986	0
2	2	3987	1
2	2	3988	0
2	2	3989	0
2	2	3990	0
2	2	3991	4
2	2	3992	0
2	2	3993	14
2	2	3994	0
2	2	3995	0
2	2	3996	0
2	2	3997	0
2	2	3998	0
2	2	3999	1
2	2	4000	0
2	2	4001	0
2	2	4002	0
2	2	4003	0
2	2	4004	7
2	2	4005	0
2	2	4006	0
2	2	4007	1
2	2	4008	2
2	2	4009	0
2	2	4010	0
2	2	4011	2
2	2	4012	4
2	2	4013	3
2	2	4014	0
2	2	4015	0
2	2	4016	0
2	2	4017	0
2	2	4018	0
2	2	4019	0
2	2	4020	0
2	2	4021	4
2	2	4022	0
2	2	4023	0
2	2	4024	13
2	2	4025	2
2	2	4026	0
2	2	4027	0
2	2	4028	1
2	2	4029	11
2	2	4030	13
2	2	4031	0
2	2	4032	0
2	2	4033	0
2	2	4034	11
2	2	4035	4
2	2	4036	0
2	2	4037	0
2	2	4038	13
2	2	4039	0
2	2	4040	0
2	2	4041	0
2	2	4042	6
2	2	4043	0
2	2	4044	0
2	2	4045	4
2	2	4046	0
2	2	4047	0
2	2	4048	0
2	2	4049	0
2	2	4050	0
2	2	4051	1
2	2	4052	0
2	2	4053	0
2	2	4054	0
2	2	4055	0
2	2	4056	0
2	2	4057	0
2	2	4058	1
2	2	4059	0
2	2	4060	5
2	2	4061	0
2	2	4062	4
2	2	4063	0
2	2	4064	5
2	2	4065	2
2	2	4066	3
2	2	4067	0
2	2	4068	0
2	2	4069	0
2	2	4070	3
2	2	4071	4
2	2	4072	0
2	2	4073	5
2	2	4074	2
2	2	4075	0
2	2	4076	0
2	2	4077	0
2	2	4078	0
2	2	4079	0
2	2	4080	21
2	2	4081	3
2	2	4082	0
2	2	4083	0
2	2	4084	0
2	2	4085	0
2	2	4086	16
2	2	4087	0
2	2	4088	2
2	2	4089	0
2	2	4090	0
2	2	4091	4
2	2	4092	0
2	2	4093	0
2	2	4094	0
2	2	4095	0
2	2	4096	1
2	2	4097	7
2	2	4098	0
2	2	4099	0
2	2	4100	3
2	2	4101	0
2	2	4102	4
2	2	4103	4
2	2	4104	0
2	2	4105	0
2	2	4106	0
2	2	4107	0
2	2	4108	0
2	2	4109	1
2	2	4110	0
2	2	4111	1
2	2	4112	3
2	2	4113	0
2	2	4114	0
2	2	4115	0
2	2	4116	0
2	2	4117	0
2	2	4118	0
2	2	4119	7
2	2	4120	10
2	2	4121	4
2	2	4122	0
2	2	4123	0
2	2	4124	0
2	2	4125	0
2	2	4126	4
2	2	4127	2
2	2	4128	0
2	2	4129	0
2	2	4130	0
2	2	4131	0
2	2	4132	0
2	2	4133	0
2	2	4134	0
2	2	4135	0
2	2	4136	2
2	2	4137	0
2	2	4138	0
2	2	4139	0
2	2	4140	1
2	2	4141	3
2	2	4142	15
2	2	4143	0
2	2	4144	2
2	2	4145	3
2	2	4146	0
2	2	4147	0
2	2	4148	0
2	2	4149	0
2	2	4150	8
2	2	4151	0
2	2	4152	0
2	2	4153	0
2	2	4154	3
2	2	4155	0
2	2	4156	8
2	2	4157	0
2	2	4158	18
2	2	4159	0
2	2	4160	19
2	2	4161	4
2	2	4162	0
2	2	4163	9
2	2	4164	0
2	2	4165	10
2	2	4166	4
2	2	4167	0
2	2	4168	4
2	2	4169	2
2	2	4170	0
2	2	4171	0
2	2	4172	0
2	2	4173	0
2	2	4174	0
2	2	4175	0
2	2	4176	0
2	2	4177	0
2	2	4178	0
2	2	4179	0
2	2	4180	0
2	2	4181	0
2	2	4182	0
2	2	4183	3
2	2	4184	1
2	2	4185	0
2	2	4186	7
2	2	4187	0
2	2	4188	0
2	2	4189	0
2	2	4190	0
2	2	4191	8
2	2	4192	0
2	2	4193	0
2	2	4194	3
2	2	4195	1
2	2	4196	0
2	2	4197	0
2	2	4198	0
2	2	4199	0
2	2	4200	2
2	2	4201	0
2	2	4202	4
2	2	4203	0
2	2	4204	0
2	2	4205	0
2	2	4206	0
2	2	4207	4
2	2	4208	0
2	2	4209	0
2	2	4210	0
2	2	4211	0
2	2	4212	0
2	2	4213	0
2	2	4214	0
2	2	4215	0
2	2	4216	0
2	2	4217	0
2	2	4218	0
2	2	4219	0
2	2	4220	0
2	2	4221	0
2	2	4222	0
2	2	4223	0
2	2	4224	0
2	2	4225	0
2	2	4226	10
2	2	4227	0
2	2	4228	7
2	2	4229	0
2	2	4230	0
2	2	4231	0
2	2	4232	1
2	2	4233	0
2	2	4234	0
2	2	4235	0
2	2	4236	0
2	2	4237	0
2	2	4238	0
2	2	4239	0
2	2	4240	3
2	2	4241	0
2	2	4242	0
2	2	4243	3
2	2	4244	0
2	2	4245	0
2	2	4246	13
2	2	4247	3
2	2	4248	0
2	2	4249	0
2	2	4250	5
2	2	4251	0
2	2	4252	0
2	2	4253	0
2	2	4254	0
2	2	4255	3
2	2	4256	0
2	2	4257	0
2	2	4258	0
2	2	4259	1
2	2	4260	4
2	2	4261	0
2	2	4262	0
2	2	4263	3
2	2	4264	4
2	2	4265	0
2	2	4266	0
2	2	4267	0
2	2	4268	6
2	2	4269	3
2	2	4270	1
2	2	4271	0
2	2	4272	5
2	2	4273	8
2	2	4274	0
2	2	4275	0
2	2	4276	0
2	2	4277	0
2	2	4278	0
2	2	4279	2
2	2	4280	0
2	2	4281	4
2	2	4282	3
2	2	4283	0
2	2	4284	0
2	2	4285	0
2	2	4286	0
2	2	4287	0
2	2	4288	2
2	2	4289	0
2	2	4290	0
2	2	4291	0
2	2	4292	0
2	2	4293	0
2	2	4294	1
2	2	4295	0
2	2	4296	2
2	2	4297	0
2	2	4298	0
2	2	4299	0
2	2	4300	1
2	2	4301	1
2	2	4302	0
2	2	4303	0
2	2	4304	4
2	2	4305	3
2	2	4306	0
2	2	4307	0
2	2	4308	1
2	2	4309	0
2	2	4310	0
2	2	4311	6
2	2	4312	0
2	2	4313	0
2	2	4314	3
2	2	4315	7
2	2	4316	0
2	2	4317	8
2	2	4318	2
2	2	4319	2
2	2	4320	0
2	2	4321	0
2	2	4322	4
2	2	4323	0
2	2	4324	0
2	2	4325	0
2	2	4326	0
2	2	4327	0
2	2	4328	0
2	2	4329	3
2	2	4330	1
2	2	4331	3
2	2	4332	0
2	2	4333	0
2	2	4334	0
2	2	4335	0
2	2	4336	0
2	2	4337	0
2	2	4338	1
2	2	4339	0
2	2	4340	0
2	2	4341	0
2	2	4342	4
2	2	4343	10
2	2	4344	6
2	2	4345	9
2	2	4346	0
2	2	4347	0
2	2	4348	1
2	2	4349	0
2	2	4350	5
2	2	4351	13
2	2	4352	0
2	2	4353	8
2	2	4354	0
2	2	4355	0
2	2	4356	8
2	2	4357	2
2	2	4358	0
2	2	4359	8
2	2	4360	2
2	2	4361	0
2	2	4362	8
2	2	4363	1
2	2	4364	0
2	2	4365	0
2	2	4366	0
2	2	4367	0
2	2	4368	0
2	2	4369	0
2	2	4370	0
2	2	4371	4
2	2	4372	0
2	2	4373	9
2	2	4374	7
2	2	4375	0
2	2	4376	0
2	2	4377	0
2	2	4378	0
2	2	4379	13
2	2	4380	0
2	2	4381	2
2	2	4382	9
2	2	4383	0
2	2	4384	0
2	2	4385	0
2	2	4386	0
2	2	4387	0
2	2	4388	2
2	2	4389	0
2	2	4390	5
2	2	4391	0
2	2	4392	0
2	2	4393	0
2	2	4394	3
2	2	4395	0
2	2	4396	4
2	2	4397	1
2	2	4398	0
2	2	4399	0
2	2	4400	0
2	2	4401	0
2	2	4402	1
2	2	4403	1
2	2	4404	0
2	2	4405	0
2	2	4406	10
2	2	4407	0
2	2	4408	0
2	2	4409	0
2	2	4410	0
2	2	4411	4
2	2	4412	0
2	2	4413	0
2	2	4414	2
2	2	4415	0
2	2	4416	0
2	2	4417	0
2	2	4418	0
2	2	4419	0
2	2	4420	2
2	2	4421	0
2	2	4422	4
2	2	4423	0
2	2	4424	11
2	2	4425	3
2	2	4426	0
2	2	4427	0
2	2	4428	0
2	2	4429	0
2	2	4430	0
2	2	4431	5
2	2	4432	1
2	2	4433	0
2	2	4434	0
2	2	4435	0
2	2	4436	0
2	2	4437	0
2	2	4438	0
2	2	4439	0
2	2	4440	0
2	2	4441	3
2	2	4442	1
2	2	4443	11
2	2	4444	0
2	2	4445	0
2	2	4446	1
2	2	4447	8
2	2	4448	2
2	2	4449	0
2	2	4450	0
2	2	4451	0
2	2	4452	6
2	2	4453	0
2	2	4454	0
2	2	4455	7
2	2	4456	0
2	2	4457	9
2	2	4458	3
2	2	4459	0
2	2	4460	4
2	2	4461	0
2	2	4462	1
2	2	4463	3
2	2	4464	0
2	2	4465	0
2	2	4466	0
2	2	4467	0
2	2	4468	0
2	2	4469	6
2	2	4470	2
2	2	4471	0
2	2	4472	0
2	2	4473	0
2	2	4474	0
2	2	4475	1
2	2	4476	0
2	2	4477	7
2	2	4478	0
2	2	4479	5
2	2	4480	0
2	2	4481	0
2	2	4482	16
2	2	4483	2
2	2	4484	0
2	2	4485	0
2	2	4486	9
2	2	4487	0
2	2	4488	5
2	2	4489	0
2	2	4490	0
2	2	4491	3
2	2	4492	0
2	2	4493	0
2	2	4494	0
2	2	4495	2
2	2	4496	0
2	2	4497	0
2	2	4498	5
2	2	4499	0
2	2	4500	0
2	2	4501	1
2	2	4502	6
2	2	4503	0
2	2	4504	0
2	2	4505	24
2	2	4506	8
2	2	4507	1
2	2	4508	0
2	2	4509	7
2	2	4510	0
2	2	4511	0
2	2	4512	0
2	2	4513	0
2	2	4514	0
2	2	4515	1
2	2	4516	8
2	2	4517	0
2	2	4518	1
2	2	4519	0
2	2	4520	0
2	2	4521	0
2	2	4522	3
2	2	4523	0
2	2	4524	0
2	2	4525	3
2	2	4526	12
2	2	4527	0
2	2	4528	0
2	2	4529	5
2	2	4530	5
2	2	4531	8
2	2	4532	13
2	2	4533	5
2	2	4534	12
2	2	4535	0
2	2	4536	1
2	2	4537	0
2	2	4538	11
2	2	4539	0
2	2	4540	6
2	2	4541	2
2	2	4542	0
2	2	4543	0
2	2	4544	0
2	2	4545	0
2	2	4546	0
2	2	4547	0
2	2	4548	0
2	2	4549	0
2	2	4550	0
2	2	4551	0
2	2	4552	7
2	2	4553	0
2	2	4554	11
2	2	4555	0
2	2	4556	0
2	2	4557	2
2	2	4558	0
2	2	4559	0
2	2	4560	4
2	2	4561	3
2	2	4562	5
2	2	4563	0
2	2	4564	0
2	2	4565	0
2	2	4566	0
2	2	4567	0
2	2	4568	0
2	2	4569	3
2	2	4570	0
2	2	4571	4
2	2	4572	0
2	2	4573	8
2	2	4574	2
2	2	4575	2
2	2	4576	2
2	2	4577	2
2	2	4578	1
2	2	4579	5
2	2	4580	4
2	2	4581	5
2	2	4582	0
2	2	4583	0
2	2	4584	2
2	2	4585	4
2	2	4586	2
2	2	4587	23
2	2	4588	2
2	2	4589	5
2	2	4590	4
2	2	4591	0
2	2	4592	8
2	2	4593	0
2	2	4594	0
2	2	4595	2
2	2	4596	12
2	2	4597	9
2	2	4598	7
2	2	4599	0
2	2	4600	4
2	2	4601	7
2	2	4602	0
2	2	4603	0
2	2	4604	0
2	2	4605	1
2	2	4606	3
2	2	4607	0
2	2	4608	0
2	2	4609	3
2	2	4610	0
2	2	4611	0
2	2	4612	0
2	2	4613	0
2	2	4614	0
2	2	4615	0
2	2	4616	0
2	2	4617	0
2	2	4618	0
2	2	4619	0
2	2	4620	0
2	2	4621	0
2	2	4622	0
2	2	4623	0
2	2	4624	5
2	2	4625	12
2	2	4626	5
2	2	4627	4
2	2	4628	0
2	2	4629	7
2	2	4630	0
2	2	4631	0
2	2	4632	7
2	2	4633	0
2	2	4634	0
2	2	4635	3
2	2	4636	0
2	2	4637	2
2	2	4638	0
2	2	4639	3
2	2	4640	0
2	2	4641	0
2	2	4642	13
2	2	4643	9
2	2	4644	0
2	2	4645	0
2	2	4646	0
2	2	4647	0
2	2	4648	4
2	2	4649	2
2	2	4650	0
2	2	4651	1
2	2	4652	1
2	2	4653	0
2	2	4654	0
2	2	4655	0
2	2	4656	0
2	2	4657	0
2	2	4658	0
2	2	4659	0
2	2	4660	0
2	2	4661	0
2	2	4662	0
2	2	4663	0
2	2	4664	13
2	2	4665	1
2	2	4666	0
2	2	4667	0
2	2	4668	0
2	2	4669	0
2	2	4670	0
2	2	4671	0
2	2	4672	0
2	2	4673	5
2	2	4674	0
2	2	4675	0
2	2	4676	0
2	2	4677	1
2	2	4678	0
2	2	4679	0
2	2	4680	0
2	2	4681	14
2	2	4682	0
2	2	4683	4
2	2	4684	0
2	2	4685	0
2	2	4686	13
2	2	4687	0
2	2	4688	0
2	2	4689	0
2	2	4690	0
2	2	4691	0
2	2	4692	0
2	2	4693	4
2	2	4694	0
2	2	4695	0
2	2	4696	0
2	2	4697	0
2	2	4698	0
2	2	4699	2
2	2	4700	0
2	2	4701	0
2	2	4702	0
2	2	4703	0
2	2	4704	0
2	2	4705	0
2	2	4706	1
2	2	4707	0
2	2	4708	0
2	2	4709	0
2	2	4710	7
2	2	4711	0
2	2	4712	0
2	2	4713	0
2	2	4714	0
2	2	4715	0
2	2	4716	1
2	2	4717	2
2	2	4718	0
2	2	4719	1
2	2	4720	6
2	2	4721	0
2	2	4722	0
2	2	4723	8
2	2	4724	0
2	2	4725	0
2	2	4726	0
2	2	4727	0
2	2	4728	3
2	2	4729	0
2	2	4730	1
2	2	4731	0
2	2	4732	0
2	2	4733	1
2	2	4734	0
2	2	4735	0
2	2	4736	0
2	2	4737	0
2	2	4738	0
2	2	4739	0
2	2	4740	5
2	2	4741	0
2	2	4742	11
2	2	4743	0
2	2	4744	0
2	2	4745	4
2	2	4746	0
2	2	4747	0
2	2	4748	0
2	2	4749	0
2	2	4750	2
2	2	4751	0
2	2	4752	0
2	2	4753	15
2	2	4754	0
2	2	4755	3
2	2	4756	0
2	2	4757	0
2	2	4758	0
2	2	4759	0
2	2	4760	0
2	2	4761	0
2	2	4762	0
2	2	4763	0
2	2	4764	1
2	2	4765	0
2	2	4766	10
2	2	4767	5
2	2	4768	0
2	2	4769	1
2	2	4770	0
2	2	4771	4
2	2	4772	0
2	2	4773	0
2	2	4774	0
2	2	4775	0
2	2	4776	0
2	2	4777	0
2	2	4778	1
2	2	4779	2
2	2	4780	2
2	2	4781	0
2	2	4782	0
2	2	4783	4
2	2	4784	1
2	2	4785	0
2	2	4786	0
2	2	4787	0
2	2	4788	0
2	2	4789	7
2	2	4790	0
2	2	4791	0
2	2	4792	0
2	2	4793	0
2	2	4794	0
2	2	4795	0
2	2	4796	0
2	2	4797	6
2	2	4798	0
2	2	4799	0
2	2	4800	0
2	2	4801	4
2	2	4802	0
2	2	4803	0
2	2	4804	0
2	2	4805	0
2	2	4806	2
2	2	4807	0
2	2	4808	0
2	2	4809	0
2	2	4810	0
2	2	4811	0
2	2	4812	0
2	2	4813	0
2	2	4814	3
2	2	4815	0
2	2	4816	0
2	2	4817	4
2	2	4818	3
2	2	4819	0
2	2	4820	4
2	2	4821	0
2	2	4822	0
2	2	4823	0
2	2	4824	0
2	2	4825	0
2	2	4826	0
2	2	4827	0
2	2	4828	0
2	2	4829	3
2	2	4830	0
2	2	4831	0
2	2	4832	0
2	2	4833	0
2	2	4834	0
2	2	4835	0
2	2	4836	16
2	2	4837	0
2	2	4838	8
2	2	4839	12
2	2	4840	0
2	2	4841	19
2	2	4842	0
2	2	4843	0
2	2	4844	13
2	2	4845	0
2	2	4846	0
2	2	4847	6
2	2	4848	0
2	2	4849	0
2	2	4850	0
2	2	4851	0
2	2	4852	0
2	2	4853	2
2	2	4854	13
2	2	4855	5
2	2	4856	0
2	2	4857	0
2	2	4858	0
2	2	4859	8
2	2	4860	0
2	2	4861	0
2	2	4862	0
2	2	4863	3
2	2	4864	0
2	2	4865	0
2	2	4866	0
2	2	4867	10
2	2	4868	0
2	2	4869	0
2	2	4870	0
2	2	4871	0
2	2	4872	14
2	2	4873	8
2	2	4874	5
2	2	4875	0
2	2	4876	0
2	2	4877	0
2	2	4878	0
2	2	4879	0
2	2	4880	0
2	2	4881	0
2	2	4882	0
2	2	4883	4
2	2	4884	1
2	2	4885	0
2	2	4886	0
2	2	4887	0
2	2	4888	0
2	2	4889	13
2	2	4890	4
2	2	4891	1
2	2	4892	0
2	2	4893	0
2	2	4894	0
2	2	4895	0
2	2	4896	0
2	2	4897	19
2	2	4898	2
2	2	4899	4
2	2	4900	4
2	2	4901	2
2	2	4902	0
2	2	4903	0
2	2	4904	4
2	2	4905	0
2	2	4906	0
2	2	4907	0
2	2	4908	0
2	2	4909	0
2	2	4910	0
2	2	4911	0
2	2	4912	0
2	2	4913	0
2	2	4914	5
2	2	4915	0
2	2	4916	3
2	2	4917	0
2	2	4918	0
2	2	4919	8
2	2	4920	7
2	2	4921	0
2	2	4922	0
2	2	4923	0
2	2	4924	0
2	2	4925	7
2	2	4926	3
2	2	4927	5
2	2	4928	0
2	2	4929	0
2	2	4930	1
2	2	4931	7
2	2	4932	0
2	2	4933	0
2	2	4934	0
2	2	4935	0
2	2	4936	0
2	2	4937	0
2	2	4938	0
2	2	4939	2
2	2	4940	0
2	2	4941	0
2	2	4942	5
2	2	4943	3
2	2	4944	0
2	2	4945	0
2	2	4946	16
2	2	4947	0
2	2	4948	8
2	2	4949	0
2	2	4950	6
2	2	4951	7
2	2	4952	11
2	2	4953	0
2	2	4954	1
2	2	4955	1
2	2	4956	0
2	2	4957	0
2	2	4958	0
2	2	4959	0
2	2	4960	0
2	2	4961	0
2	2	4962	0
2	2	4963	1
2	2	4964	0
2	2	4965	0
2	2	4966	0
2	2	4967	5
2	2	4968	7
2	2	4969	6
2	2	4970	0
2	2	4971	1
2	2	4972	1
2	2	4973	0
2	2	4974	3
2	2	4975	0
2	2	4976	0
2	2	4977	0
2	2	4978	0
2	2	4979	0
2	2	4980	2
2	2	4981	0
2	2	4982	0
2	2	4983	0
2	2	4984	0
2	2	4985	0
2	2	4986	0
2	2	4987	0
2	2	4988	9
2	2	4989	0
2	2	4990	0
2	2	4991	0
2	2	4992	0
2	2	4993	0
2	2	4994	0
2	2	4995	0
2	2	4996	8
2	2	4997	0
2	2	4998	0
2	2	4999	0
2	2	5000	3
2	2	5001	0
2	2	5002	0
2	2	5003	0
2	2	5004	5
2	2	5005	2
2	2	5006	0
2	2	5007	0
2	2	5008	0
2	2	5009	0
2	2	5010	0
2	2	5011	0
2	2	5012	0
2	2	5013	2
2	2	5014	1
2	2	5015	0
2	2	5016	0
2	2	5017	0
2	2	5018	0
2	2	5019	15
2	2	5020	4
2	2	5021	0
2	2	5022	3
2	2	5023	0
2	2	5024	1
2	2	5025	0
2	2	5026	0
2	2	5027	4
2	2	5028	0
2	2	5029	0
2	2	5030	2
2	2	5031	0
2	2	5032	0
2	2	5033	8
2	2	5034	7
2	2	5035	0
2	2	5036	7
2	2	5037	19
2	2	5038	0
2	2	5039	0
2	2	5040	0
2	2	5041	3
2	2	5042	0
2	2	5043	5
2	2	5044	0
2	2	5045	0
2	2	5046	0
2	2	5047	0
2	2	5048	2
2	2	5049	0
2	2	5050	0
2	2	5051	4
2	2	5052	0
2	2	5053	0
2	2	5054	4
2	2	5055	0
2	2	5056	2
2	2	5057	4
2	2	5058	3
2	2	5059	0
2	2	5060	0
2	2	5061	22
2	2	5062	0
2	2	5063	0
2	2	5064	0
2	2	5065	0
2	2	5066	3
2	2	5067	2
2	2	5068	0
2	2	5069	0
2	2	5070	0
2	2	5071	0
2	2	5072	0
2	2	5073	6
2	2	5074	0
2	2	5075	0
2	2	5076	0
2	2	5077	4
2	2	5078	0
2	2	5079	0
2	2	5080	3
2	2	5081	0
2	2	5082	0
2	2	5083	0
2	2	5084	4
2	2	5085	0
2	2	5086	1
2	2	5087	5
2	2	5088	0
2	2	5089	6
2	2	5090	0
2	2	5091	2
2	2	5092	0
2	2	5093	6
2	2	5094	5
2	2	5095	0
2	2	5096	0
2	2	5097	1
2	2	5098	0
2	2	5099	0
2	2	5100	0
2	2	5101	0
2	2	5102	28
2	2	5103	15
2	2	5104	8
2	2	5105	0
2	2	5106	2
2	2	5107	0
2	2	5108	0
2	2	5109	0
2	2	5110	2
2	2	5111	0
2	2	5112	0
2	2	5113	0
2	2	5114	0
2	2	5115	1
2	2	5116	2
2	2	5117	0
2	2	5118	3
2	2	5119	0
2	2	5120	2
2	2	5121	0
2	2	5122	0
2	2	5123	10
2	2	5124	0
2	2	5125	2
2	2	5126	2
2	2	5127	0
2	2	5128	0
2	2	5129	1
2	2	5130	0
2	2	5131	0
2	2	5132	0
2	2	5133	0
2	2	5134	0
2	2	5135	2
2	2	5136	0
2	2	5137	0
2	2	5138	0
2	2	5139	0
2	2	5140	0
2	2	5141	6
2	2	5142	0
2	2	5143	0
2	2	5144	3
2	2	5145	13
2	2	5146	2
2	2	5147	0
2	2	5148	7
2	2	5149	0
2	2	5150	0
2	2	5151	0
2	2	5152	0
2	2	5153	0
2	2	5154	1
2	2	5155	5
2	2	5156	0
2	2	5157	0
2	2	5158	0
2	2	5159	0
2	2	5160	5
2	2	5161	0
2	2	5162	6
2	2	5163	0
2	2	5164	0
2	2	5165	0
2	2	5166	0
2	2	5167	0
2	2	5168	0
2	2	5169	1
2	2	5170	6
2	2	5171	0
2	2	5172	4
2	2	5173	2
2	2	5174	3
2	2	5175	0
2	2	5176	0
2	2	5177	0
2	2	5178	0
2	2	5179	0
2	2	5180	0
2	2	5181	0
2	2	5182	2
2	2	5183	0
2	2	5184	0
2	2	5185	0
2	2	5186	0
2	2	5187	0
2	2	5188	0
2	2	5189	9
2	2	5190	0
2	2	5191	0
2	2	5192	9
2	2	5193	0
2	2	5194	3
2	2	5195	0
2	2	5196	0
2	2	5197	0
2	2	5198	0
2	2	5199	1
2	2	5200	4
2	2	5201	0
2	2	5202	0
2	2	5203	1
2	2	5204	0
2	2	5205	3
2	2	5206	0
2	2	5207	0
2	2	5208	1
2	2	5209	0
2	2	5210	1
2	2	5211	0
2	2	5212	1
2	2	5213	5
2	2	5214	3
2	2	5215	0
2	2	5216	0
2	2	5217	0
2	2	5218	0
2	2	5219	0
2	2	5220	0
2	2	5221	7
2	2	5222	0
2	2	5223	0
2	2	5224	5
2	2	5225	3
2	2	5226	0
2	2	5227	0
2	2	5228	0
2	2	5229	0
2	2	5230	2
2	2	5231	2
2	2	5232	0
2	2	5233	0
2	2	5234	0
2	2	5235	0
2	2	5236	0
2	2	5237	0
2	2	5238	0
2	2	5239	0
2	2	5240	0
2	2	5241	7
2	2	5242	0
2	2	5243	0
2	2	5244	2
2	2	5245	0
2	2	5246	1
2	2	5247	0
2	2	5248	0
2	2	5249	2
2	2	5250	4
2	2	5251	2
2	2	5252	3
2	2	5253	3
2	2	5254	0
2	2	5255	0
2	2	5256	0
2	2	5257	0
2	2	5258	0
2	2	5259	6
2	2	5260	0
2	2	5261	0
2	2	5262	0
2	2	5263	7
2	2	5264	0
2	2	5265	8
2	2	5266	0
2	2	5267	0
2	2	5268	0
2	2	5269	0
2	2	5270	0
2	2	5271	2
2	2	5272	1
2	2	5273	9
2	2	5274	0
2	2	5275	0
2	2	5276	0
2	2	5277	3
2	2	5278	1
2	2	5279	4
2	2	5280	0
2	2	5281	3
2	2	5282	0
2	2	5283	5
2	2	5284	0
2	2	5285	1
2	2	5286	0
2	2	5287	0
2	2	5288	0
2	2	5289	0
2	2	5290	6
2	2	5291	0
2	2	5292	0
2	2	5293	6
2	2	5294	2
2	2	5295	0
2	2	5296	0
2	2	5297	0
2	2	5298	0
2	2	5299	0
2	2	5300	0
2	2	5301	0
2	2	5302	0
2	2	5303	0
2	2	5304	6
2	2	5305	0
2	2	5306	3
2	2	5307	0
2	2	5308	0
2	2	5309	20
2	2	5310	0
2	2	5311	0
2	2	5312	1
2	2	5313	0
2	2	5314	1
2	2	5315	0
2	2	5316	0
2	2	5317	0
2	2	5318	0
2	2	5319	0
2	2	5320	0
2	2	5321	0
2	2	5322	1
2	2	5323	0
2	2	5324	0
2	2	5325	0
2	2	5326	10
2	2	5327	0
2	2	5328	3
2	2	5329	4
2	2	5330	0
2	2	5331	0
2	2	5332	7
2	2	5333	0
2	2	5334	0
2	2	5335	0
2	2	5336	0
2	2	5337	2
2	2	5338	0
2	2	5339	4
2	2	5340	0
2	2	5341	0
2	2	5342	0
2	2	5343	0
2	2	5344	0
2	2	5345	0
2	2	5346	0
2	2	5347	0
2	2	5348	0
2	2	5349	1
2	2	5350	0
2	2	5351	4
2	2	5352	2
2	2	5353	7
2	2	5354	6
2	2	5355	0
2	2	5356	0
2	2	5357	0
2	2	5358	0
2	2	5359	0
2	2	5360	0
2	2	5361	0
2	2	5362	0
2	2	5363	0
2	2	5364	0
2	2	5365	0
2	2	5366	4
2	2	5367	7
2	2	5368	0
2	2	5369	0
2	2	5370	0
2	2	5371	0
2	2	5372	3
2	2	5373	1
2	2	5374	3
2	2	5375	5
2	2	5376	0
2	2	5377	0
2	2	5378	0
2	2	5379	0
2	2	5380	0
2	2	5381	21
2	2	5382	0
2	2	5383	0
2	2	5384	4
2	2	5385	4
2	2	5386	0
2	2	5387	1
2	2	5388	0
2	2	5389	0
2	2	5390	0
2	2	5391	0
2	2	5392	0
2	2	5393	2
2	2	5394	0
2	2	5395	1
2	2	5396	0
2	2	5397	0
2	2	5398	0
2	2	5399	0
2	2	5400	0
2	2	5401	0
2	2	5402	0
2	2	5403	8
2	2	5404	0
2	2	5405	0
2	2	5406	4
2	2	5407	2
2	2	5408	1
2	2	5409	0
2	2	5410	0
2	2	5411	0
2	2	5412	0
2	2	5413	5
2	2	5414	0
2	2	5415	0
2	2	5416	5
2	2	5417	1
2	2	5418	8
2	2	5419	2
2	2	5420	6
2	2	5421	0
2	2	5422	0
2	2	5423	0
2	2	5424	11
2	2	5425	0
2	2	5426	2
2	2	5427	0
2	2	5428	0
2	2	5429	2
2	2	5430	0
2	2	5431	8
2	2	5432	2
2	2	5433	0
2	2	5434	0
2	2	5435	0
2	2	5436	0
2	2	5437	4
2	2	5438	3
2	2	5439	0
2	2	5440	1
2	2	5441	6
2	2	5442	9
2	2	5443	0
2	2	5444	4
2	2	5445	5
2	2	5446	2
2	2	5447	0
2	2	5448	0
2	2	5449	3
2	2	5450	0
2	2	5451	1
2	2	5452	12
2	2	5453	0
2	2	5454	0
2	2	5455	0
2	2	5456	10
2	2	5457	0
2	2	5458	0
2	2	5459	0
2	2	5460	0
2	2	5461	0
2	2	5462	0
2	2	5463	0
2	2	5464	0
2	2	5465	0
2	2	5466	0
2	2	5467	0
2	2	5468	0
2	2	5469	0
2	2	5470	1
2	2	5471	0
2	2	5472	0
2	2	5473	0
2	2	5474	0
2	2	5475	0
2	2	5476	3
2	2	5477	9
2	2	5478	2
2	2	5479	9
2	2	5480	0
2	2	5481	0
2	2	5482	0
2	2	5483	0
2	2	5484	1
2	2	5485	6
2	2	5486	0
2	2	5487	7
2	2	5488	0
2	2	5489	4
2	2	5490	0
2	2	5491	2
2	2	5492	0
2	2	5493	0
2	2	5494	4
2	2	5495	2
2	2	5496	0
2	2	5497	0
2	2	5498	0
2	2	5499	7
2	2	5500	0
2	2	5501	0
2	2	5502	0
2	2	5503	0
2	2	5504	0
2	2	5505	17
2	2	5506	0
2	2	5507	3
2	2	5508	0
2	2	5509	0
2	2	5510	4
2	2	5511	2
2	2	5512	0
2	2	5513	0
2	2	5514	1
2	2	5515	9
2	2	5516	8
2	2	5517	11
2	2	5518	0
2	2	5519	0
2	2	5520	0
2	2	5521	4
2	2	5522	0
2	2	5523	7
2	2	5524	1
2	2	5525	7
2	2	5526	0
2	2	5527	0
2	2	5528	0
2	2	5529	0
2	2	5530	0
2	2	5531	0
2	2	5532	0
2	2	5533	0
2	2	5534	1
2	2	5535	0
2	2	5536	0
2	2	5537	0
2	2	5538	0
2	2	5539	0
2	2	5540	0
2	2	5541	0
2	2	5542	0
2	2	5543	0
2	2	5544	4
2	2	5545	0
2	2	5546	0
2	2	5547	1
2	2	5548	0
2	2	5549	1
2	2	5550	0
2	2	5551	0
2	2	5552	0
2	2	5553	1
2	2	5554	6
2	2	5555	0
2	2	5556	0
2	2	5557	2
2	2	5558	0
2	2	5559	0
2	2	5560	1
2	2	5561	0
2	2	5562	0
2	2	5563	0
2	2	5564	3
2	2	5565	0
2	2	5566	3
2	2	5567	9
2	2	5568	0
2	2	5569	0
2	2	5570	0
2	2	5571	0
2	2	5572	0
2	2	5573	0
2	2	5574	3
2	2	5575	3
2	2	5576	1
2	2	5577	0
2	2	5578	0
2	2	5579	0
2	2	5580	0
2	2	5581	0
2	2	5582	0
2	2	5583	0
2	2	5584	0
2	2	5585	1
2	2	5586	5
2	2	5587	0
2	2	5588	1
2	2	5589	0
2	2	5590	0
2	2	5591	0
2	2	5592	0
2	2	5593	0
2	2	5594	0
2	2	5595	0
2	2	5596	0
2	2	5597	0
2	2	5598	0
2	2	5599	0
2	2	5600	0
2	2	5601	0
2	2	5602	0
2	2	5603	0
2	2	5604	1
2	2	5605	0
2	2	5606	0
2	2	5607	10
2	2	5608	0
2	2	5609	0
2	2	5610	0
2	2	5611	4
2	2	5612	0
2	2	5613	0
2	2	5614	0
2	2	5615	4
2	2	5616	1
2	2	5617	2
2	2	5618	0
2	2	5619	0
2	2	5620	2
2	2	5621	0
2	2	5622	3
2	2	5623	3
2	2	5624	0
2	2	5625	0
2	2	5626	0
2	2	5627	11
2	2	5628	0
2	2	5629	5
2	2	5630	0
2	2	5631	0
2	2	5632	1
2	2	5633	4
2	2	5634	10
2	2	5635	0
2	2	5636	0
2	2	5637	0
2	2	5638	0
2	2	5639	2
2	2	5640	0
2	2	5641	0
2	2	5642	6
2	2	5643	6
2	2	5644	6
2	2	5645	5
2	2	5646	0
2	2	5647	13
2	2	5648	0
2	2	5649	0
2	2	5650	0
2	2	5651	2
2	2	5652	0
2	2	5653	0
2	2	5654	0
2	2	5655	0
2	2	5656	3
2	2	5657	0
2	2	5658	0
2	2	5659	3
2	2	5660	0
2	2	5661	0
2	2	5662	10
2	2	5663	11
2	2	5664	3
2	2	5665	0
2	2	5666	0
2	2	5667	1
2	2	5668	4
2	2	5669	0
2	2	5670	0
2	2	5671	3
2	2	5672	0
2	2	5673	0
2	2	5674	0
2	2	5675	5
2	2	5676	0
2	2	5677	0
2	2	5678	4
2	2	5679	12
2	2	5680	0
2	2	5681	0
2	2	5682	0
2	2	5683	1
2	2	5684	0
2	2	5685	0
2	2	5686	0
2	2	5687	0
2	2	5688	0
2	2	5689	8
2	2	5690	0
2	2	5691	0
2	2	5692	0
2	2	5693	0
2	2	5694	0
2	2	5695	0
2	2	5696	0
2	2	5697	0
2	2	5698	2
2	2	5699	0
2	2	5700	0
2	2	5701	0
2	2	5702	0
2	2	5703	0
2	2	5704	0
2	2	5705	0
2	2	5706	2
2	2	5707	0
2	2	5708	5
2	2	5709	0
2	2	5710	0
2	2	5711	2
2	2	5712	1
2	2	5713	0
2	2	5714	0
2	2	5715	0
2	2	5716	0
2	2	5717	0
2	2	5718	2
2	2	5719	4
2	2	5720	0
2	2	5721	0
2	2	5722	0
2	2	5723	0
2	2	5724	0
2	2	5725	0
2	2	5726	1
2	2	5727	0
2	2	5728	5
2	2	5729	14
2	2	5730	0
2	2	5731	9
2	2	5732	0
2	2	5733	0
2	2	5734	1
2	2	5735	7
2	2	5736	0
2	2	5737	0
2	2	5738	3
2	2	5739	0
2	2	5740	0
2	2	5741	0
2	2	5742	2
2	2	5743	0
2	2	5744	0
2	2	5745	0
2	2	5746	0
2	2	5747	0
2	2	5748	0
2	2	5749	12
2	2	5750	0
2	2	5751	2
2	2	5752	0
2	2	5753	0
2	2	5754	5
2	2	5755	7
2	2	5756	4
2	2	5757	0
2	2	5758	0
2	2	5759	0
2	2	5760	0
2	2	5761	4
2	2	5762	0
2	2	5763	1
2	2	5764	0
2	2	5765	0
2	2	5766	0
2	2	5767	0
2	2	5768	11
2	2	5769	0
2	2	5770	1
2	2	5771	0
2	2	5772	0
2	2	5773	0
2	2	5774	0
2	2	5775	0
2	2	5776	2
2	2	5777	1
2	2	5778	0
2	2	5779	0
2	2	5780	9
2	2	5781	0
2	2	5782	0
2	2	5783	1
2	2	5784	0
2	2	5785	0
2	2	5786	0
2	2	5787	15
2	2	5788	3
2	2	5789	1
2	2	5790	0
2	2	5791	1
2	2	5792	0
2	2	5793	0
2	2	5794	0
2	2	5795	0
2	2	5796	0
2	2	5797	0
2	2	5798	0
2	2	5799	0
2	2	5800	0
2	2	5801	0
2	2	5802	0
2	2	5803	0
2	2	5804	0
2	2	5805	0
2	2	5806	5
2	2	5807	0
2	2	5808	0
2	2	5809	0
2	2	5810	0
2	2	5811	0
2	2	5812	0
2	2	5813	0
2	2	5814	0
2	2	5815	0
2	2	5816	0
2	2	5817	8
2	2	5818	0
2	2	5819	0
2	2	5820	0
2	2	5821	0
2	2	5822	1
2	2	5823	0
2	2	5824	0
2	2	5825	0
2	2	5826	7
2	2	5827	0
2	2	5828	0
2	2	5829	0
2	2	5830	13
2	2	5831	0
2	2	5832	12
2	2	5833	0
2	2	5834	0
2	2	5835	7
2	2	5836	18
2	2	5837	0
2	2	5838	0
2	2	5839	0
2	2	5840	0
2	2	5841	0
2	2	5842	0
2	2	5843	15
2	2	5844	7
2	2	5845	0
2	2	5846	4
2	2	5847	0
2	2	5848	5
2	2	5849	9
2	2	5850	0
2	2	5851	0
2	2	5852	0
2	2	5853	7
2	2	5854	0
2	2	5855	0
2	2	5856	4
2	2	5857	0
2	2	5858	0
2	2	5859	14
2	2	5860	6
2	2	5861	0
2	2	5862	0
2	2	5863	7
2	2	5864	0
2	2	5865	0
2	2	5866	0
2	2	5867	0
2	2	5868	0
2	2	5869	1
2	2	5870	0
2	2	5871	1
2	2	5872	0
2	2	5873	1
2	2	5874	9
2	2	5875	3
2	2	5876	0
2	2	5877	0
2	2	5878	10
2	2	5879	1
2	2	5880	0
2	2	5881	0
2	2	5882	10
2	2	5883	0
2	2	5884	2
2	2	5885	0
2	2	5886	0
2	2	5887	0
2	2	5888	0
2	2	5889	0
2	2	5890	4
2	2	5891	0
2	2	5892	0
2	2	5893	6
2	2	5894	0
2	2	5895	0
2	2	5896	0
2	2	5897	0
2	2	5898	5
2	2	5899	0
2	2	5900	0
2	2	5901	0
2	2	5902	3
2	2	5903	3
2	2	5904	6
2	2	5905	6
2	2	5906	1
2	2	5907	0
2	2	5908	0
2	2	5909	2
2	2	5910	4
2	2	5911	2
2	2	5912	0
2	2	5913	8
2	2	5914	0
2	2	5915	13
2	2	5916	1
2	2	5917	0
2	2	5918	3
2	2	5919	0
2	2	5920	4
2	2	5921	0
2	2	5922	0
2	2	5923	0
2	2	5924	0
2	2	5925	0
2	2	5926	12
2	2	5927	0
2	2	5928	0
2	2	5929	0
2	2	5930	0
2	2	5931	0
2	2	5932	0
2	2	5933	0
2	2	5934	2
2	2	5935	0
2	2	5936	1
2	2	5937	0
2	2	5938	0
2	2	5939	0
2	2	5940	0
2	2	5941	0
2	2	5942	1
2	2	5943	0
2	2	5944	0
2	2	5945	2
2	2	5946	0
2	2	5947	0
2	2	5948	0
2	2	5949	3
2	2	5950	0
2	2	5951	0
2	2	5952	0
2	2	5953	5
2	2	5954	0
2	2	5955	0
2	2	5956	0
2	2	5957	0
2	2	5958	0
2	2	5959	2
2	2	5960	2
2	2	5961	1
2	2	5962	0
2	2	5963	0
2	2	5964	2
2	2	5965	1
2	2	5966	0
2	2	5967	1
2	2	5968	0
2	2	5969	0
2	2	5970	0
2	2	5971	4
2	2	5972	0
2	2	5973	0
2	2	5974	0
2	2	5975	1
2	2	5976	0
2	2	5977	2
2	2	5978	3
2	2	5979	0
2	2	5980	0
2	2	5981	10
2	2	5982	1
2	2	5983	7
2	2	5984	1
2	2	5985	0
2	2	5986	5
2	2	5987	0
2	2	5988	10
2	2	5989	0
2	2	5990	0
2	2	5991	0
2	2	5992	0
2	2	5993	0
2	2	5994	6
2	2	5995	0
2	2	5996	0
2	2	5997	4
2	2	5998	2
2	2	5999	0
2	2	6000	3
2	2	6001	0
2	2	6002	6
2	2	6003	0
2	2	6004	1
2	2	6005	0
2	2	6006	0
2	2	6007	10
2	2	6008	7
2	2	6009	2
2	2	6010	0
2	2	6011	0
2	2	6012	2
2	2	6013	0
2	2	6014	1
2	2	6015	0
2	2	6016	0
2	2	6017	0
2	2	6018	2
2	2	6019	0
2	2	6020	0
2	2	6021	0
2	2	6022	0
2	2	6023	0
2	2	6024	0
2	2	6025	0
2	2	6026	0
2	2	6027	11
2	2	6028	1
2	2	6029	13
2	2	6030	0
2	2	6031	0
2	2	6032	0
2	2	6033	5
2	2	6034	0
2	2	6035	12
2	2	6036	10
2	2	6037	0
2	2	6038	0
2	2	6039	1
2	2	6040	0
2	2	6041	11
2	2	6042	1
2	2	6043	0
2	2	6044	0
2	2	6045	0
2	2	6046	7
2	2	6047	0
2	2	6048	0
2	2	6049	3
2	2	6050	1
2	2	6051	1
2	2	6052	2
2	2	6053	0
2	2	6054	0
2	2	6055	0
2	2	6056	0
2	2	6057	6
2	2	6058	3
2	2	6059	9
2	2	6060	2
2	2	6061	0
2	2	6062	0
2	2	6063	0
2	2	6064	3
2	2	6065	3
2	2	6066	0
2	2	6067	1
2	2	6068	0
2	2	6069	0
2	2	6070	0
2	2	6071	4
2	2	6072	2
2	2	6073	0
2	2	6074	0
2	2	6075	0
2	2	6076	0
2	2	6077	0
2	2	6078	3
2	2	6079	8
2	2	6080	2
2	2	6081	0
2	2	6082	0
2	2	6083	1
2	2	6084	0
2	2	6085	0
2	2	6086	0
2	2	6087	2
2	2	6088	0
2	2	6089	5
2	2	6090	0
2	2	6091	6
2	2	6092	1
2	2	6093	12
2	2	6094	0
2	2	6095	12
2	2	6096	2
2	2	6097	0
2	2	6098	0
2	2	6099	3
2	2	6100	0
2	2	6101	1
2	2	6102	0
2	2	6103	0
2	2	6104	0
2	2	6105	1
2	2	6106	4
2	2	6107	8
2	2	6108	0
2	2	6109	0
2	2	6110	2
2	2	6111	5
2	2	6112	0
2	2	6113	1
2	2	6114	0
2	2	6115	0
2	2	6116	0
2	2	6117	1
2	2	6118	0
2	2	6119	0
2	2	6120	0
2	2	6121	0
2	2	6122	0
2	2	6123	0
2	2	6124	0
2	2	6125	6
2	2	6126	5
2	2	6127	0
2	2	6128	11
2	2	6129	0
2	2	6130	0
2	2	6131	0
2	2	6132	19
2	2	6133	7
2	2	6134	0
2	2	6135	1
2	2	6136	0
2	2	6137	0
2	2	6138	1
2	2	6139	1
2	2	6140	0
2	2	6141	5
2	2	6142	0
2	2	6143	1
2	2	6144	0
2	2	6145	4
2	2	6146	0
2	2	6147	4
2	2	6148	0
2	2	6149	0
2	2	6150	0
2	2	6151	4
2	2	6152	0
2	2	6153	3
2	2	6154	0
2	2	6155	1
2	2	6156	0
2	2	6157	2
2	2	6158	0
2	2	6159	0
2	2	6160	9
2	2	6161	0
2	2	6162	0
2	2	6163	4
2	2	6164	2
2	2	6165	0
2	2	6166	2
2	2	6167	0
2	2	6168	0
2	2	6169	0
2	2	6170	9
2	2	6171	0
2	2	6172	0
2	2	6173	4
2	2	6174	0
2	2	6175	0
2	2	6176	5
2	2	6177	0
2	2	6178	0
2	2	6179	0
2	2	6180	5
2	2	6181	0
2	2	6182	5
2	2	6183	5
2	2	6184	2
2	2	6185	0
2	2	6186	0
2	2	6187	0
2	2	6188	0
2	2	6189	0
2	2	6190	0
2	2	6191	3
2	2	6192	0
2	2	6193	0
2	2	6194	0
2	2	6195	0
2	2	6196	0
2	2	6197	0
2	2	6198	0
2	2	6199	0
2	2	6200	0
2	2	6201	0
2	2	6202	4
2	2	6203	0
2	2	6204	0
2	2	6205	3
2	2	6206	0
2	2	6207	0
2	2	6208	0
2	2	6209	0
2	2	6210	0
2	2	6211	0
2	2	6212	0
2	2	6213	0
2	2	6214	0
2	2	6215	1
2	2	6216	0
2	2	6217	0
2	2	6218	2
2	2	6219	0
2	2	6220	2
2	2	6221	0
2	2	6222	0
2	2	6223	0
2	2	6224	0
2	2	6225	0
2	2	6226	0
2	2	6227	0
2	2	6228	5
2	2	6229	1
2	2	6230	0
2	2	6231	1
2	2	6232	0
2	2	6233	0
2	2	6234	0
2	2	6235	3
2	2	6236	0
2	2	6237	0
2	2	6238	0
2	2	6239	0
2	2	6240	0
2	2	6241	0
2	2	6242	0
2	2	6243	0
2	2	6244	4
2	2	6245	7
2	2	6246	0
2	2	6247	0
2	2	6248	0
2	2	6249	0
2	2	6250	0
2	2	6251	23
2	2	6252	0
2	2	6253	2
2	2	6254	0
2	2	6255	0
2	2	6256	7
2	2	6257	0
2	2	6258	0
2	2	6259	0
2	2	6260	0
2	2	6261	4
2	2	6262	3
2	2	6263	0
2	2	6264	5
2	2	6265	0
2	2	6266	2
2	2	6267	0
2	2	6268	0
2	2	6269	3
2	2	6270	0
2	2	6271	4
2	2	6272	0
2	2	6273	2
2	2	6274	7
2	2	6275	2
2	2	6276	0
2	2	6277	0
2	2	6278	6
2	2	6279	1
2	2	6280	0
2	2	6281	0
2	2	6282	1
2	2	6283	0
2	2	6284	0
2	2	6285	0
2	2	6286	23
2	2	6287	0
2	2	6288	0
2	2	6289	0
2	2	6290	3
2	2	6291	2
2	2	6292	1
2	2	6293	14
2	2	6294	0
2	2	6295	1
2	2	6296	15
2	2	6297	0
2	2	6298	2
2	2	6299	0
2	2	6300	9
2	2	6301	0
2	2	6302	7
2	2	6303	0
2	2	6304	0
2	2	6305	0
2	2	6306	0
2	2	6307	0
2	2	6308	1
2	2	6309	0
2	2	6310	0
2	2	6311	2
2	2	6312	0
2	2	6313	0
2	2	6314	0
2	2	6315	0
2	2	6316	10
2	2	6317	0
2	2	6318	0
2	2	6319	0
2	2	6320	0
2	2	6321	0
2	2	6322	1
2	2	6323	0
2	2	6324	0
2	2	6325	0
2	2	6326	7
2	2	6327	0
2	2	6328	2
2	2	6329	7
2	2	6330	0
2	2	6331	15
2	2	6332	0
2	2	6333	0
2	2	6334	6
2	2	6335	4
2	2	6336	0
2	2	6337	3
2	2	6338	0
2	2	6339	0
2	2	6340	0
2	2	6341	0
2	2	6342	7
2	2	6343	0
2	2	6344	0
2	2	6345	5
2	2	6346	0
2	2	6347	4
2	2	6348	6
2	2	6349	0
2	2	6350	6
2	2	6351	3
2	2	6352	0
2	2	6353	2
2	2	6354	0
2	2	6355	2
2	2	6356	23
2	2	6357	0
2	2	6358	0
2	2	6359	0
2	2	6360	0
2	2	6361	0
2	2	6362	0
2	2	6363	2
2	2	6364	0
2	2	6365	0
2	2	6366	2
2	2	6367	3
2	2	6368	0
2	2	6369	0
2	2	6370	0
2	2	6371	0
2	2	6372	0
2	2	6373	0
2	2	6374	0
2	2	6375	0
2	2	6376	0
2	2	6377	2
2	2	6378	0
2	2	6379	0
2	2	6380	1
2	2	6381	0
2	2	6382	11
2	2	6383	0
2	2	6384	3
2	2	6385	6
2	2	6386	0
2	2	6387	4
2	2	6388	0
2	2	6389	1
2	2	6390	0
2	2	6391	0
2	2	6392	0
2	2	6393	0
2	2	6394	0
2	2	6395	0
2	2	6396	5
2	2	6397	0
2	2	6398	2
2	2	6399	0
2	2	6400	0
2	2	6401	0
2	2	6402	0
2	2	6403	0
2	2	6404	0
2	2	6405	1
2	2	6406	0
2	2	6407	0
2	2	6408	0
2	2	6409	10
2	2	6410	3
2	2	6411	0
2	2	6412	0
2	2	6413	2
2	2	6414	0
2	2	6415	0
2	2	6416	0
2	2	6417	0
2	2	6418	0
2	2	6419	0
2	2	6420	1
2	2	6421	4
2	2	6422	0
2	2	6423	0
2	2	6424	4
2	2	6425	0
2	2	6426	0
2	2	6427	1
2	2	6428	6
2	2	6429	2
2	2	6430	0
2	2	6431	0
2	2	6432	0
2	2	6433	0
2	2	6434	4
2	2	6435	1
2	2	6436	0
2	2	6437	0
2	2	6438	3
2	2	6439	4
2	2	6440	6
2	2	6441	0
2	2	6442	0
2	2	6443	0
2	2	6444	0
2	2	6445	1
2	2	6446	0
2	2	6447	0
2	2	6448	0
2	2	6449	0
2	2	6450	0
2	2	6451	0
2	2	6452	0
2	2	6453	2
2	2	6454	0
2	2	6455	0
2	2	6456	14
2	2	6457	3
2	2	6458	1
2	2	6459	1
2	2	6460	0
2	2	6461	0
2	2	6462	0
2	2	6463	2
2	2	6464	3
2	2	6465	0
2	2	6466	2
2	2	6467	3
2	2	6468	0
2	2	6469	0
2	2	6470	1
2	2	6471	7
2	2	6472	0
2	2	6473	3
2	2	6474	8
2	2	6475	3
2	2	6476	0
2	2	6477	0
2	2	6478	0
2	2	6479	1
2	2	6480	0
2	2	6481	6
2	2	6482	0
2	2	6483	0
2	2	6484	0
2	2	6485	0
2	2	6486	7
2	2	6487	0
2	2	6488	0
2	2	6489	0
2	2	6490	1
2	2	6491	2
2	2	6492	0
2	2	6493	0
2	2	6494	0
2	2	6495	0
2	2	6496	0
2	2	6497	4
2	2	6498	0
2	2	6499	3
2	2	6500	4
2	2	6501	0
2	2	6502	0
2	2	6503	5
2	2	6504	0
2	2	6505	0
2	2	6506	0
2	2	6507	1
2	2	6508	0
2	2	6509	2
2	2	6510	2
2	2	6511	4
2	2	6512	0
2	2	6513	0
2	2	6514	0
2	2	6515	0
2	2	6516	0
2	2	6517	0
2	2	6518	1
2	2	6519	0
2	2	6520	8
2	2	6521	0
2	2	6522	0
2	2	6523	0
2	2	6524	0
2	2	6525	0
2	2	6526	0
2	2	6527	1
2	2	6528	0
2	2	6529	0
2	2	6530	3
2	2	6531	4
2	2	6532	0
2	2	6533	1
2	2	6534	0
2	2	6535	0
2	2	6536	0
2	2	6537	3
2	2	6538	0
2	2	6539	0
2	2	6540	3
2	2	6541	0
2	2	6542	0
2	2	6543	2
2	2	6544	0
2	2	6545	9
2	2	6546	0
2	2	6547	0
2	2	6548	0
2	2	6549	0
2	2	6550	0
2	2	6551	0
2	2	6552	0
2	2	6553	16
2	2	6554	2
2	2	6555	0
2	2	6556	0
2	2	6557	7
2	2	6558	0
2	2	6559	0
2	2	6560	0
2	2	6561	0
2	2	6562	0
2	2	6563	4
2	2	6564	0
2	2	6565	0
2	2	6566	9
2	2	6567	0
2	2	6568	0
2	2	6569	0
2	2	6570	7
2	2	6571	0
2	2	6572	0
2	2	6573	0
2	2	6574	0
2	2	6575	0
2	2	6576	1
2	2	6577	9
2	2	6578	2
2	2	6579	5
2	2	6580	0
2	2	6581	0
2	2	6582	0
2	2	6583	8
2	2	6584	16
2	2	6585	9
2	2	6586	0
2	2	6587	0
2	2	6588	3
2	2	6589	0
2	2	6590	0
2	2	6591	0
2	2	6592	0
2	2	6593	0
2	2	6594	2
2	2	6595	0
2	2	6596	0
2	2	6597	0
2	2	6598	0
2	2	6599	0
2	2	6600	3
2	2	6601	3
2	2	6602	0
2	2	6603	0
2	2	6604	0
2	2	6605	2
2	2	6606	0
2	2	6607	0
2	2	6608	0
2	2	6609	0
2	2	6610	4
2	2	6611	0
2	2	6612	0
2	2	6613	0
2	2	6614	2
2	2	6615	0
2	2	6616	6
2	2	6617	6
2	2	6618	1
2	2	6619	15
2	2	6620	0
2	2	6621	0
2	2	6622	0
2	2	6623	3
2	2	6624	11
2	2	6625	0
2	2	6626	12
2	2	6627	0
2	2	6628	2
2	2	6629	0
2	2	6630	0
2	2	6631	13
2	2	6632	2
2	2	6633	1
2	2	6634	0
2	2	6635	0
2	2	6636	6
2	2	6637	0
2	2	6638	0
2	2	6639	0
2	2	6640	0
2	2	6641	9
2	2	6642	1
2	2	6643	0
2	2	6644	0
2	2	6645	0
2	2	6646	17
2	2	6647	10
2	2	6648	0
2	2	6649	0
2	2	6650	0
2	2	6651	0
2	2	6652	0
2	2	6653	0
2	2	6654	0
2	2	6655	6
2	2	6656	0
2	2	6657	0
2	2	6658	0
2	2	6659	0
2	2	6660	0
2	2	6661	3
2	2	6662	0
2	2	6663	0
2	2	6664	15
2	2	6665	0
2	2	6666	1
2	2	6667	3
2	2	6668	0
2	2	6669	0
2	2	6670	0
2	2	6671	0
2	2	6672	4
2	2	6673	2
2	2	6674	3
2	2	6675	0
2	2	6676	7
2	2	6677	0
2	2	6678	0
2	2	6679	0
2	2	6680	0
2	2	6681	3
2	2	6682	1
2	2	6683	6
2	2	6684	5
2	2	6685	18
2	2	6686	0
2	2	6687	0
2	2	6688	0
2	2	6689	8
2	2	6690	0
2	2	6691	1
2	2	6692	0
2	2	6693	0
2	2	6694	0
2	2	6695	0
2	2	6696	0
2	2	6697	1
2	2	6698	0
2	2	6699	0
2	2	6700	9
2	2	6701	0
2	2	6702	0
2	2	6703	0
2	2	6704	2
2	2	6705	0
2	2	6706	0
2	2	6707	0
2	2	6708	0
2	2	6709	0
2	2	6710	11
2	2	6711	0
2	2	6712	5
2	2	6713	0
2	2	6714	0
2	2	6715	0
2	2	6716	0
2	2	6717	5
2	2	6718	0
2	2	6719	0
2	2	6720	0
2	2	6721	1
2	2	6722	4
2	2	6723	0
2	2	6724	0
2	2	6725	0
2	2	6726	2
2	2	6727	2
2	2	6728	0
2	2	6729	0
2	2	6730	0
2	2	6731	0
2	2	6732	0
2	2	6733	2
2	2	6734	0
2	2	6735	0
2	2	6736	0
2	2	6737	0
2	2	6738	0
2	2	6739	0
2	2	6740	0
2	2	6741	3
2	2	6742	6
2	2	6743	0
2	2	6744	22
2	2	6745	0
2	2	6746	0
2	2	6747	0
2	2	6748	0
2	2	6749	0
2	2	6750	0
2	2	6751	7
2	2	6752	0
2	2	6753	0
2	2	6754	0
2	2	6755	0
2	2	6756	0
2	2	6757	0
2	2	6758	0
2	2	6759	0
2	2	6760	0
2	2	6761	0
2	2	6762	0
2	2	6763	9
2	2	6764	5
2	2	6765	2
2	2	6766	0
2	2	6767	0
2	2	6768	0
2	2	6769	0
2	2	6770	0
2	2	6771	1
2	2	6772	1
2	2	6773	0
2	2	6774	5
2	2	6775	1
2	2	6776	0
2	2	6777	0
2	2	6778	0
2	2	6779	0
2	2	6780	0
2	2	6781	2
2	2	6782	0
2	2	6783	2
2	2	6784	0
2	2	6785	1
2	2	6786	0
2	2	6787	0
2	2	6788	0
2	2	6789	2
2	2	6790	0
2	2	6791	0
2	2	6792	15
2	2	6793	3
2	2	6794	0
2	2	6795	4
2	2	6796	0
2	2	6797	0
2	2	6798	0
2	2	6799	0
2	2	6800	0
2	2	6801	0
2	2	6802	0
2	2	6803	0
2	2	6804	2
2	2	6805	0
2	2	6806	0
2	2	6807	10
2	2	6808	0
2	2	6809	5
2	2	6810	0
2	2	6811	0
2	2	6812	0
2	2	6813	0
2	2	6814	5
2	2	6815	0
2	2	6816	1
2	2	6817	0
2	2	6818	0
2	2	6819	0
2	2	6820	0
2	2	6821	0
2	2	6822	0
2	2	6823	4
2	2	6824	0
2	2	6825	0
2	2	6826	0
2	2	6827	0
2	2	6828	0
2	2	6829	3
2	2	6830	0
2	2	6831	0
2	2	6832	7
2	2	6833	0
2	2	6834	0
2	2	6835	0
2	2	6836	4
2	2	6837	0
2	2	6838	0
2	2	6839	0
2	2	6840	0
2	2	6841	0
2	2	6842	2
2	2	6843	0
2	2	6844	0
2	2	6845	0
2	2	6846	0
2	2	6847	0
2	2	6848	0
2	2	6849	0
2	2	6850	5
2	2	6851	11
2	2	6852	0
2	2	6853	0
2	2	6854	0
2	2	6855	0
2	2	6856	0
2	2	6857	0
2	2	6858	0
2	2	6859	0
2	2	6860	8
2	2	6861	0
2	2	6862	0
2	2	6863	0
2	2	6864	5
2	2	6865	0
2	2	6866	2
2	2	6867	0
2	2	6868	0
2	2	6869	11
2	2	6870	8
2	2	6871	0
2	2	6872	0
2	2	6873	0
2	2	6874	0
2	2	6875	0
2	2	6876	0
2	2	6877	0
2	2	6878	0
2	2	6879	0
2	2	6880	4
2	2	6881	0
2	2	6882	0
2	2	6883	0
2	2	6884	3
2	2	6885	1
2	2	6886	10
2	2	6887	0
2	2	6888	0
2	2	6889	7
2	2	6890	2
2	2	6891	0
2	2	6892	6
2	2	6893	0
2	2	6894	0
2	2	6895	0
2	2	6896	0
2	2	6897	0
2	2	6898	4
2	2	6899	1
2	2	6900	0
2	2	6901	33
2	2	6902	1
2	2	6903	0
2	2	6904	0
2	2	6905	0
2	2	6906	0
2	2	6907	0
2	2	6908	1
2	2	6909	0
2	2	6910	1
2	2	6911	0
2	2	6912	0
2	2	6913	0
2	2	6914	3
2	2	6915	1
2	2	6916	5
2	2	6917	0
2	2	6918	0
2	2	6919	4
2	2	6920	2
2	2	6921	2
2	2	6922	7
2	2	6923	0
2	2	6924	2
2	2	6925	0
2	2	6926	4
2	2	6927	5
2	2	6928	11
2	2	6929	0
2	2	6930	0
2	2	6931	0
2	2	6932	0
2	2	6933	1
2	2	6934	0
2	2	6935	0
2	2	6936	0
2	2	6937	0
2	2	6938	1
2	2	6939	0
2	2	6940	2
2	2	6941	6
2	2	6942	0
2	2	6943	3
2	2	6944	0
2	2	6945	0
2	2	6946	1
2	2	6947	3
2	2	6948	0
2	2	6949	6
2	2	6950	0
2	2	6951	0
2	2	6952	0
2	2	6953	1
2	2	6954	0
2	2	6955	4
2	2	6956	0
2	2	6957	0
2	2	6958	13
2	2	6959	0
2	2	6960	0
2	2	6961	0
2	2	6962	0
2	2	6963	0
2	2	6964	0
2	2	6965	0
2	2	6966	3
2	2	6967	2
2	2	6968	0
2	2	6969	1
2	2	6970	0
2	2	6971	0
2	2	6972	0
2	2	6973	0
2	2	6974	2
2	2	6975	2
2	2	6976	7
2	2	6977	0
2	2	6978	0
2	2	6979	0
2	2	6980	19
2	2	6981	0
2	2	6982	5
2	2	6983	0
2	2	6984	0
2	2	6985	0
2	2	6986	2
2	2	6987	0
2	2	6988	0
2	2	6989	0
2	2	6990	5
2	2	6991	5
2	2	6992	0
2	2	6993	0
2	2	6994	0
2	2	6995	0
2	2	6996	0
2	2	6997	0
2	2	6998	0
2	2	6999	0
2	2	7000	0
2	2	7001	2
2	2	7002	0
2	2	7003	0
2	2	7004	0
2	2	7005	13
2	2	7006	0
2	2	7007	0
2	2	7008	0
2	2	7009	0
2	2	7010	0
2	2	7011	6
2	2	7012	0
2	2	7013	0
2	2	7014	0
2	2	7015	0
2	2	7016	0
2	2	7017	0
2	2	7018	0
2	2	7019	1
2	2	7020	0
2	2	7021	2
2	2	7022	0
2	2	7023	0
2	2	7024	0
2	2	7025	0
2	2	7026	0
2	2	7027	0
2	2	7028	0
2	2	7029	4
2	2	7030	1
2	2	7031	0
2	2	7032	7
2	2	7033	2
2	2	7034	0
2	2	7035	1
2	2	7036	0
2	2	7037	0
2	2	7038	0
2	2	7039	3
2	2	7040	1
2	2	7041	0
2	2	7042	0
2	2	7043	2
2	2	7044	0
2	2	7045	7
2	2	7046	0
2	2	7047	0
2	2	7048	0
2	2	7049	0
2	2	7050	7
2	2	7051	3
2	2	7052	0
2	2	7053	6
2	2	7054	0
2	2	7055	0
2	2	7056	0
2	2	7057	2
2	2	7058	0
2	2	7059	3
2	2	7060	0
2	2	7061	0
2	2	7062	0
2	2	7063	0
2	2	7064	5
2	2	7065	0
2	2	7066	0
2	2	7067	0
2	2	7068	0
2	2	7069	0
2	2	7070	0
2	2	7071	0
2	2	7072	7
2	2	7073	1
2	2	7074	5
2	2	7075	0
2	2	7076	3
2	2	7077	0
2	2	7078	0
2	2	7079	2
2	2	7080	0
2	2	7081	0
2	2	7082	9
2	2	7083	1
2	2	7084	0
2	2	7085	0
2	2	7086	1
2	2	7087	0
2	2	7088	0
2	2	7089	1
2	2	7090	0
2	2	7091	0
2	2	7092	9
2	2	7093	0
2	2	7094	1
2	2	7095	0
2	2	7096	1
2	2	7097	3
2	2	7098	0
2	2	7099	1
2	2	7100	5
2	2	7101	4
2	2	7102	0
2	2	7103	0
2	2	7104	0
2	2	7105	2
2	2	7106	1
2	2	7107	0
2	2	7108	0
2	2	7109	0
2	2	7110	0
2	2	7111	5
2	2	7112	2
2	2	7113	0
2	2	7114	3
2	2	7115	1
2	2	7116	0
2	2	7117	0
2	2	7118	0
2	2	7119	0
2	2	7120	3
2	2	7121	0
2	2	7122	0
2	2	7123	0
2	2	7124	0
2	2	7125	0
2	2	7126	11
2	2	7127	0
2	2	7128	8
2	2	7129	0
2	2	7130	6
2	2	7131	0
2	2	7132	0
2	2	7133	1
2	2	7134	0
2	2	7135	3
2	2	7136	0
2	2	7137	2
2	2	7138	0
2	2	7139	11
2	2	7140	0
2	2	7141	0
2	2	7142	0
2	2	7143	13
2	2	7144	0
2	2	7145	4
2	2	7146	0
2	2	7147	1
2	2	7148	2
2	2	7149	0
2	2	7150	0
2	2	7151	0
2	2	7152	0
2	2	7153	8
2	2	7154	4
2	2	7155	1
2	2	7156	0
2	2	7157	0
2	2	7158	0
2	2	7159	0
2	2	7160	6
2	2	7161	0
2	2	7162	0
2	2	7163	0
2	2	7164	10
2	2	7165	0
2	2	7166	6
2	2	7167	0
2	2	7168	0
2	2	7169	0
2	2	7170	1
2	2	7171	0
2	2	7172	1
2	2	7173	0
2	2	7174	0
2	2	7175	0
2	2	7176	0
2	2	7177	2
2	2	7178	0
2	2	7179	0
2	2	7180	0
2	2	7181	0
2	2	7182	0
2	2	7183	0
2	2	7184	0
2	2	7185	0
2	2	7186	0
2	2	7187	10
2	2	7188	0
2	2	7189	0
2	2	7190	0
2	2	7191	0
2	2	7192	0
2	2	7193	3
2	2	7194	0
2	2	7195	1
2	2	7196	0
2	2	7197	0
2	2	7198	1
2	2	7199	0
2	2	7200	0
2	2	7201	0
2	2	7202	6
2	2	7203	0
2	2	7204	0
2	2	7205	0
2	2	7206	6
2	2	7207	0
2	2	7208	2
2	2	7209	0
2	2	7210	13
2	2	7211	2
2	2	7212	2
2	2	7213	0
2	2	7214	0
2	2	7215	2
2	2	7216	5
2	2	7217	0
2	2	7218	0
2	2	7219	0
2	2	7220	11
2	2	7221	0
2	2	7222	4
2	2	7223	0
2	2	7224	0
2	2	7225	11
2	2	7226	0
2	2	7227	0
2	2	7228	0
2	2	7229	1
2	2	7230	0
2	2	7231	0
2	2	7232	0
2	2	7233	0
2	2	7234	23
2	2	7235	0
2	2	7236	0
2	2	7237	0
2	2	7238	1
2	2	7239	5
2	2	7240	6
2	2	7241	0
2	2	7242	4
2	2	7243	3
2	2	7244	0
2	2	7245	6
2	2	7246	0
2	2	7247	0
2	2	7248	0
2	2	7249	1
2	2	7250	0
2	2	7251	3
2	2	7252	0
2	2	7253	1
2	2	7254	1
2	2	7255	0
2	2	7256	0
2	2	7257	0
2	2	7258	0
2	2	7259	1
2	2	7260	0
2	2	7261	0
2	2	7262	0
2	2	7263	0
2	2	7264	0
2	2	7265	6
2	2	7266	0
2	2	7267	0
2	2	7268	0
2	2	7269	0
2	2	7270	0
2	2	7271	0
2	2	7272	8
2	2	7273	0
2	2	7274	0
2	2	7275	5
2	2	7276	0
2	2	7277	0
2	2	7278	0
2	2	7279	0
2	2	7280	1
2	2	7281	0
2	2	7282	2
2	2	7283	0
2	2	7284	6
2	2	7285	0
2	2	7286	0
2	2	7287	0
2	2	7288	0
2	2	7289	8
2	2	7290	0
2	2	7291	5
2	2	7292	4
2	2	7293	0
2	2	7294	0
2	2	7295	0
2	2	7296	0
2	2	7297	0
2	2	7298	0
2	2	7299	0
2	2	7300	0
2	2	7301	1
2	2	7302	0
2	2	7303	0
2	2	7304	0
2	2	7305	0
2	2	7306	0
2	2	7307	0
2	2	7308	5
2	2	7309	5
2	2	7310	0
2	2	7311	0
2	2	7312	0
2	2	7313	0
2	2	7314	0
2	2	7315	1
2	2	7316	0
2	2	7317	2
2	2	7318	1
2	2	7319	4
2	2	7320	0
2	2	7321	0
2	2	7322	0
2	2	7323	0
2	2	7324	3
2	2	7325	4
2	2	7326	20
2	2	7327	13
2	2	7328	4
2	2	7329	0
2	2	7330	0
2	2	7331	3
2	2	7332	0
2	2	7333	0
2	2	7334	0
2	2	7335	0
2	2	7336	0
2	2	7337	3
2	2	7338	0
2	2	7339	2
2	2	7340	0
2	2	7341	5
2	2	7342	0
2	2	7343	0
2	2	7344	3
2	2	7345	0
2	2	7346	0
2	2	7347	0
2	2	7348	0
2	2	7349	0
2	2	7350	0
2	2	7351	2
2	2	7352	0
2	2	7353	0
2	2	7354	6
2	2	7355	0
2	2	7356	0
2	2	7357	0
2	2	7358	9
2	2	7359	15
2	2	7360	0
2	2	7361	0
2	2	7362	0
2	2	7363	8
2	2	7364	0
2	2	7365	3
2	2	7366	0
2	2	7367	1
2	2	7368	0
2	2	7369	0
2	2	7370	2
2	2	7371	0
2	2	7372	2
2	2	7373	0
2	2	7374	0
2	2	7375	0
2	2	7376	3
2	2	7377	0
2	2	7378	0
2	2	7379	0
2	2	7380	0
2	2	7381	0
2	2	7382	0
2	2	7383	7
2	2	7384	0
2	2	7385	0
2	2	7386	0
2	2	7387	0
2	2	7388	0
2	2	7389	1
2	2	7390	0
2	2	7391	7
2	2	7392	1
2	2	7393	0
2	2	7394	0
2	2	7395	0
2	2	7396	0
2	2	7397	0
2	2	7398	0
2	2	7399	6
2	2	7400	0
2	2	7401	0
2	2	7402	0
2	2	7403	0
2	2	7404	0
2	2	7405	0
2	2	7406	0
2	2	7407	1
2	2	7408	0
2	2	7409	6
2	2	7410	0
2	2	7411	1
2	2	7412	0
2	2	7413	0
2	2	7414	1
2	2	7415	0
2	2	7416	2
2	2	7417	0
2	2	7418	0
2	2	7419	3
2	2	7420	0
2	2	7421	1
2	2	7422	10
2	2	7423	0
2	2	7424	0
2	2	7425	5
2	2	7426	0
2	2	7427	0
2	2	7428	0
2	2	7429	0
2	2	7430	0
2	2	7431	2
2	2	7432	0
2	2	7433	3
2	2	7434	0
2	2	7435	0
2	2	7436	8
2	2	7437	0
2	2	7438	0
2	2	7439	0
2	2	7440	1
2	2	7441	1
2	2	7442	0
2	2	7443	0
2	2	7444	5
2	2	7445	0
2	2	7446	4
2	2	7447	0
2	2	7448	0
2	2	7449	0
2	2	7450	0
2	2	7451	6
2	2	7452	1
2	2	7453	0
2	2	7454	0
2	2	7455	4
2	2	7456	0
2	2	7457	0
2	2	7458	5
2	2	7459	3
2	2	7460	0
2	2	7461	0
2	2	7462	0
2	2	7463	0
2	2	7464	20
2	2	7465	5
2	2	7466	1
2	2	7467	0
2	2	7468	0
2	2	7469	0
2	2	7470	2
2	2	7471	0
2	2	7472	4
2	2	7473	0
2	2	7474	0
2	2	7475	0
2	2	7476	15
2	2	7477	0
2	2	7478	0
2	2	7479	0
2	2	7480	12
2	2	7481	0
2	2	7482	0
2	2	7483	0
2	2	7484	0
2	2	7485	0
2	2	7486	0
2	2	7487	11
2	2	7488	0
2	2	7489	2
2	2	7490	0
2	2	7491	2
2	2	7492	6
2	2	7493	0
2	2	7494	3
2	2	7495	0
2	2	7496	0
2	2	7497	0
2	2	7498	0
2	2	7499	7
2	2	7500	0
2	2	7501	4
2	2	7502	2
2	2	7503	0
2	2	7504	1
2	2	7505	0
2	2	7506	0
2	2	7507	9
2	2	7508	0
2	2	7509	0
2	2	7510	0
2	2	7511	6
2	2	7512	1
2	2	7513	0
2	2	7514	1
2	2	7515	0
2	2	7516	12
2	2	7517	0
2	2	7518	0
2	2	7519	0
2	2	7520	0
2	2	7521	0
2	2	7522	0
2	2	7523	1
2	2	7524	0
2	2	7525	0
2	2	7526	0
2	2	7527	4
2	2	7528	0
2	2	7529	3
2	2	7530	3
2	2	7531	0
2	2	7532	9
2	2	7533	0
2	2	7534	3
2	2	7535	3
2	2	7536	2
2	2	7537	0
2	2	7538	0
2	2	7539	0
2	2	7540	6
2	2	7541	6
2	2	7542	0
2	2	7543	0
2	2	7544	3
2	2	7545	4
2	2	7546	0
2	2	7547	2
2	2	7548	0
2	2	7549	1
2	2	7550	2
2	2	7551	0
2	2	7552	3
2	2	7553	0
2	2	7554	0
2	2	7555	0
2	2	7556	0
2	2	7557	0
2	2	7558	0
2	2	7559	0
2	2	7560	1
2	2	7561	15
2	2	7562	0
2	2	7563	0
2	2	7564	0
2	2	7565	0
2	2	7566	4
2	2	7567	0
2	2	7568	0
2	2	7569	0
2	2	7570	1
2	2	7571	0
2	2	7572	0
2	2	7573	0
2	2	7574	0
2	2	7575	0
2	2	7576	0
2	2	7577	0
2	2	7578	0
2	2	7579	0
2	2	7580	0
2	2	7581	0
2	2	7582	1
2	2	7583	0
2	2	7584	0
2	2	7585	0
2	2	7586	4
2	2	7587	0
2	2	7588	0
2	2	7589	0
2	2	7590	0
2	2	7591	0
2	2	7592	0
2	2	7593	5
2	2	7594	0
2	2	7595	0
2	2	7596	0
2	2	7597	0
2	2	7598	0
2	2	7599	0
2	2	7600	5
2	2	7601	1
2	2	7602	0
2	2	7603	0
2	2	7604	0
2	2	7605	0
2	2	7606	0
2	2	7607	0
2	2	7608	10
2	2	7609	0
2	2	7610	1
2	2	7611	0
2	2	7612	2
2	2	7613	7
2	2	7614	0
2	2	7615	0
2	2	7616	10
2	2	7617	0
2	2	7618	0
2	2	7619	3
2	2	7620	1
2	2	7621	0
2	2	7622	0
2	2	7623	2
2	2	7624	2
2	2	7625	7
2	2	7626	0
2	2	7627	3
2	2	7628	0
2	2	7629	0
2	2	7630	0
2	2	7631	0
2	2	7632	4
2	2	7633	4
2	2	7634	14
2	2	7635	0
2	2	7636	0
2	2	7637	0
2	2	7638	0
2	2	7639	0
2	2	7640	8
2	2	7641	2
2	2	7642	0
2	2	7643	0
2	2	7644	0
2	2	7645	3
2	2	7646	4
2	2	7647	0
2	2	7648	0
2	2	7649	5
2	2	7650	1
2	2	7651	3
2	2	7652	2
2	2	7653	0
2	2	7654	0
2	2	7655	0
2	2	7656	0
2	2	7657	8
2	2	7658	0
2	2	7659	1
2	2	7660	0
2	2	7661	0
2	2	7662	0
2	2	7663	0
2	2	7664	0
2	2	7665	8
2	2	7666	8
2	2	7667	0
2	2	7668	0
2	2	7669	2
2	2	7670	0
2	2	7671	0
2	2	7672	0
2	2	7673	5
2	2	7674	0
2	2	7675	1
2	2	7676	0
2	2	7677	0
2	2	7678	0
2	2	7679	3
2	2	7680	2
2	2	7681	10
2	2	7682	0
2	2	7683	0
2	2	7684	0
2	2	7685	0
2	2	7686	6
2	2	7687	0
2	2	7688	11
2	2	7689	0
2	2	7690	4
2	2	7691	0
2	2	7692	4
2	2	7693	0
2	2	7694	0
2	2	7695	5
2	2	7696	0
2	2	7697	1
2	2	7698	5
2	2	7699	4
2	2	7700	0
2	2	7701	0
2	2	7702	0
2	2	7703	5
2	2	7704	0
2	2	7705	0
2	2	7706	0
2	2	7707	0
2	2	7708	0
2	2	7709	0
2	2	7710	0
2	2	7711	0
2	2	7712	1
2	2	7713	0
2	2	7714	0
2	2	7715	4
2	2	7716	1
2	2	7717	2
2	2	7718	0
2	2	7719	2
2	2	7720	0
2	2	7721	0
2	2	7722	0
2	2	7723	0
2	2	7724	0
2	2	7725	1
2	2	7726	0
2	2	7727	0
2	2	7728	0
2	2	7729	0
2	2	7730	0
2	2	7731	6
2	2	7732	0
2	2	7733	0
2	2	7734	0
2	2	7735	0
2	2	7736	0
2	2	7737	1
2	2	7738	0
2	2	7739	3
2	2	7740	0
2	2	7741	0
2	2	7742	0
2	2	7743	0
2	2	7744	0
2	2	7745	3
2	2	7746	0
2	2	7747	0
2	2	7748	3
2	2	7749	4
2	2	7750	0
2	2	7751	6
2	2	7752	0
2	2	7753	0
2	2	7754	0
2	2	7755	0
2	2	7756	0
2	2	7757	2
2	2	7758	2
2	2	7759	0
2	2	7760	0
2	2	7761	0
2	2	7762	0
2	2	7763	0
2	2	7764	0
2	2	7765	1
2	2	7766	6
2	2	7767	0
2	2	7768	9
2	2	7769	4
2	2	7770	0
2	2	7771	0
2	2	7772	2
2	2	7773	0
2	2	7774	12
2	2	7775	0
2	2	7776	2
2	2	7777	0
2	2	7778	0
2	2	7779	0
2	2	7780	0
2	2	7781	0
2	2	7782	0
2	2	7783	0
2	2	7784	0
2	2	7785	0
2	2	7786	3
2	2	7787	5
2	2	7788	6
2	2	7789	0
2	2	7790	0
2	2	7791	1
2	2	7792	0
2	2	7793	0
2	2	7794	0
2	2	7795	2
2	2	7796	1
2	2	7797	0
2	2	7798	0
2	2	7799	6
2	2	7800	4
2	2	7801	0
2	2	7802	4
2	2	7803	1
2	2	7804	0
2	2	7805	0
2	2	7806	0
2	2	7807	0
2	2	7808	0
2	2	7809	0
2	2	7810	0
2	2	7811	0
2	2	7812	0
2	2	7813	3
2	2	7814	6
2	2	7815	0
2	2	7816	11
2	2	7817	7
2	2	7818	0
2	2	7819	0
2	2	7820	0
2	2	7821	0
2	2	7822	6
2	2	7823	1
2	2	7824	0
2	2	7825	0
2	2	7826	0
2	2	7827	0
2	2	7828	0
2	2	7829	0
2	2	7830	1
2	2	7831	6
2	2	7832	0
2	2	7833	0
2	2	7834	0
2	2	7835	6
2	2	7836	0
2	2	7837	0
2	2	7838	0
2	2	7839	0
2	2	7840	0
2	2	7841	3
2	2	7842	1
2	2	7843	0
2	2	7844	0
2	2	7845	0
2	2	7846	3
2	2	7847	2
2	2	7848	0
2	2	7849	13
2	2	7850	0
2	2	7851	3
2	2	7852	0
2	2	7853	0
2	2	7854	2
2	2	7855	6
2	2	7856	0
2	2	7857	0
2	2	7858	0
2	2	7859	4
2	2	7860	0
2	2	7861	0
2	2	7862	0
2	2	7863	0
2	2	7864	0
2	2	7865	17
2	2	7866	6
2	2	7867	0
2	2	7868	5
2	2	7869	0
2	2	7870	0
2	2	7871	0
2	2	7872	0
2	2	7873	0
2	2	7874	2
2	2	7875	0
2	2	7876	0
2	2	7877	0
2	2	7878	0
2	2	7879	0
2	2	7880	4
2	2	7881	0
2	2	7882	0
2	2	7883	4
2	2	7884	0
2	2	7885	6
2	2	7886	0
2	2	7887	0
2	2	7888	0
2	2	7889	0
2	2	7890	8
2	2	7891	3
2	2	7892	0
2	2	7893	7
2	2	7894	0
2	2	7895	0
2	2	7896	7
2	2	7897	1
2	2	7898	1
2	2	7899	0
2	2	7900	2
2	2	7901	0
2	2	7902	0
2	2	7903	0
2	2	7904	2
2	2	7905	12
2	2	7906	0
2	2	7907	0
2	2	7908	21
2	2	7909	5
2	2	7910	0
2	2	7911	5
2	2	7912	8
2	2	7913	0
2	2	7914	0
2	2	7915	0
2	2	7916	0
2	2	7917	2
2	2	7918	1
2	2	7919	0
2	2	7920	6
2	2	7921	1
2	2	7922	0
2	2	7923	7
2	2	7924	0
2	2	7925	3
2	2	7926	6
2	2	7927	0
2	2	7928	0
2	2	7929	5
2	2	7930	0
2	2	7931	5
2	2	7932	0
2	2	7933	7
2	2	7934	0
2	2	7935	8
2	2	7936	6
2	2	7937	5
2	2	7938	0
2	2	7939	2
2	2	7940	0
2	2	7941	1
2	2	7942	0
2	2	7943	0
2	2	7944	0
2	2	7945	0
2	2	7946	0
2	2	7947	0
2	2	7948	7
2	2	7949	0
2	2	7950	7
2	2	7951	0
2	2	7952	0
2	2	7953	0
2	2	7954	10
2	2	7955	2
2	2	7956	3
2	2	7957	0
2	2	7958	0
2	2	7959	0
2	2	7960	6
2	2	7961	0
2	2	7962	0
2	2	7963	0
2	2	7964	0
2	2	7965	0
2	2	7966	0
2	2	7967	0
2	2	7968	0
2	2	7969	6
2	2	7970	1
2	2	7971	0
2	2	7972	0
2	2	7973	4
2	2	7974	0
2	2	7975	0
2	2	7976	1
2	2	7977	0
2	2	7978	0
2	2	7979	0
2	2	7980	0
2	2	7981	0
2	2	7982	11
2	2	7983	0
2	2	7984	0
2	2	7985	3
2	2	7986	1
2	2	7987	2
2	2	7988	0
2	2	7989	5
2	2	7990	13
2	2	7991	0
2	2	7992	9
2	2	7993	0
2	2	7994	7
2	2	7995	0
2	2	7996	1
2	2	7997	0
2	2	7998	0
2	2	7999	0
2	2	8000	0
2	2	8001	9
2	2	8002	0
2	2	8003	1
2	2	8004	0
2	2	8005	1
2	2	8006	0
2	2	8007	0
2	2	8008	0
2	2	8009	0
2	2	8010	0
2	2	8011	0
2	2	8012	2
2	2	8013	0
2	2	8014	5
2	2	8015	0
2	2	8016	0
2	2	8017	8
2	2	8018	0
2	2	8019	0
2	2	8020	0
2	2	8021	0
2	2	8022	0
2	2	8023	0
2	2	8024	0
2	2	8025	1
2	2	8026	0
2	2	8027	0
2	2	8028	0
2	2	8029	2
2	2	8030	9
2	2	8031	0
2	2	8032	0
2	2	8033	0
2	2	8034	7
2	2	8035	0
2	2	8036	6
2	2	8037	0
2	2	8038	9
2	2	8039	0
2	2	8040	0
2	2	8041	1
2	2	8042	0
2	2	8043	10
2	2	8044	1
2	2	8045	0
2	2	8046	0
2	2	8047	7
2	2	8048	0
2	2	8049	0
2	2	8050	0
2	2	8051	0
2	2	8052	0
2	2	8053	0
2	2	8054	0
2	2	8055	2
2	2	8056	0
2	2	8057	0
2	2	8058	0
2	2	8059	0
2	2	8060	0
2	2	8061	2
2	2	8062	1
2	2	8063	4
2	2	8064	0
2	2	8065	0
2	2	8066	3
2	2	8067	0
2	2	8068	0
2	2	8069	0
2	2	8070	0
2	2	8071	1
2	2	8072	0
2	2	8073	0
2	2	8074	0
2	2	8075	0
2	2	8076	0
2	2	8077	0
2	2	8078	0
2	2	8079	4
2	2	8080	4
2	2	8081	0
2	2	8082	0
2	2	8083	10
2	2	8084	3
2	2	8085	0
2	2	8086	0
2	2	8087	0
2	2	8088	3
2	2	8089	0
2	2	8090	2
2	2	8091	0
2	2	8092	0
2	2	8093	4
2	2	8094	3
2	2	8095	0
2	2	8096	0
2	2	8097	3
2	2	8098	0
2	2	8099	0
2	2	8100	0
2	2	8101	3
2	2	8102	1
2	2	8103	0
2	2	8104	5
2	2	8105	0
2	2	8106	0
2	2	8107	0
2	2	8108	0
2	2	8109	2
2	2	8110	4
2	2	8111	0
2	2	8112	13
2	2	8113	2
2	2	8114	0
2	2	8115	0
2	2	8116	0
2	2	8117	2
2	2	8118	0
2	2	8119	0
2	2	8120	0
2	2	8121	2
2	2	8122	0
2	2	8123	0
2	2	8124	0
2	2	8125	0
2	2	8126	0
2	2	8127	0
2	2	8128	0
2	2	8129	0
2	2	8130	0
2	2	8131	9
2	2	8132	0
2	2	8133	2
2	2	8134	0
2	2	8135	0
2	2	8136	0
2	2	8137	0
2	2	8138	3
2	2	8139	2
2	2	8140	4
2	2	8141	0
2	2	8142	0
2	2	8143	0
2	2	8144	0
2	2	8145	0
2	2	8146	0
2	2	8147	0
2	2	8148	0
2	2	8149	1
2	2	8150	0
2	2	8151	0
2	2	8152	1
2	2	8153	0
2	2	8154	0
2	2	8155	3
2	2	8156	12
2	2	8157	0
2	2	8158	0
2	2	8159	0
2	2	8160	0
2	2	8161	0
2	2	8162	5
2	2	8163	0
2	2	8164	0
2	2	8165	10
2	2	8166	0
2	2	8167	0
2	2	8168	0
2	2	8169	0
2	2	8170	0
2	2	8171	5
2	2	8172	0
2	2	8173	3
2	2	8174	4
2	2	8175	15
2	2	8176	0
2	2	8177	6
2	2	8178	5
2	2	8179	3
2	2	8180	0
2	2	8181	3
2	2	8182	0
2	2	8183	1
2	2	8184	0
2	2	8185	5
2	2	8186	0
2	2	8187	0
2	2	8188	0
2	2	8189	0
2	2	8190	0
2	2	8191	0
2	2	8192	0
2	2	8193	0
2	2	8194	0
2	2	8195	0
2	2	8196	0
2	2	8197	12
2	2	8198	3
2	2	8199	0
2	2	8200	0
2	2	8201	1
2	2	8202	2
2	2	8203	0
2	2	8204	0
2	2	8205	0
2	2	8206	2
2	2	8207	9
2	2	8208	0
2	2	8209	0
2	2	8210	6
2	2	8211	0
2	2	8212	0
2	2	8213	0
2	2	8214	2
2	2	8215	0
2	2	8216	1
2	2	8217	0
2	2	8218	0
2	2	8219	4
2	2	8220	0
2	2	8221	3
2	2	8222	0
2	2	8223	0
2	2	8224	0
2	2	8225	0
2	2	8226	0
2	2	8227	5
2	2	8228	0
2	2	8229	0
2	2	8230	1
2	2	8231	0
2	2	8232	5
2	2	8233	0
2	2	8234	0
2	2	8235	7
2	2	8236	1
2	2	8237	0
2	2	8238	4
2	2	8239	1
2	2	8240	0
2	2	8241	4
2	2	8242	8
2	2	8243	0
2	2	8244	0
2	2	8245	0
2	2	8246	3
2	2	8247	0
2	2	8248	0
2	2	8249	0
2	2	8250	1
2	2	8251	5
2	2	8252	1
2	2	8253	0
2	2	8254	0
2	2	8255	9
2	2	8256	0
2	2	8257	1
2	2	8258	4
2	2	8259	0
2	2	8260	6
2	2	8261	0
2	2	8262	0
2	2	8263	0
2	2	8264	3
2	2	8265	14
2	2	8266	2
2	2	8267	0
2	2	8268	0
2	2	8269	5
2	2	8270	1
2	2	8271	4
2	2	8272	0
2	2	8273	2
2	2	8274	0
2	2	8275	0
2	2	8276	1
2	2	8277	6
2	2	8278	3
2	2	8279	0
2	2	8280	1
2	2	8281	0
2	2	8282	1
2	2	8283	0
2	2	8284	0
2	2	8285	0
2	2	8286	8
2	2	8287	0
2	2	8288	0
2	2	8289	2
2	2	8290	0
2	2	8291	3
2	2	8292	0
2	2	8293	4
2	2	8294	0
2	2	8295	0
2	2	8296	5
2	2	8297	2
2	2	8298	0
2	2	8299	5
2	2	8300	0
2	2	8301	0
2	2	8302	0
2	2	8303	4
2	2	8304	0
2	2	8305	1
2	2	8306	3
2	2	8307	0
2	2	8308	0
2	2	8309	0
2	2	8310	10
2	2	8311	0
2	2	8312	0
2	2	8313	4
2	2	8314	0
2	2	8315	9
2	2	8316	2
2	2	8317	12
2	2	8318	5
2	2	8319	2
2	2	8320	0
2	2	8321	0
2	2	8322	3
2	2	8323	0
2	2	8324	0
2	2	8325	0
2	2	8326	0
2	2	8327	0
2	2	8328	0
2	2	8329	0
2	2	8330	0
2	2	8331	7
2	2	8332	0
2	2	8333	0
2	2	8334	0
2	2	8335	1
2	2	8336	0
2	2	8337	0
2	2	8338	0
2	2	8339	0
2	2	8340	8
2	2	8341	0
2	2	8342	0
2	2	8343	0
2	2	8344	0
2	2	8345	2
2	2	8346	0
2	2	8347	0
2	2	8348	0
2	2	8349	0
2	2	8350	0
2	2	8351	7
2	2	8352	0
2	2	8353	0
2	2	8354	3
2	2	8355	2
2	2	8356	0
2	2	8357	0
2	2	8358	0
2	2	8359	0
2	2	8360	15
2	2	8361	0
2	2	8362	0
2	2	8363	0
2	2	8364	0
2	2	8365	0
2	2	8366	0
2	2	8367	11
2	2	8368	7
2	2	8369	0
2	2	8370	0
2	2	8371	11
2	2	8372	0
2	2	8373	2
2	2	8374	1
2	2	8375	0
2	2	8376	0
2	2	8377	5
2	2	8378	1
2	2	8379	0
2	2	8380	4
2	2	8381	0
2	2	8382	0
2	2	8383	0
2	2	8384	3
2	2	8385	0
2	2	8386	0
2	2	8387	0
2	2	8388	0
2	2	8389	2
2	2	8390	12
2	2	8391	6
2	2	8392	10
2	2	8393	0
2	2	8394	0
2	2	8395	0
2	2	8396	5
2	2	8397	0
2	2	8398	18
2	2	8399	0
2	2	8400	0
2	2	8401	0
2	2	8402	5
2	2	8403	0
2	2	8404	0
2	2	8405	0
2	2	8406	0
2	2	8407	6
2	2	8408	4
2	2	8409	0
2	2	8410	1
2	2	8411	0
2	2	8412	0
2	2	8413	0
2	2	8414	0
2	2	8415	0
2	2	8416	7
2	2	8417	0
2	2	8418	1
2	2	8419	1
2	2	8420	0
2	2	8421	0
2	2	8422	2
2	2	8423	0
2	2	8424	0
2	2	8425	0
2	2	8426	2
2	2	8427	0
2	2	8428	0
2	2	8429	0
2	2	8430	2
2	2	8431	0
2	2	8432	1
2	2	8433	1
2	2	8434	1
2	2	8435	0
2	2	8436	2
2	2	8437	0
2	2	8438	2
2	2	8439	8
2	2	8440	0
2	2	8441	6
2	2	8442	0
2	2	8443	0
2	2	8444	5
2	2	8445	0
2	2	8446	3
2	2	8447	2
2	2	8448	0
2	2	8449	6
2	2	8450	5
2	2	8451	2
2	2	8452	1
2	2	8453	0
2	2	8454	0
2	2	8455	3
2	2	8456	6
2	2	8457	2
2	2	8458	0
2	2	8459	0
2	2	8460	0
2	2	8461	0
2	2	8462	0
2	2	8463	0
2	2	8464	0
2	2	8465	1
2	2	8466	0
2	2	8467	0
2	2	8468	0
2	2	8469	0
2	2	8470	0
2	2	8471	2
2	2	8472	1
2	2	8473	0
2	2	8474	0
2	2	8475	0
2	2	8476	0
2	2	8477	0
2	2	8478	0
2	2	8479	0
2	2	8480	0
2	2	8481	0
2	2	8482	0
2	2	8483	0
2	2	8484	0
2	2	8485	1
2	2	8486	9
2	2	8487	0
2	2	8488	0
2	2	8489	0
2	2	8490	0
2	2	8491	0
2	2	8492	0
2	2	8493	0
2	2	8494	1
2	2	8495	0
2	2	8496	0
2	2	8497	1
2	2	8498	1
2	2	8499	3
2	2	8500	0
2	2	8501	0
2	2	8502	4
2	2	8503	0
2	2	8504	0
2	2	8505	2
2	2	8506	0
2	2	8507	14
2	2	8508	0
2	2	8509	0
2	2	8510	0
2	2	8511	0
2	2	8512	0
2	2	8513	1
2	2	8514	0
2	2	8515	2
2	2	8516	0
2	2	8517	0
2	2	8518	0
2	2	8519	0
2	2	8520	0
2	2	8521	2
2	2	8522	0
2	2	8523	0
2	2	8524	0
2	2	8525	8
2	2	8526	0
2	2	8527	0
2	2	8528	0
2	2	8529	0
2	2	8530	0
2	2	8531	0
2	2	8532	0
2	2	8533	13
2	2	8534	11
2	2	8535	0
2	2	8536	0
2	2	8537	0
2	2	8538	0
2	2	8539	2
2	2	8540	0
2	2	8541	3
2	2	8542	21
2	2	8543	0
2	2	8544	2
2	2	8545	2
2	2	8546	0
2	2	8547	4
2	2	8548	0
2	2	8549	0
2	2	8550	0
2	2	8551	0
2	2	8552	0
2	2	8553	0
2	2	8554	2
2	2	8555	5
2	2	8556	0
2	2	8557	0
2	2	8558	0
2	2	8559	0
2	2	8560	6
2	2	8561	0
2	2	8562	0
2	2	8563	0
2	2	8564	0
2	2	8565	0
2	2	8566	7
2	2	8567	0
2	2	8568	3
2	2	8569	0
2	2	8570	0
2	2	8571	0
2	2	8572	0
2	2	8573	0
2	2	8574	0
2	2	8575	11
2	2	8576	0
2	2	8577	0
2	2	8578	2
2	2	8579	0
2	2	8580	0
2	2	8581	0
2	2	8582	0
2	2	8583	0
2	2	8584	0
2	2	8585	0
2	2	8586	5
2	2	8587	0
2	2	8588	0
2	2	8589	0
2	2	8590	0
2	2	8591	0
2	2	8592	0
2	2	8593	0
2	2	8594	0
2	2	8595	2
2	2	8596	0
2	2	8597	4
2	2	8598	0
2	2	8599	2
2	2	8600	0
2	2	8601	0
2	2	8602	0
2	2	8603	0
2	2	8604	0
2	2	8605	0
2	2	8606	0
2	2	8607	0
2	2	8608	12
2	2	8609	0
2	2	8610	10
2	2	8611	4
2	2	8612	0
2	2	8613	0
2	2	8614	0
2	2	8615	0
2	2	8616	0
2	2	8617	2
2	2	8618	0
2	2	8619	1
2	2	8620	0
2	2	8621	1
2	2	8622	0
2	2	8623	0
2	2	8624	11
2	2	8625	0
2	2	8626	12
2	2	8627	0
2	2	8628	0
2	2	8629	1
2	2	8630	2
2	2	8631	12
2	2	8632	0
2	2	8633	0
2	2	8634	3
2	2	8635	0
2	2	8636	0
2	2	8637	1
2	2	8638	0
2	2	8639	1
2	2	8640	0
2	2	8641	0
2	2	8642	0
2	2	8643	0
2	2	8644	1
2	2	8645	0
2	2	8646	0
2	2	8647	0
2	2	8648	0
2	2	8649	0
2	2	8650	0
2	2	8651	2
2	2	8652	0
2	2	8653	0
2	2	8654	8
2	2	8655	0
2	2	8656	0
2	2	8657	0
2	2	8658	0
2	2	8659	0
2	2	8660	0
2	2	8661	6
2	2	8662	0
2	2	8663	0
2	2	8664	0
2	2	8665	0
2	2	8666	5
2	2	8667	0
2	2	8668	0
2	2	8669	2
2	2	8670	2
2	2	8671	1
2	2	8672	0
2	2	8673	0
2	2	8674	0
2	2	8675	0
2	2	8676	12
2	2	8677	3
2	2	8678	32
2	2	8679	0
2	2	8680	0
2	2	8681	6
2	2	8682	0
2	2	8683	0
2	2	8684	0
2	2	8685	0
2	2	8686	5
2	2	8687	0
2	2	8688	23
2	2	8689	0
2	2	8690	2
2	2	8691	0
2	2	8692	0
2	2	8693	0
2	2	8694	0
2	2	8695	0
2	2	8696	0
2	2	8697	0
2	2	8698	0
2	2	8699	0
2	2	8700	0
2	2	8701	0
2	2	8702	8
2	2	8703	2
2	2	8704	4
2	2	8705	0
2	2	8706	6
2	2	8707	0
2	2	8708	0
2	2	8709	0
2	2	8710	13
2	2	8711	2
2	2	8712	0
2	2	8713	0
2	2	8714	0
2	2	8715	0
2	2	8716	8
2	2	8717	0
2	2	8718	0
2	2	8719	7
2	2	8720	0
2	2	8721	0
2	2	8722	0
2	2	8723	0
2	2	8724	0
2	2	8725	0
2	2	8726	0
2	2	8727	0
2	2	8728	0
2	2	8729	0
2	2	8730	0
2	2	8731	1
2	2	8732	0
2	2	8733	3
2	2	8734	0
2	2	8735	0
2	2	8736	0
2	2	8737	0
2	2	8738	0
2	2	8739	0
2	2	8740	2
2	2	8741	0
2	2	8742	0
2	2	8743	0
2	2	8744	0
2	2	8745	0
2	2	8746	2
2	2	8747	0
2	2	8748	0
2	2	8749	0
2	2	8750	5
2	2	8751	0
2	2	8752	7
2	2	8753	0
2	2	8754	0
2	2	8755	7
2	2	8756	1
2	2	8757	4
2	2	8758	0
2	2	8759	2
2	2	8760	1
2	2	8761	0
2	2	8762	0
2	2	8763	0
2	2	8764	1
2	2	8765	0
2	2	8766	0
2	2	8767	0
2	2	8768	1
2	2	8769	0
2	2	8770	0
2	2	8771	0
2	2	8772	8
2	2	8773	0
2	2	8774	0
2	2	8775	11
2	2	8776	0
2	2	8777	0
2	2	8778	1
2	2	8779	0
2	2	8780	0
2	2	8781	0
2	2	8782	0
2	2	8783	0
2	2	8784	10
2	2	8785	0
2	2	8786	0
2	2	8787	0
2	2	8788	0
2	2	8789	3
2	2	8790	0
2	2	8791	0
2	2	8792	0
2	2	8793	0
2	2	8794	0
2	2	8795	3
2	2	8796	0
2	2	8797	0
2	2	8798	0
2	2	8799	8
2	2	8800	0
2	2	8801	0
2	2	8802	0
2	2	8803	0
2	2	8804	12
2	2	8805	0
2	2	8806	6
2	2	8807	0
2	2	8808	0
2	2	8809	6
2	2	8810	0
2	2	8811	0
2	2	8812	4
2	2	8813	2
2	2	8814	0
2	2	8815	0
2	2	8816	0
2	2	8817	0
2	2	8818	0
2	2	8819	2
2	2	8820	0
2	2	8821	0
2	2	8822	0
2	2	8823	1
2	2	8824	0
2	2	8825	0
2	2	8826	2
2	2	8827	0
2	2	8828	13
2	2	8829	0
2	2	8830	0
2	2	8831	0
2	2	8832	0
2	2	8833	2
2	2	8834	0
2	2	8835	0
2	2	8836	0
2	2	8837	0
2	2	8838	0
2	2	8839	3
2	2	8840	0
2	2	8841	0
2	2	8842	8
2	2	8843	0
2	2	8844	0
2	2	8845	0
2	2	8846	0
2	2	8847	0
2	2	8848	0
2	2	8849	1
2	2	8850	4
2	2	8851	0
2	2	8852	16
2	2	8853	1
2	2	8854	1
2	2	8855	0
2	2	8856	0
2	2	8857	0
2	2	8858	0
2	2	8859	0
2	2	8860	0
2	2	8861	0
2	2	8862	0
2	2	8863	0
2	2	8864	0
2	2	8865	12
2	2	8866	1
2	2	8867	0
2	2	8868	2
2	2	8869	0
2	2	8870	0
2	2	8871	0
2	2	8872	7
2	2	8873	1
2	2	8874	2
2	2	8875	2
2	2	8876	0
2	2	8877	1
2	2	8878	0
2	2	8879	0
2	2	8880	0
2	2	8881	1
2	2	8882	0
2	2	8883	12
2	2	8884	0
2	2	8885	0
2	2	8886	2
2	2	8887	0
2	2	8888	0
2	2	8889	0
2	2	8890	7
2	2	8891	0
2	2	8892	2
2	2	8893	0
2	2	8894	0
2	2	8895	0
2	2	8896	0
2	2	8897	8
2	2	8898	0
2	2	8899	0
2	2	8900	2
2	2	8901	0
2	2	8902	0
2	2	8903	0
2	2	8904	0
2	2	8905	0
2	2	8906	0
2	2	8907	0
2	2	8908	0
2	2	8909	3
2	2	8910	0
2	2	8911	0
2	2	8912	0
2	2	8913	0
2	2	8914	0
2	2	8915	8
2	2	8916	0
2	2	8917	0
2	2	8918	1
2	2	8919	0
2	2	8920	5
2	2	8921	0
2	2	8922	0
2	2	8923	1
2	2	8924	7
2	2	8925	0
2	2	8926	0
2	2	8927	3
2	2	8928	0
2	2	8929	0
2	2	8930	0
2	2	8931	0
2	2	8932	1
2	2	8933	0
2	2	8934	0
2	2	8935	0
2	2	8936	1
2	2	8937	0
2	2	8938	0
2	2	8939	2
2	2	8940	1
2	2	8941	0
2	2	8942	0
2	2	8943	0
2	2	8944	5
2	2	8945	0
2	2	8946	0
2	2	8947	0
2	2	8948	0
2	2	8949	0
2	2	8950	0
2	2	8951	0
2	2	8952	0
2	2	8953	0
2	2	8954	0
2	2	8955	0
2	2	8956	0
2	2	8957	1
2	2	8958	0
2	2	8959	3
2	2	8960	0
2	2	8961	0
2	2	8962	3
2	2	8963	3
2	2	8964	7
2	2	8965	0
2	2	8966	0
2	2	8967	0
2	2	8968	0
2	2	8969	2
2	2	8970	0
2	2	8971	0
2	2	8972	0
2	2	8973	0
2	2	8974	0
2	2	8975	0
2	2	8976	8
2	2	8977	1
2	2	8978	0
2	2	8979	0
2	2	8980	0
2	2	8981	0
2	2	8982	0
2	2	8983	0
2	2	8984	0
2	2	8985	0
2	2	8986	0
2	2	8987	0
2	2	8988	4
2	2	8989	2
2	2	8990	0
2	2	8991	7
2	2	8992	1
2	2	8993	11
2	2	8994	0
2	2	8995	3
2	2	8996	0
2	2	8997	0
2	2	8998	8
2	2	8999	0
2	2	9000	8
2	2	9001	0
2	2	9002	2
2	2	9003	0
2	2	9004	10
2	2	9005	7
2	2	9006	0
2	2	9007	6
2	2	9008	0
2	2	9009	0
2	2	9010	0
2	2	9011	10
2	2	9012	0
2	2	9013	0
2	2	9014	4
2	2	9015	0
2	2	9016	2
2	2	9017	0
2	2	9018	0
2	2	9019	0
2	2	9020	1
2	2	9021	0
2	2	9022	6
2	2	9023	2
2	2	9024	0
2	2	9025	0
2	2	9026	0
2	2	9027	0
2	2	9028	0
2	2	9029	0
2	2	9030	0
2	2	9031	1
2	2	9032	0
2	2	9033	3
2	2	9034	7
2	2	9035	0
2	2	9036	0
2	2	9037	1
2	2	9038	0
2	2	9039	0
2	2	9040	0
2	2	9041	0
2	2	9042	0
2	2	9043	0
2	2	9044	1
2	2	9045	0
2	2	9046	0
2	2	9047	4
2	2	9048	0
2	2	9049	1
2	2	9050	1
2	2	9051	0
2	2	9052	0
2	2	9053	3
2	2	9054	0
2	2	9055	3
2	2	9056	8
2	2	9057	0
2	2	9058	0
2	2	9059	1
2	2	9060	11
2	2	9061	2
2	2	9062	6
2	2	9063	0
2	2	9064	1
2	2	9065	0
2	2	9066	0
2	2	9067	5
2	2	9068	0
2	2	9069	4
2	2	9070	0
2	2	9071	9
2	2	9072	0
2	2	9073	2
2	2	9074	0
2	2	9075	0
2	2	9076	1
2	2	9077	0
2	2	9078	0
2	2	9079	0
2	2	9080	0
2	2	9081	0
2	2	9082	1
2	2	9083	0
2	2	9084	0
2	2	9085	4
2	2	9086	0
2	2	9087	2
2	2	9088	0
2	2	9089	0
2	2	9090	0
2	2	9091	0
2	2	9092	0
2	2	9093	0
2	2	9094	0
2	2	9095	2
2	2	9096	0
2	2	9097	2
2	2	9098	0
2	2	9099	0
2	2	9100	0
2	2	9101	0
2	2	9102	0
2	2	9103	8
2	2	9104	2
2	2	9105	0
2	2	9106	0
2	2	9107	0
2	2	9108	0
2	2	9109	2
2	2	9110	0
2	2	9111	0
2	2	9112	0
2	2	9113	0
2	2	9114	0
2	2	9115	5
2	2	9116	0
2	2	9117	1
2	2	9118	0
2	2	9119	0
2	2	9120	0
2	2	9121	0
2	2	9122	0
2	2	9123	0
2	2	9124	0
2	2	9125	0
2	2	9126	0
2	2	9127	0
2	2	9128	0
2	2	9129	0
2	2	9130	0
2	2	9131	1
2	2	9132	3
2	2	9133	3
2	2	9134	0
2	2	9135	1
2	2	9136	3
2	2	9137	0
2	2	9138	0
2	2	9139	3
2	2	9140	0
2	2	9141	0
2	2	9142	15
2	2	9143	0
2	2	9144	0
2	2	9145	7
2	2	9146	0
2	2	9147	0
2	2	9148	0
2	2	9149	0
2	2	9150	2
2	2	9151	9
2	2	9152	0
2	2	9153	0
2	2	9154	0
2	2	9155	2
2	2	9156	0
2	2	9157	10
2	2	9158	2
2	2	9159	2
2	2	9160	0
2	2	9161	0
2	2	9162	0
2	2	9163	0
2	2	9164	0
2	2	9165	4
2	2	9166	0
2	2	9167	2
2	2	9168	0
2	2	9169	0
2	2	9170	0
2	2	9171	0
2	2	9172	9
2	2	9173	0
2	2	9174	2
2	2	9175	0
2	2	9176	0
2	2	9177	17
2	2	9178	0
2	2	9179	5
2	2	9180	1
2	2	9181	4
2	2	9182	0
2	2	9183	0
2	2	9184	0
2	2	9185	0
2	2	9186	2
2	2	9187	0
2	2	9188	0
2	2	9189	0
2	2	9190	0
2	2	9191	2
2	2	9192	0
2	2	9193	0
2	2	9194	9
2	2	9195	0
2	2	9196	0
2	2	9197	0
2	2	9198	0
2	2	9199	0
2	2	9200	0
2	2	9201	0
2	2	9202	0
2	2	9203	0
2	2	9204	6
2	2	9205	0
2	2	9206	3
2	2	9207	0
2	2	9208	0
2	2	9209	6
2	2	9210	0
2	2	9211	0
2	2	9212	0
2	2	9213	0
2	2	9214	0
2	2	9215	0
2	2	9216	1
2	2	9217	0
2	2	9218	6
2	2	9219	3
2	2	9220	0
2	2	9221	3
2	2	9222	6
2	2	9223	2
2	2	9224	0
2	2	9225	7
2	2	9226	0
2	2	9227	0
2	2	9228	0
2	2	9229	0
2	2	9230	0
2	2	9231	1
2	2	9232	0
2	2	9233	0
2	2	9234	0
2	2	9235	0
2	2	9236	0
2	2	9237	17
2	2	9238	5
2	2	9239	0
2	2	9240	0
2	2	9241	5
2	2	9242	0
2	2	9243	0
2	2	9244	0
2	2	9245	5
2	2	9246	0
2	2	9247	0
2	2	9248	2
2	2	9249	1
2	2	9250	0
2	2	9251	0
2	2	9252	0
2	2	9253	3
2	2	9254	0
2	2	9255	0
2	2	9256	1
2	2	9257	0
2	2	9258	3
2	2	9259	3
2	2	9260	0
2	2	9261	0
2	2	9262	3
2	2	9263	0
2	2	9264	0
2	2	9265	0
2	2	9266	5
2	2	9267	0
2	2	9268	0
2	2	9269	0
2	2	9270	0
2	2	9271	0
2	2	9272	0
2	2	9273	0
2	2	9274	6
2	2	9275	5
2	2	9276	0
2	2	9277	10
2	2	9278	2
2	2	9279	0
2	2	9280	0
2	2	9281	0
2	2	9282	1
2	2	9283	0
2	2	9284	2
2	2	9285	0
2	2	9286	4
2	2	9287	0
2	2	9288	3
2	2	9289	0
2	2	9290	0
2	2	9291	0
2	2	9292	4
2	2	9293	0
2	2	9294	0
2	2	9295	0
2	2	9296	0
2	2	9297	0
2	2	9298	0
2	2	9299	9
2	2	9300	0
2	2	9301	2
2	2	9302	0
2	2	9303	0
2	2	9304	0
2	2	9305	4
2	2	9306	0
2	2	9307	0
2	2	9308	8
2	2	9309	0
2	2	9310	1
2	2	9311	0
2	2	9312	0
2	2	9313	0
2	2	9314	3
2	2	9315	0
2	2	9316	0
2	2	9317	0
2	2	9318	7
2	2	9319	6
2	2	9320	9
2	2	9321	2
2	2	9322	0
2	2	9323	0
2	2	9324	8
2	2	9325	0
2	2	9326	0
2	2	9327	2
2	2	9328	11
2	2	9329	0
2	2	9330	0
2	2	9331	0
2	2	9332	6
2	2	9333	0
2	2	9334	0
2	2	9335	0
2	2	9336	12
2	2	9337	0
2	2	9338	0
2	2	9339	0
2	2	9340	0
2	2	9341	2
2	2	9342	0
2	2	9343	0
2	2	9344	0
2	2	9345	0
2	2	9346	2
2	2	9347	0
2	2	9348	0
2	2	9349	0
2	2	9350	0
2	2	9351	0
2	2	9352	0
2	2	9353	0
2	2	9354	0
2	2	9355	0
2	2	9356	0
2	2	9357	4
2	2	9358	1
2	2	9359	0
2	2	9360	0
2	2	9361	0
2	2	9362	0
2	2	9363	0
2	2	9364	0
2	2	9365	0
2	2	9366	0
2	2	9367	1
2	2	9368	0
2	2	9369	1
2	2	9370	2
2	2	9371	0
2	2	9372	2
2	2	9373	8
2	2	9374	0
2	2	9375	0
2	2	9376	9
2	2	9377	0
2	2	9378	3
2	2	9379	0
2	2	9380	0
2	2	9381	6
2	2	9382	0
2	2	9383	0
2	2	9384	3
2	2	9385	7
2	2	9386	0
2	2	9387	0
2	2	9388	0
2	2	9389	0
2	2	9390	0
2	2	9391	9
2	2	9392	0
2	2	9393	0
2	2	9394	0
2	2	9395	6
2	2	9396	0
2	2	9397	0
2	2	9398	0
2	2	9399	0
2	2	9400	0
2	2	9401	0
2	2	9402	0
2	2	9403	0
2	2	9404	0
2	2	9405	0
2	2	9406	0
2	2	9407	0
2	2	9408	4
2	2	9409	0
2	2	9410	0
2	2	9411	7
2	2	9412	0
2	2	9413	0
2	2	9414	0
2	2	9415	2
2	2	9416	0
2	2	9417	0
2	2	9418	11
2	2	9419	0
2	2	9420	1
2	2	9421	0
2	2	9422	0
2	2	9423	1
2	2	9424	5
2	2	9425	2
2	2	9426	0
2	2	9427	0
2	2	9428	2
2	2	9429	0
2	2	9430	4
2	2	9431	0
2	2	9432	1
2	2	9433	5
2	2	9434	0
2	2	9435	6
2	2	9436	0
2	2	9437	5
2	2	9438	0
2	2	9439	1
2	2	9440	3
2	2	9441	9
2	2	9442	1
2	2	9443	0
2	2	9444	2
2	2	9445	0
2	2	9446	0
2	2	9447	0
2	2	9448	0
2	2	9449	2
2	2	9450	2
2	2	9451	1
2	2	9452	14
2	2	9453	0
2	2	9454	0
2	2	9455	0
2	2	9456	1
2	2	9457	0
2	2	9458	0
2	2	9459	2
2	2	9460	0
2	2	9461	0
2	2	9462	3
2	2	9463	12
2	2	9464	0
2	2	9465	0
2	2	9466	0
2	2	9467	0
2	2	9468	9
2	2	9469	6
2	2	9470	0
2	2	9471	1
2	2	9472	1
2	2	9473	0
2	2	9474	6
2	2	9475	1
2	2	9476	9
2	2	9477	0
2	2	9478	0
2	2	9479	6
2	2	9480	0
2	2	9481	0
2	2	9482	0
2	2	9483	0
2	2	9484	0
2	2	9485	0
2	2	9486	0
2	2	9487	0
2	2	9488	0
2	2	9489	0
2	2	9490	14
2	2	9491	3
2	2	9492	1
2	2	9493	0
2	2	9494	0
2	2	9495	17
2	2	9496	0
2	2	9497	0
2	2	9498	0
2	2	9499	0
2	2	9500	0
2	2	9501	5
2	2	9502	1
2	2	9503	0
2	2	9504	0
2	2	9505	0
2	2	9506	0
2	2	9507	2
2	2	9508	3
2	2	9509	0
2	2	9510	7
2	2	9511	0
2	2	9512	6
2	2	9513	10
2	2	9514	0
2	2	9515	0
2	2	9516	0
2	2	9517	5
2	2	9518	6
2	2	9519	1
2	2	9520	0
2	2	9521	0
2	2	9522	0
2	2	9523	0
2	2	9524	5
2	2	9525	0
2	2	9526	0
2	2	9527	0
2	2	9528	0
2	2	9529	8
2	2	9530	0
2	2	9531	6
2	2	9532	3
2	2	9533	0
2	2	9534	3
2	2	9535	0
2	2	9536	10
2	2	9537	0
2	2	9538	0
2	2	9539	0
2	2	9540	0
2	2	9541	0
2	2	9542	2
2	2	9543	0
2	2	9544	0
2	2	9545	0
2	2	9546	0
2	2	9547	0
2	2	9548	1
2	2	9549	0
2	2	9550	0
2	2	9551	14
2	2	9552	0
2	2	9553	0
2	2	9554	0
2	2	9555	0
2	2	9556	9
2	2	9557	0
2	2	9558	0
2	2	9559	0
2	2	9560	0
2	2	9561	0
2	2	9562	0
2	2	9563	0
2	2	9564	0
2	2	9565	3
2	2	9566	0
2	2	9567	8
2	2	9568	0
2	2	9569	3
2	2	9570	0
2	2	9571	2
2	2	9572	0
2	2	9573	0
2	2	9574	1
2	2	9575	6
2	2	9576	0
2	2	9577	0
2	2	9578	0
2	2	9579	0
2	2	9580	0
2	2	9581	0
2	2	9582	0
2	2	9583	3
2	2	9584	0
2	2	9585	0
2	2	9586	0
2	2	9587	0
2	2	9588	0
2	2	9589	0
2	2	9590	3
2	2	9591	0
2	2	9592	0
2	2	9593	0
2	2	9594	0
2	2	9595	3
2	2	9596	5
2	2	9597	0
2	2	9598	0
2	2	9599	0
2	2	9600	0
2	2	9601	0
2	2	9602	0
2	2	9603	0
2	2	9604	0
2	2	9605	0
2	2	9606	0
2	2	9607	14
2	2	9608	3
2	2	9609	0
2	2	9610	0
2	2	9611	0
2	2	9612	0
2	2	9613	0
2	2	9614	6
2	2	9615	0
2	2	9616	0
2	2	9617	3
2	2	9618	0
2	2	9619	11
2	2	9620	9
2	2	9621	0
2	2	9622	0
2	2	9623	1
2	2	9624	10
2	2	9625	0
2	2	9626	0
2	2	9627	0
2	2	9628	0
2	2	9629	0
2	2	9630	0
2	2	9631	0
2	2	9632	0
2	2	9633	0
2	2	9634	4
2	2	9635	0
2	2	9636	0
2	2	9637	1
2	2	9638	0
2	2	9639	0
2	2	9640	0
2	2	9641	0
2	2	9642	3
2	2	9643	1
2	2	9644	0
2	2	9645	1
2	2	9646	0
2	2	9647	0
2	2	9648	0
2	2	9649	0
2	2	9650	0
2	2	9651	0
2	2	9652	0
2	2	9653	5
2	2	9654	1
2	2	9655	3
2	2	9656	0
2	2	9657	0
2	2	9658	1
2	2	9659	0
2	2	9660	0
2	2	9661	5
2	2	9662	0
2	2	9663	4
2	2	9664	0
2	2	9665	0
2	2	9666	2
2	2	9667	0
2	2	9668	0
2	2	9669	2
2	2	9670	0
2	2	9671	0
2	2	9672	0
2	2	9673	0
2	2	9674	0
2	2	9675	0
2	2	9676	0
2	2	9677	0
2	2	9678	3
2	2	9679	0
2	2	9680	0
2	2	9681	7
2	2	9682	4
2	2	9683	2
2	2	9684	0
2	2	9685	0
2	2	9686	0
2	2	9687	2
2	2	9688	1
2	2	9689	0
2	2	9690	10
2	2	9691	0
2	2	9692	1
2	2	9693	0
2	2	9694	0
2	2	9695	0
2	2	9696	0
2	2	9697	3
2	2	9698	2
2	2	9699	0
2	2	9700	0
2	2	9701	10
2	2	9702	3
2	2	9703	0
2	2	9704	0
2	2	9705	0
2	2	9706	0
2	2	9707	6
2	2	9708	0
2	2	9709	0
2	2	9710	0
2	2	9711	0
2	2	9712	3
2	2	9713	0
2	2	9714	0
2	2	9715	0
2	2	9716	1
2	2	9717	2
2	2	9718	11
2	2	9719	0
2	2	9720	0
2	2	9721	0
2	2	9722	5
2	2	9723	12
2	2	9724	1
2	2	9725	10
2	2	9726	2
2	2	9727	2
2	2	9728	0
2	2	9729	0
2	2	9730	0
2	2	9731	10
2	2	9732	13
2	2	9733	1
2	2	9734	3
2	2	9735	4
2	2	9736	0
2	2	9737	0
2	2	9738	0
2	2	9739	2
2	2	9740	4
2	2	9741	15
2	2	9742	0
2	2	9743	1
2	2	9744	0
2	2	9745	0
2	2	9746	0
2	2	9747	3
2	2	9748	4
2	2	9749	0
2	2	9750	2
2	2	9751	1
2	2	9752	0
2	2	9753	0
2	2	9754	0
2	2	9755	12
2	2	9756	0
2	2	9757	1
2	2	9758	0
2	2	9759	0
2	2	9760	15
2	2	9761	8
2	2	9762	0
2	2	9763	0
2	2	9764	4
2	2	9765	0
2	2	9766	0
2	2	9767	0
2	2	9768	0
2	2	9769	0
2	2	9770	0
2	2	9771	0
2	2	9772	4
2	2	9773	0
2	2	9774	0
2	2	9775	0
2	2	9776	8
2	2	9777	0
2	2	9778	3
2	2	9779	0
2	2	9780	0
2	2	9781	0
2	2	9782	0
2	2	9783	0
2	2	9784	0
2	2	9785	1
2	2	9786	0
2	2	9787	0
2	2	9788	0
2	2	9789	0
2	2	9790	0
2	2	9791	0
2	2	9792	0
2	2	9793	0
2	2	9794	0
2	2	9795	0
2	2	9796	0
2	2	9797	0
2	2	9798	0
2	2	9799	8
2	2	9800	5
2	2	9801	6
2	2	9802	0
2	2	9803	1
2	2	9804	0
2	2	9805	0
2	2	9806	0
2	2	9807	5
2	2	9808	0
2	2	9809	0
2	2	9810	0
2	2	9811	0
2	2	9812	0
2	2	9813	0
2	2	9814	7
2	2	9815	2
2	2	9816	0
2	2	9817	11
2	2	9818	14
2	2	9819	0
2	2	9820	12
2	2	9821	0
2	2	9822	0
2	2	9823	3
2	2	9824	1
2	2	9825	8
2	2	9826	0
2	2	9827	5
2	2	9828	0
2	2	9829	0
2	2	9830	0
2	2	9831	0
2	2	9832	0
2	2	9833	0
2	2	9834	0
2	2	9835	0
2	2	9836	7
2	2	9837	1
2	2	9838	4
2	2	9839	0
2	2	9840	0
2	2	9841	0
2	2	9842	0
2	2	9843	6
2	2	9844	0
2	2	9845	0
2	2	9846	0
2	2	9847	0
2	2	9848	2
2	2	9849	0
2	2	9850	0
2	2	9851	2
2	2	9852	0
2	2	9853	0
2	2	9854	8
2	2	9855	0
2	2	9856	0
2	2	9857	0
2	2	9858	1
2	2	9859	0
2	2	9860	0
2	2	9861	0
2	2	9862	6
2	2	9863	9
2	2	9864	0
2	2	9865	2
2	2	9866	0
2	2	9867	1
2	2	9868	1
2	2	9869	0
2	2	9870	0
2	2	9871	13
2	2	9872	0
2	2	9873	1
2	2	9874	0
2	2	9875	1
2	2	9876	24
2	2	9877	0
2	2	9878	6
2	2	9879	4
2	2	9880	0
2	2	9881	0
2	2	9882	2
2	2	9883	0
2	2	9884	1
2	2	9885	3
2	2	9886	0
2	2	9887	0
2	2	9888	0
2	2	9889	0
2	2	9890	0
2	2	9891	6
2	2	9892	0
2	2	9893	13
2	2	9894	0
2	2	9895	4
2	2	9896	0
2	2	9897	0
2	2	9898	0
2	2	9899	0
2	2	9900	0
2	2	9901	0
2	2	9902	0
2	2	9903	4
2	2	9904	0
2	2	9905	0
2	2	9906	0
2	2	9907	1
2	2	9908	0
2	2	9909	2
2	2	9910	0
2	2	9911	0
2	2	9912	0
2	2	9913	0
2	2	9914	0
2	2	9915	0
2	2	9916	0
2	2	9917	2
2	2	9918	35
2	2	9919	0
2	2	9920	0
2	2	9921	0
2	2	9922	0
2	2	9923	0
2	2	9924	0
2	2	9925	0
2	2	9926	3
2	2	9927	0
2	2	9928	0
2	2	9929	0
2	2	9930	7
2	2	9931	0
2	2	9932	0
2	2	9933	5
2	2	9934	0
2	2	9935	0
2	2	9936	1
2	2	9937	2
2	2	9938	1
2	2	9939	3
2	2	9940	0
2	2	9941	5
2	2	9942	0
2	2	9943	0
2	2	9944	0
2	2	9945	9
2	2	9946	0
2	2	9947	0
2	2	9948	0
2	2	9949	0
2	2	9950	7
2	2	9951	8
2	2	9952	0
2	2	9953	3
2	2	9954	0
2	2	9955	0
2	2	9956	0
2	2	9957	0
2	2	9958	3
2	2	9959	2
2	2	9960	0
2	2	9961	4
2	2	9962	1
2	2	9963	0
2	2	9964	7
2	2	9965	0
2	2	9966	0
2	2	9967	0
2	2	9968	0
2	2	9969	1
2	2	9970	0
2	2	9971	0
2	2	9972	0
2	2	9973	0
2	2	9974	5
2	2	9975	0
2	2	9976	6
2	2	9977	0
2	2	9978	4
2	2	9979	5
2	2	9980	1
2	2	9981	7
2	2	9982	5
2	2	9983	0
2	2	9984	5
2	2	9985	0
2	2	9986	7
2	2	9987	0
2	2	9988	3
2	2	9989	0
2	2	9990	9
2	2	9991	0
2	2	9992	0
2	2	9993	0
2	2	9994	0
2	2	9995	0
2	2	9996	0
2	2	9997	0
2	2	9998	0
2	2	9999	0
3	2	0	0
3	2	1	0
3	2	2	0
3	2	3	0
3	2	4	0
3	2	5	0
3	2	6	0
3	2	7	0
3	2	8	2
3	2	9	0
3	2	10	0
3	2	11	0
3	2	12	0
3	2	13	0
3	2	14	0
3	2	15	0
3	2	16	0
3	2	17	5
3	2	18	0
3	2	19	0
3	2	20	5
3	2	21	11
3	2	22	0
3	2	23	0
3	2	24	0
3	2	25	0
3	2	26	6
3	2	27	0
3	2	28	1
3	2	29	2
3	2	30	5
3	2	31	2
3	2	32	5
3	2	33	0
3	2	34	3
3	2	35	0
3	2	36	3
3	2	37	1
3	2	38	0
3	2	39	0
3	2	40	2
3	2	41	0
3	2	42	0
3	2	43	1
3	2	44	0
3	2	45	1
3	2	46	0
3	2	47	0
3	2	48	0
3	2	49	0
3	2	50	1
3	2	51	24
3	2	52	0
3	2	53	0
3	2	54	3
3	2	55	0
3	2	56	3
3	2	57	0
3	2	58	0
3	2	59	5
3	2	60	0
3	2	61	4
3	2	62	0
3	2	63	0
3	2	64	0
3	2	65	1
3	2	66	0
3	2	67	1
3	2	68	4
3	2	69	0
3	2	70	5
3	2	71	1
3	2	72	2
3	2	73	0
3	2	74	0
3	2	75	3
3	2	76	0
3	2	77	0
3	2	78	0
3	2	79	0
3	2	80	8
3	2	81	0
3	2	82	0
3	2	83	1
3	2	84	0
3	2	85	4
3	2	86	0
3	2	87	0
3	2	88	0
3	2	89	0
3	2	90	0
3	2	91	0
3	2	92	1
3	2	93	0
3	2	94	0
3	2	95	0
3	2	96	5
3	2	97	0
3	2	98	0
3	2	99	7
3	2	100	2
3	2	101	0
3	2	102	0
3	2	103	1
3	2	104	0
3	2	105	6
3	2	106	0
3	2	107	0
3	2	108	0
3	2	109	0
3	2	110	0
3	2	111	0
3	2	112	0
3	2	113	0
3	2	114	1
3	2	115	20
3	2	116	1
3	2	117	0
3	2	118	0
3	2	119	0
3	2	120	0
3	2	121	0
3	2	122	4
3	2	123	2
3	2	124	3
3	2	125	0
3	2	126	0
3	2	127	0
3	2	128	0
3	2	129	0
3	2	130	0
3	2	131	2
3	2	132	0
3	2	133	1
3	2	134	12
3	2	135	0
3	2	136	0
3	2	137	5
3	2	138	0
3	2	139	1
3	2	140	0
3	2	141	0
3	2	142	0
3	2	143	4
3	2	144	0
3	2	145	0
3	2	146	6
3	2	147	0
3	2	148	3
3	2	149	1
3	2	150	0
3	2	151	0
3	2	152	6
3	2	153	0
3	2	154	0
3	2	155	3
3	2	156	0
3	2	157	7
3	2	158	0
3	2	159	12
3	2	160	0
3	2	161	0
3	2	162	0
3	2	163	8
3	2	164	0
3	2	165	0
3	2	166	0
3	2	167	0
3	2	168	0
3	2	169	3
3	2	170	0
3	2	171	5
3	2	172	0
3	2	173	0
3	2	174	0
3	2	175	0
3	2	176	0
3	2	177	0
3	2	178	0
3	2	179	1
3	2	180	0
3	2	181	0
3	2	182	21
3	2	183	4
3	2	184	4
3	2	185	0
3	2	186	0
3	2	187	0
3	2	188	4
3	2	189	3
3	2	190	0
3	2	191	14
3	2	192	0
3	2	193	0
3	2	194	0
3	2	195	0
3	2	196	3
3	2	197	0
3	2	198	4
3	2	199	0
3	2	200	0
3	2	201	8
3	2	202	0
3	2	203	0
3	2	204	3
3	2	205	0
3	2	206	4
3	2	207	0
3	2	208	1
3	2	209	0
3	2	210	0
3	2	211	0
3	2	212	0
3	2	213	0
3	2	214	1
3	2	215	9
3	2	216	0
3	2	217	0
3	2	218	0
3	2	219	16
3	2	220	0
3	2	221	0
3	2	222	0
3	2	223	20
3	2	224	0
3	2	225	0
3	2	226	3
3	2	227	5
3	2	228	0
3	2	229	3
3	2	230	1
3	2	231	0
3	2	232	0
3	2	233	2
3	2	234	1
3	2	235	1
3	2	236	11
3	2	237	0
3	2	238	0
3	2	239	5
3	2	240	0
3	2	241	0
3	2	242	0
3	2	243	0
3	2	244	1
3	2	245	0
3	2	246	0
3	2	247	0
3	2	248	6
3	2	249	0
3	2	250	6
3	2	251	0
3	2	252	0
3	2	253	1
3	2	254	5
3	2	255	0
3	2	256	0
3	2	257	0
3	2	258	1
3	2	259	0
3	2	260	0
3	2	261	0
3	2	262	0
3	2	263	0
3	2	264	0
3	2	265	0
3	2	266	0
3	2	267	0
3	2	268	0
3	2	269	12
3	2	270	0
3	2	271	0
3	2	272	2
3	2	273	0
3	2	274	6
3	2	275	0
3	2	276	16
3	2	277	0
3	2	278	3
3	2	279	0
3	2	280	5
3	2	281	1
3	2	282	1
3	2	283	0
3	2	284	1
3	2	285	5
3	2	286	0
3	2	287	0
3	2	288	0
3	2	289	0
3	2	290	0
3	2	291	0
3	2	292	0
3	2	293	2
3	2	294	0
3	2	295	11
3	2	296	4
3	2	297	0
3	2	298	0
3	2	299	1
3	2	300	5
3	2	301	2
3	2	302	0
3	2	303	4
3	2	304	4
3	2	305	0
3	2	306	0
3	2	307	0
3	2	308	2
3	2	309	0
3	2	310	7
3	2	311	5
3	2	312	0
3	2	313	0
3	2	314	10
3	2	315	3
3	2	316	0
3	2	317	0
3	2	318	0
3	2	319	6
3	2	320	0
3	2	321	0
3	2	322	0
3	2	323	0
3	2	324	0
3	2	325	0
3	2	326	5
3	2	327	1
3	2	328	0
3	2	329	0
3	2	330	0
3	2	331	0
3	2	332	0
3	2	333	0
3	2	334	0
3	2	335	0
3	2	336	0
3	2	337	0
3	2	338	0
3	2	339	0
3	2	340	1
3	2	341	5
3	2	342	1
3	2	343	0
3	2	344	0
3	2	345	0
3	2	346	0
3	2	347	0
3	2	348	1
3	2	349	2
3	2	350	0
3	2	351	0
3	2	352	4
3	2	353	2
3	2	354	6
3	2	355	0
3	2	356	0
3	2	357	0
3	2	358	0
3	2	359	3
3	2	360	4
3	2	361	0
3	2	362	8
3	2	363	0
3	2	364	0
3	2	365	0
3	2	366	2
3	2	367	0
3	2	368	0
3	2	369	0
3	2	370	0
3	2	371	0
3	2	372	3
3	2	373	13
3	2	374	3
3	2	375	0
3	2	376	0
3	2	377	0
3	2	378	0
3	2	379	0
3	2	380	5
3	2	381	18
3	2	382	0
3	2	383	0
3	2	384	0
3	2	385	13
3	2	386	0
3	2	387	0
3	2	388	0
3	2	389	0
3	2	390	7
3	2	391	0
3	2	392	0
3	2	393	1
3	2	394	0
3	2	395	0
3	2	396	0
3	2	397	4
3	2	398	0
3	2	399	0
3	2	400	5
3	2	401	10
3	2	402	0
3	2	403	0
3	2	404	1
3	2	405	1
3	2	406	0
3	2	407	6
3	2	408	0
3	2	409	0
3	2	410	0
3	2	411	1
3	2	412	0
3	2	413	3
3	2	414	0
3	2	415	0
3	2	416	0
3	2	417	0
3	2	418	3
3	2	419	10
3	2	420	1
3	2	421	0
3	2	422	2
3	2	423	3
3	2	424	0
3	2	425	0
3	2	426	0
3	2	427	0
3	2	428	0
3	2	429	5
3	2	430	0
3	2	431	0
3	2	432	0
3	2	433	0
3	2	434	1
3	2	435	0
3	2	436	0
3	2	437	0
3	2	438	0
3	2	439	0
3	2	440	11
3	2	441	0
3	2	442	0
3	2	443	0
3	2	444	0
3	2	445	0
3	2	446	0
3	2	447	0
3	2	448	0
3	2	449	0
3	2	450	3
3	2	451	0
3	2	452	1
3	2	453	0
3	2	454	0
3	2	455	0
3	2	456	0
3	2	457	0
3	2	458	2
3	2	459	0
3	2	460	0
3	2	461	4
3	2	462	0
3	2	463	0
3	2	464	0
3	2	465	0
3	2	466	2
3	2	467	8
3	2	468	0
3	2	469	4
3	2	470	0
3	2	471	0
3	2	472	5
3	2	473	4
3	2	474	1
3	2	475	0
3	2	476	0
3	2	477	1
3	2	478	1
3	2	479	1
3	2	480	0
3	2	481	0
3	2	482	0
3	2	483	0
3	2	484	0
3	2	485	0
3	2	486	13
3	2	487	7
3	2	488	0
3	2	489	0
3	2	490	0
3	2	491	3
3	2	492	0
3	2	493	6
3	2	494	6
3	2	495	0
3	2	496	0
3	2	497	0
3	2	498	2
3	2	499	0
3	2	500	6
3	2	501	9
3	2	502	5
3	2	503	4
3	2	504	0
3	2	505	0
3	2	506	0
3	2	507	0
3	2	508	0
3	2	509	1
3	2	510	0
3	2	511	0
3	2	512	6
3	2	513	0
3	2	514	0
3	2	515	0
3	2	516	0
3	2	517	0
3	2	518	1
3	2	519	0
3	2	520	2
3	2	521	0
3	2	522	2
3	2	523	0
3	2	524	3
3	2	525	0
3	2	526	2
3	2	527	0
3	2	528	0
3	2	529	0
3	2	530	0
3	2	531	0
3	2	532	0
3	2	533	0
3	2	534	1
3	2	535	0
3	2	536	0
3	2	537	0
3	2	538	7
3	2	539	0
3	2	540	0
3	2	541	0
3	2	542	0
3	2	543	0
3	2	544	0
3	2	545	0
3	2	546	1
3	2	547	0
3	2	548	2
3	2	549	0
3	2	550	0
3	2	551	0
3	2	552	2
3	2	553	0
3	2	554	0
3	2	555	0
3	2	556	2
3	2	557	0
3	2	558	0
3	2	559	0
3	2	560	0
3	2	561	0
3	2	562	0
3	2	563	1
3	2	564	0
3	2	565	0
3	2	566	0
3	2	567	0
3	2	568	0
3	2	569	2
3	2	570	1
3	2	571	1
3	2	572	0
3	2	573	3
3	2	574	2
3	2	575	0
3	2	576	1
3	2	577	1
3	2	578	0
3	2	579	0
3	2	580	6
3	2	581	0
3	2	582	0
3	2	583	6
3	2	584	2
3	2	585	6
3	2	586	0
3	2	587	0
3	2	588	2
3	2	589	0
3	2	590	0
3	2	591	0
3	2	592	0
3	2	593	0
3	2	594	1
3	2	595	0
3	2	596	0
3	2	597	7
3	2	598	0
3	2	599	0
3	2	600	2
3	2	601	0
3	2	602	0
3	2	603	4
3	2	604	0
3	2	605	0
3	2	606	5
3	2	607	1
3	2	608	0
3	2	609	0
3	2	610	0
3	2	611	5
3	2	612	0
3	2	613	0
3	2	614	9
3	2	615	0
3	2	616	0
3	2	617	0
3	2	618	0
3	2	619	2
3	2	620	11
3	2	621	2
3	2	622	8
3	2	623	0
3	2	624	13
3	2	625	0
3	2	626	0
3	2	627	0
3	2	628	0
3	2	629	0
3	2	630	9
3	2	631	0
3	2	632	0
3	2	633	4
3	2	634	0
3	2	635	0
3	2	636	0
3	2	637	0
3	2	638	1
3	2	639	3
3	2	640	0
3	2	641	0
3	2	642	0
3	2	643	4
3	2	644	7
3	2	645	0
3	2	646	0
3	2	647	0
3	2	648	0
3	2	649	0
3	2	650	0
3	2	651	0
3	2	652	0
3	2	653	0
3	2	654	0
3	2	655	0
3	2	656	2
3	2	657	1
3	2	658	5
3	2	659	3
3	2	660	3
3	2	661	0
3	2	662	0
3	2	663	0
3	2	664	0
3	2	665	1
3	2	666	0
3	2	667	0
3	2	668	1
3	2	669	0
3	2	670	0
3	2	671	1
3	2	672	8
3	2	673	5
3	2	674	0
3	2	675	3
3	2	676	20
3	2	677	0
3	2	678	0
3	2	679	0
3	2	680	0
3	2	681	0
3	2	682	0
3	2	683	4
3	2	684	0
3	2	685	0
3	2	686	0
3	2	687	0
3	2	688	0
3	2	689	0
3	2	690	9
3	2	691	0
3	2	692	2
3	2	693	0
3	2	694	0
3	2	695	0
3	2	696	0
3	2	697	8
3	2	698	9
3	2	699	0
3	2	700	2
3	2	701	7
3	2	702	0
3	2	703	0
3	2	704	1
3	2	705	0
3	2	706	0
3	2	707	5
3	2	708	0
3	2	709	0
3	2	710	3
3	2	711	0
3	2	712	0
3	2	713	0
3	2	714	0
3	2	715	0
3	2	716	6
3	2	717	0
3	2	718	0
3	2	719	0
3	2	720	0
3	2	721	0
3	2	722	2
3	2	723	0
3	2	724	4
3	2	725	0
3	2	726	2
3	2	727	0
3	2	728	0
3	2	729	0
3	2	730	1
3	2	731	0
3	2	732	0
3	2	733	0
3	2	734	0
3	2	735	0
3	2	736	0
3	2	737	1
3	2	738	1
3	2	739	3
3	2	740	0
3	2	741	0
3	2	742	12
3	2	743	0
3	2	744	0
3	2	745	3
3	2	746	0
3	2	747	6
3	2	748	0
3	2	749	0
3	2	750	0
3	2	751	1
3	2	752	0
3	2	753	1
3	2	754	2
3	2	755	6
3	2	756	0
3	2	757	0
3	2	758	0
3	2	759	6
3	2	760	0
3	2	761	3
3	2	762	0
3	2	763	2
3	2	764	2
3	2	765	0
3	2	766	0
3	2	767	2
3	2	768	3
3	2	769	2
3	2	770	9
3	2	771	0
3	2	772	0
3	2	773	0
3	2	774	0
3	2	775	7
3	2	776	0
3	2	777	0
3	2	778	0
3	2	779	2
3	2	780	0
3	2	781	0
3	2	782	0
3	2	783	0
3	2	784	28
3	2	785	0
3	2	786	0
3	2	787	3
3	2	788	0
3	2	789	0
3	2	790	0
3	2	791	0
3	2	792	0
3	2	793	0
3	2	794	9
3	2	795	0
3	2	796	0
3	2	797	0
3	2	798	0
3	2	799	3
3	2	800	0
3	2	801	0
3	2	802	0
3	2	803	2
3	2	804	0
3	2	805	0
3	2	806	7
3	2	807	0
3	2	808	0
3	2	809	4
3	2	810	0
3	2	811	0
3	2	812	1
3	2	813	1
3	2	814	9
3	2	815	0
3	2	816	0
3	2	817	0
3	2	818	0
3	2	819	5
3	2	820	0
3	2	821	0
3	2	822	3
3	2	823	0
3	2	824	0
3	2	825	0
3	2	826	8
3	2	827	0
3	2	828	2
3	2	829	0
3	2	830	1
3	2	831	0
3	2	832	2
3	2	833	0
3	2	834	0
3	2	835	6
3	2	836	5
3	2	837	4
3	2	838	0
3	2	839	3
3	2	840	0
3	2	841	1
3	2	842	0
3	2	843	0
3	2	844	0
3	2	845	0
3	2	846	0
3	2	847	0
3	2	848	0
3	2	849	0
3	2	850	8
3	2	851	0
3	2	852	0
3	2	853	0
3	2	854	0
3	2	855	0
3	2	856	7
3	2	857	0
3	2	858	5
3	2	859	0
3	2	860	2
3	2	861	0
3	2	862	0
3	2	863	0
3	2	864	0
3	2	865	2
3	2	866	0
3	2	867	3
3	2	868	0
3	2	869	0
3	2	870	6
3	2	871	0
3	2	872	0
3	2	873	0
3	2	874	1
3	2	875	0
3	2	876	0
3	2	877	11
3	2	878	0
3	2	879	0
3	2	880	0
3	2	881	0
3	2	882	0
3	2	883	4
3	2	884	3
3	2	885	0
3	2	886	0
3	2	887	6
3	2	888	0
3	2	889	0
3	2	890	6
3	2	891	0
3	2	892	1
3	2	893	0
3	2	894	0
3	2	895	0
3	2	896	0
3	2	897	0
3	2	898	0
3	2	899	0
3	2	900	0
3	2	901	0
3	2	902	0
3	2	903	4
3	2	904	0
3	2	905	0
3	2	906	0
3	2	907	0
3	2	908	2
3	2	909	0
3	2	910	0
3	2	911	0
3	2	912	0
3	2	913	0
3	2	914	0
3	2	915	1
3	2	916	0
3	2	917	5
3	2	918	0
3	2	919	0
3	2	920	6
3	2	921	13
3	2	922	0
3	2	923	1
3	2	924	0
3	2	925	0
3	2	926	0
3	2	927	1
3	2	928	13
3	2	929	1
3	2	930	3
3	2	931	0
3	2	932	1
3	2	933	0
3	2	934	0
3	2	935	0
3	2	936	4
3	2	937	0
3	2	938	0
3	2	939	1
3	2	940	3
3	2	941	0
3	2	942	8
3	2	943	1
3	2	944	0
3	2	945	3
3	2	946	0
3	2	947	1
3	2	948	0
3	2	949	7
3	2	950	2
3	2	951	0
3	2	952	0
3	2	953	0
3	2	954	0
3	2	955	0
3	2	956	4
3	2	957	0
3	2	958	0
3	2	959	0
3	2	960	0
3	2	961	5
3	2	962	2
3	2	963	4
3	2	964	2
3	2	965	0
3	2	966	0
3	2	967	4
3	2	968	0
3	2	969	0
3	2	970	0
3	2	971	0
3	2	972	5
3	2	973	0
3	2	974	0
3	2	975	0
3	2	976	0
3	2	977	0
3	2	978	0
3	2	979	0
3	2	980	2
3	2	981	5
3	2	982	2
3	2	983	10
3	2	984	0
3	2	985	0
3	2	986	1
3	2	987	0
3	2	988	0
3	2	989	2
3	2	990	6
3	2	991	0
3	2	992	12
3	2	993	3
3	2	994	0
3	2	995	0
3	2	996	0
3	2	997	0
3	2	998	23
3	2	999	0
3	2	1000	0
3	2	1001	0
3	2	1002	4
3	2	1003	2
3	2	1004	0
3	2	1005	0
3	2	1006	4
3	2	1007	0
3	2	1008	0
3	2	1009	0
3	2	1010	7
3	2	1011	12
3	2	1012	0
3	2	1013	2
3	2	1014	2
3	2	1015	9
3	2	1016	0
3	2	1017	3
3	2	1018	0
3	2	1019	0
3	2	1020	1
3	2	1021	0
3	2	1022	0
3	2	1023	0
3	2	1024	13
3	2	1025	2
3	2	1026	5
3	2	1027	0
3	2	1028	0
3	2	1029	2
3	2	1030	0
3	2	1031	0
3	2	1032	0
3	2	1033	0
3	2	1034	0
3	2	1035	0
3	2	1036	0
3	2	1037	0
3	2	1038	0
3	2	1039	2
3	2	1040	27
3	2	1041	2
3	2	1042	2
3	2	1043	0
3	2	1044	0
3	2	1045	0
3	2	1046	3
3	2	1047	0
3	2	1048	0
3	2	1049	1
3	2	1050	0
3	2	1051	0
3	2	1052	0
3	2	1053	7
3	2	1054	0
3	2	1055	7
3	2	1056	0
3	2	1057	0
3	2	1058	0
3	2	1059	3
3	2	1060	0
3	2	1061	0
3	2	1062	0
3	2	1063	0
3	2	1064	0
3	2	1065	0
3	2	1066	4
3	2	1067	2
3	2	1068	0
3	2	1069	0
3	2	1070	0
3	2	1071	0
3	2	1072	4
3	2	1073	0
3	2	1074	0
3	2	1075	0
3	2	1076	0
3	2	1077	5
3	2	1078	0
3	2	1079	0
3	2	1080	0
3	2	1081	0
3	2	1082	0
3	2	1083	0
3	2	1084	1
3	2	1085	7
3	2	1086	5
3	2	1087	0
3	2	1088	0
3	2	1089	0
3	2	1090	16
3	2	1091	0
3	2	1092	0
3	2	1093	0
3	2	1094	0
3	2	1095	0
3	2	1096	0
3	2	1097	2
3	2	1098	3
3	2	1099	0
3	2	1100	0
3	2	1101	0
3	2	1102	1
3	2	1103	0
3	2	1104	0
3	2	1105	0
3	2	1106	0
3	2	1107	7
3	2	1108	0
3	2	1109	0
3	2	1110	5
3	2	1111	0
3	2	1112	0
3	2	1113	0
3	2	1114	0
3	2	1115	0
3	2	1116	0
3	2	1117	0
3	2	1118	0
3	2	1119	0
3	2	1120	0
3	2	1121	0
3	2	1122	0
3	2	1123	0
3	2	1124	0
3	2	1125	5
3	2	1126	0
3	2	1127	6
3	2	1128	3
3	2	1129	1
3	2	1130	5
3	2	1131	0
3	2	1132	0
3	2	1133	0
3	2	1134	0
3	2	1135	0
3	2	1136	3
3	2	1137	0
3	2	1138	0
3	2	1139	0
3	2	1140	0
3	2	1141	3
3	2	1142	6
3	2	1143	0
3	2	1144	0
3	2	1145	0
3	2	1146	0
3	2	1147	4
3	2	1148	0
3	2	1149	0
3	2	1150	0
3	2	1151	1
3	2	1152	0
3	2	1153	0
3	2	1154	0
3	2	1155	0
3	2	1156	0
3	2	1157	0
3	2	1158	0
3	2	1159	15
3	2	1160	0
3	2	1161	3
3	2	1162	10
3	2	1163	4
3	2	1164	3
3	2	1165	2
3	2	1166	0
3	2	1167	1
3	2	1168	4
3	2	1169	0
3	2	1170	0
3	2	1171	5
3	2	1172	0
3	2	1173	0
3	2	1174	0
3	2	1175	12
3	2	1176	1
3	2	1177	0
3	2	1178	0
3	2	1179	3
3	2	1180	0
3	2	1181	0
3	2	1182	6
3	2	1183	0
3	2	1184	4
3	2	1185	9
3	2	1186	0
3	2	1187	0
3	2	1188	0
3	2	1189	0
3	2	1190	8
3	2	1191	2
3	2	1192	0
3	2	1193	0
3	2	1194	0
3	2	1195	0
3	2	1196	0
3	2	1197	0
3	2	1198	0
3	2	1199	0
3	2	1200	0
3	2	1201	0
3	2	1202	7
3	2	1203	8
3	2	1204	0
3	2	1205	0
3	2	1206	0
3	2	1207	0
3	2	1208	0
3	2	1209	3
3	2	1210	0
3	2	1211	0
3	2	1212	0
3	2	1213	1
3	2	1214	0
3	2	1215	4
3	2	1216	0
3	2	1217	4
3	2	1218	1
3	2	1219	4
3	2	1220	0
3	2	1221	0
3	2	1222	1
3	2	1223	0
3	2	1224	13
3	2	1225	0
3	2	1226	0
3	2	1227	0
3	2	1228	2
3	2	1229	2
3	2	1230	0
3	2	1231	10
3	2	1232	0
3	2	1233	2
3	2	1234	0
3	2	1235	0
3	2	1236	0
3	2	1237	3
3	2	1238	3
3	2	1239	3
3	2	1240	5
3	2	1241	0
3	2	1242	3
3	2	1243	5
3	2	1244	0
3	2	1245	0
3	2	1246	0
3	2	1247	0
3	2	1248	0
3	2	1249	0
3	2	1250	0
3	2	1251	0
3	2	1252	0
3	2	1253	0
3	2	1254	0
3	2	1255	2
3	2	1256	12
3	2	1257	5
3	2	1258	0
3	2	1259	1
3	2	1260	0
3	2	1261	0
3	2	1262	0
3	2	1263	7
3	2	1264	8
3	2	1265	0
3	2	1266	11
3	2	1267	1
3	2	1268	0
3	2	1269	0
3	2	1270	0
3	2	1271	0
3	2	1272	4
3	2	1273	0
3	2	1274	0
3	2	1275	0
3	2	1276	0
3	2	1277	2
3	2	1278	0
3	2	1279	0
3	2	1280	5
3	2	1281	1
3	2	1282	1
3	2	1283	0
3	2	1284	0
3	2	1285	1
3	2	1286	0
3	2	1287	0
3	2	1288	3
3	2	1289	0
3	2	1290	0
3	2	1291	2
3	2	1292	10
3	2	1293	12
3	2	1294	10
3	2	1295	1
3	2	1296	0
3	2	1297	0
3	2	1298	0
3	2	1299	0
3	2	1300	1
3	2	1301	0
3	2	1302	0
3	2	1303	0
3	2	1304	0
3	2	1305	4
3	2	1306	0
3	2	1307	0
3	2	1308	0
3	2	1309	0
3	2	1310	0
3	2	1311	0
3	2	1312	0
3	2	1313	4
3	2	1314	0
3	2	1315	0
3	2	1316	0
3	2	1317	1
3	2	1318	6
3	2	1319	2
3	2	1320	8
3	2	1321	0
3	2	1322	0
3	2	1323	0
3	2	1324	0
3	2	1325	4
3	2	1326	0
3	2	1327	1
3	2	1328	0
3	2	1329	0
3	2	1330	0
3	2	1331	0
3	2	1332	0
3	2	1333	0
3	2	1334	0
3	2	1335	0
3	2	1336	0
3	2	1337	0
3	2	1338	0
3	2	1339	0
3	2	1340	0
3	2	1341	0
3	2	1342	4
3	2	1343	0
3	2	1344	0
3	2	1345	0
3	2	1346	0
3	2	1347	0
3	2	1348	5
3	2	1349	0
3	2	1350	0
3	2	1351	0
3	2	1352	0
3	2	1353	5
3	2	1354	0
3	2	1355	0
3	2	1356	0
3	2	1357	0
3	2	1358	0
3	2	1359	0
3	2	1360	7
3	2	1361	0
3	2	1362	4
3	2	1363	0
3	2	1364	0
3	2	1365	9
3	2	1366	0
3	2	1367	0
3	2	1368	0
3	2	1369	0
3	2	1370	0
3	2	1371	2
3	2	1372	0
3	2	1373	0
3	2	1374	0
3	2	1375	0
3	2	1376	3
3	2	1377	0
3	2	1378	1
3	2	1379	0
3	2	1380	3
3	2	1381	7
3	2	1382	0
3	2	1383	0
3	2	1384	0
3	2	1385	10
3	2	1386	0
3	2	1387	0
3	2	1388	0
3	2	1389	0
3	2	1390	9
3	2	1391	0
3	2	1392	0
3	2	1393	0
3	2	1394	0
3	2	1395	10
3	2	1396	0
3	2	1397	1
3	2	1398	0
3	2	1399	0
3	2	1400	0
3	2	1401	0
3	2	1402	0
3	2	1403	0
3	2	1404	4
3	2	1405	0
3	2	1406	0
3	2	1407	0
3	2	1408	3
3	2	1409	0
3	2	1410	0
3	2	1411	0
3	2	1412	0
3	2	1413	0
3	2	1414	1
3	2	1415	0
3	2	1416	0
3	2	1417	0
3	2	1418	4
3	2	1419	4
3	2	1420	0
3	2	1421	0
3	2	1422	0
3	2	1423	0
3	2	1424	0
3	2	1425	0
3	2	1426	0
3	2	1427	7
3	2	1428	0
3	2	1429	13
3	2	1430	0
3	2	1431	0
3	2	1432	0
3	2	1433	0
3	2	1434	1
3	2	1435	4
3	2	1436	2
3	2	1437	0
3	2	1438	10
3	2	1439	0
3	2	1440	0
3	2	1441	4
3	2	1442	0
3	2	1443	0
3	2	1444	0
3	2	1445	0
3	2	1446	4
3	2	1447	2
3	2	1448	0
3	2	1449	3
3	2	1450	3
3	2	1451	0
3	2	1452	0
3	2	1453	0
3	2	1454	0
3	2	1455	0
3	2	1456	0
3	2	1457	0
3	2	1458	0
3	2	1459	3
3	2	1460	0
3	2	1461	0
3	2	1462	17
3	2	1463	0
3	2	1464	0
3	2	1465	0
3	2	1466	0
3	2	1467	0
3	2	1468	0
3	2	1469	6
3	2	1470	0
3	2	1471	2
3	2	1472	1
3	2	1473	10
3	2	1474	0
3	2	1475	0
3	2	1476	0
3	2	1477	0
3	2	1478	0
3	2	1479	0
3	2	1480	0
3	2	1481	0
3	2	1482	0
3	2	1483	0
3	2	1484	0
3	2	1485	5
3	2	1486	1
3	2	1487	6
3	2	1488	0
3	2	1489	3
3	2	1490	0
3	2	1491	0
3	2	1492	8
3	2	1493	0
3	2	1494	2
3	2	1495	7
3	2	1496	0
3	2	1497	6
3	2	1498	0
3	2	1499	2
3	2	1500	0
3	2	1501	3
3	2	1502	0
3	2	1503	0
3	2	1504	0
3	2	1505	0
3	2	1506	0
3	2	1507	0
3	2	1508	3
3	2	1509	0
3	2	1510	0
3	2	1511	2
3	2	1512	0
3	2	1513	0
3	2	1514	0
3	2	1515	0
3	2	1516	0
3	2	1517	0
3	2	1518	0
3	2	1519	0
3	2	1520	0
3	2	1521	0
3	2	1522	0
3	2	1523	0
3	2	1524	7
3	2	1525	2
3	2	1526	1
3	2	1527	0
3	2	1528	0
3	2	1529	9
3	2	1530	0
3	2	1531	17
3	2	1532	3
3	2	1533	0
3	2	1534	0
3	2	1535	0
3	2	1536	0
3	2	1537	4
3	2	1538	2
3	2	1539	0
3	2	1540	0
3	2	1541	0
3	2	1542	0
3	2	1543	0
3	2	1544	0
3	2	1545	0
3	2	1546	0
3	2	1547	0
3	2	1548	0
3	2	1549	0
3	2	1550	0
3	2	1551	0
3	2	1552	0
3	2	1553	0
3	2	1554	0
3	2	1555	1
3	2	1556	0
3	2	1557	0
3	2	1558	0
3	2	1559	1
3	2	1560	0
3	2	1561	0
3	2	1562	0
3	2	1563	0
3	2	1564	0
3	2	1565	0
3	2	1566	0
3	2	1567	0
3	2	1568	2
3	2	1569	0
3	2	1570	1
3	2	1571	0
3	2	1572	5
3	2	1573	0
3	2	1574	0
3	2	1575	1
3	2	1576	0
3	2	1577	2
3	2	1578	24
3	2	1579	2
3	2	1580	2
3	2	1581	0
3	2	1582	0
3	2	1583	6
3	2	1584	0
3	2	1585	0
3	2	1586	0
3	2	1587	0
3	2	1588	8
3	2	1589	9
3	2	1590	0
3	2	1591	13
3	2	1592	0
3	2	1593	0
3	2	1594	5
3	2	1595	1
3	2	1596	0
3	2	1597	0
3	2	1598	2
3	2	1599	0
3	2	1600	3
3	2	1601	0
3	2	1602	0
3	2	1603	2
3	2	1604	2
3	2	1605	0
3	2	1606	0
3	2	1607	5
3	2	1608	4
3	2	1609	1
3	2	1610	0
3	2	1611	0
3	2	1612	0
3	2	1613	0
3	2	1614	0
3	2	1615	0
3	2	1616	0
3	2	1617	0
3	2	1618	8
3	2	1619	4
3	2	1620	0
3	2	1621	0
3	2	1622	0
3	2	1623	0
3	2	1624	1
3	2	1625	6
3	2	1626	0
3	2	1627	2
3	2	1628	0
3	2	1629	14
3	2	1630	0
3	2	1631	0
3	2	1632	4
3	2	1633	0
3	2	1634	0
3	2	1635	0
3	2	1636	0
3	2	1637	1
3	2	1638	0
3	2	1639	6
3	2	1640	0
3	2	1641	6
3	2	1642	5
3	2	1643	7
3	2	1644	5
3	2	1645	0
3	2	1646	4
3	2	1647	6
3	2	1648	0
3	2	1649	5
3	2	1650	0
3	2	1651	1
3	2	1652	0
3	2	1653	0
3	2	1654	0
3	2	1655	0
3	2	1656	0
3	2	1657	0
3	2	1658	1
3	2	1659	0
3	2	1660	0
3	2	1661	0
3	2	1662	0
3	2	1663	2
3	2	1664	0
3	2	1665	0
3	2	1666	0
3	2	1667	0
3	2	1668	7
3	2	1669	1
3	2	1670	3
3	2	1671	0
3	2	1672	0
3	2	1673	3
3	2	1674	0
3	2	1675	0
3	2	1676	0
3	2	1677	0
3	2	1678	0
3	2	1679	0
3	2	1680	0
3	2	1681	4
3	2	1682	0
3	2	1683	0
3	2	1684	0
3	2	1685	0
3	2	1686	0
3	2	1687	0
3	2	1688	0
3	2	1689	0
3	2	1690	0
3	2	1691	1
3	2	1692	0
3	2	1693	0
3	2	1694	0
3	2	1695	0
3	2	1696	0
3	2	1697	0
3	2	1698	0
3	2	1699	0
3	2	1700	0
3	2	1701	0
3	2	1702	7
3	2	1703	4
3	2	1704	1
3	2	1705	0
3	2	1706	6
3	2	1707	0
3	2	1708	0
3	2	1709	13
3	2	1710	8
3	2	1711	0
3	2	1712	1
3	2	1713	0
3	2	1714	0
3	2	1715	0
3	2	1716	0
3	2	1717	0
3	2	1718	4
3	2	1719	0
3	2	1720	4
3	2	1721	14
3	2	1722	0
3	2	1723	0
3	2	1724	9
3	2	1725	1
3	2	1726	3
3	2	1727	0
3	2	1728	4
3	2	1729	2
3	2	1730	0
3	2	1731	0
3	2	1732	2
3	2	1733	0
3	2	1734	0
3	2	1735	4
3	2	1736	0
3	2	1737	0
3	2	1738	0
3	2	1739	0
3	2	1740	0
3	2	1741	1
3	2	1742	3
3	2	1743	0
3	2	1744	0
3	2	1745	0
3	2	1746	3
3	2	1747	0
3	2	1748	1
3	2	1749	0
3	2	1750	0
3	2	1751	0
3	2	1752	0
3	2	1753	7
3	2	1754	0
3	2	1755	4
3	2	1756	1
3	2	1757	0
3	2	1758	0
3	2	1759	2
3	2	1760	0
3	2	1761	1
3	2	1762	2
3	2	1763	6
3	2	1764	0
3	2	1765	0
3	2	1766	0
3	2	1767	0
3	2	1768	0
3	2	1769	0
3	2	1770	0
3	2	1771	0
3	2	1772	0
3	2	1773	2
3	2	1774	3
3	2	1775	0
3	2	1776	0
3	2	1777	0
3	2	1778	4
3	2	1779	0
3	2	1780	0
3	2	1781	0
3	2	1782	3
3	2	1783	0
3	2	1784	0
3	2	1785	4
3	2	1786	4
3	2	1787	0
3	2	1788	0
3	2	1789	2
3	2	1790	1
3	2	1791	2
3	2	1792	2
3	2	1793	0
3	2	1794	0
3	2	1795	0
3	2	1796	0
3	2	1797	0
3	2	1798	0
3	2	1799	0
3	2	1800	0
3	2	1801	2
3	2	1802	0
3	2	1803	4
3	2	1804	0
3	2	1805	0
3	2	1806	10
3	2	1807	0
3	2	1808	0
3	2	1809	2
3	2	1810	6
3	2	1811	0
3	2	1812	0
3	2	1813	0
3	2	1814	0
3	2	1815	9
3	2	1816	2
3	2	1817	0
3	2	1818	0
3	2	1819	2
3	2	1820	0
3	2	1821	0
3	2	1822	0
3	2	1823	0
3	2	1824	0
3	2	1825	7
3	2	1826	1
3	2	1827	1
3	2	1828	0
3	2	1829	0
3	2	1830	0
3	2	1831	12
3	2	1832	0
3	2	1833	0
3	2	1834	0
3	2	1835	8
3	2	1836	3
3	2	1837	0
3	2	1838	0
3	2	1839	2
3	2	1840	14
3	2	1841	0
3	2	1842	0
3	2	1843	0
3	2	1844	4
3	2	1845	0
3	2	1846	1
3	2	1847	0
3	2	1848	0
3	2	1849	6
3	2	1850	1
3	2	1851	0
3	2	1852	0
3	2	1853	0
3	2	1854	0
3	2	1855	4
3	2	1856	1
3	2	1857	2
3	2	1858	0
3	2	1859	0
3	2	1860	0
3	2	1861	2
3	2	1862	0
3	2	1863	0
3	2	1864	0
3	2	1865	0
3	2	1866	6
3	2	1867	0
3	2	1868	0
3	2	1869	2
3	2	1870	0
3	2	1871	0
3	2	1872	1
3	2	1873	0
3	2	1874	7
3	2	1875	0
3	2	1876	2
3	2	1877	7
3	2	1878	0
3	2	1879	0
3	2	1880	7
3	2	1881	0
3	2	1882	0
3	2	1883	0
3	2	1884	0
3	2	1885	0
3	2	1886	2
3	2	1887	0
3	2	1888	10
3	2	1889	0
3	2	1890	3
3	2	1891	3
3	2	1892	0
3	2	1893	0
3	2	1894	1
3	2	1895	0
3	2	1896	3
3	2	1897	0
3	2	1898	1
3	2	1899	4
3	2	1900	9
3	2	1901	0
3	2	1902	0
3	2	1903	0
3	2	1904	0
3	2	1905	1
3	2	1906	0
3	2	1907	2
3	2	1908	0
3	2	1909	2
3	2	1910	2
3	2	1911	0
3	2	1912	0
3	2	1913	0
3	2	1914	0
3	2	1915	0
3	2	1916	0
3	2	1917	0
3	2	1918	3
3	2	1919	0
3	2	1920	0
3	2	1921	0
3	2	1922	0
3	2	1923	9
3	2	1924	0
3	2	1925	6
3	2	1926	0
3	2	1927	3
3	2	1928	3
3	2	1929	0
3	2	1930	0
3	2	1931	3
3	2	1932	0
3	2	1933	0
3	2	1934	4
3	2	1935	0
3	2	1936	0
3	2	1937	0
3	2	1938	16
3	2	1939	3
3	2	1940	1
3	2	1941	0
3	2	1942	0
3	2	1943	0
3	2	1944	2
3	2	1945	9
3	2	1946	0
3	2	1947	0
3	2	1948	0
3	2	1949	0
3	2	1950	0
3	2	1951	0
3	2	1952	0
3	2	1953	0
3	2	1954	2
3	2	1955	0
3	2	1956	0
3	2	1957	3
3	2	1958	0
3	2	1959	0
3	2	1960	0
3	2	1961	8
3	2	1962	0
3	2	1963	3
3	2	1964	0
3	2	1965	4
3	2	1966	4
3	2	1967	0
3	2	1968	0
3	2	1969	0
3	2	1970	0
3	2	1971	0
3	2	1972	0
3	2	1973	0
3	2	1974	0
3	2	1975	0
3	2	1976	8
3	2	1977	0
3	2	1978	0
3	2	1979	0
3	2	1980	0
3	2	1981	2
3	2	1982	0
3	2	1983	0
3	2	1984	2
3	2	1985	0
3	2	1986	7
3	2	1987	0
3	2	1988	13
3	2	1989	2
3	2	1990	0
3	2	1991	14
3	2	1992	0
3	2	1993	0
3	2	1994	8
3	2	1995	4
3	2	1996	6
3	2	1997	0
3	2	1998	0
3	2	1999	1
3	2	2000	0
3	2	2001	0
3	2	2002	12
3	2	2003	0
3	2	2004	0
3	2	2005	0
3	2	2006	0
3	2	2007	7
3	2	2008	7
3	2	2009	0
3	2	2010	0
3	2	2011	0
3	2	2012	0
3	2	2013	0
3	2	2014	3
3	2	2015	1
3	2	2016	0
3	2	2017	2
3	2	2018	0
3	2	2019	8
3	2	2020	0
3	2	2021	6
3	2	2022	0
3	2	2023	0
3	2	2024	0
3	2	2025	0
3	2	2026	0
3	2	2027	0
3	2	2028	0
3	2	2029	1
3	2	2030	0
3	2	2031	5
3	2	2032	5
3	2	2033	3
3	2	2034	3
3	2	2035	0
3	2	2036	8
3	2	2037	8
3	2	2038	3
3	2	2039	0
3	2	2040	2
3	2	2041	0
3	2	2042	0
3	2	2043	8
3	2	2044	2
3	2	2045	2
3	2	2046	4
3	2	2047	0
3	2	2048	12
3	2	2049	8
3	2	2050	0
3	2	2051	0
3	2	2052	0
3	2	2053	0
3	2	2054	0
3	2	2055	1
3	2	2056	0
3	2	2057	0
3	2	2058	4
3	2	2059	0
3	2	2060	2
3	2	2061	0
3	2	2062	0
3	2	2063	5
3	2	2064	0
3	2	2065	0
3	2	2066	8
3	2	2067	0
3	2	2068	2
3	2	2069	0
3	2	2070	2
3	2	2071	4
3	2	2072	0
3	2	2073	0
3	2	2074	2
3	2	2075	2
3	2	2076	0
3	2	2077	0
3	2	2078	4
3	2	2079	0
3	2	2080	0
3	2	2081	4
3	2	2082	2
3	2	2083	3
3	2	2084	0
3	2	2085	12
3	2	2086	3
3	2	2087	0
3	2	2088	0
3	2	2089	5
3	2	2090	0
3	2	2091	9
3	2	2092	9
3	2	2093	8
3	2	2094	3
3	2	2095	0
3	2	2096	0
3	2	2097	0
3	2	2098	9
3	2	2099	0
3	2	2100	0
3	2	2101	0
3	2	2102	0
3	2	2103	0
3	2	2104	0
3	2	2105	0
3	2	2106	5
3	2	2107	0
3	2	2108	20
3	2	2109	0
3	2	2110	1
3	2	2111	4
3	2	2112	0
3	2	2113	0
3	2	2114	13
3	2	2115	0
3	2	2116	0
3	2	2117	1
3	2	2118	0
3	2	2119	0
3	2	2120	0
3	2	2121	0
3	2	2122	3
3	2	2123	3
3	2	2124	0
3	2	2125	11
3	2	2126	1
3	2	2127	0
3	2	2128	0
3	2	2129	0
3	2	2130	0
3	2	2131	0
3	2	2132	0
3	2	2133	0
3	2	2134	0
3	2	2135	0
3	2	2136	0
3	2	2137	0
3	2	2138	0
3	2	2139	2
3	2	2140	0
3	2	2141	4
3	2	2142	0
3	2	2143	1
3	2	2144	0
3	2	2145	0
3	2	2146	4
3	2	2147	0
3	2	2148	0
3	2	2149	0
3	2	2150	0
3	2	2151	2
3	2	2152	0
3	2	2153	0
3	2	2154	0
3	2	2155	0
3	2	2156	0
3	2	2157	2
3	2	2158	0
3	2	2159	0
3	2	2160	0
3	2	2161	0
3	2	2162	0
3	2	2163	0
3	2	2164	0
3	2	2165	0
3	2	2166	0
3	2	2167	1
3	2	2168	0
3	2	2169	11
3	2	2170	2
3	2	2171	1
3	2	2172	1
3	2	2173	0
3	2	2174	0
3	2	2175	0
3	2	2176	0
3	2	2177	4
3	2	2178	0
3	2	2179	2
3	2	2180	3
3	2	2181	0
3	2	2182	0
3	2	2183	0
3	2	2184	0
3	2	2185	0
3	2	2186	1
3	2	2187	2
3	2	2188	1
3	2	2189	1
3	2	2190	8
3	2	2191	0
3	2	2192	3
3	2	2193	0
3	2	2194	1
3	2	2195	2
3	2	2196	0
3	2	2197	0
3	2	2198	0
3	2	2199	0
3	2	2200	0
3	2	2201	0
3	2	2202	0
3	2	2203	0
3	2	2204	0
3	2	2205	6
3	2	2206	0
3	2	2207	0
3	2	2208	4
3	2	2209	0
3	2	2210	2
3	2	2211	0
3	2	2212	0
3	2	2213	0
3	2	2214	0
3	2	2215	0
3	2	2216	0
3	2	2217	0
3	2	2218	0
3	2	2219	0
3	2	2220	0
3	2	2221	13
3	2	2222	0
3	2	2223	0
3	2	2224	0
3	2	2225	0
3	2	2226	0
3	2	2227	0
3	2	2228	0
3	2	2229	0
3	2	2230	0
3	2	2231	4
3	2	2232	0
3	2	2233	0
3	2	2234	0
3	2	2235	0
3	2	2236	0
3	2	2237	1
3	2	2238	0
3	2	2239	0
3	2	2240	1
3	2	2241	1
3	2	2242	9
3	2	2243	1
3	2	2244	0
3	2	2245	2
3	2	2246	0
3	2	2247	1
3	2	2248	1
3	2	2249	0
3	2	2250	0
3	2	2251	0
3	2	2252	0
3	2	2253	0
3	2	2254	7
3	2	2255	0
3	2	2256	0
3	2	2257	0
3	2	2258	3
3	2	2259	1
3	2	2260	0
3	2	2261	0
3	2	2262	10
3	2	2263	0
3	2	2264	0
3	2	2265	0
3	2	2266	0
3	2	2267	0
3	2	2268	0
3	2	2269	0
3	2	2270	0
3	2	2271	4
3	2	2272	0
3	2	2273	12
3	2	2274	0
3	2	2275	0
3	2	2276	0
3	2	2277	0
3	2	2278	0
3	2	2279	0
3	2	2280	3
3	2	2281	9
3	2	2282	0
3	2	2283	8
3	2	2284	0
3	2	2285	6
3	2	2286	0
3	2	2287	0
3	2	2288	1
3	2	2289	0
3	2	2290	0
3	2	2291	0
3	2	2292	0
3	2	2293	0
3	2	2294	0
3	2	2295	2
3	2	2296	0
3	2	2297	0
3	2	2298	0
3	2	2299	19
3	2	2300	0
3	2	2301	0
3	2	2302	0
3	2	2303	3
3	2	2304	4
3	2	2305	1
3	2	2306	0
3	2	2307	6
3	2	2308	0
3	2	2309	13
3	2	2310	2
3	2	2311	0
3	2	2312	0
3	2	2313	1
3	2	2314	0
3	2	2315	0
3	2	2316	0
3	2	2317	0
3	2	2318	0
3	2	2319	0
3	2	2320	0
3	2	2321	1
3	2	2322	0
3	2	2323	0
3	2	2324	11
3	2	2325	0
3	2	2326	0
3	2	2327	2
3	2	2328	6
3	2	2329	0
3	2	2330	0
3	2	2331	0
3	2	2332	0
3	2	2333	0
3	2	2334	3
3	2	2335	6
3	2	2336	10
3	2	2337	0
3	2	2338	4
3	2	2339	0
3	2	2340	0
3	2	2341	0
3	2	2342	1
3	2	2343	0
3	2	2344	0
3	2	2345	0
3	2	2346	5
3	2	2347	0
3	2	2348	4
3	2	2349	0
3	2	2350	4
3	2	2351	0
3	2	2352	0
3	2	2353	0
3	2	2354	0
3	2	2355	0
3	2	2356	0
3	2	2357	0
3	2	2358	0
3	2	2359	0
3	2	2360	1
3	2	2361	0
3	2	2362	0
3	2	2363	0
3	2	2364	0
3	2	2365	0
3	2	2366	0
3	2	2367	1
3	2	2368	0
3	2	2369	0
3	2	2370	0
3	2	2371	0
3	2	2372	8
3	2	2373	0
3	2	2374	5
3	2	2375	0
3	2	2376	0
3	2	2377	1
3	2	2378	0
3	2	2379	0
3	2	2380	0
3	2	2381	0
3	2	2382	6
3	2	2383	0
3	2	2384	0
3	2	2385	0
3	2	2386	1
3	2	2387	0
3	2	2388	0
3	2	2389	0
3	2	2390	0
3	2	2391	0
3	2	2392	0
3	2	2393	1
3	2	2394	0
3	2	2395	0
3	2	2396	0
3	2	2397	7
3	2	2398	0
3	2	2399	0
3	2	2400	0
3	2	2401	11
3	2	2402	0
3	2	2403	0
3	2	2404	0
3	2	2405	0
3	2	2406	0
3	2	2407	0
3	2	2408	0
3	2	2409	0
3	2	2410	0
3	2	2411	0
3	2	2412	0
3	2	2413	0
3	2	2414	0
3	2	2415	0
3	2	2416	7
3	2	2417	0
3	2	2418	0
3	2	2419	0
3	2	2420	0
3	2	2421	5
3	2	2422	1
3	2	2423	5
3	2	2424	0
3	2	2425	8
3	2	2426	2
3	2	2427	0
3	2	2428	0
3	2	2429	0
3	2	2430	6
3	2	2431	8
3	2	2432	2
3	2	2433	1
3	2	2434	0
3	2	2435	0
3	2	2436	0
3	2	2437	3
3	2	2438	3
3	2	2439	0
3	2	2440	1
3	2	2441	0
3	2	2442	0
3	2	2443	0
3	2	2444	0
3	2	2445	0
3	2	2446	0
3	2	2447	3
3	2	2448	0
3	2	2449	0
3	2	2450	4
3	2	2451	0
3	2	2452	0
3	2	2453	5
3	2	2454	2
3	2	2455	0
3	2	2456	0
3	2	2457	2
3	2	2458	1
3	2	2459	0
3	2	2460	0
3	2	2461	0
3	2	2462	0
3	2	2463	0
3	2	2464	0
3	2	2465	8
3	2	2466	0
3	2	2467	0
3	2	2468	4
3	2	2469	9
3	2	2470	0
3	2	2471	4
3	2	2472	0
3	2	2473	0
3	2	2474	0
3	2	2475	0
3	2	2476	0
3	2	2477	0
3	2	2478	0
3	2	2479	0
3	2	2480	0
3	2	2481	2
3	2	2482	20
3	2	2483	0
3	2	2484	1
3	2	2485	0
3	2	2486	0
3	2	2487	0
3	2	2488	12
3	2	2489	2
3	2	2490	3
3	2	2491	0
3	2	2492	0
3	2	2493	6
3	2	2494	0
3	2	2495	0
3	2	2496	0
3	2	2497	5
3	2	2498	4
3	2	2499	0
3	2	2500	0
3	2	2501	4
3	2	2502	1
3	2	2503	10
3	2	2504	0
3	2	2505	0
3	2	2506	0
3	2	2507	0
3	2	2508	0
3	2	2509	0
3	2	2510	8
3	2	2511	0
3	2	2512	0
3	2	2513	9
3	2	2514	0
3	2	2515	10
3	2	2516	10
3	2	2517	14
3	2	2518	2
3	2	2519	0
3	2	2520	0
3	2	2521	0
3	2	2522	7
3	2	2523	0
3	2	2524	12
3	2	2525	0
3	2	2526	0
3	2	2527	0
3	2	2528	0
3	2	2529	0
3	2	2530	0
3	2	2531	0
3	2	2532	0
3	2	2533	0
3	2	2534	9
3	2	2535	0
3	2	2536	1
3	2	2537	7
3	2	2538	0
3	2	2539	0
3	2	2540	2
3	2	2541	0
3	2	2542	0
3	2	2543	0
3	2	2544	0
3	2	2545	0
3	2	2546	7
3	2	2547	0
3	2	2548	0
3	2	2549	0
3	2	2550	3
3	2	2551	0
3	2	2552	0
3	2	2553	2
3	2	2554	0
3	2	2555	0
3	2	2556	8
3	2	2557	0
3	2	2558	0
3	2	2559	5
3	2	2560	3
3	2	2561	2
3	2	2562	0
3	2	2563	1
3	2	2564	0
3	2	2565	0
3	2	2566	0
3	2	2567	0
3	2	2568	1
3	2	2569	0
3	2	2570	12
3	2	2571	0
3	2	2572	0
3	2	2573	0
3	2	2574	3
3	2	2575	0
3	2	2576	12
3	2	2577	0
3	2	2578	1
3	2	2579	3
3	2	2580	7
3	2	2581	0
3	2	2582	1
3	2	2583	6
3	2	2584	0
3	2	2585	13
3	2	2586	0
3	2	2587	0
3	2	2588	0
3	2	2589	0
3	2	2590	0
3	2	2591	0
3	2	2592	0
3	2	2593	0
3	2	2594	3
3	2	2595	4
3	2	2596	0
3	2	2597	0
3	2	2598	5
3	2	2599	4
3	2	2600	8
3	2	2601	2
3	2	2602	5
3	2	2603	0
3	2	2604	4
3	2	2605	12
3	2	2606	0
3	2	2607	0
3	2	2608	0
3	2	2609	0
3	2	2610	4
3	2	2611	0
3	2	2612	8
3	2	2613	0
3	2	2614	8
3	2	2615	1
3	2	2616	0
3	2	2617	0
3	2	2618	3
3	2	2619	0
3	2	2620	0
3	2	2621	0
3	2	2622	0
3	2	2623	4
3	2	2624	0
3	2	2625	0
3	2	2626	3
3	2	2627	0
3	2	2628	0
3	2	2629	0
3	2	2630	3
3	2	2631	0
3	2	2632	0
3	2	2633	3
3	2	2634	0
3	2	2635	2
3	2	2636	21
3	2	2637	0
3	2	2638	0
3	2	2639	6
3	2	2640	0
3	2	2641	0
3	2	2642	4
3	2	2643	0
3	2	2644	1
3	2	2645	0
3	2	2646	0
3	2	2647	4
3	2	2648	0
3	2	2649	0
3	2	2650	0
3	2	2651	2
3	2	2652	0
3	2	2653	0
3	2	2654	0
3	2	2655	0
3	2	2656	1
3	2	2657	0
3	2	2658	3
3	2	2659	0
3	2	2660	11
3	2	2661	0
3	2	2662	4
3	2	2663	2
3	2	2664	0
3	2	2665	8
3	2	2666	0
3	2	2667	0
3	2	2668	0
3	2	2669	0
3	2	2670	0
3	2	2671	0
3	2	2672	0
3	2	2673	0
3	2	2674	0
3	2	2675	0
3	2	2676	0
3	2	2677	0
3	2	2678	3
3	2	2679	0
3	2	2680	0
3	2	2681	0
3	2	2682	2
3	2	2683	0
3	2	2684	7
3	2	2685	2
3	2	2686	11
3	2	2687	0
3	2	2688	0
3	2	2689	3
3	2	2690	0
3	2	2691	19
3	2	2692	0
3	2	2693	0
3	2	2694	0
3	2	2695	2
3	2	2696	2
3	2	2697	0
3	2	2698	0
3	2	2699	1
3	2	2700	0
3	2	2701	0
3	2	2702	0
3	2	2703	0
3	2	2704	0
3	2	2705	0
3	2	2706	0
3	2	2707	0
3	2	2708	0
3	2	2709	0
3	2	2710	0
3	2	2711	6
3	2	2712	0
3	2	2713	0
3	2	2714	0
3	2	2715	5
3	2	2716	0
3	2	2717	0
3	2	2718	0
3	2	2719	5
3	2	2720	3
3	2	2721	0
3	2	2722	2
3	2	2723	0
3	2	2724	2
3	2	2725	0
3	2	2726	0
3	2	2727	0
3	2	2728	0
3	2	2729	3
3	2	2730	0
3	2	2731	22
3	2	2732	0
3	2	2733	0
3	2	2734	0
3	2	2735	0
3	2	2736	0
3	2	2737	1
3	2	2738	12
3	2	2739	0
3	2	2740	1
3	2	2741	6
3	2	2742	0
3	2	2743	6
3	2	2744	2
3	2	2745	6
3	2	2746	4
3	2	2747	0
3	2	2748	0
3	2	2749	0
3	2	2750	0
3	2	2751	0
3	2	2752	0
3	2	2753	0
3	2	2754	0
3	2	2755	0
3	2	2756	0
3	2	2757	2
3	2	2758	0
3	2	2759	0
3	2	2760	0
3	2	2761	2
3	2	2762	3
3	2	2763	19
3	2	2764	0
3	2	2765	1
3	2	2766	0
3	2	2767	0
3	2	2768	0
3	2	2769	0
3	2	2770	0
3	2	2771	0
3	2	2772	0
3	2	2773	0
3	2	2774	1
3	2	2775	0
3	2	2776	8
3	2	2777	9
3	2	2778	0
3	2	2779	10
3	2	2780	3
3	2	2781	0
3	2	2782	0
3	2	2783	0
3	2	2784	0
3	2	2785	0
3	2	2786	3
3	2	2787	14
3	2	2788	0
3	2	2789	0
3	2	2790	0
3	2	2791	0
3	2	2792	0
3	2	2793	2
3	2	2794	0
3	2	2795	0
3	2	2796	2
3	2	2797	7
3	2	2798	0
3	2	2799	0
3	2	2800	0
3	2	2801	16
3	2	2802	3
3	2	2803	5
3	2	2804	0
3	2	2805	0
3	2	2806	1
3	2	2807	0
3	2	2808	6
3	2	2809	0
3	2	2810	0
3	2	2811	4
3	2	2812	0
3	2	2813	10
3	2	2814	6
3	2	2815	0
3	2	2816	0
3	2	2817	0
3	2	2818	14
3	2	2819	0
3	2	2820	2
3	2	2821	0
3	2	2822	0
3	2	2823	0
3	2	2824	0
3	2	2825	0
3	2	2826	1
3	2	2827	0
3	2	2828	0
3	2	2829	0
3	2	2830	1
3	2	2831	0
3	2	2832	1
3	2	2833	0
3	2	2834	0
3	2	2835	0
3	2	2836	0
3	2	2837	0
3	2	2838	0
3	2	2839	0
3	2	2840	0
3	2	2841	4
3	2	2842	0
3	2	2843	0
3	2	2844	0
3	2	2845	0
3	2	2846	0
3	2	2847	0
3	2	2848	7
3	2	2849	1
3	2	2850	0
3	2	2851	4
3	2	2852	5
3	2	2853	5
3	2	2854	0
3	2	2855	0
3	2	2856	0
3	2	2857	0
3	2	2858	0
3	2	2859	0
3	2	2860	0
3	2	2861	0
3	2	2862	0
3	2	2863	9
3	2	2864	0
3	2	2865	0
3	2	2866	4
3	2	2867	1
3	2	2868	3
3	2	2869	0
3	2	2870	0
3	2	2871	0
3	2	2872	1
3	2	2873	0
3	2	2874	0
3	2	2875	1
3	2	2876	0
3	2	2877	0
3	2	2878	0
3	2	2879	0
3	2	2880	0
3	2	2881	13
3	2	2882	0
3	2	2883	0
3	2	2884	0
3	2	2885	0
3	2	2886	0
3	2	2887	0
3	2	2888	3
3	2	2889	0
3	2	2890	0
3	2	2891	2
3	2	2892	8
3	2	2893	3
3	2	2894	0
3	2	2895	0
3	2	2896	0
3	2	2897	0
3	2	2898	1
3	2	2899	1
3	2	2900	2
3	2	2901	8
3	2	2902	7
3	2	2903	0
3	2	2904	0
3	2	2905	0
3	2	2906	2
3	2	2907	0
3	2	2908	5
3	2	2909	0
3	2	2910	0
3	2	2911	0
3	2	2912	4
3	2	2913	0
3	2	2914	0
3	2	2915	1
3	2	2916	0
3	2	2917	0
3	2	2918	0
3	2	2919	3
3	2	2920	0
3	2	2921	2
3	2	2922	0
3	2	2923	0
3	2	2924	0
3	2	2925	0
3	2	2926	2
3	2	2927	0
3	2	2928	2
3	2	2929	0
3	2	2930	0
3	2	2931	3
3	2	2932	2
3	2	2933	0
3	2	2934	5
3	2	2935	1
3	2	2936	0
3	2	2937	0
3	2	2938	13
3	2	2939	0
3	2	2940	0
3	2	2941	0
3	2	2942	0
3	2	2943	0
3	2	2944	0
3	2	2945	0
3	2	2946	0
3	2	2947	0
3	2	2948	3
3	2	2949	0
3	2	2950	0
3	2	2951	6
3	2	2952	2
3	2	2953	0
3	2	2954	5
3	2	2955	13
3	2	2956	3
3	2	2957	6
3	2	2958	0
3	2	2959	0
3	2	2960	0
3	2	2961	0
3	2	2962	1
3	2	2963	4
3	2	2964	2
3	2	2965	0
3	2	2966	0
3	2	2967	21
3	2	2968	0
3	2	2969	0
3	2	2970	0
3	2	2971	0
3	2	2972	2
3	2	2973	2
3	2	2974	0
3	2	2975	0
3	2	2976	3
3	2	2977	2
3	2	2978	12
3	2	2979	0
3	2	2980	0
3	2	2981	0
3	2	2982	0
3	2	2983	0
3	2	2984	2
3	2	2985	0
3	2	2986	0
3	2	2987	4
3	2	2988	2
3	2	2989	0
3	2	2990	9
3	2	2991	1
3	2	2992	4
3	2	2993	0
3	2	2994	0
3	2	2995	0
3	2	2996	0
3	2	2997	0
3	2	2998	0
3	2	2999	2
3	2	3000	0
3	2	3001	0
3	2	3002	0
3	2	3003	0
3	2	3004	0
3	2	3005	0
3	2	3006	2
3	2	3007	7
3	2	3008	2
3	2	3009	4
3	2	3010	1
3	2	3011	0
3	2	3012	1
3	2	3013	0
3	2	3014	0
3	2	3015	11
3	2	3016	4
3	2	3017	0
3	2	3018	0
3	2	3019	0
3	2	3020	0
3	2	3021	0
3	2	3022	0
3	2	3023	7
3	2	3024	0
3	2	3025	8
3	2	3026	0
3	2	3027	0
3	2	3028	0
3	2	3029	0
3	2	3030	0
3	2	3031	0
3	2	3032	4
3	2	3033	2
3	2	3034	0
3	2	3035	0
3	2	3036	0
3	2	3037	3
3	2	3038	0
3	2	3039	0
3	2	3040	0
3	2	3041	1
3	2	3042	0
3	2	3043	0
3	2	3044	0
3	2	3045	0
3	2	3046	0
3	2	3047	0
3	2	3048	0
3	2	3049	0
3	2	3050	0
3	2	3051	2
3	2	3052	1
3	2	3053	0
3	2	3054	0
3	2	3055	0
3	2	3056	0
3	2	3057	4
3	2	3058	0
3	2	3059	0
3	2	3060	0
3	2	3061	0
3	2	3062	0
3	2	3063	0
3	2	3064	0
3	2	3065	0
3	2	3066	0
3	2	3067	0
3	2	3068	9
3	2	3069	0
3	2	3070	1
3	2	3071	0
3	2	3072	0
3	2	3073	0
3	2	3074	3
3	2	3075	1
3	2	3076	0
3	2	3077	0
3	2	3078	0
3	2	3079	3
3	2	3080	0
3	2	3081	3
3	2	3082	0
3	2	3083	0
3	2	3084	0
3	2	3085	0
3	2	3086	0
3	2	3087	4
3	2	3088	3
3	2	3089	3
3	2	3090	3
3	2	3091	3
3	2	3092	2
3	2	3093	0
3	2	3094	8
3	2	3095	0
3	2	3096	1
3	2	3097	0
3	2	3098	0
3	2	3099	0
3	2	3100	0
3	2	3101	0
3	2	3102	1
3	2	3103	0
3	2	3104	0
3	2	3105	0
3	2	3106	0
3	2	3107	0
3	2	3108	0
3	2	3109	0
3	2	3110	0
3	2	3111	7
3	2	3112	0
3	2	3113	0
3	2	3114	1
3	2	3115	3
3	2	3116	0
3	2	3117	9
3	2	3118	0
3	2	3119	0
3	2	3120	2
3	2	3121	0
3	2	3122	0
3	2	3123	0
3	2	3124	4
3	2	3125	0
3	2	3126	0
3	2	3127	3
3	2	3128	0
3	2	3129	0
3	2	3130	1
3	2	3131	4
3	2	3132	0
3	2	3133	0
3	2	3134	0
3	2	3135	0
3	2	3136	0
3	2	3137	0
3	2	3138	3
3	2	3139	0
3	2	3140	0
3	2	3141	0
3	2	3142	0
3	2	3143	6
3	2	3144	0
3	2	3145	0
3	2	3146	0
3	2	3147	0
3	2	3148	5
3	2	3149	0
3	2	3150	0
3	2	3151	0
3	2	3152	0
3	2	3153	0
3	2	3154	0
3	2	3155	0
3	2	3156	1
3	2	3157	0
3	2	3158	0
3	2	3159	0
3	2	3160	0
3	2	3161	0
3	2	3162	0
3	2	3163	0
3	2	3164	1
3	2	3165	0
3	2	3166	0
3	2	3167	1
3	2	3168	0
3	2	3169	0
3	2	3170	0
3	2	3171	2
3	2	3172	0
3	2	3173	17
3	2	3174	0
3	2	3175	7
3	2	3176	0
3	2	3177	0
3	2	3178	0
3	2	3179	0
3	2	3180	0
3	2	3181	0
3	2	3182	13
3	2	3183	0
3	2	3184	0
3	2	3185	0
3	2	3186	0
3	2	3187	13
3	2	3188	10
3	2	3189	3
3	2	3190	0
3	2	3191	0
3	2	3192	1
3	2	3193	0
3	2	3194	0
3	2	3195	2
3	2	3196	0
3	2	3197	4
3	2	3198	0
3	2	3199	1
3	2	3200	4
3	2	3201	0
3	2	3202	1
3	2	3203	15
3	2	3204	0
3	2	3205	0
3	2	3206	0
3	2	3207	6
3	2	3208	0
3	2	3209	2
3	2	3210	0
3	2	3211	3
3	2	3212	0
3	2	3213	3
3	2	3214	0
3	2	3215	0
3	2	3216	0
3	2	3217	0
3	2	3218	0
3	2	3219	5
3	2	3220	1
3	2	3221	6
3	2	3222	0
3	2	3223	0
3	2	3224	1
3	2	3225	3
3	2	3226	9
3	2	3227	0
3	2	3228	4
3	2	3229	0
3	2	3230	0
3	2	3231	0
3	2	3232	0
3	2	3233	2
3	2	3234	0
3	2	3235	0
3	2	3236	5
3	2	3237	0
3	2	3238	0
3	2	3239	0
3	2	3240	1
3	2	3241	0
3	2	3242	0
3	2	3243	0
3	2	3244	1
3	2	3245	0
3	2	3246	3
3	2	3247	0
3	2	3248	0
3	2	3249	0
3	2	3250	0
3	2	3251	0
3	2	3252	11
3	2	3253	0
3	2	3254	0
3	2	3255	0
3	2	3256	0
3	2	3257	0
3	2	3258	3
3	2	3259	0
3	2	3260	0
3	2	3261	0
3	2	3262	0
3	2	3263	0
3	2	3264	5
3	2	3265	0
3	2	3266	0
3	2	3267	0
3	2	3268	0
3	2	3269	0
3	2	3270	0
3	2	3271	0
3	2	3272	0
3	2	3273	0
3	2	3274	4
3	2	3275	0
3	2	3276	4
3	2	3277	3
3	2	3278	0
3	2	3279	0
3	2	3280	0
3	2	3281	0
3	2	3282	0
3	2	3283	0
3	2	3284	0
3	2	3285	9
3	2	3286	0
3	2	3287	0
3	2	3288	0
3	2	3289	0
3	2	3290	0
3	2	3291	3
3	2	3292	0
3	2	3293	4
3	2	3294	0
3	2	3295	0
3	2	3296	0
3	2	3297	1
3	2	3298	0
3	2	3299	5
3	2	3300	0
3	2	3301	0
3	2	3302	7
3	2	3303	6
3	2	3304	0
3	2	3305	0
3	2	3306	0
3	2	3307	0
3	2	3308	0
3	2	3309	8
3	2	3310	9
3	2	3311	0
3	2	3312	0
3	2	3313	0
3	2	3314	0
3	2	3315	0
3	2	3316	2
3	2	3317	0
3	2	3318	1
3	2	3319	0
3	2	3320	0
3	2	3321	0
3	2	3322	1
3	2	3323	0
3	2	3324	0
3	2	3325	4
3	2	3326	0
3	2	3327	0
3	2	3328	0
3	2	3329	1
3	2	3330	0
3	2	3331	3
3	2	3332	0
3	2	3333	9
3	2	3334	0
3	2	3335	0
3	2	3336	0
3	2	3337	3
3	2	3338	0
3	2	3339	1
3	2	3340	0
3	2	3341	0
3	2	3342	0
3	2	3343	0
3	2	3344	4
3	2	3345	2
3	2	3346	0
3	2	3347	0
3	2	3348	5
3	2	3349	0
3	2	3350	1
3	2	3351	0
3	2	3352	8
3	2	3353	0
3	2	3354	0
3	2	3355	4
3	2	3356	0
3	2	3357	0
3	2	3358	0
3	2	3359	0
3	2	3360	0
3	2	3361	3
3	2	3362	0
3	2	3363	2
3	2	3364	1
3	2	3365	0
3	2	3366	0
3	2	3367	0
3	2	3368	9
3	2	3369	0
3	2	3370	15
3	2	3371	0
3	2	3372	2
3	2	3373	0
3	2	3374	0
3	2	3375	1
3	2	3376	0
3	2	3377	0
3	2	3378	1
3	2	3379	0
3	2	3380	6
3	2	3381	0
3	2	3382	0
3	2	3383	1
3	2	3384	0
3	2	3385	0
3	2	3386	6
3	2	3387	0
3	2	3388	0
3	2	3389	0
3	2	3390	0
3	2	3391	1
3	2	3392	0
3	2	3393	1
3	2	3394	0
3	2	3395	0
3	2	3396	0
3	2	3397	0
3	2	3398	7
3	2	3399	0
3	2	3400	0
3	2	3401	0
3	2	3402	1
3	2	3403	5
3	2	3404	0
3	2	3405	0
3	2	3406	0
3	2	3407	0
3	2	3408	0
3	2	3409	10
3	2	3410	0
3	2	3411	0
3	2	3412	0
3	2	3413	0
3	2	3414	1
3	2	3415	2
3	2	3416	0
3	2	3417	4
3	2	3418	0
3	2	3419	3
3	2	3420	0
3	2	3421	0
3	2	3422	27
3	2	3423	6
3	2	3424	0
3	2	3425	0
3	2	3426	0
3	2	3427	3
3	2	3428	0
3	2	3429	1
3	2	3430	0
3	2	3431	5
3	2	3432	0
3	2	3433	0
3	2	3434	7
3	2	3435	1
3	2	3436	2
3	2	3437	0
3	2	3438	2
3	2	3439	0
3	2	3440	0
3	2	3441	0
3	2	3442	3
3	2	3443	0
3	2	3444	0
3	2	3445	0
3	2	3446	0
3	2	3447	0
3	2	3448	0
3	2	3449	0
3	2	3450	0
3	2	3451	0
3	2	3452	0
3	2	3453	0
3	2	3454	7
3	2	3455	1
3	2	3456	0
3	2	3457	0
3	2	3458	1
3	2	3459	1
3	2	3460	5
3	2	3461	5
3	2	3462	4
3	2	3463	0
3	2	3464	4
3	2	3465	0
3	2	3466	0
3	2	3467	0
3	2	3468	3
3	2	3469	0
3	2	3470	1
3	2	3471	0
3	2	3472	0
3	2	3473	0
3	2	3474	0
3	2	3475	0
3	2	3476	1
3	2	3477	0
3	2	3478	1
3	2	3479	0
3	2	3480	0
3	2	3481	0
3	2	3482	0
3	2	3483	0
3	2	3484	0
3	2	3485	0
3	2	3486	0
3	2	3487	14
3	2	3488	12
3	2	3489	0
3	2	3490	0
3	2	3491	7
3	2	3492	0
3	2	3493	0
3	2	3494	0
3	2	3495	0
3	2	3496	0
3	2	3497	7
3	2	3498	0
3	2	3499	0
3	2	3500	0
3	2	3501	0
3	2	3502	0
3	2	3503	8
3	2	3504	0
3	2	3505	0
3	2	3506	0
3	2	3507	0
3	2	3508	2
3	2	3509	8
3	2	3510	0
3	2	3511	0
3	2	3512	0
3	2	3513	0
3	2	3514	0
3	2	3515	0
3	2	3516	6
3	2	3517	0
3	2	3518	0
3	2	3519	0
3	2	3520	0
3	2	3521	1
3	2	3522	0
3	2	3523	0
3	2	3524	0
3	2	3525	2
3	2	3526	1
3	2	3527	0
3	2	3528	1
3	2	3529	0
3	2	3530	12
3	2	3531	0
3	2	3532	4
3	2	3533	0
3	2	3534	0
3	2	3535	0
3	2	3536	5
3	2	3537	0
3	2	3538	1
3	2	3539	7
3	2	3540	0
3	2	3541	0
3	2	3542	14
3	2	3543	0
3	2	3544	0
3	2	3545	0
3	2	3546	0
3	2	3547	3
3	2	3548	0
3	2	3549	0
3	2	3550	1
3	2	3551	0
3	2	3552	0
3	2	3553	0
3	2	3554	4
3	2	3555	6
3	2	3556	7
3	2	3557	0
3	2	3558	0
3	2	3559	0
3	2	3560	9
3	2	3561	0
3	2	3562	1
3	2	3563	0
3	2	3564	4
3	2	3565	8
3	2	3566	0
3	2	3567	0
3	2	3568	6
3	2	3569	0
3	2	3570	0
3	2	3571	1
3	2	3572	7
3	2	3573	3
3	2	3574	0
3	2	3575	16
3	2	3576	0
3	2	3577	1
3	2	3578	2
3	2	3579	0
3	2	3580	0
3	2	3581	9
3	2	3582	0
3	2	3583	2
3	2	3584	1
3	2	3585	8
3	2	3586	1
3	2	3587	0
3	2	3588	0
3	2	3589	0
3	2	3590	0
3	2	3591	0
3	2	3592	0
3	2	3593	0
3	2	3594	4
3	2	3595	0
3	2	3596	3
3	2	3597	0
3	2	3598	0
3	2	3599	0
3	2	3600	0
3	2	3601	0
3	2	3602	10
3	2	3603	10
3	2	3604	0
3	2	3605	0
3	2	3606	3
3	2	3607	1
3	2	3608	0
3	2	3609	0
3	2	3610	8
3	2	3611	0
3	2	3612	0
3	2	3613	1
3	2	3614	2
3	2	3615	0
3	2	3616	0
3	2	3617	0
3	2	3618	0
3	2	3619	0
3	2	3620	0
3	2	3621	3
3	2	3622	2
3	2	3623	0
3	2	3624	5
3	2	3625	0
3	2	3626	0
3	2	3627	0
3	2	3628	0
3	2	3629	9
3	2	3630	0
3	2	3631	0
3	2	3632	0
3	2	3633	0
3	2	3634	0
3	2	3635	0
3	2	3636	0
3	2	3637	0
3	2	3638	0
3	2	3639	0
3	2	3640	0
3	2	3641	2
3	2	3642	3
3	2	3643	0
3	2	3644	0
3	2	3645	0
3	2	3646	0
3	2	3647	0
3	2	3648	0
3	2	3649	0
3	2	3650	0
3	2	3651	3
3	2	3652	1
3	2	3653	3
3	2	3654	5
3	2	3655	0
3	2	3656	0
3	2	3657	1
3	2	3658	12
3	2	3659	0
3	2	3660	6
3	2	3661	0
3	2	3662	0
3	2	3663	0
3	2	3664	0
3	2	3665	1
3	2	3666	0
3	2	3667	4
3	2	3668	0
3	2	3669	0
3	2	3670	3
3	2	3671	0
3	2	3672	0
3	2	3673	0
3	2	3674	1
3	2	3675	0
3	2	3676	6
3	2	3677	0
3	2	3678	2
3	2	3679	0
3	2	3680	8
3	2	3681	0
3	2	3682	0
3	2	3683	0
3	2	3684	0
3	2	3685	0
3	2	3686	0
3	2	3687	0
3	2	3688	3
3	2	3689	5
3	2	3690	1
3	2	3691	0
3	2	3692	0
3	2	3693	0
3	2	3694	0
3	2	3695	0
3	2	3696	10
3	2	3697	0
3	2	3698	1
3	2	3699	0
3	2	3700	0
3	2	3701	0
3	2	3702	0
3	2	3703	9
3	2	3704	0
3	2	3705	8
3	2	3706	2
3	2	3707	15
3	2	3708	3
3	2	3709	1
3	2	3710	0
3	2	3711	0
3	2	3712	3
3	2	3713	0
3	2	3714	2
3	2	3715	0
3	2	3716	0
3	2	3717	0
3	2	3718	1
3	2	3719	0
3	2	3720	6
3	2	3721	0
3	2	3722	0
3	2	3723	0
3	2	3724	0
3	2	3725	0
3	2	3726	0
3	2	3727	0
3	2	3728	0
3	2	3729	0
3	2	3730	1
3	2	3731	2
3	2	3732	0
3	2	3733	1
3	2	3734	2
3	2	3735	17
3	2	3736	0
3	2	3737	1
3	2	3738	0
3	2	3739	0
3	2	3740	5
3	2	3741	0
3	2	3742	0
3	2	3743	0
3	2	3744	6
3	2	3745	0
3	2	3746	0
3	2	3747	1
3	2	3748	9
3	2	3749	0
3	2	3750	9
3	2	3751	10
3	2	3752	0
3	2	3753	1
3	2	3754	0
3	2	3755	0
3	2	3756	5
3	2	3757	0
3	2	3758	0
3	2	3759	8
3	2	3760	2
3	2	3761	4
3	2	3762	0
3	2	3763	1
3	2	3764	0
3	2	3765	0
3	2	3766	3
3	2	3767	0
3	2	3768	6
3	2	3769	3
3	2	3770	0
3	2	3771	0
3	2	3772	0
3	2	3773	5
3	2	3774	19
3	2	3775	0
3	2	3776	0
3	2	3777	0
3	2	3778	2
3	2	3779	0
3	2	3780	4
3	2	3781	2
3	2	3782	0
3	2	3783	9
3	2	3784	0
3	2	3785	0
3	2	3786	2
3	2	3787	0
3	2	3788	3
3	2	3789	0
3	2	3790	4
3	2	3791	0
3	2	3792	0
3	2	3793	1
3	2	3794	2
3	2	3795	0
3	2	3796	3
3	2	3797	0
3	2	3798	0
3	2	3799	2
3	2	3800	0
3	2	3801	5
3	2	3802	0
3	2	3803	3
3	2	3804	0
3	2	3805	0
3	2	3806	0
3	2	3807	0
3	2	3808	0
3	2	3809	3
3	2	3810	1
3	2	3811	0
3	2	3812	26
3	2	3813	4
3	2	3814	3
3	2	3815	1
3	2	3816	3
3	2	3817	0
3	2	3818	0
3	2	3819	0
3	2	3820	0
3	2	3821	0
3	2	3822	4
3	2	3823	2
3	2	3824	0
3	2	3825	0
3	2	3826	0
3	2	3827	0
3	2	3828	2
3	2	3829	0
3	2	3830	0
3	2	3831	0
3	2	3832	0
3	2	3833	0
3	2	3834	0
3	2	3835	0
3	2	3836	3
3	2	3837	0
3	2	3838	0
3	2	3839	0
3	2	3840	1
3	2	3841	18
3	2	3842	4
3	2	3843	1
3	2	3844	0
3	2	3845	0
3	2	3846	0
3	2	3847	0
3	2	3848	0
3	2	3849	4
3	2	3850	0
3	2	3851	0
3	2	3852	2
3	2	3853	5
3	2	3854	0
3	2	3855	8
3	2	3856	1
3	2	3857	0
3	2	3858	2
3	2	3859	1
3	2	3860	0
3	2	3861	0
3	2	3862	0
3	2	3863	0
3	2	3864	0
3	2	3865	0
3	2	3866	0
3	2	3867	2
3	2	3868	9
3	2	3869	0
3	2	3870	0
3	2	3871	0
3	2	3872	0
3	2	3873	1
3	2	3874	0
3	2	3875	0
3	2	3876	0
3	2	3877	2
3	2	3878	0
3	2	3879	0
3	2	3880	0
3	2	3881	2
3	2	3882	0
3	2	3883	0
3	2	3884	0
3	2	3885	5
3	2	3886	3
3	2	3887	0
3	2	3888	0
3	2	3889	2
3	2	3890	4
3	2	3891	0
3	2	3892	0
3	2	3893	0
3	2	3894	0
3	2	3895	2
3	2	3896	1
3	2	3897	3
3	2	3898	0
3	2	3899	0
3	2	3900	25
3	2	3901	4
3	2	3902	0
3	2	3903	0
3	2	3904	0
3	2	3905	0
3	2	3906	0
3	2	3907	0
3	2	3908	1
3	2	3909	4
3	2	3910	3
3	2	3911	0
3	2	3912	0
3	2	3913	0
3	2	3914	3
3	2	3915	0
3	2	3916	1
3	2	3917	1
3	2	3918	0
3	2	3919	0
3	2	3920	0
3	2	3921	2
3	2	3922	0
3	2	3923	0
3	2	3924	10
3	2	3925	1
3	2	3926	0
3	2	3927	0
3	2	3928	0
3	2	3929	0
3	2	3930	0
3	2	3931	0
3	2	3932	0
3	2	3933	0
3	2	3934	0
3	2	3935	0
3	2	3936	0
3	2	3937	7
3	2	3938	0
3	2	3939	0
3	2	3940	0
3	2	3941	0
3	2	3942	8
3	2	3943	0
3	2	3944	0
3	2	3945	1
3	2	3946	2
3	2	3947	0
3	2	3948	0
3	2	3949	0
3	2	3950	0
3	2	3951	0
3	2	3952	0
3	2	3953	0
3	2	3954	0
3	2	3955	0
3	2	3956	0
3	2	3957	0
3	2	3958	0
3	2	3959	2
3	2	3960	0
3	2	3961	1
3	2	3962	0
3	2	3963	5
3	2	3964	0
3	2	3965	0
3	2	3966	4
3	2	3967	0
3	2	3968	7
3	2	3969	0
3	2	3970	0
3	2	3971	1
3	2	3972	0
3	2	3973	1
3	2	3974	0
3	2	3975	0
3	2	3976	0
3	2	3977	0
3	2	3978	0
3	2	3979	0
3	2	3980	0
3	2	3981	6
3	2	3982	0
3	2	3983	0
3	2	3984	5
3	2	3985	0
3	2	3986	0
3	2	3987	0
3	2	3988	0
3	2	3989	0
3	2	3990	0
3	2	3991	0
3	2	3992	0
3	2	3993	1
3	2	3994	3
3	2	3995	0
3	2	3996	0
3	2	3997	0
3	2	3998	3
3	2	3999	0
3	2	4000	0
3	2	4001	0
3	2	4002	0
3	2	4003	0
3	2	4004	0
3	2	4005	0
3	2	4006	0
3	2	4007	3
3	2	4008	0
3	2	4009	7
3	2	4010	0
3	2	4011	0
3	2	4012	0
3	2	4013	0
3	2	4014	2
3	2	4015	0
3	2	4016	1
3	2	4017	0
3	2	4018	0
3	2	4019	0
3	2	4020	1
3	2	4021	0
3	2	4022	6
3	2	4023	0
3	2	4024	2
3	2	4025	0
3	2	4026	2
3	2	4027	0
3	2	4028	0
3	2	4029	0
3	2	4030	3
3	2	4031	0
3	2	4032	0
3	2	4033	2
3	2	4034	0
3	2	4035	4
3	2	4036	0
3	2	4037	2
3	2	4038	0
3	2	4039	13
3	2	4040	2
3	2	4041	0
3	2	4042	5
3	2	4043	0
3	2	4044	0
3	2	4045	19
3	2	4046	0
3	2	4047	0
3	2	4048	0
3	2	4049	0
3	2	4050	0
3	2	4051	0
3	2	4052	1
3	2	4053	3
3	2	4054	0
3	2	4055	0
3	2	4056	0
3	2	4057	12
3	2	4058	5
3	2	4059	0
3	2	4060	3
3	2	4061	0
3	2	4062	7
3	2	4063	0
3	2	4064	0
3	2	4065	3
3	2	4066	3
3	2	4067	2
3	2	4068	2
3	2	4069	1
3	2	4070	0
3	2	4071	0
3	2	4072	0
3	2	4073	0
3	2	4074	3
3	2	4075	0
3	2	4076	4
3	2	4077	0
3	2	4078	0
3	2	4079	2
3	2	4080	1
3	2	4081	1
3	2	4082	0
3	2	4083	0
3	2	4084	8
3	2	4085	1
3	2	4086	0
3	2	4087	0
3	2	4088	0
3	2	4089	0
3	2	4090	0
3	2	4091	0
3	2	4092	0
3	2	4093	0
3	2	4094	11
3	2	4095	0
3	2	4096	0
3	2	4097	0
3	2	4098	1
3	2	4099	0
3	2	4100	1
3	2	4101	0
3	2	4102	0
3	2	4103	0
3	2	4104	1
3	2	4105	0
3	2	4106	0
3	2	4107	0
3	2	4108	7
3	2	4109	0
3	2	4110	0
3	2	4111	0
3	2	4112	0
3	2	4113	4
3	2	4114	0
3	2	4115	10
3	2	4116	3
3	2	4117	0
3	2	4118	0
3	2	4119	3
3	2	4120	0
3	2	4121	0
3	2	4122	0
3	2	4123	0
3	2	4124	6
3	2	4125	0
3	2	4126	0
3	2	4127	10
3	2	4128	1
3	2	4129	8
3	2	4130	0
3	2	4131	0
3	2	4132	0
3	2	4133	1
3	2	4134	7
3	2	4135	0
3	2	4136	0
3	2	4137	0
3	2	4138	0
3	2	4139	0
3	2	4140	11
3	2	4141	0
3	2	4142	0
3	2	4143	0
3	2	4144	14
3	2	4145	0
3	2	4146	1
3	2	4147	1
3	2	4148	0
3	2	4149	0
3	2	4150	0
3	2	4151	0
3	2	4152	4
3	2	4153	0
3	2	4154	0
3	2	4155	4
3	2	4156	1
3	2	4157	0
3	2	4158	0
3	2	4159	0
3	2	4160	0
3	2	4161	0
3	2	4162	0
3	2	4163	0
3	2	4164	4
3	2	4165	0
3	2	4166	0
3	2	4167	2
3	2	4168	2
3	2	4169	0
3	2	4170	0
3	2	4171	11
3	2	4172	0
3	2	4173	1
3	2	4174	4
3	2	4175	0
3	2	4176	7
3	2	4177	0
3	2	4178	1
3	2	4179	0
3	2	4180	2
3	2	4181	0
3	2	4182	0
3	2	4183	3
3	2	4184	0
3	2	4185	0
3	2	4186	0
3	2	4187	0
3	2	4188	3
3	2	4189	0
3	2	4190	0
3	2	4191	0
3	2	4192	0
3	2	4193	0
3	2	4194	0
3	2	4195	0
3	2	4196	0
3	2	4197	10
3	2	4198	1
3	2	4199	0
3	2	4200	0
3	2	4201	1
3	2	4202	0
3	2	4203	0
3	2	4204	6
3	2	4205	1
3	2	4206	0
3	2	4207	1
3	2	4208	0
3	2	4209	4
3	2	4210	0
3	2	4211	10
3	2	4212	0
3	2	4213	0
3	2	4214	0
3	2	4215	0
3	2	4216	0
3	2	4217	0
3	2	4218	0
3	2	4219	0
3	2	4220	0
3	2	4221	0
3	2	4222	0
3	2	4223	0
3	2	4224	0
3	2	4225	8
3	2	4226	1
3	2	4227	0
3	2	4228	0
3	2	4229	0
3	2	4230	0
3	2	4231	0
3	2	4232	0
3	2	4233	2
3	2	4234	0
3	2	4235	0
3	2	4236	2
3	2	4237	10
3	2	4238	3
3	2	4239	0
3	2	4240	2
3	2	4241	0
3	2	4242	3
3	2	4243	0
3	2	4244	0
3	2	4245	0
3	2	4246	0
3	2	4247	1
3	2	4248	0
3	2	4249	0
3	2	4250	0
3	2	4251	0
3	2	4252	0
3	2	4253	9
3	2	4254	0
3	2	4255	0
3	2	4256	0
3	2	4257	0
3	2	4258	0
3	2	4259	0
3	2	4260	0
3	2	4261	0
3	2	4262	0
3	2	4263	0
3	2	4264	0
3	2	4265	16
3	2	4266	0
3	2	4267	0
3	2	4268	0
3	2	4269	4
3	2	4270	0
3	2	4271	2
3	2	4272	0
3	2	4273	0
3	2	4274	0
3	2	4275	0
3	2	4276	1
3	2	4277	0
3	2	4278	0
3	2	4279	0
3	2	4280	0
3	2	4281	0
3	2	4282	0
3	2	4283	0
3	2	4284	1
3	2	4285	0
3	2	4286	0
3	2	4287	0
3	2	4288	0
3	2	4289	0
3	2	4290	0
3	2	4291	5
3	2	4292	1
3	2	4293	0
3	2	4294	0
3	2	4295	0
3	2	4296	0
3	2	4297	6
3	2	4298	3
3	2	4299	0
3	2	4300	0
3	2	4301	0
3	2	4302	0
3	2	4303	0
3	2	4304	0
3	2	4305	3
3	2	4306	0
3	2	4307	11
3	2	4308	0
3	2	4309	1
3	2	4310	10
3	2	4311	0
3	2	4312	0
3	2	4313	0
3	2	4314	3
3	2	4315	0
3	2	4316	0
3	2	4317	0
3	2	4318	0
3	2	4319	8
3	2	4320	2
3	2	4321	0
3	2	4322	4
3	2	4323	0
3	2	4324	0
3	2	4325	0
3	2	4326	0
3	2	4327	0
3	2	4328	12
3	2	4329	11
3	2	4330	0
3	2	4331	0
3	2	4332	0
3	2	4333	0
3	2	4334	0
3	2	4335	1
3	2	4336	6
3	2	4337	3
3	2	4338	0
3	2	4339	0
3	2	4340	0
3	2	4341	0
3	2	4342	15
3	2	4343	0
3	2	4344	0
3	2	4345	0
3	2	4346	0
3	2	4347	7
3	2	4348	2
3	2	4349	0
3	2	4350	0
3	2	4351	0
3	2	4352	0
3	2	4353	0
3	2	4354	0
3	2	4355	4
3	2	4356	0
3	2	4357	0
3	2	4358	0
3	2	4359	0
3	2	4360	0
3	2	4361	0
3	2	4362	2
3	2	4363	0
3	2	4364	0
3	2	4365	0
3	2	4366	0
3	2	4367	0
3	2	4368	0
3	2	4369	7
3	2	4370	0
3	2	4371	0
3	2	4372	0
3	2	4373	0
3	2	4374	0
3	2	4375	1
3	2	4376	0
3	2	4377	0
3	2	4378	7
3	2	4379	1
3	2	4380	0
3	2	4381	5
3	2	4382	0
3	2	4383	0
3	2	4384	0
3	2	4385	0
3	2	4386	5
3	2	4387	0
3	2	4388	5
3	2	4389	0
3	2	4390	1
3	2	4391	0
3	2	4392	0
3	2	4393	3
3	2	4394	0
3	2	4395	0
3	2	4396	1
3	2	4397	2
3	2	4398	0
3	2	4399	0
3	2	4400	0
3	2	4401	1
3	2	4402	0
3	2	4403	0
3	2	4404	0
3	2	4405	0
3	2	4406	0
3	2	4407	0
3	2	4408	3
3	2	4409	0
3	2	4410	0
3	2	4411	0
3	2	4412	0
3	2	4413	4
3	2	4414	0
3	2	4415	0
3	2	4416	0
3	2	4417	0
3	2	4418	0
3	2	4419	2
3	2	4420	0
3	2	4421	0
3	2	4422	0
3	2	4423	2
3	2	4424	1
3	2	4425	0
3	2	4426	0
3	2	4427	0
3	2	4428	0
3	2	4429	0
3	2	4430	5
3	2	4431	0
3	2	4432	2
3	2	4433	0
3	2	4434	0
3	2	4435	0
3	2	4436	0
3	2	4437	7
3	2	4438	0
3	2	4439	0
3	2	4440	2
3	2	4441	0
3	2	4442	3
3	2	4443	0
3	2	4444	0
3	2	4445	8
3	2	4446	0
3	2	4447	0
3	2	4448	0
3	2	4449	0
3	2	4450	0
3	2	4451	0
3	2	4452	1
3	2	4453	2
3	2	4454	2
3	2	4455	0
3	2	4456	0
3	2	4457	3
3	2	4458	19
3	2	4459	1
3	2	4460	0
3	2	4461	0
3	2	4462	3
3	2	4463	0
3	2	4464	0
3	2	4465	0
3	2	4466	0
3	2	4467	0
3	2	4468	0
3	2	4469	1
3	2	4470	0
3	2	4471	0
3	2	4472	0
3	2	4473	0
3	2	4474	0
3	2	4475	0
3	2	4476	2
3	2	4477	1
3	2	4478	0
3	2	4479	0
3	2	4480	0
3	2	4481	0
3	2	4482	0
3	2	4483	0
3	2	4484	6
3	2	4485	7
3	2	4486	1
3	2	4487	3
3	2	4488	0
3	2	4489	0
3	2	4490	0
3	2	4491	0
3	2	4492	2
3	2	4493	0
3	2	4494	16
3	2	4495	4
3	2	4496	0
3	2	4497	0
3	2	4498	0
3	2	4499	1
3	2	4500	0
3	2	4501	2
3	2	4502	0
3	2	4503	0
3	2	4504	12
3	2	4505	0
3	2	4506	2
3	2	4507	0
3	2	4508	8
3	2	4509	6
3	2	4510	0
3	2	4511	0
3	2	4512	8
3	2	4513	0
3	2	4514	3
3	2	4515	1
3	2	4516	0
3	2	4517	0
3	2	4518	8
3	2	4519	1
3	2	4520	0
3	2	4521	4
3	2	4522	0
3	2	4523	0
3	2	4524	3
3	2	4525	0
3	2	4526	0
3	2	4527	8
3	2	4528	0
3	2	4529	0
3	2	4530	0
3	2	4531	0
3	2	4532	0
3	2	4533	0
3	2	4534	0
3	2	4535	1
3	2	4536	0
3	2	4537	0
3	2	4538	0
3	2	4539	7
3	2	4540	1
3	2	4541	1
3	2	4542	5
3	2	4543	7
3	2	4544	0
3	2	4545	12
3	2	4546	5
3	2	4547	3
3	2	4548	0
3	2	4549	0
3	2	4550	7
3	2	4551	0
3	2	4552	7
3	2	4553	0
3	2	4554	0
3	2	4555	0
3	2	4556	0
3	2	4557	0
3	2	4558	1
3	2	4559	3
3	2	4560	3
3	2	4561	16
3	2	4562	0
3	2	4563	0
3	2	4564	0
3	2	4565	10
3	2	4566	0
3	2	4567	6
3	2	4568	5
3	2	4569	1
3	2	4570	0
3	2	4571	15
3	2	4572	0
3	2	4573	2
3	2	4574	0
3	2	4575	0
3	2	4576	0
3	2	4577	2
3	2	4578	0
3	2	4579	3
3	2	4580	0
3	2	4581	0
3	2	4582	0
3	2	4583	0
3	2	4584	1
3	2	4585	3
3	2	4586	4
3	2	4587	0
3	2	4588	3
3	2	4589	3
3	2	4590	0
3	2	4591	1
3	2	4592	10
3	2	4593	0
3	2	4594	0
3	2	4595	0
3	2	4596	2
3	2	4597	4
3	2	4598	0
3	2	4599	0
3	2	4600	0
3	2	4601	3
3	2	4602	0
3	2	4603	4
3	2	4604	0
3	2	4605	0
3	2	4606	0
3	2	4607	0
3	2	4608	2
3	2	4609	0
3	2	4610	0
3	2	4611	0
3	2	4612	0
3	2	4613	0
3	2	4614	14
3	2	4615	0
3	2	4616	9
3	2	4617	0
3	2	4618	5
3	2	4619	0
3	2	4620	0
3	2	4621	0
3	2	4622	7
3	2	4623	4
3	2	4624	1
3	2	4625	0
3	2	4626	3
3	2	4627	0
3	2	4628	5
3	2	4629	8
3	2	4630	0
3	2	4631	0
3	2	4632	0
3	2	4633	0
3	2	4634	4
3	2	4635	3
3	2	4636	0
3	2	4637	0
3	2	4638	0
3	2	4639	0
3	2	4640	0
3	2	4641	4
3	2	4642	1
3	2	4643	0
3	2	4644	0
3	2	4645	6
3	2	4646	10
3	2	4647	5
3	2	4648	1
3	2	4649	0
3	2	4650	0
3	2	4651	1
3	2	4652	0
3	2	4653	0
3	2	4654	3
3	2	4655	0
3	2	4656	12
3	2	4657	18
3	2	4658	0
3	2	4659	6
3	2	4660	0
3	2	4661	0
3	2	4662	0
3	2	4663	1
3	2	4664	0
3	2	4665	0
3	2	4666	0
3	2	4667	0
3	2	4668	0
3	2	4669	3
3	2	4670	0
3	2	4671	0
3	2	4672	0
3	2	4673	0
3	2	4674	1
3	2	4675	0
3	2	4676	1
3	2	4677	0
3	2	4678	0
3	2	4679	0
3	2	4680	4
3	2	4681	0
3	2	4682	0
3	2	4683	0
3	2	4684	3
3	2	4685	0
3	2	4686	0
3	2	4687	0
3	2	4688	7
3	2	4689	9
3	2	4690	0
3	2	4691	10
3	2	4692	3
3	2	4693	8
3	2	4694	0
3	2	4695	0
3	2	4696	2
3	2	4697	0
3	2	4698	0
3	2	4699	0
3	2	4700	17
3	2	4701	0
3	2	4702	0
3	2	4703	0
3	2	4704	0
3	2	4705	2
3	2	4706	1
3	2	4707	0
3	2	4708	0
3	2	4709	0
3	2	4710	12
3	2	4711	0
3	2	4712	0
3	2	4713	0
3	2	4714	0
3	2	4715	0
3	2	4716	0
3	2	4717	0
3	2	4718	0
3	2	4719	0
3	2	4720	0
3	2	4721	1
3	2	4722	0
3	2	4723	0
3	2	4724	0
3	2	4725	0
3	2	4726	0
3	2	4727	7
3	2	4728	0
3	2	4729	0
3	2	4730	0
3	2	4731	1
3	2	4732	0
3	2	4733	1
3	2	4734	0
3	2	4735	0
3	2	4736	0
3	2	4737	0
3	2	4738	0
3	2	4739	2
3	2	4740	0
3	2	4741	4
3	2	4742	0
3	2	4743	0
3	2	4744	1
3	2	4745	1
3	2	4746	0
3	2	4747	0
3	2	4748	1
3	2	4749	2
3	2	4750	0
3	2	4751	3
3	2	4752	0
3	2	4753	0
3	2	4754	4
3	2	4755	2
3	2	4756	3
3	2	4757	4
3	2	4758	0
3	2	4759	0
3	2	4760	0
3	2	4761	6
3	2	4762	0
3	2	4763	0
3	2	4764	0
3	2	4765	6
3	2	4766	0
3	2	4767	0
3	2	4768	0
3	2	4769	0
3	2	4770	12
3	2	4771	1
3	2	4772	0
3	2	4773	0
3	2	4774	3
3	2	4775	5
3	2	4776	0
3	2	4777	9
3	2	4778	0
3	2	4779	0
3	2	4780	0
3	2	4781	1
3	2	4782	10
3	2	4783	3
3	2	4784	0
3	2	4785	0
3	2	4786	0
3	2	4787	1
3	2	4788	0
3	2	4789	0
3	2	4790	4
3	2	4791	0
3	2	4792	1
3	2	4793	1
3	2	4794	0
3	2	4795	10
3	2	4796	3
3	2	4797	5
3	2	4798	0
3	2	4799	0
3	2	4800	5
3	2	4801	0
3	2	4802	5
3	2	4803	7
3	2	4804	0
3	2	4805	0
3	2	4806	0
3	2	4807	0
3	2	4808	3
3	2	4809	2
3	2	4810	7
3	2	4811	0
3	2	4812	0
3	2	4813	0
3	2	4814	0
3	2	4815	0
3	2	4816	2
3	2	4817	3
3	2	4818	0
3	2	4819	0
3	2	4820	2
3	2	4821	0
3	2	4822	0
3	2	4823	2
3	2	4824	14
3	2	4825	2
3	2	4826	10
3	2	4827	0
3	2	4828	0
3	2	4829	0
3	2	4830	0
3	2	4831	6
3	2	4832	0
3	2	4833	0
3	2	4834	3
3	2	4835	0
3	2	4836	1
3	2	4837	0
3	2	4838	0
3	2	4839	0
3	2	4840	0
3	2	4841	0
3	2	4842	0
3	2	4843	0
3	2	4844	0
3	2	4845	0
3	2	4846	0
3	2	4847	0
3	2	4848	0
3	2	4849	1
3	2	4850	0
3	2	4851	0
3	2	4852	0
3	2	4853	0
3	2	4854	0
3	2	4855	0
3	2	4856	0
3	2	4857	1
3	2	4858	0
3	2	4859	2
3	2	4860	7
3	2	4861	1
3	2	4862	0
3	2	4863	0
3	2	4864	0
3	2	4865	0
3	2	4866	2
3	2	4867	0
3	2	4868	0
3	2	4869	0
3	2	4870	11
3	2	4871	2
3	2	4872	3
3	2	4873	1
3	2	4874	6
3	2	4875	0
3	2	4876	0
3	2	4877	0
3	2	4878	0
3	2	4879	0
3	2	4880	5
3	2	4881	3
3	2	4882	0
3	2	4883	2
3	2	4884	0
3	2	4885	0
3	2	4886	1
3	2	4887	0
3	2	4888	0
3	2	4889	1
3	2	4890	0
3	2	4891	0
3	2	4892	11
3	2	4893	0
3	2	4894	2
3	2	4895	7
3	2	4896	8
3	2	4897	0
3	2	4898	0
3	2	4899	2
3	2	4900	0
3	2	4901	0
3	2	4902	0
3	2	4903	10
3	2	4904	0
3	2	4905	0
3	2	4906	0
3	2	4907	2
3	2	4908	0
3	2	4909	0
3	2	4910	0
3	2	4911	0
3	2	4912	0
3	2	4913	6
3	2	4914	16
3	2	4915	1
3	2	4916	0
3	2	4917	0
3	2	4918	0
3	2	4919	0
3	2	4920	0
3	2	4921	0
3	2	4922	15
3	2	4923	0
3	2	4924	0
3	2	4925	16
3	2	4926	0
3	2	4927	0
3	2	4928	0
3	2	4929	0
3	2	4930	0
3	2	4931	3
3	2	4932	0
3	2	4933	0
3	2	4934	0
3	2	4935	0
3	2	4936	0
3	2	4937	0
3	2	4938	3
3	2	4939	0
3	2	4940	0
3	2	4941	0
3	2	4942	4
3	2	4943	0
3	2	4944	3
3	2	4945	0
3	2	4946	0
3	2	4947	0
3	2	4948	0
3	2	4949	0
3	2	4950	0
3	2	4951	0
3	2	4952	0
3	2	4953	0
3	2	4954	0
3	2	4955	7
3	2	4956	8
3	2	4957	0
3	2	4958	0
3	2	4959	8
3	2	4960	0
3	2	4961	0
3	2	4962	4
3	2	4963	0
3	2	4964	4
3	2	4965	0
3	2	4966	7
3	2	4967	0
3	2	4968	0
3	2	4969	0
3	2	4970	0
3	2	4971	0
3	2	4972	0
3	2	4973	0
3	2	4974	0
3	2	4975	0
3	2	4976	0
3	2	4977	0
3	2	4978	0
3	2	4979	11
3	2	4980	5
3	2	4981	0
3	2	4982	0
3	2	4983	0
3	2	4984	9
3	2	4985	1
3	2	4986	7
3	2	4987	0
3	2	4988	0
3	2	4989	0
3	2	4990	13
3	2	4991	0
3	2	4992	0
3	2	4993	0
3	2	4994	5
3	2	4995	0
3	2	4996	0
3	2	4997	0
3	2	4998	14
3	2	4999	0
3	2	5000	0
3	2	5001	0
3	2	5002	0
3	2	5003	0
3	2	5004	3
3	2	5005	0
3	2	5006	0
3	2	5007	10
3	2	5008	0
3	2	5009	4
3	2	5010	0
3	2	5011	1
3	2	5012	0
3	2	5013	0
3	2	5014	0
3	2	5015	0
3	2	5016	0
3	2	5017	0
3	2	5018	0
3	2	5019	0
3	2	5020	4
3	2	5021	0
3	2	5022	0
3	2	5023	0
3	2	5024	0
3	2	5025	4
3	2	5026	2
3	2	5027	0
3	2	5028	0
3	2	5029	1
3	2	5030	0
3	2	5031	0
3	2	5032	0
3	2	5033	0
3	2	5034	0
3	2	5035	2
3	2	5036	1
3	2	5037	0
3	2	5038	0
3	2	5039	0
3	2	5040	0
3	2	5041	0
3	2	5042	0
3	2	5043	0
3	2	5044	0
3	2	5045	0
3	2	5046	0
3	2	5047	0
3	2	5048	0
3	2	5049	0
3	2	5050	0
3	2	5051	0
3	2	5052	0
3	2	5053	13
3	2	5054	1
3	2	5055	0
3	2	5056	0
3	2	5057	1
3	2	5058	0
3	2	5059	0
3	2	5060	0
3	2	5061	0
3	2	5062	0
3	2	5063	1
3	2	5064	0
3	2	5065	0
3	2	5066	5
3	2	5067	6
3	2	5068	0
3	2	5069	0
3	2	5070	0
3	2	5071	6
3	2	5072	0
3	2	5073	5
3	2	5074	0
3	2	5075	3
3	2	5076	16
3	2	5077	0
3	2	5078	0
3	2	5079	2
3	2	5080	0
3	2	5081	0
3	2	5082	0
3	2	5083	13
3	2	5084	0
3	2	5085	5
3	2	5086	0
3	2	5087	0
3	2	5088	0
3	2	5089	9
3	2	5090	0
3	2	5091	9
3	2	5092	3
3	2	5093	0
3	2	5094	4
3	2	5095	0
3	2	5096	0
3	2	5097	4
3	2	5098	0
3	2	5099	0
3	2	5100	0
3	2	5101	2
3	2	5102	0
3	2	5103	0
3	2	5104	0
3	2	5105	0
3	2	5106	0
3	2	5107	0
3	2	5108	3
3	2	5109	6
3	2	5110	0
3	2	5111	0
3	2	5112	0
3	2	5113	0
3	2	5114	0
3	2	5115	0
3	2	5116	0
3	2	5117	0
3	2	5118	0
3	2	5119	0
3	2	5120	0
3	2	5121	0
3	2	5122	2
3	2	5123	10
3	2	5124	0
3	2	5125	0
3	2	5126	7
3	2	5127	0
3	2	5128	1
3	2	5129	0
3	2	5130	11
3	2	5131	0
3	2	5132	0
3	2	5133	20
3	2	5134	0
3	2	5135	11
3	2	5136	8
3	2	5137	1
3	2	5138	0
3	2	5139	0
3	2	5140	5
3	2	5141	12
3	2	5142	11
3	2	5143	0
3	2	5144	0
3	2	5145	2
3	2	5146	0
3	2	5147	0
3	2	5148	0
3	2	5149	0
3	2	5150	0
3	2	5151	0
3	2	5152	0
3	2	5153	13
3	2	5154	0
3	2	5155	0
3	2	5156	0
3	2	5157	0
3	2	5158	0
3	2	5159	5
3	2	5160	2
3	2	5161	0
3	2	5162	0
3	2	5163	0
3	2	5164	0
3	2	5165	3
3	2	5166	1
3	2	5167	0
3	2	5168	0
3	2	5169	0
3	2	5170	1
3	2	5171	0
3	2	5172	0
3	2	5173	7
3	2	5174	0
3	2	5175	7
3	2	5176	0
3	2	5177	0
3	2	5178	5
3	2	5179	0
3	2	5180	0
3	2	5181	0
3	2	5182	0
3	2	5183	0
3	2	5184	0
3	2	5185	0
3	2	5186	2
3	2	5187	0
3	2	5188	0
3	2	5189	0
3	2	5190	0
3	2	5191	0
3	2	5192	0
3	2	5193	0
3	2	5194	0
3	2	5195	0
3	2	5196	0
3	2	5197	0
3	2	5198	0
3	2	5199	0
3	2	5200	0
3	2	5201	0
3	2	5202	1
3	2	5203	0
3	2	5204	0
3	2	5205	0
3	2	5206	5
3	2	5207	1
3	2	5208	0
3	2	5209	12
3	2	5210	0
3	2	5211	0
3	2	5212	1
3	2	5213	1
3	2	5214	0
3	2	5215	0
3	2	5216	0
3	2	5217	0
3	2	5218	1
3	2	5219	0
3	2	5220	9
3	2	5221	0
3	2	5222	0
3	2	5223	5
3	2	5224	0
3	2	5225	1
3	2	5226	8
3	2	5227	4
3	2	5228	0
3	2	5229	2
3	2	5230	1
3	2	5231	2
3	2	5232	1
3	2	5233	2
3	2	5234	7
3	2	5235	0
3	2	5236	0
3	2	5237	0
3	2	5238	3
3	2	5239	2
3	2	5240	0
3	2	5241	0
3	2	5242	3
3	2	5243	0
3	2	5244	3
3	2	5245	3
3	2	5246	0
3	2	5247	0
3	2	5248	1
3	2	5249	1
3	2	5250	0
3	2	5251	0
3	2	5252	6
3	2	5253	6
3	2	5254	0
3	2	5255	0
3	2	5256	3
3	2	5257	0
3	2	5258	0
3	2	5259	0
3	2	5260	0
3	2	5261	3
3	2	5262	5
3	2	5263	0
3	2	5264	1
3	2	5265	0
3	2	5266	2
3	2	5267	0
3	2	5268	0
3	2	5269	3
3	2	5270	0
3	2	5271	0
3	2	5272	0
3	2	5273	0
3	2	5274	0
3	2	5275	0
3	2	5276	0
3	2	5277	10
3	2	5278	0
3	2	5279	1
3	2	5280	0
3	2	5281	0
3	2	5282	3
3	2	5283	3
3	2	5284	0
3	2	5285	1
3	2	5286	0
3	2	5287	7
3	2	5288	5
3	2	5289	0
3	2	5290	0
3	2	5291	0
3	2	5292	0
3	2	5293	0
3	2	5294	0
3	2	5295	0
3	2	5296	0
3	2	5297	1
3	2	5298	1
3	2	5299	0
3	2	5300	0
3	2	5301	0
3	2	5302	0
3	2	5303	0
3	2	5304	0
3	2	5305	0
3	2	5306	0
3	2	5307	0
3	2	5308	0
3	2	5309	0
3	2	5310	0
3	2	5311	1
3	2	5312	0
3	2	5313	0
3	2	5314	2
3	2	5315	0
3	2	5316	5
3	2	5317	0
3	2	5318	0
3	2	5319	17
3	2	5320	0
3	2	5321	0
3	2	5322	2
3	2	5323	0
3	2	5324	0
3	2	5325	12
3	2	5326	0
3	2	5327	0
3	2	5328	0
3	2	5329	2
3	2	5330	0
3	2	5331	0
3	2	5332	1
3	2	5333	0
3	2	5334	3
3	2	5335	0
3	2	5336	5
3	2	5337	0
3	2	5338	0
3	2	5339	0
3	2	5340	0
3	2	5341	0
3	2	5342	3
3	2	5343	0
3	2	5344	0
3	2	5345	0
3	2	5346	0
3	2	5347	0
3	2	5348	0
3	2	5349	3
3	2	5350	0
3	2	5351	0
3	2	5352	0
3	2	5353	0
3	2	5354	0
3	2	5355	0
3	2	5356	10
3	2	5357	0
3	2	5358	3
3	2	5359	1
3	2	5360	1
3	2	5361	3
3	2	5362	0
3	2	5363	0
3	2	5364	0
3	2	5365	0
3	2	5366	0
3	2	5367	0
3	2	5368	0
3	2	5369	0
3	2	5370	0
3	2	5371	1
3	2	5372	0
3	2	5373	0
3	2	5374	9
3	2	5375	1
3	2	5376	15
3	2	5377	0
3	2	5378	0
3	2	5379	0
3	2	5380	0
3	2	5381	1
3	2	5382	18
3	2	5383	4
3	2	5384	0
3	2	5385	2
3	2	5386	0
3	2	5387	0
3	2	5388	6
3	2	5389	7
3	2	5390	2
3	2	5391	0
3	2	5392	0
3	2	5393	0
3	2	5394	2
3	2	5395	0
3	2	5396	1
3	2	5397	0
3	2	5398	0
3	2	5399	0
3	2	5400	0
3	2	5401	0
3	2	5402	1
3	2	5403	1
3	2	5404	0
3	2	5405	2
3	2	5406	0
3	2	5407	0
3	2	5408	0
3	2	5409	0
3	2	5410	0
3	2	5411	0
3	2	5412	0
3	2	5413	2
3	2	5414	0
3	2	5415	0
3	2	5416	0
3	2	5417	2
3	2	5418	0
3	2	5419	0
3	2	5420	0
3	2	5421	52
3	2	5422	3
3	2	5423	0
3	2	5424	0
3	2	5425	0
3	2	5426	2
3	2	5427	0
3	2	5428	0
3	2	5429	7
3	2	5430	0
3	2	5431	1
3	2	5432	3
3	2	5433	0
3	2	5434	0
3	2	5435	0
3	2	5436	3
3	2	5437	0
3	2	5438	0
3	2	5439	0
3	2	5440	2
3	2	5441	9
3	2	5442	0
3	2	5443	0
3	2	5444	1
3	2	5445	11
3	2	5446	4
3	2	5447	0
3	2	5448	0
3	2	5449	3
3	2	5450	0
3	2	5451	0
3	2	5452	0
3	2	5453	0
3	2	5454	0
3	2	5455	0
3	2	5456	0
3	2	5457	0
3	2	5458	2
3	2	5459	2
3	2	5460	0
3	2	5461	0
3	2	5462	0
3	2	5463	0
3	2	5464	0
3	2	5465	1
3	2	5466	0
3	2	5467	0
3	2	5468	0
3	2	5469	0
3	2	5470	0
3	2	5471	0
3	2	5472	8
3	2	5473	5
3	2	5474	3
3	2	5475	0
3	2	5476	0
3	2	5477	0
3	2	5478	0
3	2	5479	4
3	2	5480	0
3	2	5481	7
3	2	5482	1
3	2	5483	0
3	2	5484	0
3	2	5485	3
3	2	5486	0
3	2	5487	0
3	2	5488	0
3	2	5489	0
3	2	5490	0
3	2	5491	0
3	2	5492	0
3	2	5493	0
3	2	5494	4
3	2	5495	0
3	2	5496	0
3	2	5497	0
3	2	5498	3
3	2	5499	4
3	2	5500	0
3	2	5501	0
3	2	5502	0
3	2	5503	1
3	2	5504	0
3	2	5505	0
3	2	5506	1
3	2	5507	4
3	2	5508	0
3	2	5509	0
3	2	5510	0
3	2	5511	0
3	2	5512	1
3	2	5513	0
3	2	5514	0
3	2	5515	4
3	2	5516	0
3	2	5517	0
3	2	5518	7
3	2	5519	2
3	2	5520	0
3	2	5521	0
3	2	5522	1
3	2	5523	0
3	2	5524	0
3	2	5525	0
3	2	5526	0
3	2	5527	0
3	2	5528	0
3	2	5529	4
3	2	5530	0
3	2	5531	0
3	2	5532	0
3	2	5533	0
3	2	5534	0
3	2	5535	0
3	2	5536	0
3	2	5537	6
3	2	5538	0
3	2	5539	0
3	2	5540	0
3	2	5541	0
3	2	5542	2
3	2	5543	3
3	2	5544	3
3	2	5545	1
3	2	5546	0
3	2	5547	5
3	2	5548	0
3	2	5549	0
3	2	5550	0
3	2	5551	0
3	2	5552	0
3	2	5553	1
3	2	5554	0
3	2	5555	3
3	2	5556	1
3	2	5557	10
3	2	5558	0
3	2	5559	0
3	2	5560	1
3	2	5561	0
3	2	5562	6
3	2	5563	0
3	2	5564	0
3	2	5565	0
3	2	5566	2
3	2	5567	0
3	2	5568	0
3	2	5569	0
3	2	5570	0
3	2	5571	0
3	2	5572	0
3	2	5573	0
3	2	5574	0
3	2	5575	1
3	2	5576	0
3	2	5577	0
3	2	5578	0
3	2	5579	8
3	2	5580	0
3	2	5581	3
3	2	5582	0
3	2	5583	6
3	2	5584	0
3	2	5585	0
3	2	5586	5
3	2	5587	0
3	2	5588	0
3	2	5589	8
3	2	5590	16
3	2	5591	0
3	2	5592	0
3	2	5593	0
3	2	5594	1
3	2	5595	0
3	2	5596	0
3	2	5597	0
3	2	5598	0
3	2	5599	3
3	2	5600	0
3	2	5601	0
3	2	5602	0
3	2	5603	0
3	2	5604	0
3	2	5605	0
3	2	5606	4
3	2	5607	0
3	2	5608	0
3	2	5609	6
3	2	5610	0
3	2	5611	0
3	2	5612	0
3	2	5613	2
3	2	5614	0
3	2	5615	0
3	2	5616	1
3	2	5617	0
3	2	5618	0
3	2	5619	5
3	2	5620	0
3	2	5621	0
3	2	5622	0
3	2	5623	0
3	2	5624	0
3	2	5625	0
3	2	5626	0
3	2	5627	0
3	2	5628	0
3	2	5629	2
3	2	5630	0
3	2	5631	0
3	2	5632	0
3	2	5633	0
3	2	5634	0
3	2	5635	0
3	2	5636	2
3	2	5637	0
3	2	5638	0
3	2	5639	0
3	2	5640	0
3	2	5641	0
3	2	5642	0
3	2	5643	0
3	2	5644	0
3	2	5645	0
3	2	5646	0
3	2	5647	0
3	2	5648	0
3	2	5649	5
3	2	5650	1
3	2	5651	0
3	2	5652	2
3	2	5653	0
3	2	5654	0
3	2	5655	0
3	2	5656	1
3	2	5657	15
3	2	5658	0
3	2	5659	0
3	2	5660	0
3	2	5661	0
3	2	5662	0
3	2	5663	0
3	2	5664	0
3	2	5665	0
3	2	5666	3
3	2	5667	3
3	2	5668	0
3	2	5669	7
3	2	5670	0
3	2	5671	10
3	2	5672	4
3	2	5673	18
3	2	5674	0
3	2	5675	0
3	2	5676	0
3	2	5677	4
3	2	5678	0
3	2	5679	0
3	2	5680	0
3	2	5681	0
3	2	5682	0
3	2	5683	2
3	2	5684	5
3	2	5685	2
3	2	5686	0
3	2	5687	25
3	2	5688	0
3	2	5689	0
3	2	5690	0
3	2	5691	0
3	2	5692	0
3	2	5693	4
3	2	5694	0
3	2	5695	0
3	2	5696	5
3	2	5697	2
3	2	5698	0
3	2	5699	4
3	2	5700	0
3	2	5701	0
3	2	5702	0
3	2	5703	8
3	2	5704	0
3	2	5705	0
3	2	5706	0
3	2	5707	5
3	2	5708	0
3	2	5709	3
3	2	5710	0
3	2	5711	0
3	2	5712	0
3	2	5713	4
3	2	5714	0
3	2	5715	6
3	2	5716	0
3	2	5717	4
3	2	5718	0
3	2	5719	0
3	2	5720	0
3	2	5721	1
3	2	5722	4
3	2	5723	0
3	2	5724	5
3	2	5725	0
3	2	5726	3
3	2	5727	2
3	2	5728	0
3	2	5729	0
3	2	5730	0
3	2	5731	0
3	2	5732	3
3	2	5733	2
3	2	5734	0
3	2	5735	4
3	2	5736	0
3	2	5737	0
3	2	5738	0
3	2	5739	1
3	2	5740	0
3	2	5741	0
3	2	5742	0
3	2	5743	0
3	2	5744	1
3	2	5745	0
3	2	5746	4
3	2	5747	0
3	2	5748	0
3	2	5749	0
3	2	5750	0
3	2	5751	3
3	2	5752	0
3	2	5753	0
3	2	5754	5
3	2	5755	4
3	2	5756	0
3	2	5757	5
3	2	5758	0
3	2	5759	0
3	2	5760	0
3	2	5761	0
3	2	5762	3
3	2	5763	0
3	2	5764	0
3	2	5765	0
3	2	5766	1
3	2	5767	0
3	2	5768	5
3	2	5769	4
3	2	5770	2
3	2	5771	3
3	2	5772	0
3	2	5773	3
3	2	5774	0
3	2	5775	0
3	2	5776	1
3	2	5777	0
3	2	5778	0
3	2	5779	0
3	2	5780	3
3	2	5781	0
3	2	5782	0
3	2	5783	2
3	2	5784	0
3	2	5785	1
3	2	5786	0
3	2	5787	1
3	2	5788	0
3	2	5789	1
3	2	5790	0
3	2	5791	0
3	2	5792	0
3	2	5793	0
3	2	5794	11
3	2	5795	2
3	2	5796	4
3	2	5797	0
3	2	5798	0
3	2	5799	0
3	2	5800	0
3	2	5801	2
3	2	5802	14
3	2	5803	0
3	2	5804	0
3	2	5805	7
3	2	5806	0
3	2	5807	0
3	2	5808	2
3	2	5809	1
3	2	5810	0
3	2	5811	1
3	2	5812	0
3	2	5813	4
3	2	5814	0
3	2	5815	0
3	2	5816	1
3	2	5817	0
3	2	5818	5
3	2	5819	0
3	2	5820	0
3	2	5821	2
3	2	5822	0
3	2	5823	0
3	2	5824	2
3	2	5825	0
3	2	5826	3
3	2	5827	0
3	2	5828	0
3	2	5829	0
3	2	5830	2
3	2	5831	0
3	2	5832	1
3	2	5833	0
3	2	5834	0
3	2	5835	0
3	2	5836	0
3	2	5837	0
3	2	5838	0
3	2	5839	0
3	2	5840	0
3	2	5841	0
3	2	5842	0
3	2	5843	0
3	2	5844	4
3	2	5845	0
3	2	5846	0
3	2	5847	5
3	2	5848	7
3	2	5849	1
3	2	5850	0
3	2	5851	0
3	2	5852	1
3	2	5853	6
3	2	5854	0
3	2	5855	0
3	2	5856	1
3	2	5857	0
3	2	5858	0
3	2	5859	0
3	2	5860	0
3	2	5861	0
3	2	5862	0
3	2	5863	0
3	2	5864	2
3	2	5865	0
3	2	5866	0
3	2	5867	1
3	2	5868	0
3	2	5869	0
3	2	5870	0
3	2	5871	0
3	2	5872	17
3	2	5873	0
3	2	5874	0
3	2	5875	0
3	2	5876	2
3	2	5877	5
3	2	5878	0
3	2	5879	0
3	2	5880	3
3	2	5881	0
3	2	5882	0
3	2	5883	1
3	2	5884	0
3	2	5885	12
3	2	5886	0
3	2	5887	0
3	2	5888	0
3	2	5889	0
3	2	5890	0
3	2	5891	0
3	2	5892	0
3	2	5893	0
3	2	5894	4
3	2	5895	0
3	2	5896	11
3	2	5897	7
3	2	5898	0
3	2	5899	0
3	2	5900	0
3	2	5901	1
3	2	5902	7
3	2	5903	0
3	2	5904	0
3	2	5905	0
3	2	5906	0
3	2	5907	3
3	2	5908	0
3	2	5909	0
3	2	5910	0
3	2	5911	4
3	2	5912	0
3	2	5913	0
3	2	5914	0
3	2	5915	0
3	2	5916	0
3	2	5917	0
3	2	5918	3
3	2	5919	8
3	2	5920	0
3	2	5921	0
3	2	5922	0
3	2	5923	0
3	2	5924	1
3	2	5925	0
3	2	5926	4
3	2	5927	0
3	2	5928	0
3	2	5929	0
3	2	5930	3
3	2	5931	0
3	2	5932	0
3	2	5933	0
3	2	5934	1
3	2	5935	2
3	2	5936	0
3	2	5937	0
3	2	5938	0
3	2	5939	0
3	2	5940	0
3	2	5941	3
3	2	5942	0
3	2	5943	0
3	2	5944	0
3	2	5945	0
3	2	5946	1
3	2	5947	0
3	2	5948	0
3	2	5949	0
3	2	5950	0
3	2	5951	5
3	2	5952	0
3	2	5953	0
3	2	5954	0
3	2	5955	2
3	2	5956	0
3	2	5957	0
3	2	5958	2
3	2	5959	0
3	2	5960	0
3	2	5961	2
3	2	5962	3
3	2	5963	0
3	2	5964	0
3	2	5965	0
3	2	5966	3
3	2	5967	12
3	2	5968	2
3	2	5969	0
3	2	5970	0
3	2	5971	0
3	2	5972	9
3	2	5973	0
3	2	5974	3
3	2	5975	0
3	2	5976	5
3	2	5977	0
3	2	5978	0
3	2	5979	0
3	2	5980	20
3	2	5981	0
3	2	5982	11
3	2	5983	5
3	2	5984	4
3	2	5985	0
3	2	5986	0
3	2	5987	0
3	2	5988	5
3	2	5989	0
3	2	5990	2
3	2	5991	0
3	2	5992	0
3	2	5993	2
3	2	5994	0
3	2	5995	0
3	2	5996	5
3	2	5997	4
3	2	5998	0
3	2	5999	0
3	2	6000	0
3	2	6001	0
3	2	6002	0
3	2	6003	0
3	2	6004	3
3	2	6005	7
3	2	6006	0
3	2	6007	0
3	2	6008	0
3	2	6009	0
3	2	6010	0
3	2	6011	0
3	2	6012	3
3	2	6013	0
3	2	6014	6
3	2	6015	1
3	2	6016	0
3	2	6017	0
3	2	6018	0
3	2	6019	0
3	2	6020	0
3	2	6021	0
3	2	6022	0
3	2	6023	3
3	2	6024	0
3	2	6025	4
3	2	6026	1
3	2	6027	0
3	2	6028	0
3	2	6029	5
3	2	6030	0
3	2	6031	0
3	2	6032	0
3	2	6033	2
3	2	6034	2
3	2	6035	0
3	2	6036	0
3	2	6037	0
3	2	6038	0
3	2	6039	0
3	2	6040	0
3	2	6041	2
3	2	6042	12
3	2	6043	0
3	2	6044	0
3	2	6045	0
3	2	6046	0
3	2	6047	6
3	2	6048	0
3	2	6049	0
3	2	6050	0
3	2	6051	0
3	2	6052	8
3	2	6053	1
3	2	6054	3
3	2	6055	3
3	2	6056	1
3	2	6057	0
3	2	6058	2
3	2	6059	0
3	2	6060	0
3	2	6061	0
3	2	6062	1
3	2	6063	0
3	2	6064	8
3	2	6065	0
3	2	6066	0
3	2	6067	4
3	2	6068	2
3	2	6069	0
3	2	6070	0
3	2	6071	10
3	2	6072	0
3	2	6073	0
3	2	6074	0
3	2	6075	2
3	2	6076	9
3	2	6077	1
3	2	6078	3
3	2	6079	1
3	2	6080	0
3	2	6081	0
3	2	6082	0
3	2	6083	0
3	2	6084	0
3	2	6085	10
3	2	6086	0
3	2	6087	0
3	2	6088	0
3	2	6089	3
3	2	6090	2
3	2	6091	0
3	2	6092	0
3	2	6093	0
3	2	6094	0
3	2	6095	0
3	2	6096	0
3	2	6097	4
3	2	6098	0
3	2	6099	0
3	2	6100	0
3	2	6101	0
3	2	6102	0
3	2	6103	0
3	2	6104	4
3	2	6105	0
3	2	6106	2
3	2	6107	0
3	2	6108	0
3	2	6109	0
3	2	6110	1
3	2	6111	0
3	2	6112	0
3	2	6113	0
3	2	6114	0
3	2	6115	0
3	2	6116	0
3	2	6117	4
3	2	6118	0
3	2	6119	0
3	2	6120	10
3	2	6121	0
3	2	6122	0
3	2	6123	0
3	2	6124	0
3	2	6125	0
3	2	6126	0
3	2	6127	0
3	2	6128	0
3	2	6129	0
3	2	6130	1
3	2	6131	1
3	2	6132	0
3	2	6133	0
3	2	6134	1
3	2	6135	0
3	2	6136	0
3	2	6137	0
3	2	6138	0
3	2	6139	0
3	2	6140	0
3	2	6141	7
3	2	6142	3
3	2	6143	0
3	2	6144	3
3	2	6145	0
3	2	6146	0
3	2	6147	9
3	2	6148	0
3	2	6149	0
3	2	6150	0
3	2	6151	0
3	2	6152	0
3	2	6153	0
3	2	6154	0
3	2	6155	3
3	2	6156	0
3	2	6157	0
3	2	6158	0
3	2	6159	0
3	2	6160	0
3	2	6161	0
3	2	6162	0
3	2	6163	17
3	2	6164	5
3	2	6165	0
3	2	6166	2
3	2	6167	2
3	2	6168	0
3	2	6169	0
3	2	6170	0
3	2	6171	0
3	2	6172	1
3	2	6173	1
3	2	6174	0
3	2	6175	2
3	2	6176	0
3	2	6177	0
3	2	6178	4
3	2	6179	3
3	2	6180	0
3	2	6181	0
3	2	6182	0
3	2	6183	10
3	2	6184	6
3	2	6185	0
3	2	6186	2
3	2	6187	0
3	2	6188	6
3	2	6189	0
3	2	6190	0
3	2	6191	3
3	2	6192	0
3	2	6193	0
3	2	6194	0
3	2	6195	2
3	2	6196	0
3	2	6197	0
3	2	6198	10
3	2	6199	1
3	2	6200	0
3	2	6201	7
3	2	6202	0
3	2	6203	0
3	2	6204	0
3	2	6205	0
3	2	6206	6
3	2	6207	1
3	2	6208	0
3	2	6209	0
3	2	6210	0
3	2	6211	0
3	2	6212	0
3	2	6213	0
3	2	6214	8
3	2	6215	0
3	2	6216	7
3	2	6217	9
3	2	6218	3
3	2	6219	2
3	2	6220	0
3	2	6221	0
3	2	6222	0
3	2	6223	0
3	2	6224	0
3	2	6225	0
3	2	6226	3
3	2	6227	0
3	2	6228	0
3	2	6229	0
3	2	6230	1
3	2	6231	0
3	2	6232	0
3	2	6233	0
3	2	6234	2
3	2	6235	6
3	2	6236	0
3	2	6237	0
3	2	6238	0
3	2	6239	0
3	2	6240	0
3	2	6241	0
3	2	6242	0
3	2	6243	0
3	2	6244	8
3	2	6245	1
3	2	6246	4
3	2	6247	0
3	2	6248	0
3	2	6249	0
3	2	6250	0
3	2	6251	0
3	2	6252	0
3	2	6253	0
3	2	6254	0
3	2	6255	0
3	2	6256	2
3	2	6257	7
3	2	6258	0
3	2	6259	0
3	2	6260	2
3	2	6261	1
3	2	6262	2
3	2	6263	2
3	2	6264	0
3	2	6265	0
3	2	6266	0
3	2	6267	1
3	2	6268	0
3	2	6269	42
3	2	6270	0
3	2	6271	6
3	2	6272	0
3	2	6273	6
3	2	6274	0
3	2	6275	0
3	2	6276	0
3	2	6277	2
3	2	6278	0
3	2	6279	5
3	2	6280	8
3	2	6281	0
3	2	6282	3
3	2	6283	2
3	2	6284	1
3	2	6285	1
3	2	6286	0
3	2	6287	0
3	2	6288	0
3	2	6289	0
3	2	6290	1
3	2	6291	0
3	2	6292	1
3	2	6293	0
3	2	6294	5
3	2	6295	0
3	2	6296	1
3	2	6297	0
3	2	6298	3
3	2	6299	0
3	2	6300	0
3	2	6301	5
3	2	6302	1
3	2	6303	0
3	2	6304	0
3	2	6305	0
3	2	6306	0
3	2	6307	0
3	2	6308	1
3	2	6309	19
3	2	6310	0
3	2	6311	0
3	2	6312	0
3	2	6313	0
3	2	6314	2
3	2	6315	0
3	2	6316	0
3	2	6317	4
3	2	6318	12
3	2	6319	0
3	2	6320	0
3	2	6321	0
3	2	6322	0
3	2	6323	0
3	2	6324	0
3	2	6325	2
3	2	6326	0
3	2	6327	0
3	2	6328	5
3	2	6329	0
3	2	6330	0
3	2	6331	10
3	2	6332	0
3	2	6333	0
3	2	6334	4
3	2	6335	0
3	2	6336	2
3	2	6337	0
3	2	6338	0
3	2	6339	0
3	2	6340	0
3	2	6341	0
3	2	6342	0
3	2	6343	0
3	2	6344	5
3	2	6345	0
3	2	6346	0
3	2	6347	1
3	2	6348	0
3	2	6349	0
3	2	6350	3
3	2	6351	0
3	2	6352	0
3	2	6353	0
3	2	6354	4
3	2	6355	0
3	2	6356	8
3	2	6357	0
3	2	6358	0
3	2	6359	2
3	2	6360	5
3	2	6361	0
3	2	6362	0
3	2	6363	2
3	2	6364	0
3	2	6365	3
3	2	6366	0
3	2	6367	0
3	2	6368	0
3	2	6369	0
3	2	6370	5
3	2	6371	0
3	2	6372	0
3	2	6373	0
3	2	6374	0
3	2	6375	5
3	2	6376	0
3	2	6377	0
3	2	6378	0
3	2	6379	1
3	2	6380	0
3	2	6381	7
3	2	6382	0
3	2	6383	0
3	2	6384	0
3	2	6385	0
3	2	6386	4
3	2	6387	4
3	2	6388	0
3	2	6389	8
3	2	6390	4
3	2	6391	0
3	2	6392	8
3	2	6393	0
3	2	6394	0
3	2	6395	0
3	2	6396	0
3	2	6397	0
3	2	6398	2
3	2	6399	0
3	2	6400	0
3	2	6401	1
3	2	6402	0
3	2	6403	0
3	2	6404	0
3	2	6405	1
3	2	6406	0
3	2	6407	0
3	2	6408	0
3	2	6409	4
3	2	6410	0
3	2	6411	0
3	2	6412	0
3	2	6413	0
3	2	6414	0
3	2	6415	0
3	2	6416	6
3	2	6417	0
3	2	6418	6
3	2	6419	0
3	2	6420	0
3	2	6421	3
3	2	6422	2
3	2	6423	3
3	2	6424	0
3	2	6425	3
3	2	6426	1
3	2	6427	0
3	2	6428	0
3	2	6429	3
3	2	6430	0
3	2	6431	2
3	2	6432	0
3	2	6433	0
3	2	6434	0
3	2	6435	0
3	2	6436	0
3	2	6437	0
3	2	6438	0
3	2	6439	0
3	2	6440	0
3	2	6441	0
3	2	6442	0
3	2	6443	0
3	2	6444	0
3	2	6445	0
3	2	6446	1
3	2	6447	0
3	2	6448	0
3	2	6449	2
3	2	6450	0
3	2	6451	0
3	2	6452	0
3	2	6453	0
3	2	6454	3
3	2	6455	0
3	2	6456	11
3	2	6457	0
3	2	6458	0
3	2	6459	0
3	2	6460	0
3	2	6461	0
3	2	6462	0
3	2	6463	0
3	2	6464	0
3	2	6465	0
3	2	6466	3
3	2	6467	3
3	2	6468	0
3	2	6469	0
3	2	6470	9
3	2	6471	0
3	2	6472	0
3	2	6473	12
3	2	6474	0
3	2	6475	10
3	2	6476	0
3	2	6477	0
3	2	6478	0
3	2	6479	6
3	2	6480	0
3	2	6481	0
3	2	6482	0
3	2	6483	0
3	2	6484	0
3	2	6485	4
3	2	6486	4
3	2	6487	0
3	2	6488	4
3	2	6489	0
3	2	6490	2
3	2	6491	0
3	2	6492	0
3	2	6493	0
3	2	6494	4
3	2	6495	0
3	2	6496	1
3	2	6497	9
3	2	6498	12
3	2	6499	0
3	2	6500	0
3	2	6501	0
3	2	6502	0
3	2	6503	0
3	2	6504	2
3	2	6505	0
3	2	6506	0
3	2	6507	0
3	2	6508	0
3	2	6509	3
3	2	6510	0
3	2	6511	9
3	2	6512	1
3	2	6513	0
3	2	6514	0
3	2	6515	0
3	2	6516	3
3	2	6517	0
3	2	6518	0
3	2	6519	4
3	2	6520	0
3	2	6521	0
3	2	6522	0
3	2	6523	10
3	2	6524	0
3	2	6525	0
3	2	6526	0
3	2	6527	2
3	2	6528	0
3	2	6529	0
3	2	6530	0
3	2	6531	0
3	2	6532	3
3	2	6533	2
3	2	6534	0
3	2	6535	0
3	2	6536	0
3	2	6537	0
3	2	6538	0
3	2	6539	0
3	2	6540	0
3	2	6541	0
3	2	6542	0
3	2	6543	3
3	2	6544	0
3	2	6545	0
3	2	6546	0
3	2	6547	4
3	2	6548	4
3	2	6549	0
3	2	6550	0
3	2	6551	0
3	2	6552	4
3	2	6553	0
3	2	6554	0
3	2	6555	0
3	2	6556	0
3	2	6557	11
3	2	6558	0
3	2	6559	0
3	2	6560	0
3	2	6561	1
3	2	6562	0
3	2	6563	0
3	2	6564	0
3	2	6565	0
3	2	6566	1
3	2	6567	0
3	2	6568	0
3	2	6569	2
3	2	6570	0
3	2	6571	0
3	2	6572	0
3	2	6573	0
3	2	6574	0
3	2	6575	1
3	2	6576	0
3	2	6577	0
3	2	6578	9
3	2	6579	0
3	2	6580	0
3	2	6581	0
3	2	6582	4
3	2	6583	0
3	2	6584	0
3	2	6585	0
3	2	6586	0
3	2	6587	0
3	2	6588	2
3	2	6589	0
3	2	6590	3
3	2	6591	5
3	2	6592	0
3	2	6593	0
3	2	6594	0
3	2	6595	0
3	2	6596	1
3	2	6597	0
3	2	6598	2
3	2	6599	2
3	2	6600	1
3	2	6601	0
3	2	6602	1
3	2	6603	0
3	2	6604	0
3	2	6605	0
3	2	6606	2
3	2	6607	0
3	2	6608	0
3	2	6609	0
3	2	6610	14
3	2	6611	0
3	2	6612	0
3	2	6613	1
3	2	6614	0
3	2	6615	0
3	2	6616	5
3	2	6617	0
3	2	6618	0
3	2	6619	0
3	2	6620	0
3	2	6621	9
3	2	6622	0
3	2	6623	0
3	2	6624	0
3	2	6625	0
3	2	6626	0
3	2	6627	6
3	2	6628	0
3	2	6629	0
3	2	6630	3
3	2	6631	0
3	2	6632	2
3	2	6633	0
3	2	6634	0
3	2	6635	1
3	2	6636	0
3	2	6637	0
3	2	6638	0
3	2	6639	3
3	2	6640	0
3	2	6641	0
3	2	6642	0
3	2	6643	17
3	2	6644	0
3	2	6645	3
3	2	6646	0
3	2	6647	0
3	2	6648	0
3	2	6649	0
3	2	6650	0
3	2	6651	0
3	2	6652	0
3	2	6653	0
3	2	6654	5
3	2	6655	0
3	2	6656	0
3	2	6657	0
3	2	6658	0
3	2	6659	0
3	2	6660	1
3	2	6661	9
3	2	6662	0
3	2	6663	0
3	2	6664	0
3	2	6665	0
3	2	6666	1
3	2	6667	0
3	2	6668	0
3	2	6669	0
3	2	6670	0
3	2	6671	0
3	2	6672	0
3	2	6673	0
3	2	6674	4
3	2	6675	0
3	2	6676	2
3	2	6677	1
3	2	6678	0
3	2	6679	0
3	2	6680	0
3	2	6681	2
3	2	6682	0
3	2	6683	0
3	2	6684	0
3	2	6685	0
3	2	6686	0
3	2	6687	0
3	2	6688	0
3	2	6689	9
3	2	6690	4
3	2	6691	0
3	2	6692	2
3	2	6693	0
3	2	6694	6
3	2	6695	0
3	2	6696	0
3	2	6697	6
3	2	6698	0
3	2	6699	0
3	2	6700	12
3	2	6701	0
3	2	6702	8
3	2	6703	0
3	2	6704	0
3	2	6705	1
3	2	6706	0
3	2	6707	2
3	2	6708	5
3	2	6709	0
3	2	6710	4
3	2	6711	8
3	2	6712	0
3	2	6713	0
3	2	6714	8
3	2	6715	0
3	2	6716	1
3	2	6717	1
3	2	6718	0
3	2	6719	0
3	2	6720	0
3	2	6721	14
3	2	6722	0
3	2	6723	7
3	2	6724	0
3	2	6725	8
3	2	6726	0
3	2	6727	0
3	2	6728	0
3	2	6729	0
3	2	6730	0
3	2	6731	0
3	2	6732	0
3	2	6733	0
3	2	6734	0
3	2	6735	0
3	2	6736	0
3	2	6737	0
3	2	6738	0
3	2	6739	1
3	2	6740	0
3	2	6741	0
3	2	6742	1
3	2	6743	2
3	2	6744	0
3	2	6745	3
3	2	6746	9
3	2	6747	0
3	2	6748	0
3	2	6749	1
3	2	6750	0
3	2	6751	0
3	2	6752	2
3	2	6753	0
3	2	6754	0
3	2	6755	0
3	2	6756	0
3	2	6757	0
3	2	6758	0
3	2	6759	1
3	2	6760	0
3	2	6761	7
3	2	6762	0
3	2	6763	0
3	2	6764	0
3	2	6765	0
3	2	6766	0
3	2	6767	0
3	2	6768	0
3	2	6769	0
3	2	6770	1
3	2	6771	0
3	2	6772	0
3	2	6773	6
3	2	6774	0
3	2	6775	0
3	2	6776	0
3	2	6777	0
3	2	6778	0
3	2	6779	16
3	2	6780	10
3	2	6781	0
3	2	6782	0
3	2	6783	0
3	2	6784	0
3	2	6785	0
3	2	6786	0
3	2	6787	0
3	2	6788	0
3	2	6789	0
3	2	6790	0
3	2	6791	1
3	2	6792	0
3	2	6793	0
3	2	6794	2
3	2	6795	0
3	2	6796	0
3	2	6797	0
3	2	6798	0
3	2	6799	0
3	2	6800	0
3	2	6801	1
3	2	6802	0
3	2	6803	0
3	2	6804	0
3	2	6805	0
3	2	6806	0
3	2	6807	3
3	2	6808	0
3	2	6809	0
3	2	6810	0
3	2	6811	0
3	2	6812	0
3	2	6813	0
3	2	6814	0
3	2	6815	0
3	2	6816	0
3	2	6817	4
3	2	6818	0
3	2	6819	1
3	2	6820	2
3	2	6821	5
3	2	6822	4
3	2	6823	0
3	2	6824	0
3	2	6825	2
3	2	6826	0
3	2	6827	0
3	2	6828	0
3	2	6829	14
3	2	6830	4
3	2	6831	2
3	2	6832	0
3	2	6833	3
3	2	6834	0
3	2	6835	0
3	2	6836	0
3	2	6837	0
3	2	6838	1
3	2	6839	0
3	2	6840	2
3	2	6841	0
3	2	6842	0
3	2	6843	0
3	2	6844	0
3	2	6845	1
3	2	6846	0
3	2	6847	0
3	2	6848	3
3	2	6849	0
3	2	6850	0
3	2	6851	15
3	2	6852	1
3	2	6853	0
3	2	6854	0
3	2	6855	3
3	2	6856	0
3	2	6857	0
3	2	6858	2
3	2	6859	0
3	2	6860	3
3	2	6861	0
3	2	6862	0
3	2	6863	0
3	2	6864	0
3	2	6865	0
3	2	6866	0
3	2	6867	1
3	2	6868	0
3	2	6869	0
3	2	6870	0
3	2	6871	0
3	2	6872	1
3	2	6873	0
3	2	6874	6
3	2	6875	0
3	2	6876	0
3	2	6877	3
3	2	6878	2
3	2	6879	4
3	2	6880	0
3	2	6881	0
3	2	6882	2
3	2	6883	1
3	2	6884	0
3	2	6885	7
3	2	6886	0
3	2	6887	0
3	2	6888	0
3	2	6889	0
3	2	6890	0
3	2	6891	0
3	2	6892	0
3	2	6893	0
3	2	6894	0
3	2	6895	0
3	2	6896	2
3	2	6897	0
3	2	6898	0
3	2	6899	0
3	2	6900	2
3	2	6901	0
3	2	6902	5
3	2	6903	0
3	2	6904	0
3	2	6905	4
3	2	6906	0
3	2	6907	0
3	2	6908	13
3	2	6909	0
3	2	6910	0
3	2	6911	7
3	2	6912	0
3	2	6913	2
3	2	6914	1
3	2	6915	3
3	2	6916	0
3	2	6917	0
3	2	6918	0
3	2	6919	0
3	2	6920	0
3	2	6921	0
3	2	6922	0
3	2	6923	0
3	2	6924	0
3	2	6925	3
3	2	6926	1
3	2	6927	8
3	2	6928	3
3	2	6929	0
3	2	6930	0
3	2	6931	3
3	2	6932	0
3	2	6933	0
3	2	6934	6
3	2	6935	0
3	2	6936	8
3	2	6937	0
3	2	6938	6
3	2	6939	0
3	2	6940	0
3	2	6941	0
3	2	6942	2
3	2	6943	0
3	2	6944	0
3	2	6945	1
3	2	6946	0
3	2	6947	0
3	2	6948	0
3	2	6949	14
3	2	6950	0
3	2	6951	0
3	2	6952	0
3	2	6953	0
3	2	6954	0
3	2	6955	4
3	2	6956	0
3	2	6957	1
3	2	6958	0
3	2	6959	0
3	2	6960	0
3	2	6961	0
3	2	6962	0
3	2	6963	0
3	2	6964	0
3	2	6965	0
3	2	6966	1
3	2	6967	13
3	2	6968	0
3	2	6969	0
3	2	6970	3
3	2	6971	0
3	2	6972	0
3	2	6973	0
3	2	6974	0
3	2	6975	0
3	2	6976	3
3	2	6977	3
3	2	6978	0
3	2	6979	0
3	2	6980	1
3	2	6981	1
3	2	6982	0
3	2	6983	0
3	2	6984	0
3	2	6985	5
3	2	6986	0
3	2	6987	0
3	2	6988	0
3	2	6989	0
3	2	6990	4
3	2	6991	11
3	2	6992	0
3	2	6993	0
3	2	6994	0
3	2	6995	6
3	2	6996	4
3	2	6997	0
3	2	6998	0
3	2	6999	0
3	2	7000	2
3	2	7001	1
3	2	7002	1
3	2	7003	0
3	2	7004	0
3	2	7005	0
3	2	7006	0
3	2	7007	0
3	2	7008	0
3	2	7009	0
3	2	7010	0
3	2	7011	0
3	2	7012	0
3	2	7013	2
3	2	7014	0
3	2	7015	0
3	2	7016	1
3	2	7017	0
3	2	7018	10
3	2	7019	0
3	2	7020	18
3	2	7021	0
3	2	7022	0
3	2	7023	0
3	2	7024	0
3	2	7025	0
3	2	7026	0
3	2	7027	0
3	2	7028	0
3	2	7029	2
3	2	7030	0
3	2	7031	0
3	2	7032	0
3	2	7033	0
3	2	7034	0
3	2	7035	0
3	2	7036	0
3	2	7037	0
3	2	7038	6
3	2	7039	0
3	2	7040	0
3	2	7041	0
3	2	7042	0
3	2	7043	0
3	2	7044	0
3	2	7045	0
3	2	7046	0
3	2	7047	2
3	2	7048	3
3	2	7049	0
3	2	7050	0
3	2	7051	7
3	2	7052	0
3	2	7053	1
3	2	7054	0
3	2	7055	0
3	2	7056	0
3	2	7057	0
3	2	7058	0
3	2	7059	0
3	2	7060	0
3	2	7061	0
3	2	7062	0
3	2	7063	2
3	2	7064	6
3	2	7065	0
3	2	7066	0
3	2	7067	0
3	2	7068	3
3	2	7069	0
3	2	7070	0
3	2	7071	0
3	2	7072	8
3	2	7073	0
3	2	7074	0
3	2	7075	0
3	2	7076	9
3	2	7077	0
3	2	7078	1
3	2	7079	0
3	2	7080	3
3	2	7081	0
3	2	7082	7
3	2	7083	0
3	2	7084	1
3	2	7085	0
3	2	7086	0
3	2	7087	0
3	2	7088	0
3	2	7089	0
3	2	7090	0
3	2	7091	1
3	2	7092	10
3	2	7093	0
3	2	7094	0
3	2	7095	0
3	2	7096	3
3	2	7097	0
3	2	7098	8
3	2	7099	0
3	2	7100	0
3	2	7101	0
3	2	7102	0
3	2	7103	0
3	2	7104	1
3	2	7105	3
3	2	7106	0
3	2	7107	21
3	2	7108	0
3	2	7109	8
3	2	7110	4
3	2	7111	0
3	2	7112	0
3	2	7113	0
3	2	7114	0
3	2	7115	0
3	2	7116	0
3	2	7117	0
3	2	7118	0
3	2	7119	0
3	2	7120	0
3	2	7121	0
3	2	7122	0
3	2	7123	4
3	2	7124	3
3	2	7125	0
3	2	7126	0
3	2	7127	13
3	2	7128	0
3	2	7129	12
3	2	7130	5
3	2	7131	9
3	2	7132	0
3	2	7133	0
3	2	7134	0
3	2	7135	1
3	2	7136	14
3	2	7137	1
3	2	7138	0
3	2	7139	1
3	2	7140	0
3	2	7141	0
3	2	7142	1
3	2	7143	0
3	2	7144	9
3	2	7145	8
3	2	7146	0
3	2	7147	0
3	2	7148	0
3	2	7149	2
3	2	7150	1
3	2	7151	0
3	2	7152	0
3	2	7153	0
3	2	7154	3
3	2	7155	0
3	2	7156	0
3	2	7157	10
3	2	7158	4
3	2	7159	0
3	2	7160	0
3	2	7161	6
3	2	7162	0
3	2	7163	0
3	2	7164	0
3	2	7165	3
3	2	7166	8
3	2	7167	0
3	2	7168	0
3	2	7169	0
3	2	7170	0
3	2	7171	0
3	2	7172	0
3	2	7173	0
3	2	7174	0
3	2	7175	1
3	2	7176	0
3	2	7177	0
3	2	7178	0
3	2	7179	0
3	2	7180	9
3	2	7181	4
3	2	7182	0
3	2	7183	0
3	2	7184	0
3	2	7185	3
3	2	7186	2
3	2	7187	0
3	2	7188	0
3	2	7189	5
3	2	7190	0
3	2	7191	3
3	2	7192	9
3	2	7193	0
3	2	7194	0
3	2	7195	0
3	2	7196	7
3	2	7197	0
3	2	7198	0
3	2	7199	0
3	2	7200	0
3	2	7201	2
3	2	7202	0
3	2	7203	0
3	2	7204	5
3	2	7205	0
3	2	7206	0
3	2	7207	10
3	2	7208	4
3	2	7209	0
3	2	7210	0
3	2	7211	0
3	2	7212	3
3	2	7213	4
3	2	7214	3
3	2	7215	11
3	2	7216	0
3	2	7217	2
3	2	7218	0
3	2	7219	0
3	2	7220	3
3	2	7221	0
3	2	7222	0
3	2	7223	13
3	2	7224	0
3	2	7225	0
3	2	7226	10
3	2	7227	0
3	2	7228	0
3	2	7229	0
3	2	7230	0
3	2	7231	0
3	2	7232	5
3	2	7233	1
3	2	7234	0
3	2	7235	0
3	2	7236	0
3	2	7237	0
3	2	7238	2
3	2	7239	6
3	2	7240	0
3	2	7241	0
3	2	7242	6
3	2	7243	1
3	2	7244	0
3	2	7245	0
3	2	7246	0
3	2	7247	0
3	2	7248	7
3	2	7249	0
3	2	7250	0
3	2	7251	0
3	2	7252	0
3	2	7253	4
3	2	7254	0
3	2	7255	0
3	2	7256	0
3	2	7257	0
3	2	7258	0
3	2	7259	4
3	2	7260	0
3	2	7261	17
3	2	7262	0
3	2	7263	3
3	2	7264	1
3	2	7265	0
3	2	7266	0
3	2	7267	0
3	2	7268	0
3	2	7269	0
3	2	7270	0
3	2	7271	0
3	2	7272	0
3	2	7273	0
3	2	7274	0
3	2	7275	0
3	2	7276	0
3	2	7277	4
3	2	7278	0
3	2	7279	0
3	2	7280	0
3	2	7281	2
3	2	7282	0
3	2	7283	14
3	2	7284	9
3	2	7285	0
3	2	7286	0
3	2	7287	0
3	2	7288	3
3	2	7289	0
3	2	7290	1
3	2	7291	0
3	2	7292	0
3	2	7293	0
3	2	7294	1
3	2	7295	0
3	2	7296	1
3	2	7297	0
3	2	7298	0
3	2	7299	0
3	2	7300	0
3	2	7301	0
3	2	7302	0
3	2	7303	1
3	2	7304	3
3	2	7305	0
3	2	7306	2
3	2	7307	1
3	2	7308	0
3	2	7309	0
3	2	7310	0
3	2	7311	0
3	2	7312	7
3	2	7313	6
3	2	7314	0
3	2	7315	1
3	2	7316	0
3	2	7317	0
3	2	7318	0
3	2	7319	4
3	2	7320	0
3	2	7321	0
3	2	7322	0
3	2	7323	0
3	2	7324	0
3	2	7325	0
3	2	7326	1
3	2	7327	0
3	2	7328	0
3	2	7329	0
3	2	7330	1
3	2	7331	0
3	2	7332	0
3	2	7333	0
3	2	7334	4
3	2	7335	3
3	2	7336	0
3	2	7337	0
3	2	7338	0
3	2	7339	1
3	2	7340	5
3	2	7341	5
3	2	7342	2
3	2	7343	0
3	2	7344	9
3	2	7345	0
3	2	7346	0
3	2	7347	0
3	2	7348	0
3	2	7349	9
3	2	7350	0
3	2	7351	0
3	2	7352	1
3	2	7353	0
3	2	7354	0
3	2	7355	0
3	2	7356	0
3	2	7357	7
3	2	7358	3
3	2	7359	4
3	2	7360	0
3	2	7361	1
3	2	7362	5
3	2	7363	0
3	2	7364	0
3	2	7365	0
3	2	7366	0
3	2	7367	0
3	2	7368	0
3	2	7369	0
3	2	7370	0
3	2	7371	0
3	2	7372	6
3	2	7373	6
3	2	7374	0
3	2	7375	0
3	2	7376	0
3	2	7377	0
3	2	7378	0
3	2	7379	0
3	2	7380	0
3	2	7381	0
3	2	7382	0
3	2	7383	0
3	2	7384	0
3	2	7385	0
3	2	7386	5
3	2	7387	0
3	2	7388	4
3	2	7389	0
3	2	7390	0
3	2	7391	0
3	2	7392	1
3	2	7393	0
3	2	7394	0
3	2	7395	0
3	2	7396	5
3	2	7397	0
3	2	7398	0
3	2	7399	1
3	2	7400	0
3	2	7401	0
3	2	7402	0
3	2	7403	0
3	2	7404	0
3	2	7405	2
3	2	7406	0
3	2	7407	0
3	2	7408	0
3	2	7409	0
3	2	7410	0
3	2	7411	0
3	2	7412	15
3	2	7413	0
3	2	7414	0
3	2	7415	0
3	2	7416	0
3	2	7417	0
3	2	7418	0
3	2	7419	1
3	2	7420	0
3	2	7421	1
3	2	7422	0
3	2	7423	0
3	2	7424	0
3	2	7425	1
3	2	7426	0
3	2	7427	0
3	2	7428	16
3	2	7429	0
3	2	7430	0
3	2	7431	0
3	2	7432	0
3	2	7433	24
3	2	7434	0
3	2	7435	0
3	2	7436	0
3	2	7437	0
3	2	7438	0
3	2	7439	0
3	2	7440	0
3	2	7441	9
3	2	7442	1
3	2	7443	0
3	2	7444	0
3	2	7445	2
3	2	7446	0
3	2	7447	0
3	2	7448	0
3	2	7449	9
3	2	7450	0
3	2	7451	0
3	2	7452	15
3	2	7453	0
3	2	7454	1
3	2	7455	0
3	2	7456	6
3	2	7457	0
3	2	7458	5
3	2	7459	0
3	2	7460	0
3	2	7461	0
3	2	7462	0
3	2	7463	11
3	2	7464	0
3	2	7465	0
3	2	7466	1
3	2	7467	0
3	2	7468	1
3	2	7469	0
3	2	7470	0
3	2	7471	0
3	2	7472	0
3	2	7473	15
3	2	7474	5
3	2	7475	0
3	2	7476	0
3	2	7477	1
3	2	7478	0
3	2	7479	0
3	2	7480	0
3	2	7481	6
3	2	7482	0
3	2	7483	0
3	2	7484	0
3	2	7485	7
3	2	7486	1
3	2	7487	0
3	2	7488	0
3	2	7489	0
3	2	7490	0
3	2	7491	0
3	2	7492	2
3	2	7493	9
3	2	7494	0
3	2	7495	0
3	2	7496	3
3	2	7497	2
3	2	7498	4
3	2	7499	0
3	2	7500	0
3	2	7501	0
3	2	7502	0
3	2	7503	2
3	2	7504	0
3	2	7505	0
3	2	7506	0
3	2	7507	3
3	2	7508	0
3	2	7509	4
3	2	7510	12
3	2	7511	0
3	2	7512	8
3	2	7513	2
3	2	7514	13
3	2	7515	0
3	2	7516	0
3	2	7517	1
3	2	7518	0
3	2	7519	0
3	2	7520	2
3	2	7521	0
3	2	7522	6
3	2	7523	12
3	2	7524	0
3	2	7525	2
3	2	7526	0
3	2	7527	6
3	2	7528	0
3	2	7529	0
3	2	7530	2
3	2	7531	0
3	2	7532	1
3	2	7533	0
3	2	7534	0
3	2	7535	0
3	2	7536	1
3	2	7537	9
3	2	7538	0
3	2	7539	0
3	2	7540	24
3	2	7541	0
3	2	7542	0
3	2	7543	0
3	2	7544	0
3	2	7545	0
3	2	7546	0
3	2	7547	5
3	2	7548	0
3	2	7549	2
3	2	7550	6
3	2	7551	3
3	2	7552	5
3	2	7553	0
3	2	7554	8
3	2	7555	0
3	2	7556	7
3	2	7557	0
3	2	7558	2
3	2	7559	0
3	2	7560	0
3	2	7561	13
3	2	7562	11
3	2	7563	0
3	2	7564	0
3	2	7565	0
3	2	7566	1
3	2	7567	0
3	2	7568	2
3	2	7569	0
3	2	7570	0
3	2	7571	0
3	2	7572	0
3	2	7573	4
3	2	7574	0
3	2	7575	0
3	2	7576	0
3	2	7577	0
3	2	7578	0
3	2	7579	6
3	2	7580	0
3	2	7581	0
3	2	7582	0
3	2	7583	5
3	2	7584	0
3	2	7585	0
3	2	7586	1
3	2	7587	0
3	2	7588	0
3	2	7589	0
3	2	7590	0
3	2	7591	0
3	2	7592	0
3	2	7593	0
3	2	7594	0
3	2	7595	0
3	2	7596	0
3	2	7597	5
3	2	7598	0
3	2	7599	4
3	2	7600	0
3	2	7601	2
3	2	7602	0
3	2	7603	5
3	2	7604	0
3	2	7605	0
3	2	7606	1
3	2	7607	0
3	2	7608	0
3	2	7609	3
3	2	7610	5
3	2	7611	0
3	2	7612	0
3	2	7613	1
3	2	7614	0
3	2	7615	4
3	2	7616	0
3	2	7617	0
3	2	7618	1
3	2	7619	0
3	2	7620	3
3	2	7621	0
3	2	7622	9
3	2	7623	2
3	2	7624	4
3	2	7625	0
3	2	7626	0
3	2	7627	1
3	2	7628	14
3	2	7629	2
3	2	7630	4
3	2	7631	4
3	2	7632	0
3	2	7633	0
3	2	7634	0
3	2	7635	3
3	2	7636	0
3	2	7637	0
3	2	7638	0
3	2	7639	1
3	2	7640	1
3	2	7641	0
3	2	7642	0
3	2	7643	0
3	2	7644	0
3	2	7645	0
3	2	7646	7
3	2	7647	0
3	2	7648	2
3	2	7649	9
3	2	7650	0
3	2	7651	0
3	2	7652	0
3	2	7653	1
3	2	7654	3
3	2	7655	0
3	2	7656	0
3	2	7657	0
3	2	7658	0
3	2	7659	0
3	2	7660	0
3	2	7661	0
3	2	7662	0
3	2	7663	0
3	2	7664	0
3	2	7665	1
3	2	7666	0
3	2	7667	3
3	2	7668	0
3	2	7669	0
3	2	7670	0
3	2	7671	0
3	2	7672	8
3	2	7673	0
3	2	7674	0
3	2	7675	2
3	2	7676	0
3	2	7677	0
3	2	7678	0
3	2	7679	6
3	2	7680	0
3	2	7681	0
3	2	7682	0
3	2	7683	0
3	2	7684	4
3	2	7685	0
3	2	7686	0
3	2	7687	0
3	2	7688	1
3	2	7689	0
3	2	7690	0
3	2	7691	3
3	2	7692	2
3	2	7693	0
3	2	7694	6
3	2	7695	1
3	2	7696	0
3	2	7697	0
3	2	7698	5
3	2	7699	0
3	2	7700	15
3	2	7701	0
3	2	7702	0
3	2	7703	0
3	2	7704	0
3	2	7705	0
3	2	7706	1
3	2	7707	9
3	2	7708	0
3	2	7709	0
3	2	7710	0
3	2	7711	0
3	2	7712	2
3	2	7713	0
3	2	7714	0
3	2	7715	0
3	2	7716	0
3	2	7717	0
3	2	7718	0
3	2	7719	0
3	2	7720	0
3	2	7721	0
3	2	7722	1
3	2	7723	0
3	2	7724	11
3	2	7725	0
3	2	7726	0
3	2	7727	0
3	2	7728	1
3	2	7729	0
3	2	7730	1
3	2	7731	0
3	2	7732	0
3	2	7733	0
3	2	7734	8
3	2	7735	0
3	2	7736	2
3	2	7737	4
3	2	7738	0
3	2	7739	0
3	2	7740	0
3	2	7741	1
3	2	7742	0
3	2	7743	0
3	2	7744	0
3	2	7745	4
3	2	7746	0
3	2	7747	0
3	2	7748	1
3	2	7749	0
3	2	7750	0
3	2	7751	0
3	2	7752	0
3	2	7753	0
3	2	7754	0
3	2	7755	0
3	2	7756	0
3	2	7757	6
3	2	7758	4
3	2	7759	0
3	2	7760	6
3	2	7761	0
3	2	7762	0
3	2	7763	0
3	2	7764	4
3	2	7765	0
3	2	7766	16
3	2	7767	3
3	2	7768	3
3	2	7769	0
3	2	7770	5
3	2	7771	0
3	2	7772	0
3	2	7773	0
3	2	7774	6
3	2	7775	2
3	2	7776	0
3	2	7777	0
3	2	7778	0
3	2	7779	0
3	2	7780	0
3	2	7781	0
3	2	7782	0
3	2	7783	4
3	2	7784	0
3	2	7785	34
3	2	7786	0
3	2	7787	6
3	2	7788	0
3	2	7789	0
3	2	7790	0
3	2	7791	0
3	2	7792	0
3	2	7793	0
3	2	7794	0
3	2	7795	0
3	2	7796	1
3	2	7797	0
3	2	7798	0
3	2	7799	2
3	2	7800	0
3	2	7801	0
3	2	7802	3
3	2	7803	0
3	2	7804	0
3	2	7805	13
3	2	7806	8
3	2	7807	0
3	2	7808	2
3	2	7809	0
3	2	7810	0
3	2	7811	0
3	2	7812	0
3	2	7813	0
3	2	7814	0
3	2	7815	4
3	2	7816	0
3	2	7817	0
3	2	7818	3
3	2	7819	0
3	2	7820	0
3	2	7821	0
3	2	7822	0
3	2	7823	1
3	2	7824	0
3	2	7825	0
3	2	7826	9
3	2	7827	0
3	2	7828	4
3	2	7829	0
3	2	7830	0
3	2	7831	0
3	2	7832	0
3	2	7833	0
3	2	7834	0
3	2	7835	0
3	2	7836	10
3	2	7837	2
3	2	7838	0
3	2	7839	0
3	2	7840	0
3	2	7841	2
3	2	7842	0
3	2	7843	0
3	2	7844	1
3	2	7845	0
3	2	7846	1
3	2	7847	0
3	2	7848	0
3	2	7849	0
3	2	7850	6
3	2	7851	0
3	2	7852	0
3	2	7853	0
3	2	7854	0
3	2	7855	0
3	2	7856	0
3	2	7857	0
3	2	7858	0
3	2	7859	7
3	2	7860	1
3	2	7861	0
3	2	7862	0
3	2	7863	0
3	2	7864	1
3	2	7865	0
3	2	7866	0
3	2	7867	1
3	2	7868	0
3	2	7869	0
3	2	7870	0
3	2	7871	0
3	2	7872	4
3	2	7873	0
3	2	7874	0
3	2	7875	0
3	2	7876	0
3	2	7877	3
3	2	7878	0
3	2	7879	0
3	2	7880	0
3	2	7881	0
3	2	7882	0
3	2	7883	0
3	2	7884	0
3	2	7885	0
3	2	7886	0
3	2	7887	0
3	2	7888	0
3	2	7889	0
3	2	7890	9
3	2	7891	0
3	2	7892	0
3	2	7893	0
3	2	7894	1
3	2	7895	0
3	2	7896	9
3	2	7897	0
3	2	7898	9
3	2	7899	6
3	2	7900	0
3	2	7901	12
3	2	7902	1
3	2	7903	10
3	2	7904	0
3	2	7905	0
3	2	7906	0
3	2	7907	0
3	2	7908	0
3	2	7909	0
3	2	7910	0
3	2	7911	0
3	2	7912	3
3	2	7913	0
3	2	7914	1
3	2	7915	0
3	2	7916	1
3	2	7917	14
3	2	7918	0
3	2	7919	0
3	2	7920	0
3	2	7921	0
3	2	7922	0
3	2	7923	0
3	2	7924	2
3	2	7925	0
3	2	7926	0
3	2	7927	0
3	2	7928	0
3	2	7929	0
3	2	7930	0
3	2	7931	0
3	2	7932	0
3	2	7933	0
3	2	7934	0
3	2	7935	0
3	2	7936	0
3	2	7937	5
3	2	7938	0
3	2	7939	3
3	2	7940	0
3	2	7941	0
3	2	7942	0
3	2	7943	0
3	2	7944	0
3	2	7945	0
3	2	7946	0
3	2	7947	0
3	2	7948	2
3	2	7949	0
3	2	7950	0
3	2	7951	0
3	2	7952	0
3	2	7953	0
3	2	7954	0
3	2	7955	0
3	2	7956	0
3	2	7957	0
3	2	7958	0
3	2	7959	12
3	2	7960	3
3	2	7961	1
3	2	7962	0
3	2	7963	8
3	2	7964	3
3	2	7965	0
3	2	7966	0
3	2	7967	1
3	2	7968	0
3	2	7969	0
3	2	7970	0
3	2	7971	0
3	2	7972	4
3	2	7973	0
3	2	7974	1
3	2	7975	4
3	2	7976	7
3	2	7977	0
3	2	7978	0
3	2	7979	0
3	2	7980	0
3	2	7981	0
3	2	7982	0
3	2	7983	0
3	2	7984	0
3	2	7985	0
3	2	7986	6
3	2	7987	0
3	2	7988	0
3	2	7989	3
3	2	7990	15
3	2	7991	0
3	2	7992	0
3	2	7993	0
3	2	7994	0
3	2	7995	17
3	2	7996	0
3	2	7997	0
3	2	7998	0
3	2	7999	0
3	2	8000	2
3	2	8001	2
3	2	8002	6
3	2	8003	2
3	2	8004	2
3	2	8005	2
3	2	8006	0
3	2	8007	0
3	2	8008	1
3	2	8009	0
3	2	8010	13
3	2	8011	0
3	2	8012	0
3	2	8013	0
3	2	8014	0
3	2	8015	0
3	2	8016	0
3	2	8017	0
3	2	8018	0
3	2	8019	0
3	2	8020	0
3	2	8021	0
3	2	8022	0
3	2	8023	13
3	2	8024	8
3	2	8025	9
3	2	8026	0
3	2	8027	0
3	2	8028	11
3	2	8029	3
3	2	8030	1
3	2	8031	6
3	2	8032	2
3	2	8033	0
3	2	8034	15
3	2	8035	0
3	2	8036	7
3	2	8037	0
3	2	8038	0
3	2	8039	0
3	2	8040	0
3	2	8041	0
3	2	8042	0
3	2	8043	0
3	2	8044	3
3	2	8045	0
3	2	8046	0
3	2	8047	0
3	2	8048	2
3	2	8049	5
3	2	8050	5
3	2	8051	0
3	2	8052	0
3	2	8053	0
3	2	8054	0
3	2	8055	0
3	2	8056	7
3	2	8057	2
3	2	8058	2
3	2	8059	0
3	2	8060	0
3	2	8061	0
3	2	8062	0
3	2	8063	0
3	2	8064	0
3	2	8065	0
3	2	8066	0
3	2	8067	0
3	2	8068	0
3	2	8069	0
3	2	8070	0
3	2	8071	0
3	2	8072	0
3	2	8073	13
3	2	8074	4
3	2	8075	0
3	2	8076	0
3	2	8077	0
3	2	8078	0
3	2	8079	0
3	2	8080	0
3	2	8081	9
3	2	8082	0
3	2	8083	0
3	2	8084	0
3	2	8085	0
3	2	8086	14
3	2	8087	2
3	2	8088	1
3	2	8089	0
3	2	8090	0
3	2	8091	0
3	2	8092	0
3	2	8093	0
3	2	8094	0
3	2	8095	2
3	2	8096	1
3	2	8097	3
3	2	8098	0
3	2	8099	12
3	2	8100	2
3	2	8101	9
3	2	8102	0
3	2	8103	0
3	2	8104	0
3	2	8105	0
3	2	8106	0
3	2	8107	0
3	2	8108	0
3	2	8109	8
3	2	8110	0
3	2	8111	0
3	2	8112	13
3	2	8113	3
3	2	8114	2
3	2	8115	0
3	2	8116	2
3	2	8117	5
3	2	8118	2
3	2	8119	0
3	2	8120	0
3	2	8121	5
3	2	8122	0
3	2	8123	0
3	2	8124	0
3	2	8125	8
3	2	8126	0
3	2	8127	0
3	2	8128	2
3	2	8129	0
3	2	8130	3
3	2	8131	0
3	2	8132	0
3	2	8133	0
3	2	8134	0
3	2	8135	0
3	2	8136	5
3	2	8137	0
3	2	8138	1
3	2	8139	0
3	2	8140	0
3	2	8141	0
3	2	8142	0
3	2	8143	0
3	2	8144	0
3	2	8145	0
3	2	8146	0
3	2	8147	0
3	2	8148	5
3	2	8149	6
3	2	8150	12
3	2	8151	0
3	2	8152	9
3	2	8153	2
3	2	8154	5
3	2	8155	2
3	2	8156	2
3	2	8157	5
3	2	8158	0
3	2	8159	0
3	2	8160	0
3	2	8161	16
3	2	8162	1
3	2	8163	0
3	2	8164	11
3	2	8165	2
3	2	8166	2
3	2	8167	0
3	2	8168	0
3	2	8169	1
3	2	8170	1
3	2	8171	0
3	2	8172	4
3	2	8173	2
3	2	8174	0
3	2	8175	0
3	2	8176	0
3	2	8177	0
3	2	8178	3
3	2	8179	1
3	2	8180	0
3	2	8181	0
3	2	8182	4
3	2	8183	0
3	2	8184	3
3	2	8185	0
3	2	8186	0
3	2	8187	0
3	2	8188	0
3	2	8189	0
3	2	8190	0
3	2	8191	0
3	2	8192	0
3	2	8193	0
3	2	8194	3
3	2	8195	0
3	2	8196	4
3	2	8197	0
3	2	8198	1
3	2	8199	0
3	2	8200	0
3	2	8201	0
3	2	8202	0
3	2	8203	0
3	2	8204	0
3	2	8205	0
3	2	8206	0
3	2	8207	0
3	2	8208	0
3	2	8209	0
3	2	8210	0
3	2	8211	3
3	2	8212	3
3	2	8213	0
3	2	8214	0
3	2	8215	0
3	2	8216	0
3	2	8217	1
3	2	8218	1
3	2	8219	0
3	2	8220	3
3	2	8221	0
3	2	8222	3
3	2	8223	1
3	2	8224	2
3	2	8225	0
3	2	8226	0
3	2	8227	3
3	2	8228	0
3	2	8229	3
3	2	8230	0
3	2	8231	0
3	2	8232	6
3	2	8233	0
3	2	8234	1
3	2	8235	0
3	2	8236	1
3	2	8237	0
3	2	8238	0
3	2	8239	2
3	2	8240	4
3	2	8241	1
3	2	8242	0
3	2	8243	0
3	2	8244	4
3	2	8245	0
3	2	8246	0
3	2	8247	0
3	2	8248	0
3	2	8249	2
3	2	8250	2
3	2	8251	0
3	2	8252	0
3	2	8253	0
3	2	8254	0
3	2	8255	0
3	2	8256	1
3	2	8257	0
3	2	8258	0
3	2	8259	1
3	2	8260	0
3	2	8261	0
3	2	8262	0
3	2	8263	0
3	2	8264	1
3	2	8265	0
3	2	8266	4
3	2	8267	1
3	2	8268	0
3	2	8269	0
3	2	8270	0
3	2	8271	0
3	2	8272	0
3	2	8273	6
3	2	8274	0
3	2	8275	0
3	2	8276	3
3	2	8277	1
3	2	8278	1
3	2	8279	0
3	2	8280	0
3	2	8281	0
3	2	8282	4
3	2	8283	0
3	2	8284	0
3	2	8285	2
3	2	8286	0
3	2	8287	0
3	2	8288	0
3	2	8289	0
3	2	8290	4
3	2	8291	0
3	2	8292	4
3	2	8293	6
3	2	8294	2
3	2	8295	0
3	2	8296	0
3	2	8297	0
3	2	8298	0
3	2	8299	1
3	2	8300	0
3	2	8301	0
3	2	8302	0
3	2	8303	0
3	2	8304	6
3	2	8305	0
3	2	8306	0
3	2	8307	0
3	2	8308	0
3	2	8309	0
3	2	8310	0
3	2	8311	0
3	2	8312	2
3	2	8313	0
3	2	8314	0
3	2	8315	3
3	2	8316	2
3	2	8317	1
3	2	8318	0
3	2	8319	0
3	2	8320	0
3	2	8321	0
3	2	8322	1
3	2	8323	3
3	2	8324	0
3	2	8325	0
3	2	8326	0
3	2	8327	0
3	2	8328	0
3	2	8329	5
3	2	8330	12
3	2	8331	0
3	2	8332	4
3	2	8333	0
3	2	8334	0
3	2	8335	0
3	2	8336	8
3	2	8337	0
3	2	8338	0
3	2	8339	2
3	2	8340	0
3	2	8341	1
3	2	8342	0
3	2	8343	0
3	2	8344	0
3	2	8345	5
3	2	8346	0
3	2	8347	0
3	2	8348	0
3	2	8349	0
3	2	8350	0
3	2	8351	0
3	2	8352	0
3	2	8353	0
3	2	8354	4
3	2	8355	0
3	2	8356	16
3	2	8357	0
3	2	8358	0
3	2	8359	0
3	2	8360	0
3	2	8361	0
3	2	8362	0
3	2	8363	0
3	2	8364	0
3	2	8365	0
3	2	8366	0
3	2	8367	0
3	2	8368	0
3	2	8369	2
3	2	8370	0
3	2	8371	0
3	2	8372	6
3	2	8373	0
3	2	8374	1
3	2	8375	0
3	2	8376	1
3	2	8377	1
3	2	8378	0
3	2	8379	0
3	2	8380	6
3	2	8381	0
3	2	8382	2
3	2	8383	8
3	2	8384	0
3	2	8385	0
3	2	8386	0
3	2	8387	1
3	2	8388	2
3	2	8389	0
3	2	8390	0
3	2	8391	0
3	2	8392	0
3	2	8393	0
3	2	8394	0
3	2	8395	5
3	2	8396	0
3	2	8397	11
3	2	8398	0
3	2	8399	0
3	2	8400	0
3	2	8401	5
3	2	8402	0
3	2	8403	0
3	2	8404	0
3	2	8405	2
3	2	8406	2
3	2	8407	0
3	2	8408	0
3	2	8409	0
3	2	8410	1
3	2	8411	0
3	2	8412	0
3	2	8413	1
3	2	8414	0
3	2	8415	0
3	2	8416	0
3	2	8417	0
3	2	8418	0
3	2	8419	0
3	2	8420	0
3	2	8421	0
3	2	8422	2
3	2	8423	0
3	2	8424	0
3	2	8425	3
3	2	8426	0
3	2	8427	1
3	2	8428	0
3	2	8429	0
3	2	8430	0
3	2	8431	0
3	2	8432	0
3	2	8433	0
3	2	8434	0
3	2	8435	4
3	2	8436	2
3	2	8437	3
3	2	8438	1
3	2	8439	0
3	2	8440	0
3	2	8441	9
3	2	8442	0
3	2	8443	0
3	2	8444	0
3	2	8445	0
3	2	8446	0
3	2	8447	0
3	2	8448	15
3	2	8449	0
3	2	8450	0
3	2	8451	2
3	2	8452	0
3	2	8453	0
3	2	8454	12
3	2	8455	0
3	2	8456	7
3	2	8457	0
3	2	8458	0
3	2	8459	0
3	2	8460	0
3	2	8461	1
3	2	8462	0
3	2	8463	0
3	2	8464	0
3	2	8465	1
3	2	8466	0
3	2	8467	6
3	2	8468	6
3	2	8469	0
3	2	8470	4
3	2	8471	3
3	2	8472	0
3	2	8473	0
3	2	8474	1
3	2	8475	0
3	2	8476	0
3	2	8477	0
3	2	8478	3
3	2	8479	0
3	2	8480	0
3	2	8481	0
3	2	8482	0
3	2	8483	0
3	2	8484	0
3	2	8485	3
3	2	8486	0
3	2	8487	0
3	2	8488	0
3	2	8489	0
3	2	8490	0
3	2	8491	11
3	2	8492	0
3	2	8493	0
3	2	8494	0
3	2	8495	3
3	2	8496	1
3	2	8497	0
3	2	8498	0
3	2	8499	2
3	2	8500	0
3	2	8501	0
3	2	8502	0
3	2	8503	0
3	2	8504	0
3	2	8505	0
3	2	8506	0
3	2	8507	3
3	2	8508	3
3	2	8509	0
3	2	8510	5
3	2	8511	0
3	2	8512	2
3	2	8513	0
3	2	8514	5
3	2	8515	0
3	2	8516	0
3	2	8517	4
3	2	8518	2
3	2	8519	0
3	2	8520	0
3	2	8521	0
3	2	8522	0
3	2	8523	0
3	2	8524	0
3	2	8525	0
3	2	8526	5
3	2	8527	0
3	2	8528	0
3	2	8529	0
3	2	8530	2
3	2	8531	18
3	2	8532	0
3	2	8533	0
3	2	8534	0
3	2	8535	1
3	2	8536	0
3	2	8537	0
3	2	8538	2
3	2	8539	2
3	2	8540	2
3	2	8541	0
3	2	8542	3
3	2	8543	0
3	2	8544	0
3	2	8545	5
3	2	8546	7
3	2	8547	4
3	2	8548	0
3	2	8549	0
3	2	8550	0
3	2	8551	0
3	2	8552	6
3	2	8553	0
3	2	8554	14
3	2	8555	0
3	2	8556	0
3	2	8557	0
3	2	8558	0
3	2	8559	0
3	2	8560	5
3	2	8561	2
3	2	8562	4
3	2	8563	3
3	2	8564	0
3	2	8565	0
3	2	8566	0
3	2	8567	0
3	2	8568	0
3	2	8569	0
3	2	8570	1
3	2	8571	0
3	2	8572	0
3	2	8573	0
3	2	8574	1
3	2	8575	0
3	2	8576	0
3	2	8577	0
3	2	8578	0
3	2	8579	0
3	2	8580	14
3	2	8581	0
3	2	8582	0
3	2	8583	0
3	2	8584	0
3	2	8585	0
3	2	8586	11
3	2	8587	0
3	2	8588	2
3	2	8589	7
3	2	8590	0
3	2	8591	0
3	2	8592	3
3	2	8593	0
3	2	8594	5
3	2	8595	2
3	2	8596	2
3	2	8597	0
3	2	8598	9
3	2	8599	1
3	2	8600	4
3	2	8601	0
3	2	8602	0
3	2	8603	1
3	2	8604	0
3	2	8605	0
3	2	8606	0
3	2	8607	0
3	2	8608	8
3	2	8609	0
3	2	8610	0
3	2	8611	2
3	2	8612	1
3	2	8613	6
3	2	8614	0
3	2	8615	1
3	2	8616	0
3	2	8617	2
3	2	8618	2
3	2	8619	1
3	2	8620	0
3	2	8621	4
3	2	8622	0
3	2	8623	6
3	2	8624	1
3	2	8625	4
3	2	8626	0
3	2	8627	0
3	2	8628	0
3	2	8629	0
3	2	8630	0
3	2	8631	7
3	2	8632	0
3	2	8633	0
3	2	8634	0
3	2	8635	0
3	2	8636	0
3	2	8637	6
3	2	8638	0
3	2	8639	2
3	2	8640	0
3	2	8641	0
3	2	8642	0
3	2	8643	0
3	2	8644	3
3	2	8645	0
3	2	8646	0
3	2	8647	4
3	2	8648	0
3	2	8649	0
3	2	8650	12
3	2	8651	0
3	2	8652	4
3	2	8653	3
3	2	8654	1
3	2	8655	0
3	2	8656	12
3	2	8657	0
3	2	8658	0
3	2	8659	0
3	2	8660	0
3	2	8661	2
3	2	8662	0
3	2	8663	0
3	2	8664	0
3	2	8665	0
3	2	8666	0
3	2	8667	0
3	2	8668	22
3	2	8669	0
3	2	8670	0
3	2	8671	0
3	2	8672	0
3	2	8673	0
3	2	8674	1
3	2	8675	0
3	2	8676	2
3	2	8677	0
3	2	8678	0
3	2	8679	0
3	2	8680	10
3	2	8681	11
3	2	8682	0
3	2	8683	0
3	2	8684	0
3	2	8685	0
3	2	8686	0
3	2	8687	6
3	2	8688	7
3	2	8689	3
3	2	8690	12
3	2	8691	0
3	2	8692	0
3	2	8693	0
3	2	8694	0
3	2	8695	2
3	2	8696	0
3	2	8697	3
3	2	8698	0
3	2	8699	5
3	2	8700	0
3	2	8701	0
3	2	8702	9
3	2	8703	0
3	2	8704	0
3	2	8705	0
3	2	8706	0
3	2	8707	0
3	2	8708	0
3	2	8709	0
3	2	8710	0
3	2	8711	10
3	2	8712	0
3	2	8713	0
3	2	8714	0
3	2	8715	0
3	2	8716	0
3	2	8717	6
3	2	8718	0
3	2	8719	0
3	2	8720	22
3	2	8721	4
3	2	8722	0
3	2	8723	0
3	2	8724	1
3	2	8725	0
3	2	8726	0
3	2	8727	0
3	2	8728	0
3	2	8729	0
3	2	8730	0
3	2	8731	6
3	2	8732	0
3	2	8733	0
3	2	8734	9
3	2	8735	7
3	2	8736	0
3	2	8737	0
3	2	8738	0
3	2	8739	0
3	2	8740	0
3	2	8741	3
3	2	8742	0
3	2	8743	9
3	2	8744	15
3	2	8745	4
3	2	8746	0
3	2	8747	1
3	2	8748	0
3	2	8749	0
3	2	8750	0
3	2	8751	0
3	2	8752	7
3	2	8753	7
3	2	8754	0
3	2	8755	0
3	2	8756	0
3	2	8757	0
3	2	8758	0
3	2	8759	0
3	2	8760	1
3	2	8761	0
3	2	8762	0
3	2	8763	1
3	2	8764	0
3	2	8765	9
3	2	8766	0
3	2	8767	0
3	2	8768	6
3	2	8769	0
3	2	8770	9
3	2	8771	2
3	2	8772	0
3	2	8773	10
3	2	8774	0
3	2	8775	9
3	2	8776	1
3	2	8777	0
3	2	8778	0
3	2	8779	2
3	2	8780	1
3	2	8781	0
3	2	8782	3
3	2	8783	0
3	2	8784	0
3	2	8785	0
3	2	8786	1
3	2	8787	0
3	2	8788	0
3	2	8789	0
3	2	8790	9
3	2	8791	0
3	2	8792	0
3	2	8793	1
3	2	8794	0
3	2	8795	0
3	2	8796	9
3	2	8797	0
3	2	8798	0
3	2	8799	0
3	2	8800	0
3	2	8801	0
3	2	8802	2
3	2	8803	17
3	2	8804	0
3	2	8805	3
3	2	8806	0
3	2	8807	0
3	2	8808	1
3	2	8809	0
3	2	8810	0
3	2	8811	1
3	2	8812	0
3	2	8813	0
3	2	8814	0
3	2	8815	0
3	2	8816	0
3	2	8817	0
3	2	8818	0
3	2	8819	1
3	2	8820	4
3	2	8821	0
3	2	8822	0
3	2	8823	0
3	2	8824	0
3	2	8825	1
3	2	8826	1
3	2	8827	2
3	2	8828	0
3	2	8829	0
3	2	8830	0
3	2	8831	7
3	2	8832	0
3	2	8833	0
3	2	8834	0
3	2	8835	0
3	2	8836	0
3	2	8837	0
3	2	8838	0
3	2	8839	2
3	2	8840	0
3	2	8841	0
3	2	8842	6
3	2	8843	0
3	2	8844	0
3	2	8845	0
3	2	8846	0
3	2	8847	5
3	2	8848	0
3	2	8849	0
3	2	8850	0
3	2	8851	0
3	2	8852	0
3	2	8853	13
3	2	8854	0
3	2	8855	2
3	2	8856	0
3	2	8857	0
3	2	8858	0
3	2	8859	0
3	2	8860	0
3	2	8861	6
3	2	8862	2
3	2	8863	0
3	2	8864	0
3	2	8865	0
3	2	8866	5
3	2	8867	0
3	2	8868	0
3	2	8869	0
3	2	8870	3
3	2	8871	0
3	2	8872	0
3	2	8873	0
3	2	8874	0
3	2	8875	0
3	2	8876	4
3	2	8877	0
3	2	8878	0
3	2	8879	0
3	2	8880	0
3	2	8881	3
3	2	8882	0
3	2	8883	0
3	2	8884	3
3	2	8885	0
3	2	8886	4
3	2	8887	0
3	2	8888	0
3	2	8889	0
3	2	8890	0
3	2	8891	0
3	2	8892	0
3	2	8893	0
3	2	8894	11
3	2	8895	1
3	2	8896	0
3	2	8897	17
3	2	8898	0
3	2	8899	0
3	2	8900	0
3	2	8901	4
3	2	8902	0
3	2	8903	1
3	2	8904	3
3	2	8905	0
3	2	8906	1
3	2	8907	1
3	2	8908	0
3	2	8909	5
3	2	8910	0
3	2	8911	0
3	2	8912	1
3	2	8913	0
3	2	8914	0
3	2	8915	2
3	2	8916	0
3	2	8917	0
3	2	8918	8
3	2	8919	0
3	2	8920	2
3	2	8921	0
3	2	8922	2
3	2	8923	0
3	2	8924	3
3	2	8925	0
3	2	8926	0
3	2	8927	0
3	2	8928	0
3	2	8929	0
3	2	8930	0
3	2	8931	0
3	2	8932	0
3	2	8933	5
3	2	8934	0
3	2	8935	0
3	2	8936	3
3	2	8937	0
3	2	8938	8
3	2	8939	0
3	2	8940	2
3	2	8941	0
3	2	8942	0
3	2	8943	0
3	2	8944	0
3	2	8945	3
3	2	8946	0
3	2	8947	0
3	2	8948	0
3	2	8949	0
3	2	8950	0
3	2	8951	1
3	2	8952	0
3	2	8953	0
3	2	8954	5
3	2	8955	1
3	2	8956	2
3	2	8957	0
3	2	8958	0
3	2	8959	0
3	2	8960	0
3	2	8961	0
3	2	8962	0
3	2	8963	9
3	2	8964	0
3	2	8965	1
3	2	8966	1
3	2	8967	9
3	2	8968	5
3	2	8969	0
3	2	8970	0
3	2	8971	0
3	2	8972	0
3	2	8973	0
3	2	8974	0
3	2	8975	0
3	2	8976	0
3	2	8977	0
3	2	8978	2
3	2	8979	0
3	2	8980	0
3	2	8981	10
3	2	8982	4
3	2	8983	0
3	2	8984	4
3	2	8985	0
3	2	8986	0
3	2	8987	0
3	2	8988	0
3	2	8989	0
3	2	8990	0
3	2	8991	0
3	2	8992	3
3	2	8993	0
3	2	8994	3
3	2	8995	0
3	2	8996	0
3	2	8997	1
3	2	8998	0
3	2	8999	1
3	2	9000	2
3	2	9001	0
3	2	9002	0
3	2	9003	2
3	2	9004	0
3	2	9005	0
3	2	9006	0
3	2	9007	0
3	2	9008	0
3	2	9009	13
3	2	9010	0
3	2	9011	1
3	2	9012	0
3	2	9013	0
3	2	9014	6
3	2	9015	0
3	2	9016	0
3	2	9017	0
3	2	9018	0
3	2	9019	0
3	2	9020	0
3	2	9021	0
3	2	9022	0
3	2	9023	0
3	2	9024	0
3	2	9025	0
3	2	9026	0
3	2	9027	0
3	2	9028	0
3	2	9029	0
3	2	9030	0
3	2	9031	0
3	2	9032	0
3	2	9033	0
3	2	9034	1
3	2	9035	0
3	2	9036	1
3	2	9037	7
3	2	9038	0
3	2	9039	0
3	2	9040	0
3	2	9041	0
3	2	9042	0
3	2	9043	0
3	2	9044	0
3	2	9045	0
3	2	9046	0
3	2	9047	0
3	2	9048	0
3	2	9049	0
3	2	9050	0
3	2	9051	0
3	2	9052	3
3	2	9053	0
3	2	9054	0
3	2	9055	0
3	2	9056	0
3	2	9057	0
3	2	9058	0
3	2	9059	4
3	2	9060	0
3	2	9061	1
3	2	9062	3
3	2	9063	6
3	2	9064	2
3	2	9065	2
3	2	9066	10
3	2	9067	0
3	2	9068	0
3	2	9069	5
3	2	9070	0
3	2	9071	6
3	2	9072	2
3	2	9073	0
3	2	9074	0
3	2	9075	0
3	2	9076	0
3	2	9077	0
3	2	9078	0
3	2	9079	0
3	2	9080	0
3	2	9081	0
3	2	9082	0
3	2	9083	0
3	2	9084	0
3	2	9085	0
3	2	9086	0
3	2	9087	1
3	2	9088	0
3	2	9089	12
3	2	9090	0
3	2	9091	8
3	2	9092	0
3	2	9093	0
3	2	9094	1
3	2	9095	9
3	2	9096	0
3	2	9097	4
3	2	9098	0
3	2	9099	0
3	2	9100	2
3	2	9101	0
3	2	9102	2
3	2	9103	2
3	2	9104	0
3	2	9105	0
3	2	9106	0
3	2	9107	2
3	2	9108	3
3	2	9109	0
3	2	9110	9
3	2	9111	0
3	2	9112	8
3	2	9113	0
3	2	9114	0
3	2	9115	8
3	2	9116	0
3	2	9117	0
3	2	9118	0
3	2	9119	0
3	2	9120	0
3	2	9121	0
3	2	9122	4
3	2	9123	0
3	2	9124	0
3	2	9125	0
3	2	9126	0
3	2	9127	5
3	2	9128	0
3	2	9129	1
3	2	9130	0
3	2	9131	2
3	2	9132	2
3	2	9133	0
3	2	9134	4
3	2	9135	0
3	2	9136	0
3	2	9137	0
3	2	9138	4
3	2	9139	0
3	2	9140	0
3	2	9141	0
3	2	9142	0
3	2	9143	0
3	2	9144	0
3	2	9145	4
3	2	9146	3
3	2	9147	0
3	2	9148	0
3	2	9149	7
3	2	9150	10
3	2	9151	16
3	2	9152	0
3	2	9153	1
3	2	9154	0
3	2	9155	0
3	2	9156	0
3	2	9157	0
3	2	9158	0
3	2	9159	2
3	2	9160	1
3	2	9161	5
3	2	9162	0
3	2	9163	0
3	2	9164	3
3	2	9165	5
3	2	9166	0
3	2	9167	0
3	2	9168	0
3	2	9169	0
3	2	9170	0
3	2	9171	4
3	2	9172	0
3	2	9173	2
3	2	9174	0
3	2	9175	7
3	2	9176	7
3	2	9177	0
3	2	9178	0
3	2	9179	0
3	2	9180	0
3	2	9181	0
3	2	9182	0
3	2	9183	0
3	2	9184	10
3	2	9185	0
3	2	9186	0
3	2	9187	0
3	2	9188	0
3	2	9189	3
3	2	9190	0
3	2	9191	16
3	2	9192	17
3	2	9193	0
3	2	9194	0
3	2	9195	0
3	2	9196	0
3	2	9197	8
3	2	9198	2
3	2	9199	2
3	2	9200	8
3	2	9201	0
3	2	9202	2
3	2	9203	16
3	2	9204	0
3	2	9205	0
3	2	9206	0
3	2	9207	0
3	2	9208	0
3	2	9209	0
3	2	9210	0
3	2	9211	0
3	2	9212	0
3	2	9213	0
3	2	9214	7
3	2	9215	8
3	2	9216	0
3	2	9217	0
3	2	9218	0
3	2	9219	0
3	2	9220	0
3	2	9221	7
3	2	9222	0
3	2	9223	3
3	2	9224	0
3	2	9225	0
3	2	9226	0
3	2	9227	0
3	2	9228	0
3	2	9229	0
3	2	9230	5
3	2	9231	0
3	2	9232	2
3	2	9233	0
3	2	9234	0
3	2	9235	8
3	2	9236	0
3	2	9237	0
3	2	9238	0
3	2	9239	0
3	2	9240	6
3	2	9241	0
3	2	9242	0
3	2	9243	0
3	2	9244	0
3	2	9245	0
3	2	9246	2
3	2	9247	0
3	2	9248	2
3	2	9249	1
3	2	9250	1
3	2	9251	0
3	2	9252	0
3	2	9253	1
3	2	9254	0
3	2	9255	0
3	2	9256	0
3	2	9257	0
3	2	9258	4
3	2	9259	0
3	2	9260	0
3	2	9261	0
3	2	9262	0
3	2	9263	1
3	2	9264	0
3	2	9265	0
3	2	9266	0
3	2	9267	0
3	2	9268	1
3	2	9269	6
3	2	9270	12
3	2	9271	8
3	2	9272	0
3	2	9273	0
3	2	9274	0
3	2	9275	0
3	2	9276	0
3	2	9277	0
3	2	9278	0
3	2	9279	0
3	2	9280	3
3	2	9281	0
3	2	9282	0
3	2	9283	6
3	2	9284	1
3	2	9285	5
3	2	9286	0
3	2	9287	0
3	2	9288	0
3	2	9289	0
3	2	9290	4
3	2	9291	0
3	2	9292	0
3	2	9293	4
3	2	9294	0
3	2	9295	0
3	2	9296	0
3	2	9297	2
3	2	9298	0
3	2	9299	1
3	2	9300	3
3	2	9301	0
3	2	9302	2
3	2	9303	0
3	2	9304	3
3	2	9305	0
3	2	9306	0
3	2	9307	4
3	2	9308	0
3	2	9309	0
3	2	9310	1
3	2	9311	6
3	2	9312	0
3	2	9313	0
3	2	9314	0
3	2	9315	0
3	2	9316	0
3	2	9317	0
3	2	9318	6
3	2	9319	0
3	2	9320	0
3	2	9321	4
3	2	9322	3
3	2	9323	0
3	2	9324	1
3	2	9325	0
3	2	9326	0
3	2	9327	0
3	2	9328	2
3	2	9329	0
3	2	9330	0
3	2	9331	0
3	2	9332	0
3	2	9333	0
3	2	9334	0
3	2	9335	0
3	2	9336	8
3	2	9337	0
3	2	9338	0
3	2	9339	0
3	2	9340	0
3	2	9341	20
3	2	9342	7
3	2	9343	0
3	2	9344	0
3	2	9345	0
3	2	9346	0
3	2	9347	0
3	2	9348	0
3	2	9349	0
3	2	9350	8
3	2	9351	0
3	2	9352	0
3	2	9353	0
3	2	9354	0
3	2	9355	3
3	2	9356	0
3	2	9357	1
3	2	9358	4
3	2	9359	0
3	2	9360	1
3	2	9361	0
3	2	9362	7
3	2	9363	0
3	2	9364	7
3	2	9365	0
3	2	9366	0
3	2	9367	0
3	2	9368	8
3	2	9369	0
3	2	9370	0
3	2	9371	0
3	2	9372	0
3	2	9373	0
3	2	9374	10
3	2	9375	2
3	2	9376	0
3	2	9377	0
3	2	9378	0
3	2	9379	1
3	2	9380	3
3	2	9381	0
3	2	9382	0
3	2	9383	2
3	2	9384	0
3	2	9385	5
3	2	9386	4
3	2	9387	0
3	2	9388	0
3	2	9389	0
3	2	9390	3
3	2	9391	8
3	2	9392	0
3	2	9393	2
3	2	9394	0
3	2	9395	0
3	2	9396	0
3	2	9397	9
3	2	9398	1
3	2	9399	3
3	2	9400	2
3	2	9401	0
3	2	9402	0
3	2	9403	4
3	2	9404	0
3	2	9405	0
3	2	9406	0
3	2	9407	0
3	2	9408	0
3	2	9409	0
3	2	9410	9
3	2	9411	0
3	2	9412	0
3	2	9413	1
3	2	9414	0
3	2	9415	7
3	2	9416	0
3	2	9417	0
3	2	9418	4
3	2	9419	0
3	2	9420	0
3	2	9421	4
3	2	9422	14
3	2	9423	2
3	2	9424	6
3	2	9425	0
3	2	9426	0
3	2	9427	0
3	2	9428	0
3	2	9429	3
3	2	9430	0
3	2	9431	3
3	2	9432	0
3	2	9433	0
3	2	9434	0
3	2	9435	0
3	2	9436	0
3	2	9437	0
3	2	9438	0
3	2	9439	0
3	2	9440	1
3	2	9441	0
3	2	9442	2
3	2	9443	0
3	2	9444	0
3	2	9445	8
3	2	9446	0
3	2	9447	0
3	2	9448	0
3	2	9449	0
3	2	9450	0
3	2	9451	0
3	2	9452	21
3	2	9453	0
3	2	9454	0
3	2	9455	0
3	2	9456	0
3	2	9457	10
3	2	9458	5
3	2	9459	2
3	2	9460	5
3	2	9461	0
3	2	9462	0
3	2	9463	0
3	2	9464	5
3	2	9465	8
3	2	9466	3
3	2	9467	0
3	2	9468	0
3	2	9469	0
3	2	9470	0
3	2	9471	3
3	2	9472	1
3	2	9473	0
3	2	9474	0
3	2	9475	0
3	2	9476	0
3	2	9477	1
3	2	9478	2
3	2	9479	0
3	2	9480	0
3	2	9481	0
3	2	9482	0
3	2	9483	0
3	2	9484	1
3	2	9485	0
3	2	9486	0
3	2	9487	0
3	2	9488	0
3	2	9489	7
3	2	9490	0
3	2	9491	0
3	2	9492	5
3	2	9493	0
3	2	9494	0
3	2	9495	2
3	2	9496	5
3	2	9497	4
3	2	9498	0
3	2	9499	0
3	2	9500	9
3	2	9501	0
3	2	9502	1
3	2	9503	0
3	2	9504	0
3	2	9505	0
3	2	9506	7
3	2	9507	0
3	2	9508	0
3	2	9509	0
3	2	9510	0
3	2	9511	8
3	2	9512	4
3	2	9513	0
3	2	9514	0
3	2	9515	0
3	2	9516	0
3	2	9517	0
3	2	9518	0
3	2	9519	0
3	2	9520	0
3	2	9521	0
3	2	9522	8
3	2	9523	3
3	2	9524	1
3	2	9525	0
3	2	9526	6
3	2	9527	0
3	2	9528	0
3	2	9529	0
3	2	9530	0
3	2	9531	1
3	2	9532	0
3	2	9533	0
3	2	9534	0
3	2	9535	19
3	2	9536	0
3	2	9537	1
3	2	9538	0
3	2	9539	1
3	2	9540	0
3	2	9541	0
3	2	9542	7
3	2	9543	0
3	2	9544	0
3	2	9545	0
3	2	9546	3
3	2	9547	0
3	2	9548	0
3	2	9549	4
3	2	9550	9
3	2	9551	0
3	2	9552	0
3	2	9553	0
3	2	9554	0
3	2	9555	0
3	2	9556	0
3	2	9557	0
3	2	9558	0
3	2	9559	0
3	2	9560	1
3	2	9561	0
3	2	9562	0
3	2	9563	6
3	2	9564	0
3	2	9565	0
3	2	9566	5
3	2	9567	0
3	2	9568	0
3	2	9569	2
3	2	9570	2
3	2	9571	0
3	2	9572	0
3	2	9573	0
3	2	9574	0
3	2	9575	0
3	2	9576	0
3	2	9577	0
3	2	9578	9
3	2	9579	5
3	2	9580	0
3	2	9581	0
3	2	9582	0
3	2	9583	0
3	2	9584	0
3	2	9585	0
3	2	9586	0
3	2	9587	0
3	2	9588	0
3	2	9589	0
3	2	9590	0
3	2	9591	0
3	2	9592	0
3	2	9593	0
3	2	9594	0
3	2	9595	0
3	2	9596	0
3	2	9597	2
3	2	9598	0
3	2	9599	9
3	2	9600	0
3	2	9601	0
3	2	9602	0
3	2	9603	1
3	2	9604	17
3	2	9605	0
3	2	9606	0
3	2	9607	0
3	2	9608	0
3	2	9609	2
3	2	9610	0
3	2	9611	3
3	2	9612	0
3	2	9613	7
3	2	9614	0
3	2	9615	0
3	2	9616	0
3	2	9617	5
3	2	9618	0
3	2	9619	4
3	2	9620	2
3	2	9621	0
3	2	9622	0
3	2	9623	0
3	2	9624	0
3	2	9625	2
3	2	9626	0
3	2	9627	4
3	2	9628	1
3	2	9629	0
3	2	9630	17
3	2	9631	8
3	2	9632	8
3	2	9633	0
