Total_runs	Turns	Color_count
1	0	1
2	0	1
3	0	1
4	0	1
5	0	1
6	0	1
7	0	1
8	0	1
9	0	1
10	0	1
11	0	1
12	0	1
13	0	1
14	0	1
15	0	1
16	0	1
17	0	1
18	0	1
19	0	1
20	0	1
21	0	1
22	0	1
24	0	1
25	0	1
26	0	1
27	0	1
28	0	1
29	0	1
30	0	1
31	0	1
32	0	1
33	0	1
34	0	1
35	0	1
36	0	1
38	0	1
39	0	1
40	0	1
41	0	1
42	0	1
44	0	1
46	0	1
47	0	1
48	0	1
49	0	1
50	0	1
51	0	1
52	0	1
54	0	1
56	0	1
57	0	1
58	0	1
59	0	1
60	0	1
62	0	1
64	0	1
65	0	1
66	0	1
67	0	1
69	0	1
70	0	1
71	0	1
72	0	1
73	0	1
74	0	1
75	0	1
76	0	1
79	0	1
80	0	1
81	0	1
82	0	1
83	0	1
85	0	1
86	0	1
88	0	1
89	0	1
90	0	1
91	0	1
93	0	1
94	0	1
95	0	1
96	0	1
97	0	1
99	0	1
100	0	1
101	0	1
102	0	1
103	0	1
104	0	1
105	0	1
106	0	1
107	0	1
108	0	1
109	0	1
110	0	1
111	0	1
114	0	1
116	0	1
117	0	1
118	0	1
119	0	1
120	0	1
121	0	1
122	0	1
123	0	1
124	0	1
125	0	1
126	0	1
127	0	1
128	0	1
129	0	1
130	0	1
131	0	1
132	0	1
133	0	1
134	0	1
135	0	1
138	0	1
139	0	1
140	0	1
141	0	1
142	0	1
143	0	1
144	0	1
146	0	1
147	0	1
148	0	1
149	0	1
151	0	1
154	0	1
156	0	1
157	0	1
158	0	1
160	0	1
161	0	1
162	0	1
163	0	1
164	0	1
165	0	1
166	0	1
167	0	1
168	0	1
169	0	1
170	0	1
171	0	1
172	0	1
173	0	1
174	0	1
175	0	1
176	0	1
177	0	1
178	0	1
179	0	1
180	0	1
181	0	1
182	0	1
183	0	1
184	0	1
185	0	1
186	0	1
187	0	1
188	0	1
189	0	1
190	0	1
191	0	1
192	0	1
193	0	1
194	0	1
195	0	1
198	0	1
199	0	1
200	0	1
201	0	1
203	0	1
204	0	1
205	0	1
206	0	1
208	0	1
209	0	1
210	0	1
211	0	1
213	0	1
214	0	1
215	0	1
216	0	1
218	0	1
219	0	1
221	0	1
222	0	1
223	0	1
224	0	1
225	0	1
226	0	1
227	0	1
228	0	1
229	0	1
230	0	1
231	0	1
232	0	1
233	0	1
234	0	1
235	0	1
236	0	1
237	0	1
239	0	1
240	0	1
241	0	1
242	0	1
243	0	1
244	0	1
246	0	1
247	0	1
248	0	1
250	0	1
253	0	1
254	0	1
255	0	1
256	0	1
257	0	1
260	0	1
262	0	1
263	0	1
264	0	1
265	0	1
266	0	1
267	0	1
268	0	1
269	0	1
271	0	1
272	0	1
273	0	1
275	0	1
276	0	1
277	0	1
278	0	1
279	0	1
280	0	1
281	0	1
282	0	1
283	0	1
284	0	1
285	0	1
287	0	1
288	0	1
289	0	1
291	0	1
294	0	1
295	0	1
296	0	1
297	0	1
298	0	1
300	0	1
301	0	1
302	0	1
303	0	1
305	0	1
306	0	1
308	0	1
309	0	1
311	0	1
312	0	1
313	0	1
315	0	1
316	0	1
317	0	1
318	0	1
319	0	1
322	0	1
323	0	1
325	0	1
326	0	1
327	0	1
328	0	1
330	0	1
331	0	1
332	0	1
333	0	1
334	0	1
335	0	1
336	0	1
338	0	1
339	0	1
340	0	1
342	0	1
343	0	1
346	0	1
347	0	1
348	0	1
349	0	1
350	0	1
351	0	1
352	0	1
353	0	1
354	0	1
355	0	1
357	0	1
358	0	1
359	0	1
360	0	1
361	0	1
362	0	1
364	0	1
365	0	1
366	0	1
367	0	1
368	0	1
369	0	1
370	0	1
371	0	1
372	0	1
373	0	1
374	0	1
376	0	1
377	0	1
378	0	1
379	0	1
380	0	1
381	0	1
382	0	1
383	0	1
384	0	1
385	0	1
387	0	1
388	0	1
389	0	1
390	0	1
391	0	1
392	0	1
393	0	1
394	0	1
395	0	1
396	0	1
397	0	1
398	0	1
399	0	1
400	0	1
401	0	1
402	0	1
403	0	1
404	0	1
406	0	1
407	0	1
408	0	1
409	0	1
410	0	1
412	0	1
413	0	1
414	0	1
415	0	1
416	0	1
418	0	1
419	0	1
420	0	1
422	0	1
423	0	1
424	0	1
425	0	1
426	0	1
427	0	1
428	0	1
429	0	1
432	0	1
433	0	1
434	0	1
435	0	1
436	0	1
437	0	1
438	0	1
439	0	1
440	0	1
441	0	1
442	0	1
443	0	1
446	0	1
447	0	1
448	0	1
449	0	1
450	0	1
451	0	1
452	0	1
453	0	1
454	0	1
455	0	1
456	0	1
459	0	1
460	0	1
461	0	1
463	0	1
464	0	1
465	0	1
466	0	1
467	0	1
468	0	1
469	0	1
470	0	1
471	0	1
472	0	1
473	0	1
474	0	1
475	0	1
476	0	1
477	0	1
478	0	1
479	0	1
480	0	1
481	0	1
482	0	1
483	0	1
484	0	1
485	0	1
486	0	1
487	0	1
488	0	1
489	0	1
490	0	1
491	0	1
492	0	1
494	0	1
496	0	1
497	0	1
498	0	1
499	0	1
500	0	1
501	0	1
502	0	1
503	0	1
504	0	1
505	0	1
506	0	1
507	0	1
508	0	1
509	0	1
510	0	1
511	0	1
512	0	1
515	0	1
517	0	1
518	0	1
520	0	1
521	0	1
522	0	1
524	0	1
525	0	1
526	0	1
527	0	1
528	0	1
530	0	1
531	0	1
532	0	1
533	0	1
536	0	1
537	0	1
538	0	1
539	0	1
540	0	1
541	0	1
542	0	1
543	0	1
545	0	1
546	0	1
547	0	1
548	0	1
550	0	1
552	0	1
553	0	1
554	0	1
555	0	1
556	0	1
557	0	1
558	0	1
559	0	1
560	0	1
561	0	1
562	0	1
563	0	1
565	0	1
566	0	1
567	0	1
568	0	1
569	0	1
573	0	1
574	0	1
575	0	1
576	0	1
577	0	1
578	0	1
579	0	1
580	0	1
581	0	1
583	0	1
584	0	1
585	0	1
586	0	1
587	0	1
588	0	1
589	0	1
590	0	1
591	0	1
592	0	1
593	0	1
594	0	1
596	0	1
597	0	1
598	0	1
599	0	1
600	0	1
602	0	1
603	0	1
604	0	1
605	0	1
607	0	1
608	0	1
609	0	1
610	0	1
611	0	1
612	0	1
613	0	1
614	0	1
615	0	1
616	0	1
617	0	1
618	0	1
620	0	1
621	0	1
622	0	1
623	0	1
624	0	1
625	0	1
626	0	1
627	0	1
628	0	1
629	0	1
630	0	1
631	0	1
632	0	1
633	0	1
634	0	1
635	0	1
636	0	1
637	0	1
638	0	1
639	0	1
640	0	1
641	0	1
643	0	1
644	0	1
645	0	1
647	0	1
649	0	1
650	0	1
651	0	1
652	0	1
653	0	1
654	0	1
655	0	1
656	0	1
657	0	1
658	0	1
659	0	1
661	0	1
662	0	1
663	0	1
664	0	1
665	0	1
666	0	1
667	0	1
668	0	1
669	0	1
670	0	1
671	0	1
673	0	1
674	0	1
675	0	1
676	0	1
677	0	1
680	0	1
681	0	1
682	0	1
683	0	1
684	0	1
685	0	1
686	0	1
687	0	1
688	0	1
690	0	1
691	0	1
692	0	1
693	0	1
694	0	1
695	0	1
696	0	1
697	0	1
698	0	1
699	0	1
700	0	1
701	0	1
702	0	1
703	0	1
704	0	1
705	0	1
706	0	1
707	0	1
708	0	1
709	0	1
710	0	1
711	0	1
712	0	1
713	0	1
714	0	1
715	0	1
716	0	1
717	0	1
718	0	1
720	0	1
721	0	1
722	0	1
723	0	1
724	0	1
725	0	1
726	0	1
727	0	1
728	0	1
729	0	1
730	0	1
731	0	1
732	0	1
733	0	1
736	0	1
737	0	1
738	0	1
739	0	1
740	0	1
741	0	1
743	0	1
744	0	1
747	0	1
748	0	1
749	0	1
751	0	1
753	0	1
754	0	1
755	0	1
756	0	1
757	0	1
759	0	1
760	0	1
761	0	1
762	0	1
763	0	1
764	0	1
765	0	1
766	0	1
767	0	1
769	0	1
770	0	1
771	0	1
772	0	1
773	0	1
774	0	1
776	0	1
778	0	1
779	0	1
780	0	1
781	0	1
782	0	1
784	0	1
785	0	1
786	0	1
787	0	1
788	0	1
789	0	1
790	0	1
791	0	1
794	0	1
795	0	1
796	0	1
798	0	1
800	0	1
801	0	1
802	0	1
804	0	1
805	0	1
806	0	1
807	0	1
808	0	1
811	0	1
812	0	1
814	0	1
815	0	1
816	0	1
817	0	1
818	0	1
822	0	1
823	0	1
824	0	1
825	0	1
826	0	1
827	0	1
828	0	1
829	0	1
830	0	1
832	0	1
833	0	1
834	0	1
835	0	1
836	0	1
838	0	1
839	0	1
840	0	1
841	0	1
842	0	1
843	0	1
844	0	1
845	0	1
846	0	1
847	0	1
848	0	1
850	0	1
851	0	1
853	0	1
854	0	1
855	0	1
857	0	1
859	0	1
861	0	1
862	0	1
863	0	1
864	0	1
865	0	1
866	0	1
867	0	1
868	0	1
869	0	1
870	0	1
871	0	1
872	0	1
873	0	1
874	0	1
875	0	1
876	0	1
877	0	1
878	0	1
879	0	1
880	0	1
881	0	1
882	0	1
883	0	1
884	0	1
885	0	1
886	0	1
887	0	1
888	0	1
889	0	1
890	0	1
891	0	1
892	0	1
893	0	1
894	0	1
895	0	1
896	0	1
897	0	1
898	0	1
899	0	1
900	0	1
901	0	1
904	0	1
905	0	1
906	0	1
907	0	1
908	0	1
909	0	1
910	0	1
911	0	1
912	0	1
913	0	1
914	0	1
915	0	1
916	0	1
920	0	1
921	0	1
923	0	1
925	0	1
926	0	1
927	0	1
928	0	1
929	0	1
930	0	1
932	0	1
933	0	1
934	0	1
935	0	1
936	0	1
937	0	1
938	0	1
939	0	1
940	0	1
941	0	1
942	0	1
943	0	1
944	0	1
945	0	1
946	0	1
947	0	1
948	0	1
949	0	1
950	0	1
951	0	1
952	0	1
953	0	1
954	0	1
955	0	1
956	0	1
957	0	1
961	0	1
962	0	1
963	0	1
964	0	1
965	0	1
966	0	1
967	0	1
968	0	1
970	0	1
971	0	1
972	0	1
974	0	1
975	0	1
976	0	1
977	0	1
979	0	1
981	0	1
982	0	1
983	0	1
984	0	1
985	0	1
987	0	1
988	0	1
989	0	1
990	0	1
991	0	1
992	0	1
993	0	1
995	0	1
996	0	1
997	0	1
998	0	1
999	0	1
1000	0	1
1001	0	1
1002	0	1
1003	0	1
1004	0	1
1005	0	1
1006	0	1
1007	0	1
1008	0	1
1009	0	1
1010	0	1
1011	0	1
1012	0	1
1013	0	1
1014	0	1
1015	0	1
1016	0	1
1017	0	1
1018	0	1
1019	0	1
1020	0	1
1021	0	1
1022	0	1
1023	0	1
1024	0	1
1025	0	1
1026	0	1
1027	0	1
1028	0	1
1029	0	1
1030	0	1
1031	0	1
1032	0	1
1034	0	1
1035	0	1
1036	0	1
1037	0	1
1039	0	1
1040	0	1
1041	0	1
1042	0	1
1043	0	1
1044	0	1
1045	0	1
1046	0	1
1047	0	1
1049	0	1
1050	0	1
1051	0	1
1052	0	1
1053	0	1
1054	0	1
1055	0	1
1056	0	1
1057	0	1
1060	0	1
1061	0	1
1062	0	1
1063	0	1
1064	0	1
1065	0	1
1066	0	1
1067	0	1
1068	0	1
1069	0	1
1070	0	1
1071	0	1
1072	0	1
1074	0	1
1076	0	1
1077	0	1
1079	0	1
1080	0	1
1081	0	1
1082	0	1
1083	0	1
1084	0	1
1085	0	1
1086	0	1
1087	0	1
1088	0	1
1089	0	1
1090	0	1
1091	0	1
1092	0	1
1093	0	1
1094	0	1
1095	0	1
1096	0	1
1097	0	1
1098	0	1
1099	0	1
1100	0	1
1101	0	1
1104	0	1
1105	0	1
1106	0	1
1107	0	1
1108	0	1
1109	0	1
1110	0	1
1112	0	1
1113	0	1
1114	0	1
1115	0	1
1116	0	1
1118	0	1
1119	0	1
1120	0	1
1122	0	1
1123	0	1
1124	0	1
1125	0	1
1126	0	1
1127	0	1
1128	0	1
1129	0	1
1133	0	1
1134	0	1
1135	0	1
1136	0	1
1137	0	1
1139	0	1
1141	0	1
1142	0	1
1143	0	1
1144	0	1
1145	0	1
1146	0	1
1147	0	1
1148	0	1
1149	0	1
1150	0	1
1151	0	1
1152	0	1
1153	0	1
1154	0	1
1155	0	1
1156	0	1
1157	0	1
1158	0	1
1159	0	1
1160	0	1
1161	0	1
1162	0	1
1163	0	1
1164	0	1
1166	0	1
1167	0	1
1168	0	1
1169	0	1
1170	0	1
1171	0	1
1173	0	1
1174	0	1
1175	0	1
1176	0	1
1178	0	1
1179	0	1
1180	0	1
1181	0	1
1182	0	1
1183	0	1
1184	0	1
1185	0	1
1186	0	1
1187	0	1
1189	0	1
1190	0	1
1191	0	1
1192	0	1
1193	0	1
1194	0	1
1195	0	1
1196	0	1
1197	0	1
1198	0	1
1200	0	1
1201	0	1
1202	0	1
1203	0	1
1204	0	1
1205	0	1
1206	0	1
1207	0	1
1208	0	1
1209	0	1
1210	0	1
1211	0	1
1212	0	1
1213	0	1
1214	0	1
1215	0	1
1216	0	1
1217	0	1
1218	0	1
1219	0	1
1221	0	1
1223	0	1
1224	0	1
1225	0	1
1226	0	1
1228	0	1
1231	0	1
1232	0	1
1234	0	1
1235	0	1
1237	0	1
1238	0	1
1239	0	1
1240	0	1
1243	0	1
1244	0	1
1245	0	1
1246	0	1
1247	0	1
1248	0	1
1249	0	1
1250	0	1
1251	0	1
1253	0	1
1254	0	1
1255	0	1
1256	0	1
1257	0	1
1258	0	1
1259	0	1
1260	0	1
1261	0	1
1262	0	1
1264	0	1
1265	0	1
1267	0	1
1268	0	1
1269	0	1
1270	0	1
1271	0	1
1272	0	1
1273	0	1
1274	0	1
1275	0	1
1276	0	1
1277	0	1
1278	0	1
1279	0	1
1281	0	1
1282	0	1
1283	0	1
1285	0	1
1287	0	1
1288	0	1
1289	0	1
1290	0	1
1291	0	1
1292	0	1
1294	0	1
1295	0	1
1296	0	1
1297	0	1
1298	0	1
1299	0	1
1300	0	1
1301	0	1
1302	0	1
1303	0	1
1304	0	1
1305	0	1
1306	0	1
1307	0	1
1308	0	1
1309	0	1
1310	0	1
1311	0	1
1313	0	1
1314	0	1
1315	0	1
1316	0	1
1317	0	1
1319	0	1
1321	0	1
1324	0	1
1325	0	1
1326	0	1
1327	0	1
1328	0	1
1329	0	1
1330	0	1
1332	0	1
1333	0	1
1334	0	1
1335	0	1
1337	0	1
1338	0	1
1339	0	1
1341	0	1
1342	0	1
1343	0	1
1345	0	1
1346	0	1
1347	0	1
1348	0	1
1349	0	1
1350	0	1
1351	0	1
1352	0	1
1353	0	1
1354	0	1
1355	0	1
1356	0	1
1358	0	1
1360	0	1
1361	0	1
1362	0	1
1363	0	1
1364	0	1
1366	0	1
1367	0	1
1368	0	1
1369	0	1
1370	0	1
1371	0	1
1372	0	1
1374	0	1
1375	0	1
1376	0	1
1377	0	1
1378	0	1
1380	0	1
1381	0	1
1382	0	1
1383	0	1
1384	0	1
1385	0	1
1386	0	1
1387	0	1
1388	0	1
1389	0	1
1390	0	1
1391	0	1
1393	0	1
1394	0	1
1395	0	1
1396	0	1
1397	0	1
1398	0	1
1399	0	1
1400	0	1
1401	0	1
1402	0	1
1403	0	1
1404	0	1
1405	0	1
1407	0	1
1408	0	1
1409	0	1
1410	0	1
1411	0	1
1412	0	1
1413	0	1
1414	0	1
1415	0	1
1416	0	1
1418	0	1
1419	0	1
1421	0	1
1423	0	1
1425	0	1
1426	0	1
1428	0	1
1429	0	1
1430	0	1
1431	0	1
1432	0	1
1433	0	1
1434	0	1
1435	0	1
1436	0	1
1438	0	1
1439	0	1
1440	0	1
1441	0	1
1442	0	1
1443	0	1
1444	0	1
1445	0	1
1446	0	1
1447	0	1
1448	0	1
1449	0	1
1450	0	1
1452	0	1
1453	0	1
1454	0	1
1455	0	1
1456	0	1
1457	0	1
1458	0	1
1459	0	1
1461	0	1
1462	0	1
1463	0	1
1464	0	1
1465	0	1
1466	0	1
1467	0	1
1468	0	1
1469	0	1
1470	0	1
1471	0	1
1473	0	1
1474	0	1
1475	0	1
1476	0	1
1477	0	1
1479	0	1
1480	0	1
1482	0	1
1485	0	1
1486	0	1
1487	0	1
1488	0	1
1489	0	1
1491	0	1
1492	0	1
1493	0	1
1494	0	1
1495	0	1
1496	0	1
1497	0	1
1498	0	1
1499	0	1
1500	0	1
1501	0	1
1502	0	1
1503	0	1
1504	0	1
1505	0	1
1506	0	1
1507	0	1
1508	0	1
1509	0	1
1510	0	1
1511	0	1
1513	0	1
1515	0	1
1516	0	1
1518	0	1
1520	0	1
1521	0	1
1522	0	1
1523	0	1
1524	0	1
1525	0	1
1526	0	1
1528	0	1
1529	0	1
1530	0	1
1531	0	1
1533	0	1
1534	0	1
1535	0	1
1536	0	1
1537	0	1
1539	0	1
1540	0	1
1541	0	1
1542	0	1
1543	0	1
1544	0	1
1545	0	1
1546	0	1
1547	0	1
1550	0	1
1551	0	1
1552	0	1
1553	0	1
1554	0	1
1555	0	1
1556	0	1
1557	0	1
1558	0	1
1559	0	1
1560	0	1
1561	0	1
1562	0	1
1565	0	1
1566	0	1
1567	0	1
1568	0	1
1569	0	1
1570	0	1
1571	0	1
1572	0	1
1573	0	1
1574	0	1
1575	0	1
1576	0	1
1577	0	1
1578	0	1
1579	0	1
1580	0	1
1581	0	1
1583	0	1
1584	0	1
1585	0	1
1586	0	1
1588	0	1
1589	0	1
1590	0	1
1591	0	1
1593	0	1
1594	0	1
1595	0	1
1596	0	1
1597	0	1
1598	0	1
1599	0	1
1600	0	1
1601	0	1
1602	0	1
1603	0	1
1604	0	1
1605	0	1
1606	0	1
1607	0	1
1608	0	1
1609	0	1
1610	0	1
1611	0	1
1612	0	1
1613	0	1
1614	0	1
1615	0	1
1617	0	1
1618	0	1
1619	0	1
1620	0	1
1621	0	1
1623	0	1
1624	0	1
1625	0	1
1626	0	1
1627	0	1
1629	0	1
1630	0	1
1631	0	1
1632	0	1
1633	0	1
1634	0	1
1635	0	1
1636	0	1
1637	0	1
1638	0	1
1639	0	1
1641	0	1
1643	0	1
1644	0	1
1645	0	1
1646	0	1
1648	0	1
1649	0	1
1650	0	1
1651	0	1
1652	0	1
1653	0	1
1654	0	1
1655	0	1
1656	0	1
1657	0	1
1658	0	1
1659	0	1
1660	0	1
1661	0	1
1662	0	1
1663	0	1
1664	0	1
1665	0	1
1667	0	1
1668	0	1
1670	0	1
1671	0	1
1672	0	1
1673	0	1
1674	0	1
1676	0	1
1677	0	1
1678	0	1
1680	0	1
1681	0	1
1682	0	1
1683	0	1
1684	0	1
1685	0	1
1686	0	1
1688	0	1
1689	0	1
1691	0	1
1692	0	1
1693	0	1
1695	0	1
1696	0	1
1697	0	1
1698	0	1
1699	0	1
1703	0	1
1704	0	1
1705	0	1
1706	0	1
1707	0	1
1709	0	1
1710	0	1
1711	0	1
1712	0	1
1713	0	1
1714	0	1
1715	0	1
1716	0	1
1717	0	1
1719	0	1
1720	0	1
1721	0	1
1722	0	1
1724	0	1
1725	0	1
1726	0	1
1727	0	1
1728	0	1
1729	0	1
1730	0	1
1731	0	1
1732	0	1
1733	0	1
1734	0	1
1735	0	1
1737	0	1
1738	0	1
1740	0	1
1741	0	1
1742	0	1
1743	0	1
1744	0	1
1747	0	1
1748	0	1
1749	0	1
1750	0	1
1752	0	1
1753	0	1
1754	0	1
1755	0	1
1756	0	1
1757	0	1
1758	0	1
1759	0	1
1760	0	1
1761	0	1
1762	0	1
1763	0	1
1764	0	1
1765	0	1
1766	0	1
1767	0	1
1768	0	1
1769	0	1
1770	0	1
1771	0	1
1772	0	1
1774	0	1
1775	0	1
1776	0	1
1777	0	1
1779	0	1
1780	0	1
1783	0	1
1784	0	1
1785	0	1
1786	0	1
1787	0	1
1788	0	1
1789	0	1
1790	0	1
1791	0	1
1792	0	1
1793	0	1
1794	0	1
1795	0	1
1796	0	1
1797	0	1
1798	0	1
1799	0	1
1800	0	1
1801	0	1
1802	0	1
1803	0	1
1804	0	1
1808	0	1
1809	0	1
1810	0	1
1811	0	1
1812	0	1
1814	0	1
1815	0	1
1816	0	1
1817	0	1
1820	0	1
1821	0	1
1822	0	1
1823	0	1
1824	0	1
1825	0	1
1826	0	1
1827	0	1
1828	0	1
1829	0	1
1830	0	1
1831	0	1
1832	0	1
1833	0	1
1834	0	1
1836	0	1
1837	0	1
1838	0	1
1839	0	1
1840	0	1
1841	0	1
1842	0	1
1843	0	1
1844	0	1
1845	0	1
1846	0	1
1847	0	1
1849	0	1
1850	0	1
1851	0	1
1852	0	1
1853	0	1
1854	0	1
1855	0	1
1856	0	1
1857	0	1
1858	0	1
1859	0	1
1860	0	1
1861	0	1
1862	0	1
1863	0	1
1864	0	1
1865	0	1
1867	0	1
1868	0	1
1869	0	1
1871	0	1
1872	0	1
1873	0	1
1875	0	1
1877	0	1
1878	0	1
1879	0	1
1880	0	1
1881	0	1
1882	0	1
1883	0	1
1885	0	1
1886	0	1
1887	0	1
1888	0	1
1889	0	1
1891	0	1
1892	0	1
1893	0	1
1894	0	1
1895	0	1
1896	0	1
1898	0	1
1899	0	1
1900	0	1
1901	0	1
1902	0	1
1904	0	1
1906	0	1
1907	0	1
1908	0	1
1909	0	1
1910	0	1
1912	0	1
1913	0	1
1914	0	1
1916	0	1
1917	0	1
1918	0	1
1920	0	1
1921	0	1
1922	0	1
1923	0	1
1924	0	1
1925	0	1
1926	0	1
1927	0	1
1928	0	1
1930	0	1
1931	0	1
1933	0	1
1935	0	1
1936	0	1
1937	0	1
1938	0	1
1940	0	1
1941	0	1
1942	0	1
1943	0	1
1944	0	1
1945	0	1
1946	0	1
1948	0	1
1949	0	1
1950	0	1
1951	0	1
1952	0	1
1953	0	1
1954	0	1
1956	0	1
1957	0	1
1958	0	1
1959	0	1
1960	0	1
1962	0	1
1963	0	1
1964	0	1
1965	0	1
1966	0	1
1967	0	1
1968	0	1
1970	0	1
1971	0	1
1972	0	1
1973	0	1
1974	0	1
1977	0	1
1978	0	1
1980	0	1
1981	0	1
1982	0	1
1983	0	1
1984	0	1
1985	0	1
1986	0	1
1987	0	1
1988	0	1
1989	0	1
1990	0	1
1991	0	1
1992	0	1
1993	0	1
1994	0	1
1995	0	1
1996	0	1
1997	0	1
1998	0	1
1999	0	1
2000	0	1
2001	0	1
2003	0	1
2005	0	1
2006	0	1
2007	0	1
2008	0	1
2009	0	1
2010	0	1
2011	0	1
2012	0	1
2013	0	1
2014	0	1
2015	0	1
2016	0	1
2017	0	1
2018	0	1
2019	0	1
2020	0	1
2021	0	1
2023	0	1
2024	0	1
2025	0	1
2026	0	1
2027	0	1
2028	0	1
2030	0	1
2031	0	1
2032	0	1
2033	0	1
2034	0	1
2035	0	1
2036	0	1
2037	0	1
2038	0	1
2039	0	1
2040	0	1
2041	0	1
2042	0	1
2043	0	1
2044	0	1
2045	0	1
2046	0	1
2047	0	1
2048	0	1
2049	0	1
2050	0	1
2052	0	1
2053	0	1
2054	0	1
2055	0	1
2056	0	1
2057	0	1
2058	0	1
2059	0	1
2060	0	1
2061	0	1
2062	0	1
2063	0	1
2064	0	1
2065	0	1
2066	0	1
2068	0	1
2069	0	1
2070	0	1
2072	0	1
2073	0	1
2074	0	1
2075	0	1
2076	0	1
2079	0	1
2081	0	1
2082	0	1
2084	0	1
2085	0	1
2086	0	1
2087	0	1
2088	0	1
2089	0	1
2092	0	1
2093	0	1
2094	0	1
2095	0	1
2096	0	1
2097	0	1
2098	0	1
2099	0	1
2101	0	1
2102	0	1
2103	0	1
2104	0	1
2105	0	1
2106	0	1
2109	0	1
2110	0	1
2112	0	1
2113	0	1
2114	0	1
2115	0	1
2116	0	1
2117	0	1
2118	0	1
2119	0	1
2120	0	1
2121	0	1
2122	0	1
2123	0	1
2124	0	1
2125	0	1
2126	0	1
2127	0	1
2129	0	1
2130	0	1
2131	0	1
2133	0	1
2134	0	1
2135	0	1
2136	0	1
2137	0	1
2138	0	1
2139	0	1
2140	0	1
2141	0	1
2142	0	1
2144	0	1
2145	0	1
2146	0	1
2147	0	1
2148	0	1
2149	0	1
2150	0	1
2152	0	1
2153	0	1
2155	0	1
2157	0	1
2158	0	1
2159	0	1
2160	0	1
2161	0	1
2162	0	1
2164	0	1
2165	0	1
2166	0	1
2167	0	1
2168	0	1
2169	0	1
2170	0	1
2171	0	1
2172	0	1
2173	0	1
2174	0	1
2175	0	1
2176	0	1
2177	0	1
2178	0	1
2180	0	1
2181	0	1
2182	0	1
2183	0	1
2184	0	1
2185	0	1
2186	0	1
2187	0	1
2188	0	1
2190	0	1
2191	0	1
2192	0	1
2193	0	1
2194	0	1
2196	0	1
2198	0	1
2199	0	1
2200	0	1
2202	0	1
2204	0	1
2205	0	1
2206	0	1
2207	0	1
2208	0	1
2209	0	1
2210	0	1
2211	0	1
2212	0	1
2213	0	1
2214	0	1
2216	0	1
2217	0	1
2218	0	1
2219	0	1
2220	0	1
2221	0	1
2222	0	1
2223	0	1
2224	0	1
2225	0	1
2226	0	1
2227	0	1
2228	0	1
2229	0	1
2230	0	1
2231	0	1
2232	0	1
2233	0	1
2234	0	1
2235	0	1
2238	0	1
2241	0	1
2242	0	1
2243	0	1
2244	0	1
2245	0	1
2246	0	1
2247	0	1
2248	0	1
2249	0	1
2250	0	1
2252	0	1
2253	0	1
2254	0	1
2255	0	1
2256	0	1
2257	0	1
2258	0	1
2259	0	1
2260	0	1
2262	0	1
2263	0	1
2265	0	1
2267	0	1
2268	0	1
2270	0	1
2271	0	1
2272	0	1
2273	0	1
2274	0	1
2275	0	1
2276	0	1
2277	0	1
2278	0	1
2279	0	1
2280	0	1
2281	0	1
2282	0	1
2283	0	1
2285	0	1
2286	0	1
2287	0	1
2288	0	1
2289	0	1
2290	0	1
2292	0	1
2293	0	1
2294	0	1
2295	0	1
2296	0	1
2297	0	1
2298	0	1
2299	0	1
2301	0	1
2302	0	1
2304	0	1
2305	0	1
2306	0	1
2307	0	1
2308	0	1
2309	0	1
2311	0	1
2312	0	1
2314	0	1
2315	0	1
2316	0	1
2317	0	1
2318	0	1
2319	0	1
2321	0	1
2322	0	1
2323	0	1
2324	0	1
2327	0	1
2328	0	1
2329	0	1
2330	0	1
2331	0	1
2332	0	1
2333	0	1
2334	0	1
2335	0	1
2336	0	1
2337	0	1
2338	0	1
2339	0	1
2340	0	1
2341	0	1
2342	0	1
2343	0	1
2344	0	1
2345	0	1
2347	0	1
2348	0	1
2349	0	1
2350	0	1
2351	0	1
2353	0	1
2354	0	1
2355	0	1
2356	0	1
2358	0	1
2359	0	1
2360	0	1
2361	0	1
2362	0	1
2363	0	1
2364	0	1
2365	0	1
2366	0	1
2368	0	1
2369	0	1
2370	0	1
2372	0	1
2373	0	1
2374	0	1
2376	0	1
2377	0	1
2378	0	1
2379	0	1
2380	0	1
2381	0	1
2382	0	1
2383	0	1
2384	0	1
2385	0	1
2386	0	1
2387	0	1
2388	0	1
2389	0	1
2390	0	1
2391	0	1
2392	0	1
2393	0	1
2394	0	1
2395	0	1
2396	0	1
2398	0	1
2399	0	1
2401	0	1
2402	0	1
2403	0	1
2404	0	1
2405	0	1
2406	0	1
2407	0	1
2409	0	1
2410	0	1
2411	0	1
2412	0	1
2413	0	1
2414	0	1
2415	0	1
2416	0	1
2417	0	1
2418	0	1
2419	0	1
2420	0	1
2421	0	1
2424	0	1
2425	0	1
2426	0	1
2427	0	1
2428	0	1
2429	0	1
2430	0	1
2432	0	1
2433	0	1
2434	0	1
2435	0	1
2436	0	1
2437	0	1
2438	0	1
2439	0	1
2440	0	1
2441	0	1
2442	0	1
2443	0	1
2444	0	1
2446	0	1
2447	0	1
2448	0	1
2449	0	1
2450	0	1
2451	0	1
2452	0	1
2453	0	1
2454	0	1
2455	0	1
2456	0	1
2457	0	1
2458	0	1
2459	0	1
2460	0	1
2461	0	1
2462	0	1
2463	0	1
2464	0	1
2465	0	1
2466	0	1
2467	0	1
2468	0	1
2469	0	1
2470	0	1
2471	0	1
2472	0	1
2473	0	1
2474	0	1
2475	0	1
2476	0	1
2477	0	1
2478	0	1
2480	0	1
2481	0	1
2482	0	1
2483	0	1
2484	0	1
2485	0	1
2486	0	1
2487	0	1
2488	0	1
2489	0	1
2490	0	1
2491	0	1
2492	0	1
2494	0	1
2495	0	1
2496	0	1
2497	0	1
2499	0	1
2500	0	1
2501	0	1
2502	0	1
2503	0	1
2505	0	1
2506	0	1
2507	0	1
2508	0	1
2511	0	1
2512	0	1
2513	0	1
2514	0	1
2515	0	1
2516	0	1
2517	0	1
2518	0	1
2519	0	1
2521	0	1
2522	0	1
2525	0	1
2526	0	1
2527	0	1
2529	0	1
2530	0	1
2532	0	1
2533	0	1
2534	0	1
2535	0	1
2536	0	1
2537	0	1
2538	0	1
2539	0	1
2541	0	1
2542	0	1
2543	0	1
2544	0	1
2545	0	1
2546	0	1
2547	0	1
2548	0	1
2550	0	1
2551	0	1
2552	0	1
2553	0	1
2554	0	1
2555	0	1
2556	0	1
2557	0	1
2558	0	1
2559	0	1
2560	0	1
2561	0	1
2563	0	1
2564	0	1
2565	0	1
2566	0	1
2567	0	1
2568	0	1
2569	0	1
2570	0	1
2571	0	1
2572	0	1
2573	0	1
2574	0	1
2575	0	1
2576	0	1
2577	0	1
2579	0	1
2580	0	1
2581	0	1
2582	0	1
2583	0	1
2584	0	1
2585	0	1
2586	0	1
2587	0	1
2588	0	1
2590	0	1
2592	0	1
2593	0	1
2594	0	1
2595	0	1
2596	0	1
2597	0	1
2599	0	1
2600	0	1
2601	0	1
2602	0	1
2603	0	1
2604	0	1
2605	0	1
2606	0	1
2607	0	1
2610	0	1
2611	0	1
2612	0	1
2613	0	1
2614	0	1
2615	0	1
2616	0	1
2617	0	1
2618	0	1
2619	0	1
2620	0	1
2621	0	1
2622	0	1
2623	0	1
2624	0	1
2625	0	1
2626	0	1
2627	0	1
2628	0	1
2629	0	1
2631	0	1
2632	0	1
2633	0	1
2634	0	1
2635	0	1
2636	0	1
2637	0	1
2639	0	1
2641	0	1
2642	0	1
2643	0	1
2645	0	1
2646	0	1
2647	0	1
2648	0	1
2649	0	1
2650	0	1
2651	0	1
2652	0	1
2653	0	1
2654	0	1
2655	0	1
2656	0	1
2657	0	1
2658	0	1
2659	0	1
2660	0	1
2661	0	1
2662	0	1
2663	0	1
2664	0	1
2665	0	1
2666	0	1
2667	0	1
2669	0	1
2670	0	1
2671	0	1
2672	0	1
2674	0	1
2675	0	1
2676	0	1
2677	0	1
2678	0	1
2679	0	1
2680	0	1
2681	0	1
2682	0	1
2683	0	1
2684	0	1
2685	0	1
2686	0	1
2687	0	1
2688	0	1
2689	0	1
2690	0	1
2691	0	1
2692	0	1
2693	0	1
2694	0	1
2695	0	1
2696	0	1
2697	0	1
2700	0	1
2701	0	1
2703	0	1
2705	0	1
2706	0	1
2707	0	1
2708	0	1
2709	0	1
2710	0	1
2711	0	1
2712	0	1
2713	0	1
2714	0	1
2715	0	1
2717	0	1
2718	0	1
2720	0	1
2721	0	1
2722	0	1
2723	0	1
2724	0	1
2725	0	1
2726	0	1
2727	0	1
2728	0	1
2730	0	1
2731	0	1
2732	0	1
2733	0	1
2734	0	1
2735	0	1
2737	0	1
2738	0	1
2739	0	1
2740	0	1
2742	0	1
2743	0	1
2746	0	1
2748	0	1
2749	0	1
2750	0	1
2751	0	1
2752	0	1
2753	0	1
2754	0	1
2755	0	1
2756	0	1
2758	0	1
2759	0	1
2760	0	1
2761	0	1
2762	0	1
2763	0	1
2765	0	1
2766	0	1
2767	0	1
2768	0	1
2769	0	1
2770	0	1
2771	0	1
2772	0	1
2774	0	1
2776	0	1
2777	0	1
2778	0	1
2779	0	1
2780	0	1
2781	0	1
2782	0	1
2783	0	1
2784	0	1
2785	0	1
2786	0	1
2787	0	1
2788	0	1
2789	0	1
2790	0	1
2791	0	1
2792	0	1
2793	0	1
2795	0	1
2796	0	1
2797	0	1
2798	0	1
2799	0	1
2800	0	1
2801	0	1
2802	0	1
2803	0	1
2804	0	1
2805	0	1
2806	0	1
2807	0	1
2809	0	1
2810	0	1
2812	0	1
2814	0	1
2815	0	1
2816	0	1
2817	0	1
2818	0	1
2820	0	1
2821	0	1
2822	0	1
2823	0	1
2825	0	1
2826	0	1
2828	0	1
2829	0	1
2831	0	1
2832	0	1
2834	0	1
2835	0	1
2837	0	1
2838	0	1
2839	0	1
2840	0	1
2841	0	1
2842	0	1
2843	0	1
2844	0	1
2845	0	1
2846	0	1
2848	0	1
2849	0	1
2850	0	1
2851	0	1
2852	0	1
2853	0	1
2854	0	1
2855	0	1
2856	0	1
2857	0	1
2858	0	1
2859	0	1
2860	0	1
2861	0	1
2863	0	1
2864	0	1
2865	0	1
2866	0	1
2868	0	1
2869	0	1
2870	0	1
2871	0	1
2872	0	1
2873	0	1
2874	0	1
2875	0	1
2877	0	1
2878	0	1
2879	0	1
2880	0	1
2881	0	1
2882	0	1
2883	0	1
2884	0	1
2885	0	1
2886	0	1
2887	0	1
2888	0	1
2889	0	1
2890	0	1
2891	0	1
2892	0	1
2893	0	1
2894	0	1
2895	0	1
2896	0	1
2897	0	1
2898	0	1
2900	0	1
2901	0	1
2902	0	1
2903	0	1
2904	0	1
2905	0	1
2906	0	1
2907	0	1
2908	0	1
2909	0	1
2910	0	1
2911	0	1
2912	0	1
2913	0	1
2914	0	1
2916	0	1
2917	0	1
2918	0	1
2919	0	1
2920	0	1
2921	0	1
2923	0	1
2924	0	1
2925	0	1
2926	0	1
2927	0	1
2928	0	1
2929	0	1
2930	0	1
2931	0	1
2932	0	1
2933	0	1
2934	0	1
2936	0	1
2937	0	1
2938	0	1
2939	0	1
2943	0	1
2944	0	1
2945	0	1
2946	0	1
2947	0	1
2948	0	1
2949	0	1
2950	0	1
2952	0	1
2953	0	1
2954	0	1
2955	0	1
2956	0	1
2957	0	1
2959	0	1
2960	0	1
2961	0	1
2962	0	1
2964	0	1
2965	0	1
2966	0	1
2967	0	1
2968	0	1
2969	0	1
2971	0	1
2972	0	1
2975	0	1
2976	0	1
2979	0	1
2980	0	1
2981	0	1
2982	0	1
2983	0	1
2984	0	1
2985	0	1
2986	0	1
2987	0	1
2988	0	1
2989	0	1
2990	0	1
2991	0	1
2992	0	1
2993	0	1
2994	0	1
2995	0	1
2996	0	1
2997	0	1
3000	0	1
3001	0	1
3002	0	1
3003	0	1
3004	0	1
3005	0	1
3006	0	1
3007	0	1
3008	0	1
3009	0	1
3010	0	1
3011	0	1
3015	0	1
3016	0	1
3017	0	1
3018	0	1
3019	0	1
3020	0	1
3021	0	1
3022	0	1
3023	0	1
3024	0	1
3025	0	1
3026	0	1
3027	0	1
3028	0	1
3029	0	1
3030	0	1
3031	0	1
3032	0	1
3033	0	1
3034	0	1
3035	0	1
3036	0	1
3037	0	1
3038	0	1
3039	0	1
3040	0	1
3041	0	1
3042	0	1
3043	0	1
3044	0	1
3045	0	1
3046	0	1
3049	0	1
3050	0	1
3051	0	1
3052	0	1
3053	0	1
3054	0	1
3055	0	1
3056	0	1
3057	0	1
3058	0	1
3059	0	1
3060	0	1
3061	0	1
3062	0	1
3063	0	1
3064	0	1
3065	0	1
3068	0	1
3069	0	1
3070	0	1
3071	0	1
3072	0	1
3073	0	1
3074	0	1
3076	0	1
3078	0	1
3079	0	1
3081	0	1
3082	0	1
3083	0	1
3084	0	1
3085	0	1
3086	0	1
3087	0	1
3088	0	1
3089	0	1
3090	0	1
3091	0	1
3092	0	1
3093	0	1
3094	0	1
3095	0	1
3096	0	1
3098	0	1
3099	0	1
3100	0	1
3101	0	1
3102	0	1
3103	0	1
3105	0	1
3106	0	1
3107	0	1
3108	0	1
3111	0	1
3112	0	1
3113	0	1
3115	0	1
3116	0	1
3117	0	1
3118	0	1
3119	0	1
3120	0	1
3121	0	1
3123	0	1
3124	0	1
3125	0	1
3127	0	1
3128	0	1
3130	0	1
3131	0	1
3132	0	1
3134	0	1
3135	0	1
3136	0	1
3137	0	1
3138	0	1
3139	0	1
3140	0	1
3141	0	1
3142	0	1
3143	0	1
3144	0	1
3145	0	1
3146	0	1
3147	0	1
3148	0	1
3149	0	1
3150	0	1
3151	0	1
3152	0	1
3153	0	1
3154	0	1
3155	0	1
3156	0	1
3157	0	1
3158	0	1
3159	0	1
3160	0	1
3161	0	1
3162	0	1
3163	0	1
3164	0	1
3165	0	1
3167	0	1
3170	0	1
3171	0	1
3172	0	1
3173	0	1
3174	0	1
3176	0	1
3177	0	1
3178	0	1
3179	0	1
3180	0	1
3181	0	1
3182	0	1
3183	0	1
3184	0	1
3185	0	1
3186	0	1
3187	0	1
3188	0	1
3189	0	1
3190	0	1
3191	0	1
3192	0	1
3193	0	1
3194	0	1
3195	0	1
3196	0	1
3197	0	1
3199	0	1
3200	0	1
3201	0	1
3203	0	1
3206	0	1
3207	0	1
3209	0	1
3210	0	1
3211	0	1
3212	0	1
3213	0	1
3214	0	1
3215	0	1
3216	0	1
3217	0	1
3218	0	1
3220	0	1
3221	0	1
3222	0	1
3223	0	1
3224	0	1
3225	0	1
3226	0	1
3228	0	1
3229	0	1
3230	0	1
3231	0	1
3232	0	1
3233	0	1
3236	0	1
3237	0	1
3238	0	1
3239	0	1
3242	0	1
3243	0	1
3244	0	1
3246	0	1
3247	0	1
3248	0	1
3249	0	1
3250	0	1
3251	0	1
3252	0	1
3253	0	1
3254	0	1
3255	0	1
3256	0	1
3257	0	1
3258	0	1
3259	0	1
3260	0	1
3261	0	1
3263	0	1
3264	0	1
3265	0	1
3266	0	1
3267	0	1
3268	0	1
3269	0	1
3271	0	1
3272	0	1
3273	0	1
3274	0	1
3275	0	1
3276	0	1
3277	0	1
3278	0	1
3279	0	1
3280	0	1
3281	0	1
3282	0	1
3283	0	1
3284	0	1
3285	0	1
3286	0	1
3288	0	1
3289	0	1
3290	0	1
3292	0	1
3293	0	1
3294	0	1
3295	0	1
3296	0	1
3297	0	1
3298	0	1
3299	0	1
3300	0	1
3301	0	1
3302	0	1
3303	0	1
3304	0	1
3305	0	1
3306	0	1
3307	0	1
3308	0	1
3309	0	1
3310	0	1
3311	0	1
3312	0	1
3313	0	1
3315	0	1
3316	0	1
3317	0	1
3318	0	1
3319	0	1
3320	0	1
3322	0	1
3323	0	1
3325	0	1
3327	0	1
3328	0	1
3329	0	1
3330	0	1
3332	0	1
3333	0	1
3334	0	1
3335	0	1
3336	0	1
3337	0	1
3338	0	1
3339	0	1
3340	0	1
3341	0	1
3342	0	1
3343	0	1
3344	0	1
3345	0	1
3346	0	1
3347	0	1
3348	0	1
3349	0	1
3351	0	1
3352	0	1
3353	0	1
3355	0	1
3356	0	1
3357	0	1
3358	0	1
3359	0	1
3360	0	1
3361	0	1
3363	0	1
3364	0	1
3365	0	1
3366	0	1
3367	0	1
3369	0	1
3371	0	1
3372	0	1
3374	0	1
3375	0	1
3376	0	1
3377	0	1
3378	0	1
3379	0	1
3380	0	1
3381	0	1
3382	0	1
3383	0	1
3385	0	1
3386	0	1
3387	0	1
3388	0	1
3389	0	1
3391	0	1
3392	0	1
3393	0	1
3394	0	1
3395	0	1
3396	0	1
3397	0	1
3398	0	1
3399	0	1
3400	0	1
3401	0	1
3402	0	1
3403	0	1
3404	0	1
3405	0	1
3406	0	1
3407	0	1
3408	0	1
3409	0	1
3410	0	1
3411	0	1
3412	0	1
3413	0	1
3414	0	1
3415	0	1
3416	0	1
3417	0	1
3418	0	1
3419	0	1
3420	0	1
3421	0	1
3422	0	1
3423	0	1
3424	0	1
3425	0	1
3427	0	1
3428	0	1
3429	0	1
3430	0	1
3431	0	1
3433	0	1
3434	0	1
3435	0	1
3436	0	1
3437	0	1
3439	0	1
3440	0	1
3441	0	1
3442	0	1
3443	0	1
3444	0	1
3445	0	1
3446	0	1
3447	0	1
3448	0	1
3449	0	1
3450	0	1
3451	0	1
3452	0	1
3453	0	1
3454	0	1
3455	0	1
3456	0	1
3457	0	1
3458	0	1
3459	0	1
3460	0	1
3461	0	1
3462	0	1
3463	0	1
3464	0	1
3465	0	1
3468	0	1
3469	0	1
3470	0	1
3471	0	1
3472	0	1
3473	0	1
3474	0	1
3475	0	1
3476	0	1
3477	0	1
3479	0	1
3480	0	1
3481	0	1
3482	0	1
3483	0	1
3484	0	1
3485	0	1
3486	0	1
3488	0	1
3489	0	1
3490	0	1
3491	0	1
3492	0	1
3494	0	1
3496	0	1
3497	0	1
3498	0	1
3499	0	1
3500	0	1
3501	0	1
3502	0	1
3503	0	1
3504	0	1
3505	0	1
3506	0	1
3507	0	1
3509	0	1
3510	0	1
3513	0	1
3514	0	1
3515	0	1
3517	0	1
3518	0	1
3519	0	1
3520	0	1
3521	0	1
3522	0	1
3523	0	1
3524	0	1
3526	0	1
3527	0	1
3528	0	1
3530	0	1
3531	0	1
3532	0	1
3533	0	1
3534	0	1
3535	0	1
3536	0	1
3537	0	1
3539	0	1
3540	0	1
3541	0	1
3543	0	1
3544	0	1
3545	0	1
3546	0	1
3550	0	1
3551	0	1
3552	0	1
3553	0	1
3554	0	1
3556	0	1
3558	0	1
3559	0	1
3560	0	1
3561	0	1
3563	0	1
3565	0	1
3566	0	1
3567	0	1
3569	0	1
3570	0	1
3571	0	1
3572	0	1
3573	0	1
3575	0	1
3576	0	1
3577	0	1
3578	0	1
3579	0	1
3582	0	1
3583	0	1
3584	0	1
3585	0	1
3586	0	1
3587	0	1
3588	0	1
3589	0	1
3590	0	1
3591	0	1
3592	0	1
3593	0	1
3594	0	1
3595	0	1
3596	0	1
3597	0	1
3598	0	1
3599	0	1
3600	0	1
3602	0	1
3603	0	1
3604	0	1
3605	0	1
3606	0	1
3607	0	1
3608	0	1
3609	0	1
3610	0	1
3611	0	1
3612	0	1
3613	0	1
3614	0	1
3615	0	1
3617	0	1
3618	0	1
3619	0	1
3620	0	1
3621	0	1
3622	0	1
3623	0	1
3624	0	1
3626	0	1
3627	0	1
3628	0	1
3629	0	1
3630	0	1
3631	0	1
3632	0	1
3633	0	1
3634	0	1
3635	0	1
3636	0	1
3637	0	1
3638	0	1
3639	0	1
3640	0	1
3641	0	1
3643	0	1
3644	0	1
3645	0	1
3646	0	1
3647	0	1
3648	0	1
3649	0	1
3650	0	1
3651	0	1
3652	0	1
3653	0	1
3654	0	1
3655	0	1
3656	0	1
3657	0	1
3658	0	1
3659	0	1
3660	0	1
3661	0	1
3664	0	1
3666	0	1
3667	0	1
3668	0	1
3669	0	1
3671	0	1
3672	0	1
3673	0	1
3674	0	1
3675	0	1
3676	0	1
3677	0	1
3678	0	1
3679	0	1
3680	0	1
3681	0	1
3684	0	1
3685	0	1
3687	0	1
3688	0	1
3689	0	1
3690	0	1
3691	0	1
3692	0	1
3693	0	1
3694	0	1
3695	0	1
3696	0	1
3698	0	1
3699	0	1
3700	0	1
3702	0	1
3703	0	1
3704	0	1
3705	0	1
3708	0	1
3710	0	1
3713	0	1
3715	0	1
3716	0	1
3717	0	1
3718	0	1
3719	0	1
3720	0	1
3721	0	1
3722	0	1
3723	0	1
3724	0	1
3725	0	1
3726	0	1
3727	0	1
3728	0	1
3729	0	1
3731	0	1
3733	0	1
3734	0	1
3735	0	1
3736	0	1
3737	0	1
3738	0	1
3739	0	1
3740	0	1
3741	0	1
3742	0	1
3743	0	1
3744	0	1
3745	0	1
3746	0	1
3747	0	1
3748	0	1
3749	0	1
3750	0	1
3751	0	1
3752	0	1
3754	0	1
3756	0	1
3757	0	1
3758	0	1
3759	0	1
3760	0	1
3761	0	1
3762	0	1
3763	0	1
3764	0	1
3765	0	1
3766	0	1
3767	0	1
3768	0	1
3769	0	1
3770	0	1
3771	0	1
3772	0	1
3773	0	1
3774	0	1
3776	0	1
3777	0	1
3778	0	1
3779	0	1
3780	0	1
3781	0	1
3782	0	1
3783	0	1
3784	0	1
3785	0	1
3786	0	1
3789	0	1
3790	0	1
3791	0	1
3792	0	1
3794	0	1
3795	0	1
3796	0	1
3797	0	1
3798	0	1
3799	0	1
3800	0	1
3801	0	1
3802	0	1
3803	0	1
3804	0	1
3805	0	1
3806	0	1
3807	0	1
3808	0	1
3809	0	1
3810	0	1
3812	0	1
3816	0	1
3817	0	1
3818	0	1
3820	0	1
3821	0	1
3822	0	1
3825	0	1
3826	0	1
3827	0	1
3828	0	1
3829	0	1
3830	0	1
3831	0	1
3832	0	1
3833	0	1
3834	0	1
3835	0	1
3836	0	1
3837	0	1
3838	0	1
3839	0	1
3841	0	1
3842	0	1
3843	0	1
3844	0	1
3845	0	1
3846	0	1
3847	0	1
3848	0	1
3849	0	1
3850	0	1
3851	0	1
3852	0	1
3853	0	1
3855	0	1
3856	0	1
3858	0	1
3859	0	1
3860	0	1
3861	0	1
3862	0	1
3864	0	1
3865	0	1
3866	0	1
3867	0	1
3868	0	1
3869	0	1
3870	0	1
3871	0	1
3872	0	1
3873	0	1
3874	0	1
3875	0	1
3876	0	1
3877	0	1
3878	0	1
3879	0	1
3881	0	1
3882	0	1
3883	0	1
3884	0	1
3885	0	1
3886	0	1
3888	0	1
3889	0	1
3890	0	1
3891	0	1
3892	0	1
3893	0	1
3894	0	1
3895	0	1
3896	0	1
3897	0	1
3898	0	1
3899	0	1
3900	0	1
3901	0	1
3902	0	1
3903	0	1
3904	0	1
3905	0	1
3906	0	1
3908	0	1
3909	0	1
3910	0	1
3911	0	1
3912	0	1
3913	0	1
3914	0	1
3915	0	1
3916	0	1
3917	0	1
3918	0	1
3919	0	1
3920	0	1
3921	0	1
3922	0	1
3923	0	1
3924	0	1
3925	0	1
3926	0	1
3927	0	1
3928	0	1
3929	0	1
3930	0	1
3931	0	1
3933	0	1
3934	0	1
3935	0	1
3936	0	1
3937	0	1
3938	0	1
3939	0	1
3940	0	1
3941	0	1
3942	0	1
3943	0	1
3944	0	1
3945	0	1
3946	0	1
3948	0	1
3949	0	1
3950	0	1
3951	0	1
3952	0	1
3953	0	1
3954	0	1
3955	0	1
3956	0	1
3957	0	1
3958	0	1
3960	0	1
3961	0	1
3962	0	1
3963	0	1
3966	0	1
3967	0	1
3968	0	1
3969	0	1
3970	0	1
3971	0	1
3972	0	1
3973	0	1
3974	0	1
3976	0	1
3977	0	1
3978	0	1
3980	0	1
3981	0	1
3982	0	1
3983	0	1
3984	0	1
3985	0	1
3986	0	1
3987	0	1
3988	0	1
3989	0	1
3990	0	1
3991	0	1
3992	0	1
3993	0	1
3994	0	1
3996	0	1
3997	0	1
3998	0	1
4000	0	1
4003	0	1
4004	0	1
4005	0	1
4006	0	1
4007	0	1
4008	0	1
4009	0	1
4010	0	1
4011	0	1
4012	0	1
4013	0	1
4014	0	1
4015	0	1
4016	0	1
4017	0	1
4019	0	1
4020	0	1
4021	0	1
4022	0	1
4023	0	1
4024	0	1
4025	0	1
4026	0	1
4027	0	1
4028	0	1
4029	0	1
4030	0	1
4031	0	1
4032	0	1
4034	0	1
4036	0	1
4037	0	1
4038	0	1
4039	0	1
4040	0	1
4042	0	1
4043	0	1
4044	0	1
4045	0	1
4046	0	1
4047	0	1
4050	0	1
4051	0	1
4052	0	1
4053	0	1
4054	0	1
4055	0	1
4057	0	1
4058	0	1
4059	0	1
4060	0	1
4061	0	1
4062	0	1
4063	0	1
4064	0	1
4065	0	1
4066	0	1
4067	0	1
4068	0	1
4069	0	1
4070	0	1
4071	0	1
4072	0	1
4073	0	1
4076	0	1
4077	0	1
4078	0	1
4079	0	1
4080	0	1
4082	0	1
4083	0	1
4084	0	1
4085	0	1
4086	0	1
4088	0	1
4089	0	1
4091	0	1
4092	0	1
4093	0	1
4094	0	1
4095	0	1
4097	0	1
4098	0	1
4099	0	1
4100	0	1
4101	0	1
4102	0	1
4103	0	1
4104	0	1
4106	0	1
4107	0	1
4108	0	1
4109	0	1
4110	0	1
4111	0	1
4112	0	1
4113	0	1
4114	0	1
4116	0	1
4118	0	1
4119	0	1
4120	0	1
4122	0	1
4123	0	1
4124	0	1
4125	0	1
4127	0	1
4128	0	1
4129	0	1
4130	0	1
4131	0	1
4132	0	1
4133	0	1
4134	0	1
4135	0	1
4136	0	1
4137	0	1
4138	0	1
4139	0	1
4140	0	1
4141	0	1
4142	0	1
4143	0	1
4144	0	1
4145	0	1
4147	0	1
4148	0	1
4149	0	1
4150	0	1
4152	0	1
4153	0	1
4155	0	1
4156	0	1
4157	0	1
4158	0	1
4159	0	1
4160	0	1
4161	0	1
4163	0	1
4165	0	1
4167	0	1
4168	0	1
4170	0	1
4171	0	1
4172	0	1
4173	0	1
4174	0	1
4176	0	1
4177	0	1
4178	0	1
4180	0	1
4181	0	1
4184	0	1
4185	0	1
4186	0	1
4187	0	1
4190	0	1
4192	0	1
4193	0	1
4194	0	1
4196	0	1
4197	0	1
4198	0	1
4199	0	1
4200	0	1
4201	0	1
4202	0	1
4203	0	1
4204	0	1
4205	0	1
4206	0	1
4207	0	1
4208	0	1
4209	0	1
4210	0	1
4212	0	1
4213	0	1
4214	0	1
4215	0	1
4219	0	1
4220	0	1
4222	0	1
4224	0	1
4225	0	1
4226	0	1
4227	0	1
4228	0	1
4229	0	1
4231	0	1
4232	0	1
4233	0	1
4237	0	1
4238	0	1
4239	0	1
4240	0	1
4241	0	1
4243	0	1
4244	0	1
4245	0	1
4246	0	1
4247	0	1
4248	0	1
4249	0	1
4252	0	1
4253	0	1
4254	0	1
4255	0	1
4256	0	1
4257	0	1
4259	0	1
4260	0	1
4262	0	1
4264	0	1
4265	0	1
4266	0	1
4267	0	1
4268	0	1
4269	0	1
4271	0	1
4272	0	1
4273	0	1
4274	0	1
4276	0	1
4278	0	1
4279	0	1
4280	0	1
4281	0	1
4282	0	1
4283	0	1
4284	0	1
4285	0	1
4286	0	1
4287	0	1
4288	0	1
4289	0	1
4290	0	1
4291	0	1
4293	0	1
4294	0	1
4295	0	1
4297	0	1
4298	0	1
4300	0	1
4301	0	1
4302	0	1
4303	0	1
4304	0	1
4305	0	1
4306	0	1
4307	0	1
4308	0	1
4309	0	1
4310	0	1
4312	0	1
4314	0	1
4315	0	1
4316	0	1
4317	0	1
4318	0	1
4319	0	1
4320	0	1
4321	0	1
4322	0	1
4323	0	1
4324	0	1
4325	0	1
4326	0	1
4327	0	1
4328	0	1
4329	0	1
4330	0	1
4331	0	1
4332	0	1
4333	0	1
4334	0	1
4335	0	1
4336	0	1
4337	0	1
4338	0	1
4339	0	1
4340	0	1
4342	0	1
4344	0	1
4345	0	1
4347	0	1
4349	0	1
4351	0	1
4352	0	1
4353	0	1
4354	0	1
4355	0	1
4356	0	1
4357	0	1
4358	0	1
4359	0	1
4360	0	1
4363	0	1
4364	0	1
4365	0	1
4366	0	1
4367	0	1
4368	0	1
4369	0	1
4370	0	1
4372	0	1
4373	0	1
4374	0	1
4375	0	1
4376	0	1
4378	0	1
4379	0	1
4380	0	1
4381	0	1
4382	0	1
4383	0	1
4384	0	1
4385	0	1
4386	0	1
4387	0	1
4388	0	1
4389	0	1
4390	0	1
4392	0	1
4393	0	1
4394	0	1
4395	0	1
4396	0	1
4397	0	1
4398	0	1
4400	0	1
4401	0	1
4402	0	1
4404	0	1
4405	0	1
4406	0	1
4409	0	1
4410	0	1
4411	0	1
4413	0	1
4414	0	1
4415	0	1
4417	0	1
4418	0	1
4419	0	1
4420	0	1
4421	0	1
4422	0	1
4423	0	1
4424	0	1
4425	0	1
4426	0	1
4427	0	1
4429	0	1
4430	0	1
4431	0	1
4433	0	1
4434	0	1
4435	0	1
4436	0	1
4437	0	1
4438	0	1
4439	0	1
4440	0	1
4441	0	1
4442	0	1
4443	0	1
4444	0	1
4445	0	1
4446	0	1
4447	0	1
4448	0	1
4449	0	1
4451	0	1
4452	0	1
4453	0	1
4454	0	1
4455	0	1
4456	0	1
4457	0	1
4458	0	1
4459	0	1
4460	0	1
4461	0	1
4462	0	1
4463	0	1
4464	0	1
4465	0	1
4466	0	1
4467	0	1
4468	0	1
4469	0	1
4470	0	1
4471	0	1
4472	0	1
4473	0	1
4474	0	1
4475	0	1
4477	0	1
4478	0	1
4479	0	1
4480	0	1
4481	0	1
4483	0	1
4484	0	1
4485	0	1
4486	0	1
4487	0	1
4488	0	1
4490	0	1
4491	0	1
4492	0	1
4494	0	1
4495	0	1
4497	0	1
4498	0	1
4499	0	1
4500	0	1
4501	0	1
4503	0	1
4504	0	1
4505	0	1
4506	0	1
4507	0	1
4509	0	1
4511	0	1
4512	0	1
4514	0	1
4515	0	1
4517	0	1
4518	0	1
4519	0	1
4520	0	1
4521	0	1
4522	0	1
4523	0	1
4524	0	1
4525	0	1
4526	0	1
4527	0	1
4529	0	1
4531	0	1
4532	0	1
4533	0	1
4534	0	1
4535	0	1
4536	0	1
4537	0	1
4538	0	1
4539	0	1
4540	0	1
4541	0	1
4542	0	1
4543	0	1
4544	0	1
4545	0	1
4546	0	1
4548	0	1
4549	0	1
4551	0	1
4553	0	1
4556	0	1
4557	0	1
4559	0	1
4561	0	1
4562	0	1
4563	0	1
4564	0	1
4565	0	1
4566	0	1
4567	0	1
4568	0	1
4569	0	1
4570	0	1
4571	0	1
4572	0	1
4574	0	1
4576	0	1
4577	0	1
4578	0	1
4579	0	1
4580	0	1
4581	0	1
4582	0	1
4583	0	1
4584	0	1
4585	0	1
4586	0	1
4589	0	1
4590	0	1
4593	0	1
4595	0	1
4596	0	1
4598	0	1
4599	0	1
4600	0	1
4601	0	1
4602	0	1
4603	0	1
4604	0	1
4605	0	1
4606	0	1
4607	0	1
4608	0	1
4609	0	1
4611	0	1
4612	0	1
4613	0	1
4614	0	1
4615	0	1
4616	0	1
4617	0	1
4618	0	1
4620	0	1
4621	0	1
4622	0	1
4623	0	1
4624	0	1
4625	0	1
4626	0	1
4628	0	1
4629	0	1
4630	0	1
4631	0	1
4632	0	1
4633	0	1
4635	0	1
4636	0	1
4639	0	1
4640	0	1
4641	0	1
4642	0	1
4643	0	1
4644	0	1
4646	0	1
4648	0	1
4649	0	1
4650	0	1
4651	0	1
4652	0	1
4654	0	1
4655	0	1
4656	0	1
4657	0	1
4658	0	1
4659	0	1
4661	0	1
4662	0	1
4663	0	1
4664	0	1
4665	0	1
4666	0	1
4667	0	1
4668	0	1
4669	0	1
4670	0	1
4671	0	1
4672	0	1
4674	0	1
4675	0	1
4676	0	1
4678	0	1
4679	0	1
4680	0	1
4681	0	1
4682	0	1
4683	0	1
4684	0	1
4685	0	1
4686	0	1
4687	0	1
4688	0	1
4689	0	1
4690	0	1
4691	0	1
4693	0	1
4694	0	1
4695	0	1
4696	0	1
4699	0	1
4700	0	1
4703	0	1
4704	0	1
4706	0	1
4707	0	1
4708	0	1
4709	0	1
4710	0	1
4713	0	1
4714	0	1
4715	0	1
4716	0	1
4718	0	1
4719	0	1
4720	0	1
4721	0	1
4722	0	1
4723	0	1
4725	0	1
4726	0	1
4728	0	1
4729	0	1
4730	0	1
4731	0	1
4732	0	1
4733	0	1
4734	0	1
4735	0	1
4736	0	1
4738	0	1
4739	0	1
4740	0	1
4741	0	1
4743	0	1
4744	0	1
4745	0	1
4747	0	1
4748	0	1
4752	0	1
4753	0	1
4754	0	1
4755	0	1
4756	0	1
4757	0	1
4758	0	1
4759	0	1
4760	0	1
4761	0	1
4762	0	1
4763	0	1
4764	0	1
4766	0	1
4767	0	1
4768	0	1
4769	0	1
4770	0	1
4771	0	1
4772	0	1
4774	0	1
4775	0	1
4776	0	1
4778	0	1
4779	0	1
4782	0	1
4783	0	1
4784	0	1
4785	0	1
4786	0	1
4787	0	1
4788	0	1
4789	0	1
4790	0	1
4791	0	1
4793	0	1
4794	0	1
4795	0	1
4796	0	1
4797	0	1
4798	0	1
4799	0	1
4800	0	1
4801	0	1
4802	0	1
4805	0	1
4806	0	1
4807	0	1
4810	0	1
4811	0	1
4812	0	1
4813	0	1
4814	0	1
4816	0	1
4817	0	1
4818	0	1
4819	0	1
4820	0	1
4822	0	1
4823	0	1
4824	0	1
4825	0	1
4826	0	1
4827	0	1
4828	0	1
4829	0	1
4831	0	1
4832	0	1
4833	0	1
4834	0	1
4835	0	1
4837	0	1
4838	0	1
4840	0	1
4841	0	1
4842	0	1
4843	0	1
4844	0	1
4845	0	1
4846	0	1
4847	0	1
4848	0	1
4849	0	1
4850	0	1
4851	0	1
4852	0	1
4853	0	1
4854	0	1
4856	0	1
4857	0	1
4858	0	1
4859	0	1
4860	0	1
4861	0	1
4862	0	1
4863	0	1
4864	0	1
4865	0	1
4866	0	1
4867	0	1
4868	0	1
4869	0	1
4870	0	1
4871	0	1
4872	0	1
4873	0	1
4874	0	1
4875	0	1
4876	0	1
4877	0	1
4878	0	1
4879	0	1
4880	0	1
4881	0	1
4883	0	1
4884	0	1
4885	0	1
4886	0	1
4887	0	1
4888	0	1
4889	0	1
4890	0	1
4891	0	1
4892	0	1
4893	0	1
4894	0	1
4895	0	1
4896	0	1
4897	0	1
4898	0	1
4899	0	1
4900	0	1
4901	0	1
4902	0	1
4903	0	1
4905	0	1
4906	0	1
4907	0	1
4908	0	1
4909	0	1
4910	0	1
4911	0	1
4912	0	1
4913	0	1
4914	0	1
4915	0	1
4916	0	1
4917	0	1
4920	0	1
4922	0	1
4925	0	1
4926	0	1
4927	0	1
4928	0	1
4929	0	1
4930	0	1
4931	0	1
4932	0	1
4933	0	1
4934	0	1
4935	0	1
4937	0	1
4939	0	1
4941	0	1
4942	0	1
4943	0	1
4944	0	1
4945	0	1
4946	0	1
4947	0	1
4948	0	1
4949	0	1
4950	0	1
4953	0	1
4954	0	1
4955	0	1
4957	0	1
4958	0	1
4959	0	1
4960	0	1
4961	0	1
4962	0	1
4963	0	1
4964	0	1
4966	0	1
4967	0	1
4968	0	1
4970	0	1
4971	0	1
4972	0	1
4973	0	1
4974	0	1
4975	0	1
4976	0	1
4977	0	1
4978	0	1
4979	0	1
4980	0	1
4981	0	1
4982	0	1
4983	0	1
4984	0	1
4985	0	1
4986	0	1
4987	0	1
4988	0	1
4989	0	1
4990	0	1
4992	0	1
4993	0	1
4994	0	1
4996	0	1
4997	0	1
4999	0	1
5000	0	1
5001	0	1
5002	0	1
5003	0	1
5004	0	1
5005	0	1
5006	0	1
5007	0	1
5008	0	1
5010	0	1
5011	0	1
5012	0	1
5013	0	1
5014	0	1
5015	0	1
5017	0	1
5018	0	1
5019	0	1
5020	0	1
5021	0	1
5022	0	1
5024	0	1
5025	0	1
5026	0	1
5027	0	1
5028	0	1
5029	0	1
5030	0	1
5031	0	1
5032	0	1
5034	0	1
5035	0	1
5037	0	1
5038	0	1
5040	0	1
5041	0	1
5042	0	1
5043	0	1
5044	0	1
5045	0	1
5046	0	1
5047	0	1
5048	0	1
5050	0	1
5051	0	1
5052	0	1
5053	0	1
5054	0	1
5055	0	1
5056	0	1
5057	0	1
5058	0	1
5059	0	1
5060	0	1
5061	0	1
5062	0	1
5063	0	1
5065	0	1
5066	0	1
5067	0	1
5068	0	1
5069	0	1
5070	0	1
5071	0	1
5072	0	1
5073	0	1
5074	0	1
5075	0	1
5076	0	1
5077	0	1
5078	0	1
5079	0	1
5080	0	1
5081	0	1
5082	0	1
5083	0	1
5084	0	1
5085	0	1
5086	0	1
5089	0	1
5090	0	1
5091	0	1
5092	0	1
5093	0	1
5094	0	1
5095	0	1
5096	0	1
5097	0	1
5098	0	1
5100	0	1
5101	0	1
5102	0	1
5103	0	1
5104	0	1
5105	0	1
5107	0	1
5108	0	1
5109	0	1
5110	0	1
5111	0	1
5112	0	1
5113	0	1
5115	0	1
5116	0	1
5117	0	1
5118	0	1
5119	0	1
5122	0	1
5123	0	1
5126	0	1
5127	0	1
5128	0	1
5129	0	1
5130	0	1
5131	0	1
5135	0	1
5136	0	1
5137	0	1
5138	0	1
5139	0	1
5140	0	1
5141	0	1
5142	0	1
5143	0	1
5144	0	1
5145	0	1
5146	0	1
5147	0	1
5150	0	1
5151	0	1
5153	0	1
5154	0	1
5155	0	1
5156	0	1
5157	0	1
5158	0	1
5159	0	1
5160	0	1
5161	0	1
5162	0	1
5163	0	1
5164	0	1
5166	0	1
5167	0	1
5168	0	1
5169	0	1
5171	0	1
5172	0	1
5173	0	1
5174	0	1
5175	0	1
5176	0	1
5177	0	1
5178	0	1
5179	0	1
5180	0	1
5181	0	1
5182	0	1
5183	0	1
5184	0	1
5185	0	1
5186	0	1
5188	0	1
5189	0	1
5190	0	1
5191	0	1
5192	0	1
5193	0	1
5195	0	1
5196	0	1
5197	0	1
5198	0	1
5199	0	1
5200	0	1
5201	0	1
5202	0	1
5203	0	1
5204	0	1
5205	0	1
5206	0	1
5207	0	1
5208	0	1
5209	0	1
5211	0	1
5212	0	1
5213	0	1
5214	0	1
5215	0	1
5217	0	1
5218	0	1
5219	0	1
5220	0	1
5221	0	1
5222	0	1
5223	0	1
5224	0	1
5225	0	1
5226	0	1
5227	0	1
5229	0	1
5230	0	1
5231	0	1
5232	0	1
5233	0	1
5234	0	1
5235	0	1
5236	0	1
5237	0	1
5238	0	1
5239	0	1
5240	0	1
5241	0	1
5243	0	1
5244	0	1
5245	0	1
5246	0	1
5247	0	1
5248	0	1
5251	0	1
5252	0	1
5253	0	1
5254	0	1
5255	0	1
5256	0	1
5257	0	1
5258	0	1
5259	0	1
5260	0	1
5261	0	1
5262	0	1
5263	0	1
5264	0	1
5265	0	1
5266	0	1
5267	0	1
5268	0	1
5269	0	1
5270	0	1
5271	0	1
5272	0	1
5273	0	1
5274	0	1
5275	0	1
5276	0	1
5277	0	1
5278	0	1
5280	0	1
5281	0	1
5283	0	1
5284	0	1
5285	0	1
5286	0	1
5287	0	1
5288	0	1
5289	0	1
5290	0	1
5292	0	1
5293	0	1
5294	0	1
5295	0	1
5296	0	1
5297	0	1
5300	0	1
5301	0	1
5302	0	1
5303	0	1
5304	0	1
5306	0	1
5307	0	1
5309	0	1
5310	0	1
5311	0	1
5312	0	1
5313	0	1
5314	0	1
5316	0	1
5317	0	1
5318	0	1
5319	0	1
5320	0	1
5321	0	1
5322	0	1
5324	0	1
5325	0	1
5326	0	1
5327	0	1
5328	0	1
5329	0	1
5330	0	1
5331	0	1
5332	0	1
5334	0	1
5335	0	1
5336	0	1
5337	0	1
5338	0	1
5339	0	1
5340	0	1
5341	0	1
5342	0	1
5343	0	1
5344	0	1
5345	0	1
5346	0	1
5347	0	1
5348	0	1
5349	0	1
5351	0	1
5352	0	1
5353	0	1
5354	0	1
5355	0	1
5356	0	1
5357	0	1
5358	0	1
5360	0	1
5361	0	1
5362	0	1
5363	0	1
5365	0	1
5366	0	1
5369	0	1
5370	0	1
5371	0	1
5373	0	1
5375	0	1
5376	0	1
5377	0	1
5378	0	1
5379	0	1
5380	0	1
5381	0	1
5382	0	1
5383	0	1
5384	0	1
5385	0	1
5388	0	1
5389	0	1
5390	0	1
5391	0	1
5392	0	1
5393	0	1
5394	0	1
5395	0	1
5396	0	1
5397	0	1
5398	0	1
5400	0	1
5401	0	1
5403	0	1
5404	0	1
5405	0	1
5407	0	1
5408	0	1
5409	0	1
5410	0	1
5411	0	1
5412	0	1
5413	0	1
5415	0	1
5416	0	1
5418	0	1
5420	0	1
5421	0	1
5422	0	1
5423	0	1
5424	0	1
5425	0	1
5426	0	1
5428	0	1
5429	0	1
5430	0	1
5431	0	1
5432	0	1
5433	0	1
5435	0	1
5436	0	1
5437	0	1
5438	0	1
5439	0	1
5440	0	1
5441	0	1
5442	0	1
5443	0	1
5444	0	1
5445	0	1
5446	0	1
5447	0	1
5448	0	1
5449	0	1
5450	0	1
5451	0	1
5452	0	1
5453	0	1
5454	0	1
5456	0	1
5457	0	1
5458	0	1
5459	0	1
5460	0	1
5461	0	1
5462	0	1
5463	0	1
5464	0	1
5465	0	1
5466	0	1
5468	0	1
5469	0	1
5470	0	1
5471	0	1
5472	0	1
5473	0	1
5474	0	1
5475	0	1
5476	0	1
5477	0	1
5479	0	1
5480	0	1
5481	0	1
5482	0	1
5484	0	1
5485	0	1
5486	0	1
5487	0	1
5488	0	1
5489	0	1
5490	0	1
5491	0	1
5492	0	1
5493	0	1
5495	0	1
5496	0	1
5497	0	1
5498	0	1
5499	0	1
5500	0	1
5501	0	1
5502	0	1
5503	0	1
5504	0	1
5505	0	1
5506	0	1
5507	0	1
5508	0	1
5509	0	1
5510	0	1
5511	0	1
5512	0	1
5513	0	1
5514	0	1
5516	0	1
5517	0	1
5519	0	1
5520	0	1
5521	0	1
5522	0	1
5523	0	1
5525	0	1
5526	0	1
5527	0	1
5528	0	1
5529	0	1
5530	0	1
5533	0	1
5534	0	1
5535	0	1
5536	0	1
5537	0	1
5538	0	1
5539	0	1
5540	0	1
5541	0	1
5542	0	1
5544	0	1
5545	0	1
5546	0	1
5547	0	1
5548	0	1
5549	0	1
5551	0	1
5552	0	1
5553	0	1
5555	0	1
5557	0	1
5558	0	1
5559	0	1
5560	0	1
5562	0	1
5563	0	1
5564	0	1
5565	0	1
5566	0	1
5567	0	1
5568	0	1
5569	0	1
5570	0	1
5571	0	1
5573	0	1
5574	0	1
5575	0	1
5576	0	1
5577	0	1
5578	0	1
5580	0	1
5581	0	1
5582	0	1
5583	0	1
5584	0	1
5586	0	1
5588	0	1
5589	0	1
5590	0	1
5591	0	1
5592	0	1
5593	0	1
5594	0	1
5595	0	1
5596	0	1
5597	0	1
5598	0	1
5599	0	1
5601	0	1
5602	0	1
5603	0	1
5604	0	1
5605	0	1
5606	0	1
5607	0	1
5608	0	1
5610	0	1
5611	0	1
5612	0	1
5613	0	1
5615	0	1
5616	0	1
5617	0	1
5618	0	1
5619	0	1
5620	0	1
5623	0	1
5625	0	1
5626	0	1
5627	0	1
5629	0	1
5630	0	1
5631	0	1
5632	0	1
5633	0	1
5634	0	1
5635	0	1
5636	0	1
5637	0	1
5639	0	1
5640	0	1
5641	0	1
5642	0	1
5643	0	1
5644	0	1
5646	0	1
5647	0	1
5648	0	1
5649	0	1
5650	0	1
5652	0	1
5653	0	1
5654	0	1
5655	0	1
5656	0	1
5657	0	1
5658	0	1
5659	0	1
5660	0	1
5661	0	1
5662	0	1
5664	0	1
5665	0	1
5666	0	1
5667	0	1
5669	0	1
5670	0	1
5672	0	1
5674	0	1
5675	0	1
5676	0	1
5677	0	1
5678	0	1
5680	0	1
5681	0	1
5682	0	1
5683	0	1
5685	0	1
5686	0	1
5687	0	1
5688	0	1
5689	0	1
5691	0	1
5692	0	1
5693	0	1
5694	0	1
5695	0	1
5696	0	1
5697	0	1
5698	0	1
5699	0	1
5700	0	1
5701	0	1
5702	0	1
5703	0	1
5704	0	1
5705	0	1
5706	0	1
5707	0	1
5708	0	1
5709	0	1
5710	0	1
5711	0	1
5712	0	1
5714	0	1
5715	0	1
5717	0	1
5719	0	1
5720	0	1
5721	0	1
5722	0	1
5723	0	1
5724	0	1
5725	0	1
5726	0	1
5727	0	1
5728	0	1
5729	0	1
5730	0	1
5731	0	1
5732	0	1
5733	0	1
5734	0	1
5735	0	1
5736	0	1
5737	0	1
5738	0	1
5739	0	1
5740	0	1
5741	0	1
5742	0	1
5743	0	1
5744	0	1
5745	0	1
5746	0	1
5747	0	1
5749	0	1
5750	0	1
5752	0	1
5753	0	1
5754	0	1
5755	0	1
5756	0	1
5757	0	1
5758	0	1
5760	0	1
5761	0	1
5762	0	1
5763	0	1
5764	0	1
5766	0	1
5767	0	1
5768	0	1
5769	0	1
5770	0	1
5775	0	1
5776	0	1
5777	0	1
5778	0	1
5780	0	1
5781	0	1
5782	0	1
5783	0	1
5784	0	1
5785	0	1
5786	0	1
5787	0	1
5788	0	1
5789	0	1
5791	0	1
5793	0	1
5794	0	1
5795	0	1
5796	0	1
5797	0	1
5798	0	1
5799	0	1
5800	0	1
5801	0	1
5802	0	1
5803	0	1
5804	0	1
5805	0	1
5806	0	1
5807	0	1
5808	0	1
5809	0	1
5810	0	1
5812	0	1
5813	0	1
5814	0	1
5815	0	1
5816	0	1
5817	0	1
5818	0	1
5819	0	1
5820	0	1
5821	0	1
5823	0	1
5824	0	1
5825	0	1
5827	0	1
5828	0	1
5829	0	1
5830	0	1
5831	0	1
5832	0	1
5833	0	1
5834	0	1
5835	0	1
5837	0	1
5838	0	1
5839	0	1
5840	0	1
5841	0	1
5842	0	1
5844	0	1
5845	0	1
5846	0	1
5849	0	1
5850	0	1
5851	0	1
5852	0	1
5853	0	1
5854	0	1
5855	0	1
5856	0	1
5857	0	1
5858	0	1
5859	0	1
5860	0	1
5862	0	1
5863	0	1
5864	0	1
5865	0	1
5866	0	1
5867	0	1
5868	0	1
5869	0	1
5870	0	1
5871	0	1
5873	0	1
5874	0	1
5875	0	1
5876	0	1
5877	0	1
5878	0	1
5879	0	1
5880	0	1
5881	0	1
5883	0	1
5884	0	1
5885	0	1
5886	0	1
5887	0	1
5888	0	1
5889	0	1
5890	0	1
5891	0	1
5892	0	1
5893	0	1
5895	0	1
5896	0	1
5897	0	1
5898	0	1
5899	0	1
5900	0	1
5901	0	1
5902	0	1
5903	0	1
5905	0	1
5906	0	1
5907	0	1
5908	0	1
5910	0	1
5912	0	1
5913	0	1
5914	0	1
5915	0	1
5916	0	1
5917	0	1
5918	0	1
5919	0	1
5920	0	1
5921	0	1
5922	0	1
5923	0	1
5924	0	1
5925	0	1
5926	0	1
5927	0	1
5928	0	1
5929	0	1
5932	0	1
5933	0	1
5934	0	1
5935	0	1
5936	0	1
5937	0	1
5938	0	1
5939	0	1
5940	0	1
5941	0	1
5942	0	1
5945	0	1
5946	0	1
5948	0	1
5950	0	1
5951	0	1
5953	0	1
5955	0	1
5958	0	1
5959	0	1
5960	0	1
5961	0	1
5963	0	1
5965	0	1
5966	0	1
5967	0	1
5968	0	1
5969	0	1
5970	0	1
5971	0	1
5972	0	1
5974	0	1
5976	0	1
5977	0	1
5978	0	1
5979	0	1
5980	0	1
5982	0	1
5983	0	1
5984	0	1
5985	0	1
5986	0	1
5987	0	1
5988	0	1
5989	0	1
5990	0	1
5991	0	1
5992	0	1
5993	0	1
5994	0	1
5995	0	1
5996	0	1
5997	0	1
5998	0	1
5999	0	1
6001	0	1
6002	0	1
6003	0	1
6005	0	1
6006	0	1
6007	0	1
6008	0	1
6010	0	1
6011	0	1
6012	0	1
6015	0	1
6016	0	1
6017	0	1
6018	0	1
6019	0	1
6020	0	1
6021	0	1
6022	0	1
6023	0	1
6025	0	1
6026	0	1
6027	0	1
6028	0	1
6030	0	1
6031	0	1
6032	0	1
6033	0	1
6034	0	1
6035	0	1
6036	0	1
6037	0	1
6038	0	1
6039	0	1
6041	0	1
6042	0	1
6044	0	1
6045	0	1
6046	0	1
6047	0	1
6048	0	1
6049	0	1
6050	0	1
6051	0	1
6052	0	1
6053	0	1
6054	0	1
6055	0	1
6056	0	1
6057	0	1
6059	0	1
6060	0	1
6061	0	1
6062	0	1
6063	0	1
6064	0	1
6065	0	1
6067	0	1
6068	0	1
6069	0	1
6072	0	1
6073	0	1
6074	0	1
6075	0	1
6076	0	1
6078	0	1
6079	0	1
6081	0	1
6082	0	1
6083	0	1
6084	0	1
6085	0	1
6086	0	1
6087	0	1
6088	0	1
6089	0	1
6090	0	1
6091	0	1
6092	0	1
6093	0	1
6094	0	1
6097	0	1
6098	0	1
6099	0	1
6100	0	1
6101	0	1
6102	0	1
6103	0	1
6104	0	1
6105	0	1
6106	0	1
6107	0	1
6108	0	1
6109	0	1
6110	0	1
6111	0	1
6112	0	1
6114	0	1
6115	0	1
6116	0	1
6117	0	1
6118	0	1
6119	0	1
6120	0	1
6121	0	1
6122	0	1
6123	0	1
6124	0	1
6126	0	1
6127	0	1
6129	0	1
6130	0	1
6131	0	1
6133	0	1
6134	0	1
6135	0	1
6136	0	1
6137	0	1
6138	0	1
6139	0	1
6140	0	1
6141	0	1
6143	0	1
6144	0	1
6145	0	1
6147	0	1
6148	0	1
6149	0	1
6150	0	1
6152	0	1
6153	0	1
6154	0	1
6155	0	1
6156	0	1
6157	0	1
6158	0	1
6159	0	1
6160	0	1
6161	0	1
6162	0	1
6163	0	1
6164	0	1
6165	0	1
6166	0	1
6167	0	1
6168	0	1
6173	0	1
6175	0	1
6176	0	1
6177	0	1
6178	0	1
6179	0	1
6180	0	1
6181	0	1
6182	0	1
6183	0	1
6184	0	1
6185	0	1
6186	0	1
6187	0	1
6188	0	1
6189	0	1
6190	0	1
6191	0	1
6192	0	1
6193	0	1
6194	0	1
6195	0	1
6196	0	1
6197	0	1
6198	0	1
6199	0	1
6200	0	1
6202	0	1
6203	0	1
6204	0	1
6205	0	1
6206	0	1
6207	0	1
6208	0	1
6209	0	1
6210	0	1
6211	0	1
6212	0	1
6213	0	1
6214	0	1
6215	0	1
6216	0	1
6217	0	1
6218	0	1
6219	0	1
6220	0	1
6221	0	1
6222	0	1
6223	0	1
6224	0	1
6225	0	1
6226	0	1
6227	0	1
6228	0	1
6230	0	1
6231	0	1
6232	0	1
6233	0	1
6234	0	1
6235	0	1
6236	0	1
6237	0	1
6238	0	1
6239	0	1
6240	0	1
6241	0	1
6242	0	1
6243	0	1
6244	0	1
6245	0	1
6246	0	1
6247	0	1
6248	0	1
6249	0	1
6250	0	1
6252	0	1
6253	0	1
6254	0	1
6255	0	1
6257	0	1
6258	0	1
6259	0	1
6261	0	1
6262	0	1
6264	0	1
6265	0	1
6266	0	1
6267	0	1
6268	0	1
6269	0	1
6270	0	1
6272	0	1
6273	0	1
6275	0	1
6276	0	1
6277	0	1
6278	0	1
6280	0	1
6281	0	1
6282	0	1
6283	0	1
6285	0	1
6286	0	1
6287	0	1
6288	0	1
6289	0	1
6290	0	1
6291	0	1
6292	0	1
6293	0	1
6294	0	1
6295	0	1
6296	0	1
6297	0	1
6298	0	1
6299	0	1
6300	0	1
6301	0	1
6302	0	1
6303	0	1
6304	0	1
6305	0	1
6306	0	1
6308	0	1
6311	0	1
6312	0	1
6313	0	1
6314	0	1
6317	0	1
6318	0	1
6319	0	1
6320	0	1
6322	0	1
6323	0	1
6324	0	1
6326	0	1
6327	0	1
6328	0	1
6329	0	1
6330	0	1
6331	0	1
6332	0	1
6333	0	1
6334	0	1
6335	0	1
6336	0	1
6337	0	1
6338	0	1
6339	0	1
6340	0	1
6341	0	1
6343	0	1
6344	0	1
6345	0	1
6346	0	1
6347	0	1
6349	0	1
6351	0	1
6352	0	1
6353	0	1
6354	0	1
6355	0	1
6356	0	1
6358	0	1
6359	0	1
6360	0	1
6361	0	1
6362	0	1
6363	0	1
6364	0	1
6365	0	1
6366	0	1
6367	0	1
6368	0	1
6369	0	1
6370	0	1
6371	0	1
6372	0	1
6373	0	1
6374	0	1
6375	0	1
6376	0	1
6377	0	1
6378	0	1
6379	0	1
6380	0	1
6381	0	1
6382	0	1
6383	0	1
6384	0	1
6385	0	1
6386	0	1
6387	0	1
6391	0	1
6392	0	1
6393	0	1
6394	0	1
6396	0	1
6397	0	1
6399	0	1
6400	0	1
6401	0	1
6402	0	1
6403	0	1
6404	0	1
6405	0	1
6406	0	1
6407	0	1
6408	0	1
6409	0	1
6410	0	1
6411	0	1
6412	0	1
6413	0	1
6415	0	1
6416	0	1
6417	0	1
6418	0	1
6419	0	1
6420	0	1
6421	0	1
6422	0	1
6423	0	1
6424	0	1
6425	0	1
6427	0	1
6428	0	1
6429	0	1
6430	0	1
6432	0	1
6433	0	1
6435	0	1
6436	0	1
6437	0	1
6438	0	1
6440	0	1
6441	0	1
6442	0	1
6443	0	1
6444	0	1
6446	0	1
6447	0	1
6448	0	1
6449	0	1
6450	0	1
6451	0	1
6452	0	1
6453	0	1
6454	0	1
6455	0	1
6456	0	1
6457	0	1
6459	0	1
6460	0	1
6461	0	1
6462	0	1
6463	0	1
6464	0	1
6465	0	1
6466	0	1
6467	0	1
6468	0	1
6469	0	1
6470	0	1
6472	0	1
6473	0	1
6474	0	1
6475	0	1
6476	0	1
6477	0	1
6478	0	1
6480	0	1
6482	0	1
6483	0	1
6484	0	1
6485	0	1
6486	0	1
6487	0	1
6488	0	1
6489	0	1
6491	0	1
6492	0	1
6493	0	1
6494	0	1
6495	0	1
6496	0	1
6497	0	1
6498	0	1
6500	0	1
6502	0	1
6503	0	1
6504	0	1
6505	0	1
6506	0	1
6507	0	1
6508	0	1
6509	0	1
6510	0	1
6511	0	1
6512	0	1
6513	0	1
6514	0	1
6515	0	1
6516	0	1
6517	0	1
6518	0	1
6521	0	1
6523	0	1
6524	0	1
6525	0	1
6527	0	1
6528	0	1
6529	0	1
6530	0	1
6531	0	1
6532	0	1
6533	0	1
6534	0	1
6535	0	1
6536	0	1
6537	0	1
6538	0	1
6539	0	1
6540	0	1
6542	0	1
6543	0	1
6545	0	1
6546	0	1
6547	0	1
6548	0	1
6549	0	1
6550	0	1
6551	0	1
6552	0	1
6554	0	1
6555	0	1
6556	0	1
6557	0	1
6558	0	1
6559	0	1
6560	0	1
6561	0	1
6562	0	1
6563	0	1
6565	0	1
6566	0	1
6567	0	1
6568	0	1
6569	0	1
6570	0	1
6571	0	1
6572	0	1
6573	0	1
6574	0	1
6575	0	1
6576	0	1
6577	0	1
6579	0	1
6580	0	1
6581	0	1
6582	0	1
6583	0	1
6584	0	1
6585	0	1
6587	0	1
6588	0	1
6589	0	1
6591	0	1
6592	0	1
6593	0	1
6594	0	1
6595	0	1
6596	0	1
6597	0	1
6598	0	1
6599	0	1
6600	0	1
6601	0	1
6604	0	1
6605	0	1
6606	0	1
6607	0	1
6608	0	1
6609	0	1
6610	0	1
6611	0	1
6613	0	1
6614	0	1
6615	0	1
6617	0	1
6618	0	1
6619	0	1
6620	0	1
6623	0	1
6624	0	1
6625	0	1
6626	0	1
6627	0	1
6628	0	1
6629	0	1
6630	0	1
6631	0	1
6632	0	1
6633	0	1
6634	0	1
6635	0	1
6636	0	1
6638	0	1
6639	0	1
6640	0	1
6641	0	1
6642	0	1
6643	0	1
6644	0	1
6645	0	1
6646	0	1
6647	0	1
6648	0	1
6649	0	1
6650	0	1
6651	0	1
6652	0	1
6653	0	1
6654	0	1
6655	0	1
6656	0	1
6657	0	1
6658	0	1
6659	0	1
6660	0	1
6663	0	1
6664	0	1
6665	0	1
6667	0	1
6668	0	1
6670	0	1
6673	0	1
6674	0	1
6675	0	1
6676	0	1
6677	0	1
6678	0	1
6679	0	1
6681	0	1
6682	0	1
6684	0	1
6685	0	1
6687	0	1
6688	0	1
6689	0	1
6690	0	1
6691	0	1
6692	0	1
6693	0	1
6694	0	1
6695	0	1
6696	0	1
6697	0	1
6698	0	1
6700	0	1
6701	0	1
6702	0	1
6703	0	1
6704	0	1
6705	0	1
6706	0	1
6707	0	1
6708	0	1
6709	0	1
6710	0	1
6711	0	1
6712	0	1
6713	0	1
6714	0	1
6716	0	1
6717	0	1
6719	0	1
6720	0	1
6721	0	1
6722	0	1
6723	0	1
6724	0	1
6726	0	1
6727	0	1
6728	0	1
6729	0	1
6731	0	1
6732	0	1
6733	0	1
6735	0	1
6736	0	1
6737	0	1
6738	0	1
6739	0	1
6740	0	1
6741	0	1
6742	0	1
6743	0	1
6744	0	1
6745	0	1
6746	0	1
6747	0	1
6748	0	1
6749	0	1
6750	0	1
6751	0	1
6752	0	1
6753	0	1
6754	0	1
6755	0	1
6756	0	1
6757	0	1
6758	0	1
6759	0	1
6760	0	1
6762	0	1
6763	0	1
6764	0	1
6765	0	1
6766	0	1
6767	0	1
6768	0	1
6769	0	1
6770	0	1
6771	0	1
6772	0	1
6773	0	1
6774	0	1
6775	0	1
6776	0	1
6777	0	1
6778	0	1
6780	0	1
6781	0	1
6782	0	1
6783	0	1
6784	0	1
6785	0	1
6786	0	1
6787	0	1
6788	0	1
6789	0	1
6790	0	1
6791	0	1
6792	0	1
6794	0	1
6795	0	1
6796	0	1
6797	0	1
6798	0	1
6799	0	1
6800	0	1
6801	0	1
6802	0	1
6803	0	1
6804	0	1
6805	0	1
6806	0	1
6807	0	1
6808	0	1
6809	0	1
6810	0	1
6811	0	1
6812	0	1
6813	0	1
6814	0	1
6815	0	1
6817	0	1
6818	0	1
6819	0	1
6820	0	1
6821	0	1
6822	0	1
6824	0	1
6825	0	1
6826	0	1
6827	0	1
6828	0	1
6829	0	1
6830	0	1
6831	0	1
6832	0	1
6833	0	1
6834	0	1
6835	0	1
6836	0	1
6838	0	1
6839	0	1
6840	0	1
6841	0	1
6842	0	1
6843	0	1
6844	0	1
6845	0	1
6846	0	1
6847	0	1
6848	0	1
6849	0	1
6850	0	1
6853	0	1
6854	0	1
6855	0	1
6857	0	1
6858	0	1
6859	0	1
6860	0	1
6862	0	1
6863	0	1
6864	0	1
6866	0	1
6867	0	1
6868	0	1
6869	0	1
6870	0	1
6871	0	1
6872	0	1
6873	0	1
6874	0	1
6875	0	1
6876	0	1
6877	0	1
6878	0	1
6879	0	1
6880	0	1
6881	0	1
6882	0	1
6883	0	1
6884	0	1
6885	0	1
6886	0	1
6887	0	1
6888	0	1
6889	0	1
6890	0	1
6891	0	1
6892	0	1
6893	0	1
6894	0	1
6895	0	1
6897	0	1
6898	0	1
6899	0	1
6901	0	1
6902	0	1
6903	0	1
6905	0	1
6906	0	1
6907	0	1
6908	0	1
6909	0	1
6910	0	1
6911	0	1
6912	0	1
6913	0	1
6914	0	1
6915	0	1
6919	0	1
6920	0	1
6921	0	1
6922	0	1
6923	0	1
6924	0	1
6926	0	1
6927	0	1
6928	0	1
6929	0	1
6931	0	1
6933	0	1
6936	0	1
6937	0	1
6938	0	1
6939	0	1
6940	0	1
6941	0	1
6942	0	1
6944	0	1
6946	0	1
6947	0	1
6948	0	1
6949	0	1
6950	0	1
6951	0	1
6952	0	1
6954	0	1
6955	0	1
6956	0	1
6957	0	1
6959	0	1
6960	0	1
6961	0	1
6962	0	1
6963	0	1
6964	0	1
6967	0	1
6969	0	1
6970	0	1
6971	0	1
6972	0	1
6973	0	1
6975	0	1
6976	0	1
6977	0	1
6978	0	1
6979	0	1
6980	0	1
6981	0	1
6982	0	1
6983	0	1
6984	0	1
6985	0	1
6986	0	1
6987	0	1
6988	0	1
6989	0	1
6990	0	1
6991	0	1
6992	0	1
6993	0	1
6994	0	1
6995	0	1
6996	0	1
6997	0	1
6999	0	1
7000	0	1
7001	0	1
7002	0	1
7003	0	1
7004	0	1
7005	0	1
7006	0	1
7008	0	1
7009	0	1
7010	0	1
7011	0	1
7012	0	1
7013	0	1
7014	0	1
7015	0	1
7016	0	1
7017	0	1
7019	0	1
7020	0	1
7022	0	1
7023	0	1
7024	0	1
7025	0	1
7026	0	1
7027	0	1
7028	0	1
7029	0	1
7030	0	1
7031	0	1
7032	0	1
7033	0	1
7034	0	1
7035	0	1
7036	0	1
7037	0	1
7038	0	1
7039	0	1
7040	0	1
7041	0	1
7043	0	1
7044	0	1
7045	0	1
7046	0	1
7047	0	1
7048	0	1
7050	0	1
7051	0	1
7052	0	1
7053	0	1
7054	0	1
7055	0	1
7056	0	1
7057	0	1
7058	0	1
7059	0	1
7060	0	1
7061	0	1
7062	0	1
7063	0	1
7064	0	1
7065	0	1
7066	0	1
7069	0	1
7070	0	1
7071	0	1
7072	0	1
7073	0	1
7074	0	1
7076	0	1
7077	0	1
7078	0	1
7079	0	1
7080	0	1
7081	0	1
7082	0	1
7083	0	1
7084	0	1
7086	0	1
7087	0	1
7088	0	1
7089	0	1
7090	0	1
7093	0	1
7094	0	1
7095	0	1
7096	0	1
7097	0	1
7098	0	1
7099	0	1
7100	0	1
7101	0	1
7102	0	1
7103	0	1
7104	0	1
7105	0	1
7106	0	1
7107	0	1
7108	0	1
7109	0	1
7110	0	1
7113	0	1
7114	0	1
7115	0	1
7118	0	1
7119	0	1
7120	0	1
7121	0	1
7122	0	1
7123	0	1
7124	0	1
7125	0	1
7127	0	1
7128	0	1
7129	0	1
7130	0	1
7131	0	1
7132	0	1
7133	0	1
7134	0	1
7135	0	1
7136	0	1
7137	0	1
7138	0	1
7139	0	1
7141	0	1
7142	0	1
7143	0	1
7144	0	1
7145	0	1
7146	0	1
7147	0	1
7148	0	1
7149	0	1
7150	0	1
7151	0	1
7152	0	1
7153	0	1
7154	0	1
7155	0	1
7156	0	1
7157	0	1
7158	0	1
7160	0	1
7162	0	1
7163	0	1
7164	0	1
7165	0	1
7166	0	1
7167	0	1
7168	0	1
7169	0	1
7170	0	1
7171	0	1
7172	0	1
7173	0	1
7174	0	1
7175	0	1
7176	0	1
7177	0	1
7178	0	1
7179	0	1
7180	0	1
7182	0	1
7183	0	1
7185	0	1
7187	0	1
7188	0	1
7189	0	1
7190	0	1
7191	0	1
7192	0	1
7193	0	1
7194	0	1
7195	0	1
7196	0	1
7197	0	1
7198	0	1
7199	0	1
7200	0	1
7201	0	1
7202	0	1
7203	0	1
7204	0	1
7205	0	1
7206	0	1
7207	0	1
7208	0	1
7209	0	1
7210	0	1
7211	0	1
7212	0	1
7213	0	1
7214	0	1
7215	0	1
7216	0	1
7217	0	1
7218	0	1
7219	0	1
7220	0	1
7221	0	1
7222	0	1
7223	0	1
7224	0	1
7225	0	1
7226	0	1
7227	0	1
7228	0	1
7229	0	1
7230	0	1
7231	0	1
7232	0	1
7233	0	1
7234	0	1
7235	0	1
7236	0	1
7237	0	1
7238	0	1
7239	0	1
7240	0	1
7241	0	1
7242	0	1
7243	0	1
7244	0	1
7246	0	1
7247	0	1
7248	0	1
7249	0	1
7250	0	1
7251	0	1
7252	0	1
7253	0	1
7254	0	1
7255	0	1
7256	0	1
7257	0	1
7258	0	1
7259	0	1
7260	0	1
7261	0	1
7262	0	1
7263	0	1
7265	0	1
7266	0	1
7268	0	1
7269	0	1
7271	0	1
7272	0	1
7273	0	1
7274	0	1
7275	0	1
7276	0	1
7277	0	1
7278	0	1
7279	0	1
7280	0	1
7281	0	1
7282	0	1
7283	0	1
7284	0	1
7285	0	1
7286	0	1
7287	0	1
7288	0	1
7289	0	1
7290	0	1
7291	0	1
7292	0	1
7293	0	1
7294	0	1
7295	0	1
7296	0	1
7297	0	1
7298	0	1
7299	0	1
7300	0	1
7301	0	1
7302	0	1
7303	0	1
7304	0	1
7305	0	1
7306	0	1
7307	0	1
7308	0	1
7309	0	1
7310	0	1
7311	0	1
7312	0	1
7314	0	1
7315	0	1
7316	0	1
7317	0	1
7319	0	1
7320	0	1
7321	0	1
7323	0	1
7324	0	1
7325	0	1
7326	0	1
7327	0	1
7328	0	1
7329	0	1
7331	0	1
7334	0	1
7337	0	1
7338	0	1
7339	0	1
7340	0	1
7341	0	1
7342	0	1
7343	0	1
7344	0	1
7345	0	1
7346	0	1
7348	0	1
7350	0	1
7353	0	1
7354	0	1
7355	0	1
7356	0	1
7357	0	1
7358	0	1
7359	0	1
7360	0	1
7361	0	1
7363	0	1
7364	0	1
7365	0	1
7366	0	1
7367	0	1
7368	0	1
7369	0	1
7370	0	1
7371	0	1
7373	0	1
7374	0	1
7375	0	1
7376	0	1
7377	0	1
7378	0	1
7379	0	1
7381	0	1
7382	0	1
7383	0	1
7385	0	1
7386	0	1
7387	0	1
7388	0	1
7389	0	1
7391	0	1
7392	0	1
7394	0	1
7395	0	1
7396	0	1
7397	0	1
7398	0	1
7399	0	1
7400	0	1
7401	0	1
7402	0	1
7403	0	1
7404	0	1
7405	0	1
7407	0	1
7408	0	1
7409	0	1
7410	0	1
7411	0	1
7413	0	1
7414	0	1
7415	0	1
7416	0	1
7417	0	1
7418	0	1
7420	0	1
7421	0	1
7422	0	1
7423	0	1
7424	0	1
7427	0	1
7428	0	1
7429	0	1
7430	0	1
7431	0	1
7433	0	1
7434	0	1
7435	0	1
7436	0	1
7437	0	1
7438	0	1
7439	0	1
7440	0	1
7442	0	1
7443	0	1
7445	0	1
7446	0	1
7447	0	1
7448	0	1
7449	0	1
7450	0	1
7451	0	1
7452	0	1
7454	0	1
7455	0	1
7456	0	1
7457	0	1
7459	0	1
7460	0	1
7462	0	1
7463	0	1
7464	0	1
7465	0	1
7466	0	1
7467	0	1
7468	0	1
7469	0	1
7470	0	1
7471	0	1
7472	0	1
7473	0	1
7474	0	1
7475	0	1
7476	0	1
7477	0	1
7478	0	1
7479	0	1
7480	0	1
7482	0	1
7484	0	1
7485	0	1
7486	0	1
7487	0	1
7488	0	1
7489	0	1
7490	0	1
7491	0	1
7492	0	1
7493	0	1
7494	0	1
7495	0	1
7496	0	1
7497	0	1
7498	0	1
7499	0	1
7500	0	1
7502	0	1
7503	0	1
7504	0	1
7505	0	1
7506	0	1
7507	0	1
7508	0	1
7510	0	1
7511	0	1
7512	0	1
7513	0	1
7514	0	1
7516	0	1
7517	0	1
7518	0	1
7519	0	1
7520	0	1
7521	0	1
7522	0	1
7523	0	1
7524	0	1
7525	0	1
7526	0	1
7528	0	1
7529	0	1
7530	0	1
7531	0	1
7532	0	1
7533	0	1
7535	0	1
7536	0	1
7537	0	1
7538	0	1
7539	0	1
7540	0	1
7541	0	1
7542	0	1
7543	0	1
7544	0	1
7545	0	1
7547	0	1
7548	0	1
7550	0	1
7551	0	1
7552	0	1
7553	0	1
7554	0	1
7555	0	1
7556	0	1
7557	0	1
7559	0	1
7560	0	1
7561	0	1
7562	0	1
7563	0	1
7565	0	1
7566	0	1
7567	0	1
7568	0	1
7570	0	1
7571	0	1
7572	0	1
7573	0	1
7574	0	1
7575	0	1
7576	0	1
7577	0	1
7578	0	1
7579	0	1
7581	0	1
7582	0	1
7583	0	1
7585	0	1
7586	0	1
7587	0	1
7588	0	1
7589	0	1
7590	0	1
7591	0	1
7592	0	1
7593	0	1
7594	0	1
7595	0	1
7596	0	1
7597	0	1
7598	0	1
7599	0	1
7600	0	1
7601	0	1
7602	0	1
7603	0	1
7604	0	1
7605	0	1
7606	0	1
7607	0	1
7608	0	1
7609	0	1
7610	0	1
7611	0	1
7612	0	1
7613	0	1
7614	0	1
7615	0	1
7616	0	1
7617	0	1
7618	0	1
7619	0	1
7620	0	1
7623	0	1
7624	0	1
7625	0	1
7626	0	1
7628	0	1
7629	0	1
7631	0	1
7632	0	1
7634	0	1
7635	0	1
7636	0	1
7638	0	1
7639	0	1
7640	0	1
7641	0	1
7642	0	1
7643	0	1
7644	0	1
7645	0	1
7647	0	1
7648	0	1
7650	0	1
7651	0	1
7654	0	1
7655	0	1
7657	0	1
7659	0	1
7660	0	1
7661	0	1
7662	0	1
7663	0	1
7664	0	1
7666	0	1
7667	0	1
7668	0	1
7669	0	1
7670	0	1
7672	0	1
7673	0	1
7674	0	1
7675	0	1
7676	0	1
7677	0	1
7678	0	1
7679	0	1
7680	0	1
7681	0	1
7682	0	1
7683	0	1
7685	0	1
7686	0	1
7687	0	1
7688	0	1
7689	0	1
7690	0	1
7692	0	1
7693	0	1
7694	0	1
7696	0	1
7697	0	1
7698	0	1
7699	0	1
7700	0	1
7701	0	1
7702	0	1
7704	0	1
7705	0	1
7706	0	1
7707	0	1
7708	0	1
7709	0	1
7710	0	1
7712	0	1
7713	0	1
7714	0	1
7715	0	1
7716	0	1
7717	0	1
7718	0	1
7720	0	1
7721	0	1
7726	0	1
7727	0	1
7729	0	1
7730	0	1
7732	0	1
7733	0	1
7734	0	1
7736	0	1
7738	0	1
7739	0	1
7740	0	1
7742	0	1
7746	0	1
7747	0	1
7748	0	1
7749	0	1
7750	0	1
7752	0	1
7753	0	1
7754	0	1
7755	0	1
7756	0	1
7758	0	1
7759	0	1
7761	0	1
7762	0	1
7764	0	1
7765	0	1
7766	0	1
7767	0	1
7768	0	1
7770	0	1
7771	0	1
7774	0	1
7775	0	1
7776	0	1
7777	0	1
7778	0	1
7779	0	1
7780	0	1
7781	0	1
7783	0	1
7785	0	1
7786	0	1
7787	0	1
7788	0	1
7789	0	1
7790	0	1
7791	0	1
7793	0	1
7795	0	1
7796	0	1
7797	0	1
7798	0	1
7799	0	1
7800	0	1
7801	0	1
7802	0	1
7803	0	1
7805	0	1
7806	0	1
7807	0	1
7809	0	1
7810	0	1
7811	0	1
7812	0	1
7813	0	1
7814	0	1
7816	0	1
7818	0	1
7819	0	1
7820	0	1
7821	0	1
7822	0	1
7823	0	1
7824	0	1
7825	0	1
7826	0	1
7827	0	1
7828	0	1
7829	0	1
7830	0	1
7831	0	1
7832	0	1
7833	0	1
7834	0	1
7836	0	1
7837	0	1
7839	0	1
7840	0	1
7841	0	1
7844	0	1
7845	0	1
7846	0	1
7847	0	1
7848	0	1
7849	0	1
7850	0	1
7851	0	1
7853	0	1
7855	0	1
7856	0	1
7857	0	1
7858	0	1
7859	0	1
7861	0	1
7862	0	1
7863	0	1
7864	0	1
7865	0	1
7866	0	1
7868	0	1
7869	0	1
7871	0	1
7872	0	1
7873	0	1
7874	0	1
7875	0	1
7876	0	1
7877	0	1
7878	0	1
7879	0	1
7880	0	1
7881	0	1
7882	0	1
7883	0	1
7884	0	1
7885	0	1
7886	0	1
7887	0	1
7888	0	1
7889	0	1
7890	0	1
7891	0	1
7893	0	1
7894	0	1
7895	0	1
7897	0	1
7898	0	1
7899	0	1
7901	0	1
7902	0	1
7903	0	1
7904	0	1
7905	0	1
7906	0	1
7907	0	1
7908	0	1
7909	0	1
7910	0	1
7911	0	1
7912	0	1
7913	0	1
7914	0	1
7915	0	1
7916	0	1
7917	0	1
7918	0	1
7919	0	1
7920	0	1
7921	0	1
7923	0	1
7924	0	1
7926	0	1
7927	0	1
7928	0	1
7929	0	1
7930	0	1
7931	0	1
7932	0	1
7933	0	1
7934	0	1
7935	0	1
7936	0	1
7937	0	1
7938	0	1
7940	0	1
7941	0	1
7942	0	1
7943	0	1
7944	0	1
7945	0	1
7946	0	1
7947	0	1
7948	0	1
7949	0	1
7950	0	1
7951	0	1
7952	0	1
7953	0	1
7954	0	1
7955	0	1
7956	0	1
7958	0	1
7959	0	1
7960	0	1
7961	0	1
7962	0	1
7963	0	1
7964	0	1
7965	0	1
7967	0	1
7968	0	1
7969	0	1
7970	0	1
7971	0	1
7972	0	1
7974	0	1
7975	0	1
7976	0	1
7977	0	1
7978	0	1
7979	0	1
7980	0	1
7981	0	1
7982	0	1
7983	0	1
7984	0	1
7985	0	1
7986	0	1
7987	0	1
7988	0	1
7990	0	1
7991	0	1
7992	0	1
7993	0	1
7994	0	1
7995	0	1
7996	0	1
7998	0	1
8000	0	1
8001	0	1
8002	0	1
8003	0	1
8004	0	1
8005	0	1
8007	0	1
8008	0	1
8009	0	1
8010	0	1
8011	0	1
8012	0	1
8013	0	1
8014	0	1
8015	0	1
8016	0	1
8017	0	1
8019	0	1
8020	0	1
8021	0	1
8022	0	1
8023	0	1
8024	0	1
8025	0	1
8026	0	1
8027	0	1
8028	0	1
8029	0	1
8030	0	1
8031	0	1
8032	0	1
8033	0	1
8034	0	1
8037	0	1
8038	0	1
8039	0	1
8040	0	1
8041	0	1
8042	0	1
8044	0	1
8045	0	1
8046	0	1
8047	0	1
8048	0	1
8049	0	1
8050	0	1
8052	0	1
8054	0	1
8055	0	1
8056	0	1
8057	0	1
8059	0	1
8061	0	1
8062	0	1
8063	0	1
8064	0	1
8065	0	1
8066	0	1
8067	0	1
8068	0	1
8069	0	1
8070	0	1
8071	0	1
8072	0	1
8073	0	1
8074	0	1
8075	0	1
8076	0	1
8077	0	1
8079	0	1
8080	0	1
8081	0	1
8083	0	1
8084	0	1
8086	0	1
8087	0	1
8089	0	1
8090	0	1
8091	0	1
8092	0	1
8094	0	1
8095	0	1
8096	0	1
8097	0	1
8098	0	1
8099	0	1
8102	0	1
8103	0	1
8106	0	1
8107	0	1
8108	0	1
8109	0	1
8110	0	1
8112	0	1
8113	0	1
8114	0	1
8115	0	1
8116	0	1
8117	0	1
8118	0	1
8119	0	1
8120	0	1
8121	0	1
8122	0	1
8123	0	1
8125	0	1
8126	0	1
8127	0	1
8128	0	1
8129	0	1
8130	0	1
8131	0	1
8132	0	1
8133	0	1
8134	0	1
8135	0	1
8136	0	1
8137	0	1
8138	0	1
8139	0	1
8140	0	1
8141	0	1
8142	0	1
8143	0	1
8144	0	1
8146	0	1
8149	0	1
8150	0	1
8151	0	1
8152	0	1
8153	0	1
8154	0	1
8155	0	1
8156	0	1
8157	0	1
8158	0	1
8159	0	1
8160	0	1
8162	0	1
8163	0	1
8165	0	1
8166	0	1
8167	0	1
8168	0	1
8169	0	1
8171	0	1
8174	0	1
8175	0	1
8176	0	1
8177	0	1
8178	0	1
8179	0	1
8180	0	1
8181	0	1
8183	0	1
8185	0	1
8186	0	1
8187	0	1
8189	0	1
8190	0	1
8191	0	1
8192	0	1
8193	0	1
8194	0	1
8195	0	1
8196	0	1
8197	0	1
8198	0	1
8199	0	1
8200	0	1
8201	0	1
8203	0	1
8204	0	1
8205	0	1
8206	0	1
8207	0	1
8208	0	1
8209	0	1
8210	0	1
8211	0	1
8212	0	1
8213	0	1
8214	0	1
8215	0	1
8216	0	1
8217	0	1
8218	0	1
8219	0	1
8220	0	1
8221	0	1
8222	0	1
8224	0	1
8225	0	1
8226	0	1
8227	0	1
8229	0	1
8230	0	1
8231	0	1
8232	0	1
8234	0	1
8235	0	1
8236	0	1
8237	0	1
8238	0	1
8239	0	1
8240	0	1
8241	0	1
8242	0	1
8243	0	1
8244	0	1
8245	0	1
8246	0	1
8248	0	1
8249	0	1
8250	0	1
8251	0	1
8252	0	1
8253	0	1
8254	0	1
8255	0	1
8256	0	1
8257	0	1
8258	0	1
8259	0	1
8260	0	1
8261	0	1
8262	0	1
8263	0	1
8264	0	1
8265	0	1
8266	0	1
8267	0	1
8268	0	1
8269	0	1
8270	0	1
8271	0	1
8272	0	1
8273	0	1
8274	0	1
8276	0	1
8277	0	1
8278	0	1
8280	0	1
8281	0	1
8282	0	1
8283	0	1
8284	0	1
8285	0	1
8286	0	1
8287	0	1
8288	0	1
8289	0	1
8290	0	1
8291	0	1
8292	0	1
8293	0	1
8294	0	1
8295	0	1
8296	0	1
8297	0	1
8298	0	1
8299	0	1
8300	0	1
8301	0	1
8302	0	1
8304	0	1
8306	0	1
8307	0	1
8308	0	1
8310	0	1
8311	0	1
8312	0	1
8313	0	1
8314	0	1
8315	0	1
8316	0	1
8317	0	1
8318	0	1
8319	0	1
8320	0	1
8321	0	1
8323	0	1
8324	0	1
8326	0	1
8327	0	1
8328	0	1
8329	0	1
8330	0	1
8331	0	1
8332	0	1
8333	0	1
8334	0	1
8335	0	1
8336	0	1
8337	0	1
8338	0	1
8339	0	1
8340	0	1
8341	0	1
8342	0	1
8343	0	1
8344	0	1
8345	0	1
8346	0	1
8347	0	1
8348	0	1
8349	0	1
8351	0	1
8352	0	1
8353	0	1
8354	0	1
8355	0	1
8356	0	1
8357	0	1
8358	0	1
8359	0	1
8360	0	1
8362	0	1
8363	0	1
8364	0	1
8365	0	1
8366	0	1
8367	0	1
8368	0	1
8369	0	1
8370	0	1
8372	0	1
8374	0	1
8375	0	1
8377	0	1
8378	0	1
8379	0	1
8380	0	1
8381	0	1
8382	0	1
8383	0	1
8384	0	1
8386	0	1
8387	0	1
8388	0	1
8389	0	1
8390	0	1
8391	0	1
8392	0	1
8393	0	1
8394	0	1
8395	0	1
8396	0	1
8397	0	1
8398	0	1
8399	0	1
8400	0	1
8401	0	1
8402	0	1
8403	0	1
8404	0	1
8405	0	1
8406	0	1
8407	0	1
8408	0	1
8409	0	1
8410	0	1
8411	0	1
8412	0	1
8413	0	1
8414	0	1
8415	0	1
8416	0	1
8417	0	1
8418	0	1
8419	0	1
8420	0	1
8421	0	1
8422	0	1
8423	0	1
8424	0	1
8425	0	1
8426	0	1
8427	0	1
8428	0	1
8429	0	1
8430	0	1
8431	0	1
8432	0	1
8433	0	1
8434	0	1
8435	0	1
8436	0	1
8437	0	1
8438	0	1
8439	0	1
8440	0	1
8442	0	1
8443	0	1
8444	0	1
8445	0	1
8447	0	1
8448	0	1
8450	0	1
8451	0	1
8452	0	1
8453	0	1
8454	0	1
8456	0	1
8457	0	1
8459	0	1
8460	0	1
8461	0	1
8463	0	1
8464	0	1
8465	0	1
8466	0	1
8468	0	1
8469	0	1
8470	0	1
8471	0	1
8472	0	1
8473	0	1
8474	0	1
8476	0	1
8479	0	1
8480	0	1
8481	0	1
8482	0	1
8484	0	1
8485	0	1
8487	0	1
8490	0	1
8491	0	1
8492	0	1
8493	0	1
8494	0	1
8495	0	1
8496	0	1
8497	0	1
8498	0	1
8500	0	1
8501	0	1
8502	0	1
8503	0	1
8504	0	1
8506	0	1
8508	0	1
8509	0	1
8510	0	1
8512	0	1
8513	0	1
8514	0	1
8515	0	1
8516	0	1
8517	0	1
8518	0	1
8519	0	1
8520	0	1
8522	0	1
8523	0	1
8524	0	1
8525	0	1
8526	0	1
8527	0	1
8528	0	1
8529	0	1
8530	0	1
8532	0	1
8533	0	1
8534	0	1
8535	0	1
8536	0	1
8537	0	1
8538	0	1
8539	0	1
8540	0	1
8541	0	1
8542	0	1
8543	0	1
8545	0	1
8547	0	1
8548	0	1
8549	0	1
8550	0	1
8551	0	1
8552	0	1
8554	0	1
8556	0	1
8559	0	1
8560	0	1
8561	0	1
8562	0	1
8563	0	1
8565	0	1
8566	0	1
8568	0	1
8569	0	1
8570	0	1
8571	0	1
8574	0	1
8575	0	1
8576	0	1
8577	0	1
8578	0	1
8580	0	1
8581	0	1
8582	0	1
8583	0	1
8584	0	1
8585	0	1
8586	0	1
8587	0	1
8588	0	1
8589	0	1
8591	0	1
8592	0	1
8593	0	1
8595	0	1
8596	0	1
8597	0	1
8598	0	1
8599	0	1
8601	0	1
8602	0	1
8603	0	1
8604	0	1
8605	0	1
8606	0	1
8607	0	1
8608	0	1
8609	0	1
8610	0	1
8612	0	1
8613	0	1
8615	0	1
8616	0	1
8617	0	1
8618	0	1
8620	0	1
8621	0	1
8623	0	1
8624	0	1
8625	0	1
8626	0	1
8627	0	1
8628	0	1
8629	0	1
8630	0	1
8631	0	1
8632	0	1
8633	0	1
8634	0	1
8635	0	1
8636	0	1
8637	0	1
8638	0	1
8639	0	1
8640	0	1
8642	0	1
8643	0	1
8644	0	1
8645	0	1
8646	0	1
8647	0	1
8648	0	1
8649	0	1
8650	0	1
8651	0	1
8652	0	1
8653	0	1
8654	0	1
8655	0	1
8656	0	1
8657	0	1
8658	0	1
8659	0	1
8660	0	1
8661	0	1
8662	0	1
8663	0	1
8664	0	1
8665	0	1
8666	0	1
8667	0	1
8668	0	1
8669	0	1
8670	0	1
8672	0	1
8673	0	1
8674	0	1
8676	0	1
8677	0	1
8679	0	1
8680	0	1
8682	0	1
8683	0	1
8684	0	1
8686	0	1
8687	0	1
8688	0	1
8689	0	1
8690	0	1
8691	0	1
8692	0	1
8693	0	1
8694	0	1
8695	0	1
8696	0	1
8697	0	1
8698	0	1
8699	0	1
8700	0	1
8701	0	1
8702	0	1
8703	0	1
8704	0	1
8705	0	1
8706	0	1
8707	0	1
8708	0	1
8709	0	1
8710	0	1
8711	0	1
8712	0	1
8713	0	1
8714	0	1
8715	0	1
8716	0	1
8717	0	1
8718	0	1
8719	0	1
8721	0	1
8722	0	1
8725	0	1
8726	0	1
8727	0	1
8728	0	1
8729	0	1
8730	0	1
8731	0	1
8732	0	1
8734	0	1
8735	0	1
8736	0	1
8737	0	1
8738	0	1
8739	0	1
8740	0	1
8741	0	1
8742	0	1
8743	0	1
8747	0	1
8749	0	1
8750	0	1
8751	0	1
8753	0	1
8755	0	1
8758	0	1
8759	0	1
8760	0	1
8761	0	1
8762	0	1
8764	0	1
8765	0	1
8767	0	1
8768	0	1
8770	0	1
8771	0	1
8772	0	1
8773	0	1
8774	0	1
8775	0	1
8776	0	1
8777	0	1
8778	0	1
8779	0	1
8780	0	1
8781	0	1
8782	0	1
8783	0	1
8784	0	1
8785	0	1
8786	0	1
8787	0	1
8789	0	1
8790	0	1
8791	0	1
8794	0	1
8795	0	1
8796	0	1
8797	0	1
8798	0	1
8799	0	1
8801	0	1
8802	0	1
8803	0	1
8805	0	1
8807	0	1
8808	0	1
8809	0	1
8810	0	1
8811	0	1
8812	0	1
8813	0	1
8815	0	1
8816	0	1
8817	0	1
8818	0	1
8819	0	1
8820	0	1
8821	0	1
8822	0	1
8824	0	1
8825	0	1
8826	0	1
8827	0	1
8828	0	1
8829	0	1
8830	0	1
8831	0	1
8832	0	1
8834	0	1
8835	0	1
8836	0	1
8837	0	1
8838	0	1
8839	0	1
8840	0	1
8841	0	1
8842	0	1
8843	0	1
8844	0	1
8845	0	1
8846	0	1
8848	0	1
8849	0	1
8851	0	1
8852	0	1
8853	0	1
8854	0	1
8855	0	1
8856	0	1
8858	0	1
8859	0	1
8860	0	1
8861	0	1
8862	0	1
8863	0	1
8865	0	1
8866	0	1
8867	0	1
8868	0	1
8869	0	1
8870	0	1
8872	0	1
8873	0	1
8874	0	1
8876	0	1
8877	0	1
8878	0	1
8879	0	1
8880	0	1
8881	0	1
8882	0	1
8883	0	1
8884	0	1
8885	0	1
8886	0	1
8887	0	1
8888	0	1
8889	0	1
8891	0	1
8893	0	1
8894	0	1
8896	0	1
8897	0	1
8898	0	1
8899	0	1
8900	0	1
8901	0	1
8902	0	1
8903	0	1
8904	0	1
8905	0	1
8906	0	1
8907	0	1
8909	0	1
8910	0	1
8913	0	1
8915	0	1
8916	0	1
8917	0	1
8918	0	1
8919	0	1
8920	0	1
8921	0	1
8922	0	1
8923	0	1
8924	0	1
8925	0	1
8926	0	1
8929	0	1
8931	0	1
8933	0	1
8934	0	1
8935	0	1
8937	0	1
8938	0	1
8939	0	1
8940	0	1
8942	0	1
8943	0	1
8944	0	1
8945	0	1
8946	0	1
8948	0	1
8949	0	1
8950	0	1
8952	0	1
8954	0	1
8955	0	1
8956	0	1
8957	0	1
8958	0	1
8959	0	1
8960	0	1
8962	0	1
8963	0	1
8964	0	1
8965	0	1
8966	0	1
8967	0	1
8968	0	1
8969	0	1
8970	0	1
8971	0	1
8972	0	1
8973	0	1
8974	0	1
8975	0	1
8976	0	1
8977	0	1
8978	0	1
8980	0	1
8981	0	1
8982	0	1
8983	0	1
8985	0	1
8988	0	1
8989	0	1
8990	0	1
8991	0	1
8992	0	1
8993	0	1
8995	0	1
8996	0	1
8997	0	1
8998	0	1
8999	0	1
9000	0	1
9001	0	1
9002	0	1
9003	0	1
9004	0	1
9005	0	1
9007	0	1
9008	0	1
9010	0	1
9011	0	1
9012	0	1
9013	0	1
9014	0	1
9015	0	1
9016	0	1
9017	0	1
9018	0	1
9019	0	1
9020	0	1
9021	0	1
9022	0	1
9024	0	1
9025	0	1
9026	0	1
9027	0	1
9028	0	1
9029	0	1
9030	0	1
9031	0	1
9033	0	1
9034	0	1
9035	0	1
9036	0	1
9037	0	1
9038	0	1
9039	0	1
9040	0	1
9041	0	1
9042	0	1
9043	0	1
9044	0	1
9045	0	1
9046	0	1
9047	0	1
9048	0	1
9050	0	1
9051	0	1
9052	0	1
9054	0	1
9055	0	1
9056	0	1
9058	0	1
9060	0	1
9061	0	1
9062	0	1
9064	0	1
9065	0	1
9067	0	1
9068	0	1
9069	0	1
9070	0	1
9071	0	1
9073	0	1
9074	0	1
9075	0	1
9076	0	1
9077	0	1
9078	0	1
9079	0	1
9080	0	1
9081	0	1
9082	0	1
9083	0	1
9084	0	1
9085	0	1
9086	0	1
9087	0	1
9089	0	1
9090	0	1
9091	0	1
9092	0	1
9093	0	1
9094	0	1
9095	0	1
9096	0	1
9097	0	1
9099	0	1
9100	0	1
9101	0	1
9102	0	1
9103	0	1
9104	0	1
9105	0	1
9106	0	1
9107	0	1
9108	0	1
9109	0	1
9110	0	1
9111	0	1
9112	0	1
9113	0	1
9115	0	1
9116	0	1
9117	0	1
9118	0	1
9120	0	1
9121	0	1
9122	0	1
9123	0	1
9124	0	1
9125	0	1
9126	0	1
9127	0	1
9128	0	1
9129	0	1
9130	0	1
9131	0	1
9132	0	1
9134	0	1
9135	0	1
9136	0	1
9137	0	1
9139	0	1
9141	0	1
9142	0	1
9143	0	1
9144	0	1
9146	0	1
9147	0	1
9148	0	1
9149	0	1
9150	0	1
9152	0	1
9153	0	1
9154	0	1
9155	0	1
9157	0	1
9158	0	1
9159	0	1
9160	0	1
9161	0	1
9162	0	1
9163	0	1
9164	0	1
9165	0	1
9166	0	1
9167	0	1
9168	0	1
9169	0	1
9171	0	1
9172	0	1
9173	0	1
9174	0	1
9175	0	1
9176	0	1
9177	0	1
9178	0	1
9180	0	1
9181	0	1
9182	0	1
9184	0	1
9185	0	1
9186	0	1
9187	0	1
9189	0	1
9190	0	1
9191	0	1
9193	0	1
9194	0	1
9197	0	1
9198	0	1
9199	0	1
9200	0	1
9201	0	1
9202	0	1
9203	0	1
9204	0	1
9205	0	1
9206	0	1
9208	0	1
9209	0	1
9210	0	1
9212	0	1
9213	0	1
9215	0	1
9216	0	1
9217	0	1
9218	0	1
9219	0	1
9220	0	1
9223	0	1
9225	0	1
9226	0	1
9228	0	1
9229	0	1
9230	0	1
9231	0	1
9232	0	1
9233	0	1
9234	0	1
9235	0	1
9237	0	1
9238	0	1
9239	0	1
9240	0	1
9241	0	1
9242	0	1
9243	0	1
9244	0	1
9246	0	1
9247	0	1
9248	0	1
9249	0	1
9250	0	1
9251	0	1
9252	0	1
9255	0	1
9256	0	1
9257	0	1
9258	0	1
9259	0	1
9260	0	1
9261	0	1
9262	0	1
9263	0	1
9264	0	1
9265	0	1
9266	0	1
9267	0	1
9268	0	1
9269	0	1
9270	0	1
9271	0	1
9272	0	1
9273	0	1
9274	0	1
9275	0	1
9276	0	1
9277	0	1
9278	0	1
9279	0	1
9280	0	1
9281	0	1
9282	0	1
9283	0	1
9284	0	1
9285	0	1
9287	0	1
9288	0	1
9289	0	1
9290	0	1
9292	0	1
9293	0	1
9294	0	1
9295	0	1
9296	0	1
9297	0	1
9299	0	1
9300	0	1
9301	0	1
9302	0	1
9303	0	1
9304	0	1
9306	0	1
9308	0	1
9309	0	1
9310	0	1
9311	0	1
9312	0	1
9314	0	1
9316	0	1
9317	0	1
9318	0	1
9319	0	1
9320	0	1
9321	0	1
9322	0	1
9324	0	1
9325	0	1
9326	0	1
9327	0	1
9328	0	1
9329	0	1
9330	0	1
9331	0	1
9332	0	1
9333	0	1
9334	0	1
9335	0	1
9336	0	1
9337	0	1
9338	0	1
9339	0	1
9340	0	1
9341	0	1
9342	0	1
9343	0	1
9344	0	1
9345	0	1
9346	0	1
9347	0	1
9348	0	1
9350	0	1
9351	0	1
9353	0	1
9354	0	1
9355	0	1
9356	0	1
9357	0	1
9358	0	1
9359	0	1
9361	0	1
9362	0	1
9363	0	1
9365	0	1
9366	0	1
9367	0	1
9368	0	1
9369	0	1
9370	0	1
9371	0	1
9373	0	1
9374	0	1
9376	0	1
9377	0	1
9378	0	1
9379	0	1
9380	0	1
9381	0	1
9382	0	1
9383	0	1
9384	0	1
9385	0	1
9386	0	1
9387	0	1
9388	0	1
9389	0	1
9390	0	1
9391	0	1
9392	0	1
9393	0	1
9394	0	1
9396	0	1
9397	0	1
9398	0	1
9399	0	1
9400	0	1
9401	0	1
9402	0	1
9403	0	1
9404	0	1
9405	0	1
9406	0	1
9407	0	1
9409	0	1
9410	0	1
9411	0	1
9412	0	1
9413	0	1
9416	0	1
9417	0	1
9418	0	1
9419	0	1
9420	0	1
9421	0	1
9422	0	1
9423	0	1
9424	0	1
9425	0	1
9426	0	1
9427	0	1
9428	0	1
9429	0	1
9431	0	1
9432	0	1
9433	0	1
9434	0	1
9436	0	1
9437	0	1
9438	0	1
9439	0	1
9440	0	1
9441	0	1
9442	0	1
9443	0	1
9444	0	1
9445	0	1
9446	0	1
9447	0	1
9448	0	1
9449	0	1
9450	0	1
9451	0	1
9452	0	1
9453	0	1
9454	0	1
9455	0	1
9456	0	1
9457	0	1
9458	0	1
9459	0	1
9460	0	1
9461	0	1
9462	0	1
9463	0	1
9464	0	1
9465	0	1
9466	0	1
9467	0	1
9468	0	1
9469	0	1
9470	0	1
9471	0	1
9472	0	1
9474	0	1
9475	0	1
9477	0	1
9479	0	1
9480	0	1
9482	0	1
9483	0	1
9484	0	1
9485	0	1
9487	0	1
9488	0	1
9490	0	1
9491	0	1
9492	0	1
9493	0	1
9494	0	1
9495	0	1
9496	0	1
9497	0	1
9498	0	1
9499	0	1
9500	0	1
9501	0	1
9502	0	1
9503	0	1
9504	0	1
9505	0	1
9506	0	1
9507	0	1
9508	0	1
9510	0	1
9511	0	1
9512	0	1
9513	0	1
9514	0	1
9515	0	1
9516	0	1
9518	0	1
9519	0	1
9520	0	1
9521	0	1
9522	0	1
9523	0	1
9525	0	1
9526	0	1
9527	0	1
9528	0	1
9529	0	1
9530	0	1
9532	0	1
9533	0	1
9534	0	1
9535	0	1
9536	0	1
9538	0	1
9539	0	1
9540	0	1
9541	0	1
9542	0	1
9543	0	1
9544	0	1
9545	0	1
9546	0	1
9547	0	1
9549	0	1
9550	0	1
9551	0	1
9552	0	1
9553	0	1
9554	0	1
9555	0	1
9556	0	1
9557	0	1
9559	0	1
9560	0	1
9561	0	1
9562	0	1
9564	0	1
9565	0	1
9566	0	1
9567	0	1
9568	0	1
9569	0	1
9570	0	1
9571	0	1
9577	0	1
9578	0	1
9579	0	1
9580	0	1
9581	0	1
9582	0	1
9583	0	1
9585	0	1
9586	0	1
9587	0	1
9588	0	1
9589	0	1
9590	0	1
9591	0	1
9592	0	1
9593	0	1
9595	0	1
9597	0	1
9598	0	1
9599	0	1
9600	0	1
9601	0	1
9602	0	1
9603	0	1
9605	0	1
9606	0	1
9607	0	1
9608	0	1
9609	0	1
9610	0	1
9611	0	1
9612	0	1
9613	0	1
9614	0	1
9615	0	1
9616	0	1
9617	0	1
9619	0	1
9620	0	1
9621	0	1
9623	0	1
9624	0	1
9625	0	1
9627	0	1
9628	0	1
9629	0	1
9630	0	1
9631	0	1
9632	0	1
9633	0	1
9634	0	1
9635	0	1
9636	0	1
9637	0	1
9638	0	1
9639	0	1
9640	0	1
9641	0	1
9642	0	1
9643	0	1
9646	0	1
9647	0	1
9648	0	1
9649	0	1
9650	0	1
9655	0	1
9656	0	1
9658	0	1
9659	0	1
9662	0	1
9663	0	1
9665	0	1
9666	0	1
9667	0	1
9669	0	1
9670	0	1
9671	0	1
9672	0	1
9673	0	1
9674	0	1
9675	0	1
9676	0	1
9678	0	1
9679	0	1
9680	0	1
9681	0	1
9683	0	1
9684	0	1
9685	0	1
9686	0	1
9688	0	1
9689	0	1
9690	0	1
9691	0	1
9693	0	1
9694	0	1
9695	0	1
9697	0	1
9698	0	1
9700	0	1
9701	0	1
9702	0	1
9704	0	1
9705	0	1
9706	0	1
9707	0	1
9708	0	1
9709	0	1
9710	0	1
9711	0	1
9713	0	1
9714	0	1
9715	0	1
9716	0	1
9717	0	1
9718	0	1
9719	0	1
9720	0	1
9721	0	1
9722	0	1
9724	0	1
9725	0	1
9726	0	1
9727	0	1
9728	0	1
9731	0	1
9732	0	1
9733	0	1
9734	0	1
9736	0	1
9737	0	1
9738	0	1
9739	0	1
9740	0	1
9741	0	1
9742	0	1
9744	0	1
9745	0	1
9747	0	1
9748	0	1
9749	0	1
9750	0	1
9751	0	1
9752	0	1
9753	0	1
9754	0	1
9755	0	1
9756	0	1
9757	0	1
9759	0	1
9760	0	1
9761	0	1
9762	0	1
9763	0	1
9764	0	1
9765	0	1
9766	0	1
9767	0	1
9768	0	1
9769	0	1
9770	0	1
9773	0	1
9774	0	1
9775	0	1
9776	0	1
9777	0	1
9778	0	1
9779	0	1
9780	0	1
9781	0	1
9782	0	1
9783	0	1
9784	0	1
9785	0	1
9786	0	1
9787	0	1
9788	0	1
9789	0	1
9790	0	1
9791	0	1
9792	0	1
9794	0	1
9795	0	1
9796	0	1
9797	0	1
9798	0	1
9799	0	1
9800	0	1
9802	0	1
9804	0	1
9805	0	1
9806	0	1
9807	0	1
9808	0	1
9809	0	1
9810	0	1
9811	0	1
9812	0	1
9813	0	1
9815	0	1
9816	0	1
9817	0	1
9818	0	1
9820	0	1
9821	0	1
9822	0	1
9823	0	1
9824	0	1
9825	0	1
9826	0	1
9827	0	1
9828	0	1
9829	0	1
9831	0	1
9832	0	1
9833	0	1
9834	0	1
9835	0	1
9836	0	1
9837	0	1
9838	0	1
9840	0	1
9841	0	1
9843	0	1
9844	0	1
9845	0	1
9846	0	1
9847	0	1
9848	0	1
9849	0	1
9850	0	1
9851	0	1
9852	0	1
9853	0	1
9855	0	1
9856	0	1
9857	0	1
9858	0	1
9859	0	1
9860	0	1
9861	0	1
9862	0	1
9863	0	1
9864	0	1
9865	0	1
9866	0	1
9867	0	1
9868	0	1
9869	0	1
9870	0	1
9871	0	1
9872	0	1
9874	0	1
9876	0	1
9877	0	1
9878	0	1
9879	0	1
9880	0	1
9881	0	1
9882	0	1
9883	0	1
9884	0	1
9885	0	1
9886	0	1
9887	0	1
9888	0	1
9892	0	1
9893	0	1
9895	0	1
9896	0	1
9897	0	1
9898	0	1
9899	0	1
9900	0	1
9901	0	1
9902	0	1
9903	0	1
9904	0	1
9906	0	1
9907	0	1
9908	0	1
9909	0	1
9911	0	1
9912	0	1
9914	0	1
9915	0	1
9916	0	1
9917	0	1
9918	0	1
9919	0	1
9921	0	1
9922	0	1
9923	0	1
9924	0	1
9925	0	1
9926	0	1
9927	0	1
9930	0	1
9931	0	1
9932	0	1
9933	0	1
9934	0	1
9935	0	1
9936	0	1
9937	0	1
9938	0	1
9939	0	1
9940	0	1
9941	0	1
9942	0	1
9945	0	1
9946	0	1
9947	0	1
9948	0	1
9949	0	1
9951	0	1
9952	0	1
9953	0	1
9954	0	1
9955	0	1
9956	0	1
9957	0	1
9958	0	1
9959	0	1
9960	0	1
9961	0	1
9962	0	1
9963	0	1
9964	0	1
9965	0	1
9966	0	1
9967	0	1
9968	0	1
9969	0	1
9971	0	1
9972	0	1
9973	0	1
9974	0	1
9975	0	1
9976	0	1
9977	0	1
9978	0	1
9979	0	1
9981	0	1
9982	0	1
9983	0	1
9984	0	1
9985	0	1
9986	0	1
9987	0	1
9988	0	1
9989	0	1
9990	0	1
9991	0	1
9992	0	1
9993	0	1
9994	0	1
9995	0	1
9996	0	1
9997	0	1
9998	0	1
9999	0	1
1	0	2
2	0	2
3	12	2
4	6	2
5	8	2
6	0	2
7	8	2
8	0	2
9	0	2
10	0	2
11	0	2
12	0	2
16	0	2
17	2	2
18	0	2
20	4	2
22	2	2
23	0	2
24	0	2
25	0	2
26	0	2
27	0	2
30	0	2
31	1	2
32	11	2
34	0	2
35	0	2
37	15	2
38	20	2
39	0	2
42	0	2
44	0	2
45	0	2
46	0	2
47	7	2
48	17	2
49	0	2
50	0	2
51	0	2
54	3	2
55	0	2
56	0	2
57	13	2
58	0	2
59	0	2
60	0	2
61	1	2
63	6	2
64	2	2
65	0	2
66	0	2
67	0	2
68	0	2
69	12	2
71	0	2
73	0	2
74	0	2
75	4	2
76	0	2
77	0	2
78	0	2
79	4	2
80	0	2
81	0	2
82	0	2
83	0	2
84	3	2
85	0	2
86	0	2
87	0	2
88	0	2
89	0	2
91	0	2
92	0	2
93	2	2
94	0	2
96	0	2
97	20	2
98	0	2
99	0	2
101	0	2
102	5	2
103	0	2
104	6	2
105	0	2
106	0	2
107	0	2
108	0	2
109	0	2
110	0	2
111	0	2
112	0	2
113	0	2
114	0	2
115	0	2
116	0	2
117	0	2
118	0	2
119	0	2
120	1	2
121	0	2
122	0	2
123	0	2
124	2	2
125	0	2
126	0	2
127	8	2
128	1	2
129	0	2
130	0	2
131	0	2
132	5	2
133	0	2
134	0	2
135	1	2
136	0	2
137	0	2
139	10	2
140	19	2
141	2	2
142	12	2
143	0	2
144	0	2
145	21	2
146	0	2
147	0	2
148	0	2
149	0	2
150	0	2
151	0	2
152	2	2
153	0	2
154	0	2
155	1	2
156	4	2
157	0	2
158	0	2
159	0	2
160	0	2
161	6	2
162	0	2
165	0	2
166	1	2
167	8	2
168	0	2
169	4	2
170	0	2
171	0	2
172	0	2
173	0	2
174	0	2
175	1	2
176	8	2
177	7	2
178	7	2
180	4	2
181	0	2
184	0	2
185	4	2
186	0	2
187	0	2
188	0	2
189	2	2
190	0	2
192	0	2
193	5	2
194	1	2
196	0	2
197	0	2
198	0	2
199	0	2
201	1	2
202	0	2
203	0	2
204	0	2
205	0	2
207	6	2
208	5	2
209	3	2
211	0	2
213	0	2
214	0	2
216	0	2
217	0	2
218	0	2
219	0	2
220	0	2
221	0	2
222	0	2
223	4	2
224	2	2
225	0	2
226	0	2
227	2	2
228	0	2
230	0	2
231	0	2
232	0	2
233	0	2
234	15	2
236	1	2
237	0	2
238	0	2
239	0	2
241	0	2
242	3	2
243	1	2
244	7	2
245	0	2
246	0	2
247	0	2
249	5	2
250	6	2
251	0	2
252	0	2
255	1	2
256	0	2
257	4	2
259	2	2
260	0	2
261	0	2
262	5	2
264	6	2
265	0	2
266	0	2
267	0	2
268	0	2
269	0	2
272	0	2
275	0	2
276	0	2
277	0	2
278	0	2
279	0	2
280	5	2
281	0	2
282	0	2
284	2	2
285	5	2
286	0	2
287	0	2
288	0	2
289	0	2
291	0	2
292	0	2
293	0	2
294	0	2
295	0	2
296	0	2
297	1	2
298	0	2
300	0	2
301	1	2
302	0	2
303	8	2
305	0	2
306	1	2
307	0	2
308	0	2
309	0	2
310	0	2
311	0	2
313	7	2
314	0	2
316	0	2
317	0	2
318	0	2
319	1	2
320	3	2
321	0	2
322	6	2
323	8	2
324	8	2
325	0	2
326	0	2
327	0	2
328	3	2
330	0	2
331	0	2
332	0	2
333	0	2
334	0	2
335	4	2
336	0	2
337	0	2
338	1	2
339	0	2
340	10	2
341	0	2
342	0	2
343	0	2
346	1	2
347	11	2
348	6	2
350	0	2
351	0	2
352	0	2
353	0	2
354	0	2
355	0	2
356	0	2
357	2	2
358	0	2
360	0	2
361	2	2
362	2	2
363	5	2
364	0	2
365	0	2
366	0	2
370	0	2
371	0	2
372	10	2
373	0	2
374	0	2
375	0	2
376	0	2
377	3	2
378	0	2
379	0	2
380	0	2
381	7	2
382	3	2
383	11	2
384	0	2
385	3	2
386	3	2
387	0	2
388	6	2
389	0	2
390	0	2
392	0	2
393	0	2
394	0	2
396	0	2
397	0	2
398	0	2
399	0	2
400	3	2
401	0	2
402	2	2
403	4	2
404	2	2
405	0	2
406	0	2
407	0	2
409	0	2
410	1	2
411	0	2
412	0	2
413	0	2
414	0	2
415	0	2
416	12	2
418	0	2
419	0	2
420	0	2
421	0	2
422	0	2
423	0	2
424	0	2
425	0	2
426	5	2
427	0	2
428	0	2
429	0	2
430	0	2
432	0	2
433	0	2
434	0	2
436	2	2
438	0	2
439	0	2
440	0	2
441	0	2
442	0	2
443	2	2
444	4	2
445	9	2
446	1	2
447	1	2
449	0	2
450	0	2
451	0	2
452	0	2
453	0	2
454	0	2
456	0	2
457	0	2
458	0	2
459	7	2
460	0	2
461	0	2
462	0	2
463	3	2
464	5	2
466	8	2
467	5	2
468	0	2
469	0	2
470	1	2
472	0	2
473	0	2
474	0	2
475	1	2
476	0	2
478	0	2
479	2	2
480	0	2
481	0	2
482	0	2
483	0	2
484	4	2
485	0	2
486	1	2
487	0	2
488	0	2
489	0	2
491	0	2
492	9	2
493	0	2
494	0	2
495	0	2
496	0	2
498	0	2
499	0	2
500	2	2
501	0	2
502	0	2
503	1	2
504	3	2
505	0	2
506	0	2
507	5	2
508	0	2
509	2	2
510	0	2
511	0	2
512	0	2
514	0	2
515	0	2
516	0	2
517	8	2
520	0	2
521	5	2
522	0	2
523	4	2
524	0	2
525	0	2
526	0	2
527	4	2
528	0	2
529	0	2
530	7	2
531	0	2
532	0	2
534	8	2
535	0	2
536	0	2
537	0	2
538	0	2
539	4	2
540	0	2
541	0	2
542	0	2
543	0	2
544	0	2
545	6	2
546	3	2
547	1	2
548	2	2
550	4	2
551	18	2
552	1	2
553	0	2
554	0	2
555	0	2
556	1	2
557	0	2
560	0	2
561	0	2
562	0	2
563	0	2
564	0	2
565	0	2
566	3	2
567	0	2
568	0	2
569	0	2
570	0	2
571	0	2
572	2	2
573	0	2
574	0	2
575	2	2
577	0	2
578	0	2
581	4	2
583	0	2
584	0	2
586	0	2
587	9	2
588	0	2
589	0	2
590	10	2
591	0	2
592	0	2
593	0	2
594	0	2
595	0	2
596	4	2
597	1	2
598	3	2
599	0	2
601	0	2
602	3	2
603	0	2
604	0	2
605	0	2
606	0	2
607	0	2
608	0	2
609	0	2
610	0	2
611	0	2
612	4	2
614	1	2
615	0	2
616	0	2
617	0	2
619	2	2
620	2	2
621	0	2
623	0	2
624	0	2
625	0	2
626	0	2
627	3	2
628	0	2
629	9	2
630	2	2
631	0	2
633	0	2
634	0	2
635	0	2
636	0	2
637	0	2
638	0	2
639	0	2
640	10	2
641	0	2
642	0	2
643	0	2
645	7	2
646	3	2
647	0	2
648	0	2
649	0	2
650	0	2
651	0	2
652	0	2
653	11	2
655	0	2
656	3	2
657	0	2
658	0	2
659	2	2
662	6	2
663	0	2
664	0	2
666	0	2
668	0	2
669	0	2
671	0	2
672	0	2
673	0	2
674	0	2
676	0	2
677	0	2
678	0	2
679	0	2
680	0	2
682	0	2
683	4	2
684	0	2
686	0	2
687	0	2
689	1	2
690	0	2
691	3	2
692	6	2
693	0	2
694	0	2
695	7	2
696	0	2
697	0	2
698	0	2
699	0	2
700	0	2
701	0	2
702	3	2
703	7	2
704	0	2
705	1	2
706	0	2
708	0	2
709	0	2
710	0	2
711	6	2
712	0	2
713	0	2
714	0	2
715	0	2
716	6	2
717	32	2
718	0	2
719	0	2
720	7	2
721	0	2
723	0	2
724	1	2
725	0	2
728	0	2
730	0	2
731	0	2
732	0	2
734	0	2
735	0	2
737	0	2
738	0	2
739	5	2
740	0	2
741	1	2
743	0	2
744	0	2
745	3	2
746	0	2
747	0	2
749	0	2
750	3	2
751	0	2
752	0	2
753	4	2
755	0	2
756	0	2
757	0	2
758	0	2
760	0	2
761	0	2
762	0	2
763	0	2
764	0	2
766	0	2
767	0	2
768	8	2
769	0	2
772	0	2
774	4	2
775	0	2
776	0	2
777	0	2
778	0	2
779	0	2
780	0	2
781	0	2
782	0	2
783	0	2
784	0	2
785	0	2
786	0	2
787	1	2
791	1	2
792	2	2
794	11	2
795	0	2
796	0	2
797	9	2
798	0	2
800	0	2
801	0	2
803	0	2
804	0	2
805	0	2
806	4	2
807	0	2
808	0	2
810	0	2
811	0	2
812	0	2
814	2	2
815	1	2
816	0	2
817	0	2
818	0	2
819	0	2
820	0	2
821	0	2
823	0	2
824	11	2
825	0	2
826	0	2
827	0	2
828	0	2
829	0	2
830	2	2
831	0	2
832	8	2
833	0	2
834	0	2
835	0	2
836	0	2
837	0	2
839	2	2
840	0	2
842	0	2
843	4	2
844	0	2
845	0	2
846	2	2
847	0	2
849	1	2
850	3	2
852	0	2
853	3	2
855	1	2
856	0	2
857	0	2
859	0	2
860	0	2
861	11	2
863	5	2
864	0	2
865	3	2
866	3	2
867	0	2
868	1	2
869	6	2
870	0	2
871	12	2
873	0	2
875	0	2
876	0	2
877	0	2
878	0	2
879	0	2
880	0	2
881	4	2
882	0	2
883	2	2
884	0	2
885	0	2
886	0	2
887	4	2
888	0	2
890	1	2
891	0	2
895	1	2
896	0	2
897	0	2
898	0	2
900	0	2
901	0	2
902	0	2
903	0	2
904	0	2
905	0	2
906	0	2
907	0	2
908	0	2
909	3	2
910	0	2
911	0	2
912	0	2
916	2	2
917	1	2
918	0	2
919	0	2
920	0	2
922	0	2
923	0	2
924	0	2
925	0	2
926	0	2
927	0	2
928	0	2
930	0	2
931	0	2
932	0	2
933	1	2
934	0	2
935	0	2
936	4	2
937	0	2
940	2	2
941	0	2
942	0	2
943	0	2
944	0	2
945	0	2
947	0	2
948	1	2
949	0	2
950	0	2
951	0	2
953	0	2
955	1	2
957	0	2
960	0	2
961	0	2
962	0	2
963	0	2
964	0	2
965	4	2
966	0	2
968	0	2
969	0	2
970	0	2
971	0	2
973	0	2
975	10	2
976	0	2
977	0	2
978	7	2
979	0	2
980	0	2
981	7	2
983	0	2
984	0	2
985	0	2
987	5	2
988	0	2
989	1	2
990	12	2
991	0	2
992	0	2
994	1	2
995	0	2
996	11	2
997	0	2
998	2	2
999	19	2
1000	0	2
1001	0	2
1002	0	2
1003	0	2
1005	0	2
1006	4	2
1007	0	2
1008	0	2
1009	0	2
1010	0	2
1011	0	2
1012	0	2
1013	0	2
1014	2	2
1015	0	2
1016	0	2
1017	0	2
1018	0	2
1019	0	2
1021	0	2
1022	6	2
1023	2	2
1024	0	2
1025	0	2
1026	8	2
1027	2	2
1028	0	2
1029	0	2
1030	13	2
1031	0	2
1032	0	2
1034	0	2
1035	0	2
1036	0	2
1037	3	2
1038	0	2
1039	0	2
1040	0	2
1042	0	2
1043	6	2
1044	0	2
1045	0	2
1046	0	2
1047	0	2
1049	0	2
1050	0	2
1051	1	2
1053	0	2
1054	0	2
1055	0	2
1056	0	2
1057	0	2
1058	0	2
1059	2	2
1062	0	2
1064	1	2
1065	0	2
1067	0	2
1068	0	2
1069	0	2
1070	0	2
1071	1	2
1072	0	2
1073	1	2
1074	2	2
1075	0	2
1076	0	2
1077	0	2
1078	0	2
1079	6	2
1080	3	2
1081	0	2
1082	0	2
1083	0	2
1084	0	2
1085	0	2
1086	2	2
1087	0	2
1088	0	2
1089	0	2
1090	0	2
1092	0	2
1093	0	2
1095	0	2
1097	0	2
1098	0	2
1099	4	2
1100	0	2
1101	0	2
1102	0	2
1103	0	2
1104	3	2
1105	0	2
1106	0	2
1107	0	2
1108	0	2
1110	2	2
1111	0	2
1112	0	2
1113	0	2
1114	0	2
1116	0	2
1117	0	2
1118	2	2
1119	3	2
1120	1	2
1121	0	2
1122	2	2
1124	0	2
1125	0	2
1127	0	2
1128	0	2
1129	0	2
1130	4	2
1131	4	2
1133	0	2
1134	0	2
1135	5	2
1136	0	2
1137	0	2
1138	0	2
1139	1	2
1142	0	2
1143	0	2
1144	0	2
1146	0	2
1147	6	2
1148	9	2
1149	2	2
1150	4	2
1151	0	2
1152	0	2
1153	0	2
1155	0	2
1156	0	2
1157	0	2
1158	0	2
1159	0	2
1160	0	2
1161	0	2
1162	0	2
1163	0	2
1164	4	2
1165	0	2
1167	2	2
1168	0	2
1169	0	2
1171	0	2
1172	8	2
1173	6	2
1174	0	2
1175	2	2
1177	0	2
1178	0	2
1179	0	2
1180	0	2
1181	0	2
1182	0	2
1183	0	2
1185	0	2
1186	0	2
1187	0	2
1189	0	2
1191	6	2
1193	2	2
1194	0	2
1195	0	2
1196	15	2
1197	0	2
1198	0	2
1199	0	2
1200	0	2
1201	0	2
1202	0	2
1203	0	2
1204	0	2
1205	0	2
1206	0	2
1207	1	2
1208	0	2
1209	0	2
1212	0	2
1213	0	2
1214	0	2
1215	1	2
1216	0	2
1217	0	2
1218	2	2
1219	0	2
1221	0	2
1222	0	2
1223	6	2
1224	0	2
1227	3	2
1228	1	2
1229	0	2
1230	0	2
1231	0	2
1232	5	2
1233	0	2
1234	0	2
1235	0	2
1236	0	2
1237	0	2
1238	0	2
1239	0	2
1240	1	2
1241	0	2
1242	1	2
1243	0	2
1244	0	2
1246	0	2
1247	0	2
1248	1	2
1249	3	2
1250	0	2
1251	0	2
1252	3	2
1253	0	2
1254	0	2
1255	1	2
1256	0	2
1257	0	2
1258	11	2
1260	0	2
1261	0	2
1262	2	2
1263	0	2
1264	0	2
1265	0	2
1266	0	2
1267	0	2
1268	0	2
1269	0	2
1270	1	2
1271	1	2
1272	0	2
1273	2	2
1275	0	2
1276	0	2
1278	0	2
1279	0	2
1280	0	2
1281	0	2
1282	0	2
1283	0	2
1284	0	2
1285	0	2
1286	0	2
1287	0	2
1288	0	2
1289	0	2
1290	1	2
1292	0	2
1294	0	2
1295	0	2
1296	0	2
1297	0	2
1299	0	2
1300	0	2
1301	0	2
1303	0	2
1305	0	2
1306	7	2
1307	0	2
1308	0	2
1309	0	2
1310	2	2
1311	0	2
1312	0	2
1314	0	2
1315	0	2
1316	1	2
1317	10	2
1318	0	2
1319	0	2
1320	0	2
1321	0	2
1323	0	2
1324	0	2
1325	4	2
1326	0	2
1327	0	2
1328	0	2
1329	2	2
1330	0	2
1332	0	2
1333	4	2
1334	0	2
1336	0	2
1337	0	2
1338	1	2
1340	0	2
1341	0	2
1343	0	2
1344	0	2
1345	0	2
1346	2	2
1347	0	2
1348	0	2
1349	5	2
1351	4	2
1352	0	2
1353	0	2
1354	6	2
1355	2	2
1356	3	2
1357	0	2
1358	0	2
1359	0	2
1360	0	2
1361	1	2
1362	0	2
1363	0	2
1365	0	2
1366	5	2
1367	0	2
1368	0	2
1370	0	2
1371	13	2
1372	0	2
1373	0	2
1374	5	2
1375	0	2
1376	0	2
1377	1	2
1378	0	2
1379	0	2
1380	1	2
1381	0	2
1382	3	2
1383	0	2
1384	0	2
1385	0	2
1386	0	2
1388	0	2
1390	12	2
1392	0	2
1393	0	2
1394	3	2
1396	0	2
1397	0	2
1398	0	2
1399	0	2
1400	0	2
1401	0	2
1402	5	2
1403	0	2
1404	1	2
1405	0	2
1406	4	2
1407	0	2
1408	1	2
1410	0	2
1412	4	2
1413	2	2
1415	0	2
1416	0	2
1417	0	2
1420	0	2
1421	0	2
1422	11	2
1423	0	2
1424	0	2
1425	0	2
1426	0	2
1428	0	2
1429	0	2
1430	0	2
1431	0	2
1432	0	2
1434	8	2
1435	0	2
1437	0	2
1438	0	2
1441	4	2
1442	0	2
1444	0	2
1445	0	2
1448	0	2
1449	0	2
1450	1	2
1451	3	2
1452	0	2
1454	0	2
1455	0	2
1456	0	2
1457	0	2
1458	0	2
1459	0	2
1460	1	2
1461	2	2
1462	2	2
1463	0	2
1464	0	2
1466	0	2
1467	0	2
1468	1	2
1470	0	2
1471	10	2
1472	0	2
1473	0	2
1475	0	2
1476	0	2
1478	0	2
1480	0	2
1481	1	2
1482	0	2
1483	0	2
1484	0	2
1485	0	2
1486	0	2
1487	0	2
1488	0	2
1489	0	2
1490	0	2
1492	0	2
1493	0	2
1494	0	2
1495	9	2
1496	0	2
1497	0	2
1498	0	2
1499	0	2
1500	2	2
1501	0	2
1502	0	2
1503	0	2
1504	3	2
1505	0	2
1506	2	2
1507	0	2
1509	0	2
1510	0	2
1511	0	2
1512	0	2
1513	0	2
1514	0	2
1515	7	2
1516	0	2
1517	0	2
1518	1	2
1519	0	2
1520	4	2
1521	0	2
1522	0	2
1524	0	2
1525	0	2
1526	1	2
1527	0	2
1528	0	2
1529	8	2
1530	8	2
1531	0	2
1532	5	2
1533	0	2
1534	0	2
1535	0	2
1536	2	2
1537	0	2
1538	6	2
1539	0	2
1540	0	2
1541	0	2
1543	0	2
1545	0	2
1546	0	2
1548	2	2
1549	0	2
1550	1	2
1551	5	2
1552	1	2
1553	0	2
1554	0	2
1555	0	2
1556	0	2
1557	0	2
1558	0	2
1559	0	2
1560	1	2
1562	0	2
1563	3	2
1564	2	2
1565	0	2
1566	1	2
1567	0	2
1568	0	2
1569	0	2
1571	0	2
1572	2	2
1573	0	2
1574	0	2
1575	0	2
1576	0	2
1577	7	2
1578	0	2
1579	0	2
1580	0	2
1581	4	2
1582	0	2
1583	5	2
1584	0	2
1585	0	2
1586	0	2
1588	6	2
1590	1	2
1591	0	2
1592	7	2
1593	0	2
1594	0	2
1595	0	2
1596	0	2
1598	6	2
1599	2	2
1600	0	2
1601	0	2
1602	0	2
1603	0	2
1604	0	2
1605	0	2
1606	0	2
1607	0	2
1608	0	2
1609	4	2
1610	1	2
1611	0	2
1614	0	2
1615	0	2
1616	0	2
1618	0	2
1619	3	2
1620	0	2
1621	0	2
1622	0	2
1623	0	2
1625	0	2
1626	8	2
1627	0	2
1629	5	2
1630	0	2
1632	0	2
1634	0	2
1636	1	2
1638	9	2
1639	0	2
1640	0	2
1641	0	2
1642	0	2
1643	0	2
1644	0	2
1645	5	2
1646	0	2
1648	3	2
1649	0	2
1650	0	2
1651	1	2
1652	0	2
1653	0	2
1655	0	2
1656	0	2
1658	3	2
1659	3	2
1660	0	2
1661	0	2
1662	0	2
1663	0	2
1664	0	2
1665	4	2
1666	0	2
1668	0	2
1669	1	2
1670	0	2
1671	2	2
1672	0	2
1673	0	2
1674	0	2
1675	6	2
1677	5	2
1678	1	2
1679	0	2
1680	5	2
1681	0	2
1682	12	2
1683	0	2
1684	0	2
1686	1	2
1687	2	2
1689	2	2
1690	0	2
1691	0	2
1692	0	2
1693	0	2
1694	4	2
1695	0	2
1696	0	2
1697	0	2
1698	5	2
1699	0	2
1700	2	2
1701	3	2
1702	0	2
1704	0	2
1705	0	2
1706	0	2
1707	0	2
1708	0	2
1709	0	2
1710	0	2
1711	0	2
1712	0	2
1713	0	2
1714	0	2
1715	0	2
1716	0	2
1717	0	2
1718	0	2
1719	0	2
1720	4	2
1721	0	2
1722	0	2
1723	0	2
1724	0	2
1725	1	2
1726	0	2
1727	0	2
1728	0	2
1729	0	2
1731	0	2
1732	0	2
1733	0	2
1734	0	2
1735	13	2
1736	0	2
1737	0	2
1738	0	2
1742	9	2
1743	0	2
1744	0	2
1745	0	2
1746	1	2
1747	0	2
1748	2	2
1749	0	2
1750	0	2
1751	0	2
1752	0	2
1753	0	2
1754	0	2
1755	1	2
1756	0	2
1758	0	2
1759	0	2
1760	8	2
1762	0	2
1763	0	2
1764	8	2
1765	5	2
1766	1	2
1767	0	2
1768	0	2
1770	4	2
1773	2	2
1774	0	2
1775	0	2
1776	0	2
1777	0	2
1778	11	2
1779	0	2
1780	0	2
1781	0	2
1782	3	2
1783	4	2
1785	0	2
1786	10	2
1787	0	2
1788	1	2
1789	0	2
1790	0	2
1791	1	2
1792	0	2
1793	13	2
1794	0	2
1795	0	2
1796	0	2
1797	0	2
1798	0	2
1799	0	2
1800	2	2
1801	0	2
1802	0	2
1804	11	2
1805	6	2
1806	0	2
1807	0	2
1808	0	2
1809	0	2
1810	0	2
1811	0	2
1812	2	2
1813	0	2
1814	0	2
1815	0	2
1816	5	2
1818	0	2
1819	0	2
1820	6	2
1821	0	2
1822	0	2
1823	0	2
1824	0	2
1825	0	2
1826	0	2
1827	0	2
1828	0	2
1829	0	2
1830	0	2
1831	0	2
1832	0	2
1833	0	2
1834	10	2
1835	0	2
1836	0	2
1837	0	2
1838	0	2
1839	5	2
1840	0	2
1841	0	2
1842	0	2
1843	0	2
1844	0	2
1845	6	2
1846	0	2
1847	0	2
1849	0	2
1851	0	2
1852	0	2
1853	0	2
1854	0	2
1858	0	2
1859	0	2
1860	15	2
1861	0	2
1862	0	2
1863	0	2
1864	0	2
1865	0	2
1866	10	2
1867	8	2
1868	0	2
1869	0	2
1870	0	2
1871	0	2
1872	0	2
1873	0	2
1875	0	2
1876	0	2
1877	0	2
1878	0	2
1879	0	2
1880	0	2
1881	2	2
1882	3	2
1883	0	2
1884	0	2
1885	0	2
1886	0	2
1887	0	2
1888	0	2
1889	7	2
1891	0	2
1892	0	2
1893	0	2
1894	4	2
1895	0	2
1896	4	2
1897	0	2
1898	0	2
1899	0	2
1900	0	2
1901	1	2
1902	17	2
1903	12	2
1904	5	2
1905	0	2
1906	0	2
1907	1	2
1908	0	2
1909	0	2
1910	0	2
1911	0	2
1912	9	2
1915	0	2
1916	5	2
1918	0	2
1919	0	2
1920	3	2
1921	0	2
1922	0	2
1923	2	2
1924	0	2
1926	1	2
1927	0	2
1928	0	2
1929	0	2
1930	0	2
1931	0	2
1932	0	2
1933	0	2
1935	0	2
1936	4	2
1937	1	2
1938	2	2
1939	6	2
1941	0	2
1943	0	2
1944	0	2
1945	1	2
1946	0	2
1948	0	2
1951	0	2
1952	0	2
1954	0	2
1955	0	2
1956	0	2
1957	0	2
1958	0	2
1959	0	2
1961	0	2
1962	4	2
1964	5	2
1965	0	2
1966	0	2
1967	0	2
1968	4	2
1969	0	2
1970	0	2
1971	1	2
1973	0	2
1974	0	2
1976	5	2
1977	1	2
1978	0	2
1979	1	2
1980	0	2
1981	7	2
1982	7	2
1983	0	2
1985	0	2
1986	3	2
1987	0	2
1989	0	2
1990	11	2
1992	0	2
1995	0	2
1996	0	2
1997	8	2
1999	0	2
2000	0	2
2002	0	2
2003	0	2
2004	0	2
2005	0	2
2006	0	2
2008	0	2
2009	0	2
2010	0	2
2011	5	2
2013	0	2
2014	0	2
2015	0	2
2016	0	2
2017	0	2
2018	2	2
2019	2	2
2020	6	2
2021	14	2
2022	0	2
2023	0	2
2024	0	2
2026	0	2
2027	2	2
2028	0	2
2029	0	2
2030	2	2
2031	0	2
2032	0	2
2033	0	2
2034	0	2
2035	0	2
2036	0	2
2037	0	2
2038	10	2
2039	0	2
2042	0	2
2043	3	2
2045	0	2
2046	0	2
2047	0	2
2048	2	2
2049	0	2
2052	0	2
2054	0	2
2055	0	2
2058	3	2
2059	2	2
2060	0	2
2061	0	2
2062	0	2
2063	0	2
2064	0	2
2065	0	2
2066	0	2
2067	0	2
2068	0	2
2069	0	2
2070	0	2
2071	2	2
2072	0	2
2073	0	2
2074	0	2
2075	0	2
2076	6	2
2077	1	2
2078	0	2
2079	0	2
2081	0	2
2083	0	2
2084	0	2
2085	0	2
2086	1	2
2087	2	2
2088	0	2
2089	0	2
2090	0	2
2091	0	2
2092	0	2
2093	1	2
2094	0	2
2095	0	2
2096	0	2
2097	3	2
2098	0	2
2099	1	2
2100	3	2
2101	0	2
2102	0	2
2103	0	2
2104	0	2
2105	1	2
2106	0	2
2107	0	2
2110	0	2
2111	2	2
2113	0	2
2114	2	2
2115	1	2
2116	0	2
2117	0	2
2118	1	2
2121	2	2
2122	0	2
2123	9	2
2124	0	2
2125	0	2
2126	0	2
2127	8	2
2128	0	2
2129	0	2
2130	0	2
2131	0	2
2132	0	2
2133	6	2
2134	0	2
2136	0	2
2137	6	2
2138	0	2
2139	0	2
2140	0	2
2141	0	2
2142	0	2
2143	0	2
2145	3	2
2146	0	2
2147	0	2
2148	0	2
2149	0	2
2150	0	2
2152	0	2
2153	0	2
2154	0	2
2155	0	2
2157	0	2
2159	0	2
2160	0	2
2162	0	2
2163	0	2
2164	8	2
2165	0	2
2166	6	2
2167	1	2
2168	2	2
2169	0	2
2170	2	2
2172	0	2
2173	0	2
2174	0	2
2175	0	2
2176	2	2
2177	1	2
2178	0	2
2179	9	2
2180	0	2
2181	5	2
2182	1	2
2183	4	2
2184	0	2
2185	0	2
2186	0	2
2187	0	2
2188	0	2
2189	1	2
2190	2	2
2192	0	2
2193	0	2
2194	0	2
2195	1	2
2197	0	2
2198	0	2
2199	0	2
2200	0	2
2201	9	2
2202	0	2
2203	8	2
2205	8	2
2206	0	2
2207	0	2
2208	0	2
2211	0	2
2213	0	2
2214	0	2
2215	0	2
2217	0	2
2218	1	2
2220	2	2
2222	0	2
2224	0	2
2225	11	2
2226	13	2
2227	10	2
2228	0	2
2229	0	2
2231	0	2
2232	0	2
2233	3	2
2234	0	2
2236	0	2
2237	0	2
2238	0	2
2239	0	2
2240	0	2
2241	0	2
2242	0	2
2243	0	2
2245	0	2
2247	0	2
2248	4	2
2249	0	2
2250	0	2
2251	0	2
2252	0	2
2253	0	2
2254	0	2
2256	0	2
2257	0	2
2258	0	2
2261	0	2
2262	0	2
2263	4	2
2264	0	2
2265	0	2
2266	0	2
2267	6	2
2268	1	2
2269	0	2
2270	0	2
2271	0	2
2272	0	2
2273	7	2
2274	0	2
2275	0	2
2276	3	2
2277	0	2
2278	0	2
2279	1	2
2281	0	2
2282	0	2
2283	0	2
2285	0	2
2286	6	2
2288	2	2
2289	0	2
2290	0	2
2291	0	2
2292	0	2
2293	0	2
2294	0	2
2295	0	2
2298	0	2
2299	9	2
2300	5	2
2301	0	2
2302	0	2
2304	3	2
2305	0	2
2306	10	2
2307	0	2
2308	0	2
2309	0	2
2310	0	2
2311	0	2
2312	1	2
2313	0	2
2314	0	2
2316	0	2
2317	0	2
2319	0	2
2321	0	2
2322	0	2
2323	0	2
2324	0	2
2325	10	2
2326	0	2
2327	4	2
2328	0	2
2329	0	2
2330	0	2
2331	0	2
2333	0	2
2334	0	2
2335	8	2
2338	0	2
2339	0	2
2340	2	2
2341	0	2
2342	0	2
2343	0	2
2345	6	2
2346	0	2
2347	0	2
2348	0	2
2349	0	2
2350	0	2
2352	0	2
2353	2	2
2354	2	2
2356	0	2
2357	0	2
2358	4	2
2359	0	2
2360	2	2
2361	12	2
2362	0	2
2363	0	2
2364	0	2
2365	0	2
2366	1	2
2367	0	2
2368	11	2
2369	0	2
2370	0	2
2371	0	2
2372	2	2
2373	0	2
2374	0	2
2375	0	2
2376	0	2
2377	0	2
2378	2	2
2380	0	2
2381	0	2
2382	0	2
2383	0	2
2384	7	2
2386	0	2
2387	0	2
2388	6	2
2389	13	2
2390	0	2
2391	0	2
2392	0	2
2393	0	2
2394	0	2
2395	0	2
2396	0	2
2398	0	2
2400	0	2
2401	0	2
2402	0	2
2403	2	2
2404	0	2
2405	0	2
2406	0	2
2408	0	2
2409	1	2
2411	0	2
2412	1	2
2413	0	2
2414	0	2
2415	3	2
2416	0	2
2417	0	2
2418	0	2
2419	0	2
2420	0	2
2421	13	2
2422	0	2
2423	3	2
2424	0	2
2425	0	2
2427	2	2
2429	1	2
2431	0	2
2433	0	2
2434	0	2
2435	0	2
2436	5	2
2437	0	2
2438	0	2
2439	2	2
2440	3	2
2441	0	2
2443	0	2
2444	1	2
2445	3	2
2447	27	2
2448	0	2
2449	0	2
2451	0	2
2453	0	2
2454	0	2
2455	0	2
2456	0	2
2457	3	2
2458	0	2
2459	3	2
2462	0	2
2464	0	2
2465	2	2
2466	0	2
2467	8	2
2470	0	2
2472	0	2
2473	0	2
2475	0	2
2476	0	2
2477	2	2
2478	0	2
2480	0	2
2481	0	2
2483	0	2
2484	4	2
2485	0	2
2486	0	2
2487	0	2
2489	0	2
2490	0	2
2491	0	2
2492	0	2
2493	0	2
2494	7	2
2495	7	2
2496	0	2
2497	0	2
2498	2	2
2499	1	2
2500	0	2
2501	0	2
2502	0	2
2503	0	2
2504	10	2
2505	0	2
2506	1	2
2507	0	2
2508	2	2
2509	3	2
2510	0	2
2511	0	2
2513	3	2
2514	3	2
2515	0	2
2516	0	2
2517	0	2
2518	0	2
2520	0	2
2521	2	2
2523	0	2
2524	0	2
2525	0	2
2526	0	2
2527	0	2
2528	0	2
2529	4	2
2530	0	2
2531	3	2
2532	3	2
2533	8	2
2534	0	2
2535	0	2
2536	0	2
2537	0	2
2538	2	2
2539	1	2
2540	0	2
2541	5	2
2542	0	2
2543	0	2
2544	0	2
2545	0	2
2547	15	2
2548	0	2
2550	0	2
2551	0	2
2552	0	2
2553	0	2
2555	3	2
2556	0	2
2557	0	2
2558	0	2
2559	0	2
2560	0	2
2561	0	2
2562	0	2
2563	0	2
2564	0	2
2567	8	2
2568	1	2
2569	0	2
2571	0	2
2572	0	2
2573	0	2
2574	0	2
2575	0	2
2576	0	2
2577	1	2
2578	0	2
2579	15	2
2580	0	2
2581	0	2
2582	0	2
2583	7	2
2584	0	2
2585	0	2
2586	5	2
2587	0	2
2588	0	2
2589	0	2
2590	0	2
2591	0	2
2592	0	2
2593	0	2
2594	1	2
2596	0	2
2598	0	2
2599	3	2
2600	0	2
2601	14	2
2602	7	2
2603	0	2
2604	0	2
2605	0	2
2606	0	2
2607	0	2
2608	0	2
2609	0	2
2610	0	2
2612	2	2
2613	2	2
2614	0	2
2615	0	2
2616	0	2
2617	0	2
2618	0	2
2619	0	2
2620	0	2
2621	0	2
2622	0	2
2623	6	2
2624	0	2
2625	0	2
2626	0	2
2627	0	2
2628	0	2
2629	0	2
2630	3	2
2631	0	2
2632	0	2
2633	0	2
2634	5	2
2635	0	2
2636	0	2
2637	1	2
2638	0	2
2640	0	2
2641	0	2
2642	0	2
2645	0	2
2646	0	2
2647	3	2
2648	5	2
2650	0	2
2651	0	2
2652	0	2
2654	0	2
2655	0	2
2656	2	2
2657	0	2
2659	0	2
2660	0	2
2662	0	2
2663	0	2
2664	0	2
2665	0	2
2666	0	2
2667	0	2
2668	0	2
2669	0	2
2670	0	2
2671	0	2
2672	0	2
2673	3	2
2674	0	2
2675	6	2
2676	0	2
2678	0	2
2679	4	2
2680	0	2
2681	5	2
2682	0	2
2683	0	2
2684	0	2
2685	0	2
2686	0	2
2687	0	2
2689	0	2
2690	0	2
2691	18	2
2692	0	2
2693	7	2
2694	0	2
2695	2	2
2696	3	2
2697	0	2
2699	0	2
2700	0	2
2703	0	2
2704	0	2
2706	0	2
2708	2	2
2709	0	2
2710	0	2
2712	3	2
2713	1	2
2714	0	2
2715	7	2
2716	0	2
2717	3	2
2718	0	2
2719	0	2
2720	0	2
2721	0	2
2722	0	2
2723	0	2
2724	1	2
2725	0	2
2726	2	2
2727	0	2
2728	4	2
2730	0	2
2732	0	2
2733	0	2
2734	4	2
2735	0	2
2736	0	2
2737	0	2
2738	0	2
2739	0	2
2740	0	2
2741	0	2
2742	7	2
2744	0	2
2745	0	2
2746	0	2
2748	1	2
2749	0	2
2750	0	2
2751	2	2
2752	2	2
2753	2	2
2754	0	2
2755	0	2
2756	0	2
2757	0	2
2759	0	2
2760	4	2
2761	0	2
2762	0	2
2763	0	2
2764	0	2
2765	3	2
2767	1	2
2768	0	2
2769	0	2
2770	0	2
2771	0	2
2772	0	2
2773	0	2
2774	0	2
2775	0	2
2776	0	2
2777	0	2
2778	5	2
2779	14	2
2780	1	2
2781	0	2
2782	3	2
2783	0	2
2784	1	2
2785	0	2
2786	0	2
2787	4	2
2789	0	2
2790	0	2
2791	0	2
2792	0	2
2793	2	2
2794	0	2
2795	0	2
2797	0	2
2798	1	2
2799	0	2
2800	0	2
2801	0	2
2802	0	2
2804	0	2
2805	0	2
2806	15	2
2807	0	2
2808	0	2
2809	0	2
2810	5	2
2811	0	2
2814	2	2
2815	0	2
2816	0	2
2818	0	2
2819	0	2
2820	0	2
2822	0	2
2823	0	2
2824	1	2
2825	1	2
2826	0	2
2827	0	2
2828	0	2
2829	0	2
2830	0	2
2831	3	2
2832	0	2
2833	0	2
2834	0	2
2835	0	2
2836	0	2
2837	0	2
2838	8	2
2839	0	2
2840	0	2
2841	0	2
2842	0	2
2843	0	2
2844	0	2
2845	5	2
2846	0	2
2847	0	2
2848	0	2
2849	1	2
2850	1	2
2851	0	2
2852	2	2
2853	2	2
2854	1	2
2855	0	2
2856	0	2
2857	0	2
2861	0	2
2862	0	2
2863	0	2
2864	0	2
2865	0	2
2866	2	2
2867	2	2
2868	1	2
2869	0	2
2870	2	2
2871	0	2
2872	0	2
2873	0	2
2874	0	2
2875	0	2
2876	12	2
2878	0	2
2879	0	2
2880	1	2
2881	1	2
2882	0	2
2883	0	2
2884	0	2
2885	0	2
2886	0	2
2888	3	2
2889	2	2
2890	1	2
2891	0	2
2892	0	2
2893	0	2
2895	0	2
2896	0	2
2897	3	2
2898	2	2
2899	0	2
2900	0	2
2901	2	2
2902	0	2
2903	0	2
2904	0	2
2905	4	2
2906	1	2
2907	0	2
2909	0	2
2910	0	2
2911	0	2
2912	0	2
2913	0	2
2914	0	2
2916	0	2
2917	0	2
2918	4	2
2919	0	2
2920	0	2
2921	3	2
2922	0	2
2923	0	2
2924	0	2
2925	0	2
2927	0	2
2929	0	2
2930	0	2
2931	0	2
2932	0	2
2933	0	2
2934	3	2
2935	0	2
2936	11	2
2937	7	2
2938	2	2
2939	0	2
2940	0	2
2941	0	2
2942	0	2
2943	3	2
2944	0	2
2945	0	2
2946	0	2
2947	0	2
2948	0	2
2949	2	2
2950	10	2
2951	0	2
2952	0	2
2953	0	2
2954	0	2
2955	2	2
2956	2	2
2957	0	2
2958	3	2
2959	0	2
2961	1	2
2962	8	2
2963	0	2
2965	0	2
2966	0	2
2967	0	2
2970	0	2
2971	0	2
2972	0	2
2973	0	2
2974	1	2
2975	0	2
2976	2	2
2977	0	2
2979	0	2
2980	0	2
2981	0	2
2982	4	2
2983	0	2
2984	0	2
2985	0	2
2986	0	2
2987	0	2
2988	0	2
2989	0	2
2990	0	2
2991	3	2
2992	0	2
2993	0	2
2994	1	2
2996	0	2
2997	0	2
2998	0	2
2999	3	2
3001	0	2
3002	1	2
3003	0	2
3004	0	2
3005	3	2
3006	0	2
3007	0	2
3008	0	2
3009	0	2
3010	0	2
3011	0	2
3012	0	2
3013	3	2
3014	4	2
3016	0	2
3017	0	2
3018	0	2
3019	0	2
3020	0	2
3021	2	2
3022	0	2
3023	0	2
3024	0	2
3025	0	2
3026	0	2
3027	0	2
3028	0	2
3029	15	2
3030	0	2
3032	0	2
3033	0	2
3035	6	2
3036	0	2
3037	1	2
3038	0	2
3040	0	2
3041	0	2
3042	0	2
3043	0	2
3044	0	2
3047	0	2
3048	0	2
3049	0	2
3050	0	2
3051	0	2
3053	0	2
3054	0	2
3055	2	2
3056	0	2
3058	15	2
3059	0	2
3061	0	2
3062	0	2
3063	0	2
3064	1	2
3066	0	2
3067	0	2
3068	3	2
3069	0	2
3070	3	2
3071	0	2
3072	0	2
3073	0	2
3074	5	2
3075	0	2
3076	0	2
3077	0	2
3078	0	2
3079	0	2
3082	0	2
3083	0	2
3085	0	2
3086	0	2
3087	4	2
3088	0	2
3089	0	2
3091	3	2
3093	0	2
3095	0	2
3096	0	2
3097	0	2
3098	0	2
3100	0	2
3101	0	2
3102	10	2
3103	0	2
3104	4	2
3109	0	2
3110	8	2
3111	1	2
3112	0	2
3113	3	2
3114	0	2
3115	0	2
3116	0	2
3117	2	2
3120	0	2
3121	0	2
3122	0	2
3123	0	2
3125	0	2
3127	0	2
3128	3	2
3129	0	2
3130	0	2
3131	0	2
3132	4	2
3133	1	2
3134	0	2
3135	0	2
3136	2	2
3137	0	2
3138	1	2
3139	0	2
3140	0	2
3141	0	2
3142	2	2
3143	0	2
3145	0	2
3146	2	2
3147	2	2
3149	0	2
3150	0	2
3151	0	2
3153	0	2
3154	0	2
3156	9	2
3157	0	2
3159	0	2
3160	0	2
3161	0	2
3162	0	2
3163	0	2
3164	2	2
3166	0	2
3167	0	2
3168	0	2
3169	0	2
3170	0	2
3171	0	2
3172	0	2
3173	4	2
3174	0	2
3175	0	2
3176	1	2
3177	0	2
3178	0	2
3179	1	2
3180	0	2
3181	0	2
3182	6	2
3183	0	2
3184	0	2
3185	0	2
3186	0	2
3187	0	2
3188	0	2
3189	0	2
3191	3	2
3192	9	2
3193	0	2
3194	0	2
3195	7	2
3196	0	2
3197	0	2
3198	0	2
3199	0	2
3200	0	2
3201	19	2
3202	0	2
3203	2	2
3204	0	2
3206	0	2
3207	0	2
3208	0	2
3209	0	2
3210	0	2
3211	0	2
3212	0	2
3213	0	2
3214	0	2
3215	0	2
3217	0	2
3219	0	2
3220	0	2
3221	3	2
3223	0	2
3224	0	2
3225	0	2
3226	0	2
3227	0	2
3229	0	2
3231	0	2
3232	0	2
3233	0	2
3234	0	2
3235	0	2
3236	0	2
3237	0	2
3238	0	2
3239	0	2
3240	0	2
3243	0	2
3244	4	2
3245	0	2
3246	0	2
3247	9	2
3248	0	2
3249	0	2
3250	0	2
3253	0	2
3254	0	2
3255	0	2
3256	0	2
3257	0	2
3258	0	2
3259	0	2
3260	0	2
3261	3	2
3262	0	2
3263	0	2
3264	1	2
3265	0	2
3268	0	2
3269	6	2
3270	7	2
3271	0	2
3272	0	2
3273	0	2
3276	3	2
3278	0	2
3279	0	2
3280	0	2
3281	0	2
3282	0	2
3283	0	2
3284	0	2
3285	0	2
3286	0	2
3287	0	2
3288	2	2
3289	0	2
3292	0	2
3293	2	2
3294	0	2
3295	3	2
3296	0	2
3297	0	2
3300	0	2
3301	0	2
3302	0	2
3303	0	2
3304	0	2
3305	0	2
3306	2	2
3307	0	2
3308	0	2
3309	0	2
3310	0	2
3312	0	2
3313	0	2
3314	5	2
3315	0	2
3316	6	2
3318	0	2
3319	0	2
3320	0	2
3321	0	2
3323	0	2
3324	0	2
3325	0	2
3326	0	2
3329	0	2
3330	0	2
3331	0	2
3332	0	2
3333	0	2
3334	0	2
3335	0	2
3338	10	2
3339	4	2
3341	0	2
3342	0	2
3343	0	2
3344	4	2
3347	6	2
3348	3	2
3349	0	2
3350	0	2
3351	0	2
3353	3	2
3354	0	2
3355	8	2
3356	0	2
3357	0	2
3358	0	2
3359	0	2
3360	0	2
3361	0	2
3362	0	2
3363	0	2
3365	3	2
3366	1	2
3367	10	2
3368	0	2
3369	0	2
3370	0	2
3371	0	2
3373	1	2
3374	8	2
3376	0	2
3377	0	2
3378	0	2
3379	0	2
3380	0	2
3381	0	2
3383	0	2
3385	0	2
3387	0	2
3388	0	2
3390	0	2
3392	0	2
3394	0	2
3395	0	2
3397	0	2
3398	0	2
3399	0	2
3401	0	2
3402	0	2
3403	0	2
3404	0	2
3405	0	2
3406	0	2
3407	0	2
3408	0	2
3409	0	2
3411	4	2
3412	0	2
3413	6	2
3414	0	2
3415	0	2
3416	0	2
3417	0	2
3418	0	2
3419	0	2
3421	0	2
3422	0	2
3423	0	2
3424	0	2
3425	0	2
3427	6	2
3429	0	2
3430	2	2
3431	0	2
3432	4	2
3433	20	2
3434	1	2
3435	0	2
3436	0	2
3437	1	2
3438	0	2
3439	0	2
3440	12	2
3441	10	2
3442	0	2
3444	0	2
3445	0	2
3446	0	2
3447	0	2
3448	0	2
3449	0	2
3450	0	2
3451	6	2
3452	0	2
3453	1	2
3454	0	2
3455	3	2
3456	0	2
3457	0	2
3458	0	2
3460	0	2
3463	0	2
3464	0	2
3465	0	2
3466	0	2
3467	3	2
3468	0	2
3470	4	2
3471	0	2
3473	0	2
3475	0	2
3477	5	2
3478	0	2
3479	0	2
3480	2	2
3481	0	2
3482	5	2
3483	0	2
3484	5	2
3485	0	2
3486	0	2
3487	0	2
3488	0	2
3489	0	2
3490	0	2
3491	0	2
3492	0	2
3493	0	2
3494	0	2
3495	1	2
3496	0	2
3497	14	2
3498	0	2
3499	0	2
3500	0	2
3501	0	2
3503	0	2
3504	0	2
3505	1	2
3506	0	2
3507	0	2
3508	0	2
3509	0	2
3510	0	2
3511	0	2
3512	0	2
3513	0	2
3514	0	2
3515	0	2
3516	0	2
3517	4	2
3518	0	2
3519	0	2
3520	0	2
3521	0	2
3522	0	2
3523	0	2
3525	0	2
3526	0	2
3529	1	2
3530	0	2
3531	0	2
3533	0	2
3535	0	2
3536	0	2
3537	2	2
3539	0	2
3540	0	2
3541	6	2
3542	0	2
3543	0	2
3545	6	2
3547	0	2
3548	0	2
3549	0	2
3550	0	2
3551	0	2
3553	0	2
3554	0	2
3555	4	2
3556	0	2
3557	0	2
3558	0	2
3559	2	2
3560	0	2
3561	0	2
3562	0	2
3563	0	2
3564	2	2
3565	0	2
3567	0	2
3568	0	2
3569	1	2
3570	0	2
3571	2	2
3572	0	2
3573	0	2
3574	0	2
3576	2	2
3577	0	2
3578	0	2
3580	0	2
3581	0	2
3582	0	2
3583	0	2
3584	10	2
3586	0	2
3587	0	2
3588	0	2
3589	0	2
3590	5	2
3591	6	2
3592	9	2
3593	4	2
3594	0	2
3595	0	2
3596	0	2
3597	1	2
3599	0	2
3601	4	2
3602	8	2
3603	3	2
3604	0	2
3605	0	2
3606	10	2
3607	3	2
3608	3	2
3609	0	2
3610	1	2
3611	2	2
3613	0	2
3614	0	2
3615	6	2
3616	1	2
3617	0	2
3618	0	2
3619	0	2
3620	0	2
3621	0	2
3622	0	2
3623	0	2
3624	0	2
3625	0	2
3626	0	2
3627	2	2
3629	0	2
3630	0	2
3631	0	2
3632	0	2
3634	0	2
3635	0	2
3636	0	2
3637	1	2
3638	0	2
3639	0	2
3640	0	2
3641	0	2
3642	4	2
3643	2	2
3644	4	2
3646	0	2
3647	0	2
3648	12	2
3649	0	2
3650	0	2
3651	0	2
3652	0	2
3653	1	2
3654	4	2
3655	0	2
3656	0	2
3657	0	2
3658	0	2
3660	0	2
3661	0	2
3662	0	2
3663	0	2
3665	0	2
3666	1	2
3667	0	2
3669	2	2
3670	0	2
3671	0	2
3672	0	2
3674	0	2
3675	0	2
3676	0	2
3677	0	2
3678	0	2
3679	7	2
3680	0	2
3681	0	2
3682	1	2
3683	0	2
3684	0	2
3685	2	2
3686	0	2
3687	0	2
3689	0	2
3690	0	2
3691	0	2
3692	0	2
3693	0	2
3694	0	2
3695	0	2
3696	0	2
3698	0	2
3700	1	2
3701	0	2
3703	0	2
3705	0	2
3707	7	2
3708	2	2
3709	0	2
3710	0	2
3711	0	2
3713	0	2
3714	6	2
3716	0	2
3717	0	2
3718	1	2
3719	3	2
3720	0	2
3721	0	2
3723	0	2
3724	0	2
3725	12	2
3727	0	2
3728	0	2
3729	0	2
3730	0	2
3731	0	2
3732	0	2
3733	0	2
3734	1	2
3735	0	2
3737	0	2
3738	0	2
3739	0	2
3740	0	2
3741	2	2
3742	0	2
3743	2	2
3744	4	2
3746	0	2
3747	0	2
3748	0	2
3750	0	2
3751	3	2
3752	0	2
3753	0	2
3755	0	2
3756	0	2
3757	0	2
3758	0	2
3759	0	2
3760	6	2
3761	0	2
3762	0	2
3763	0	2
3764	0	2
3765	0	2
3767	3	2
3768	0	2
3769	0	2
3770	1	2
3771	0	2
3774	10	2
3775	0	2
3776	0	2
3778	0	2
3779	1	2
3780	2	2
3781	2	2
3782	3	2
3783	0	2
3784	0	2
3785	1	2
3786	0	2
3787	0	2
3789	0	2
3790	0	2
3791	4	2
3793	6	2
3794	0	2
3795	0	2
3796	3	2
3797	7	2
3798	4	2
3799	2	2
3800	0	2
3801	0	2
3802	0	2
3803	0	2
3804	15	2
3805	0	2
3806	0	2
3807	0	2
3809	0	2
3810	0	2
3811	0	2
3812	0	2
3813	0	2
3814	0	2
3815	0	2
3816	0	2
3817	9	2
3818	0	2
3819	0	2
3820	1	2
3821	0	2
3822	0	2
3823	0	2
3824	0	2
3826	1	2
3829	0	2
3830	0	2
3832	11	2
3833	0	2
3834	2	2
3835	0	2
3837	0	2
3838	0	2
3839	0	2
3840	0	2
3841	10	2
3843	0	2
3844	0	2
3845	0	2
3847	0	2
3848	0	2
3849	2	2
3850	0	2
3851	0	2
3852	0	2
3853	0	2
3854	0	2
3855	0	2
3856	0	2
3857	1	2
3858	0	2
3860	0	2
3861	0	2
3862	3	2
3863	0	2
3864	0	2
3866	5	2
3868	3	2
3869	0	2
3870	0	2
3871	14	2
3873	0	2
3874	0	2
3875	6	2
3876	15	2
3877	0	2
3878	0	2
3880	0	2
3881	3	2
3882	0	2
3884	1	2
3885	0	2
3886	0	2
3887	0	2
3888	0	2
3889	0	2
3890	4	2
3891	0	2
3892	12	2
3893	0	2
3895	0	2
3896	0	2
3898	0	2
3901	0	2
3902	0	2
3903	0	2
3904	0	2
3905	0	2
3906	2	2
3907	0	2
3908	0	2
3909	0	2
3912	0	2
3913	1	2
3914	0	2
3915	0	2
3916	0	2
3917	0	2
3918	2	2
3919	0	2
3920	0	2
3921	2	2
3923	0	2
3925	0	2
3926	0	2
3927	0	2
3929	1	2
3930	1	2
3931	2	2
3932	0	2
3933	0	2
3934	0	2
3935	14	2
3936	0	2
3937	9	2
3938	0	2
3940	0	2
3941	0	2
3942	3	2
3943	0	2
3944	0	2
3945	0	2
3946	0	2
3947	0	2
3948	0	2
3949	3	2
3950	0	2
3951	0	2
3952	0	2
3953	1	2
3954	2	2
3955	0	2
3956	3	2
3957	0	2
3958	0	2
3959	0	2
3960	3	2
3961	0	2
3962	0	2
3963	0	2
3964	0	2
3965	2	2
3967	0	2
3970	0	2
3971	0	2
3972	8	2
3973	0	2
3974	0	2
3975	0	2
3977	0	2
3978	0	2
3979	0	2
3980	3	2
3981	8	2
3982	0	2
3983	9	2
3984	1	2
3985	1	2
3986	4	2
3987	0	2
3989	0	2
3990	0	2
3991	0	2
3992	0	2
3994	0	2
3995	2	2
3996	0	2
3997	0	2
3998	0	2
3999	3	2
4000	2	2
4001	0	2
4003	1	2
4004	0	2
4005	0	2
4006	0	2
4008	0	2
4009	0	2
4011	0	2
4012	0	2
4013	0	2
4014	0	2
4015	1	2
4016	0	2
4017	0	2
4018	0	2
4019	0	2
4020	0	2
4021	1	2
4022	8	2
4023	0	2
4024	0	2
4025	20	2
4026	0	2
4027	1	2
4028	0	2
4029	0	2
4030	0	2
4031	0	2
4032	4	2
4034	0	2
4035	0	2
4037	5	2
4038	0	2
4039	0	2
4040	0	2
4041	0	2
4042	0	2
4043	0	2
4045	0	2
4046	0	2
4047	0	2
4048	0	2
4049	0	2
4050	0	2
4051	0	2
4052	0	2
4054	0	2
4055	12	2
4056	0	2
4057	0	2
4058	0	2
4059	0	2
4060	0	2
4061	14	2
4062	0	2
4063	0	2
4064	7	2
4065	0	2
4067	0	2
4068	3	2
4069	0	2
4070	0	2
4071	0	2
4072	0	2
4073	3	2
4074	0	2
4075	0	2
4077	0	2
4078	0	2
4079	0	2
4081	0	2
4082	10	2
4083	0	2
4084	13	2
4085	0	2
4086	0	2
4087	0	2
4088	6	2
4089	0	2
4090	0	2
4091	0	2
4092	0	2
4093	6	2
4094	0	2
4095	2	2
4096	5	2
4097	0	2
4098	0	2
4100	0	2
4101	0	2
4102	2	2
4103	0	2
4104	0	2
4105	0	2
4106	5	2
4107	6	2
4109	8	2
4110	0	2
4111	1	2
4112	1	2
4115	0	2
4116	0	2
4118	0	2
4119	7	2
4120	0	2
4121	2	2
4122	1	2
4123	10	2
4125	0	2
4126	5	2
4127	0	2
4128	0	2
4130	0	2
4131	0	2
4132	1	2
4133	0	2
4134	0	2
4135	0	2
4137	0	2
4138	0	2
4139	0	2
4140	0	2
4141	0	2
4142	0	2
4143	0	2
4144	0	2
4146	7	2
4147	4	2
4148	0	2
4149	0	2
4151	0	2
4152	0	2
4153	0	2
4154	0	2
4155	0	2
4156	12	2
4157	10	2
4158	0	2
4159	0	2
4160	3	2
4161	11	2
4162	0	2
4163	0	2
4164	0	2
4165	0	2
4167	0	2
4168	8	2
4170	0	2
4171	12	2
4172	4	2
4173	5	2
4174	0	2
4175	0	2
4176	0	2
4177	0	2
4178	0	2
4180	0	2
4181	5	2
4182	0	2
4183	0	2
4184	10	2
4185	0	2
4186	0	2
4187	1	2
4188	0	2
4189	0	2
4190	0	2
4192	0	2
4193	0	2
4194	4	2
4195	0	2
4196	2	2
4198	0	2
4200	0	2
4202	0	2
4204	0	2
4207	0	2
4208	0	2
4209	0	2
4210	0	2
4211	0	2
4212	3	2
4214	1	2
4215	0	2
4217	2	2
4218	0	2
4219	1	2
4220	0	2
4221	0	2
4222	3	2
4223	5	2
4225	0	2
4226	0	2
4227	0	2
4228	2	2
4229	1	2
4230	0	2
4231	0	2
4232	1	2
4233	0	2
4234	10	2
4235	0	2
4236	1	2
4238	0	2
4239	3	2
4240	0	2
4241	0	2
4242	0	2
4244	5	2
4245	0	2
4246	8	2
4247	0	2
4248	0	2
4249	2	2
4250	0	2
4251	0	2
4252	1	2
4253	0	2
4254	0	2
4255	0	2
4256	0	2
4258	0	2
4259	5	2
4260	11	2
4261	0	2
4262	1	2
4263	0	2
4265	5	2
4266	0	2
4267	0	2
4268	0	2
4269	0	2
4270	1	2
4271	2	2
4272	1	2
4273	0	2
4274	11	2
4275	0	2
4276	0	2
4277	0	2
4278	10	2
4279	0	2
4281	0	2
4282	0	2
4283	18	2
4284	0	2
4286	0	2
4287	0	2
4288	0	2
4289	0	2
4290	0	2
4292	8	2
4293	0	2
4295	2	2
4296	0	2
4297	0	2
4298	0	2
4299	0	2
4300	0	2
4301	0	2
4302	0	2
4303	0	2
4304	7	2
4305	0	2
4306	0	2
4307	5	2
4308	0	2
4309	8	2
4310	0	2
4311	0	2
4312	0	2
4313	0	2
4314	0	2
4315	0	2
4317	0	2
4318	0	2
4319	0	2
4320	2	2
4321	0	2
4322	0	2
4324	1	2
4325	9	2
4326	0	2
4327	0	2
4329	0	2
4330	0	2
4331	0	2
4332	0	2
4333	0	2
4334	0	2
4335	4	2
4336	0	2
4337	0	2
4338	0	2
4340	0	2
4342	0	2
4343	0	2
4344	1	2
4347	0	2
4348	0	2
4349	2	2
4350	5	2
4351	0	2
4352	0	2
4353	5	2
4354	0	2
4355	0	2
4358	4	2
4359	0	2
4360	4	2
4361	0	2
4362	3	2
4363	0	2
4365	4	2
4366	0	2
4367	4	2
4368	5	2
4369	15	2
4370	0	2
4371	0	2
4372	0	2
4373	0	2
4374	0	2
4376	5	2
4377	2	2
4379	0	2
4380	0	2
4381	0	2
4382	0	2
4383	0	2
4384	0	2
4385	0	2
4386	0	2
4387	5	2
4388	0	2
4389	0	2
4390	3	2
4391	0	2
4392	0	2
4393	0	2
4394	0	2
4395	0	2
4397	0	2
4398	0	2
4400	0	2
4401	0	2
4402	4	2
4404	0	2
4405	2	2
4406	0	2
4407	1	2
4409	4	2
4410	3	2
4411	0	2
4412	15	2
4413	0	2
4414	0	2
4415	0	2
4416	0	2
4417	2	2
4418	0	2
4419	0	2
4420	0	2
4421	0	2
4422	0	2
4424	0	2
4425	2	2
4426	0	2
4427	2	2
4429	0	2
4430	7	2
4431	4	2
4432	0	2
4433	0	2
4434	0	2
4435	0	2
4437	0	2
4438	0	2
4439	0	2
4440	0	2
4441	0	2
4442	0	2
4443	0	2
4445	1	2
4447	0	2
4448	0	2
4449	0	2
4450	24	2
4452	0	2
4453	0	2
4454	0	2
4455	0	2
4456	0	2
4457	0	2
4458	0	2
4459	0	2
4461	0	2
4462	0	2
4463	0	2
4464	3	2
4465	0	2
4466	0	2
4468	0	2
4469	0	2
4470	0	2
4472	0	2
4473	1	2
4475	0	2
4476	0	2
4477	0	2
4478	14	2
4479	1	2
4481	0	2
4482	0	2
4483	0	2
4484	0	2
4485	0	2
4486	0	2
4487	3	2
4488	8	2
4489	10	2
4490	0	2
4491	3	2
4492	0	2
4493	0	2
4494	0	2
4495	3	2
4496	0	2
4497	0	2
4498	6	2
4499	1	2
4500	0	2
4501	0	2
4502	0	2
4503	0	2
4504	0	2
4506	0	2
4507	0	2
4508	0	2
4509	2	2
4511	0	2
4513	0	2
4514	4	2
4517	0	2
4518	0	2
4519	0	2
4520	0	2
4521	0	2
4522	1	2
4523	0	2
4524	0	2
4525	11	2
4526	13	2
4527	0	2
4528	0	2
4529	7	2
4530	0	2
4532	0	2
4533	0	2
4534	0	2
4535	0	2
4536	0	2
4537	0	2
4538	0	2
4539	8	2
4540	0	2
4541	7	2
4543	0	2
4545	7	2
4546	0	2
4547	0	2
4548	5	2
4549	5	2
4550	0	2
4551	0	2
4552	0	2
4553	0	2
4554	0	2
4555	0	2
4556	6	2
4560	0	2
4561	0	2
4562	2	2
4563	0	2
4564	8	2
4565	8	2
4567	0	2
4568	0	2
4569	0	2
4571	0	2
4572	0	2
4573	0	2
4575	0	2
4576	0	2
4577	2	2
4578	2	2
4579	3	2
4580	0	2
4581	0	2
4582	0	2
4583	0	2
4584	0	2
4585	0	2
4587	0	2
4588	0	2
4589	0	2
4590	0	2
4591	0	2
4592	0	2
4593	5	2
4594	3	2
4596	0	2
4597	2	2
4598	2	2
4599	1	2
4600	0	2
4603	4	2
4604	0	2
4605	0	2
4606	0	2
4608	1	2
4609	0	2
4610	2	2
4612	0	2
4613	2	2
4614	0	2
4615	0	2
4616	0	2
4617	0	2
4618	0	2
4619	0	2
4620	0	2
4621	0	2
4622	0	2
4623	0	2
4624	0	2
4625	5	2
4626	0	2
4628	4	2
4629	8	2
4630	0	2
4631	0	2
4632	0	2
4633	0	2
4636	0	2
4637	0	2
4638	1	2
4639	0	2
4642	0	2
4643	0	2
4644	0	2
4646	0	2
4647	0	2
4648	0	2
4649	0	2
4650	8	2
4651	0	2
4652	0	2
4653	0	2
4655	0	2
4656	0	2
4657	0	2
4658	0	2
4659	0	2
4660	3	2
4662	0	2
4663	0	2
4664	0	2
4666	0	2
4667	1	2
4668	0	2
4669	0	2
4670	0	2
4671	0	2
4672	0	2
4673	0	2
4674	3	2
4676	0	2
4677	0	2
4678	0	2
4680	0	2
4681	3	2
4682	6	2
4683	0	2
4684	2	2
4685	1	2
4686	0	2
4687	5	2
4688	0	2
4689	0	2
4690	3	2
4691	1	2
4692	0	2
4693	0	2
4694	3	2
4695	0	2
4696	0	2
4697	0	2
4698	0	2
4699	0	2
4700	0	2
4703	0	2
4704	0	2
4706	4	2
4707	0	2
4708	1	2
4709	0	2
4710	7	2
4712	0	2
4713	0	2
4714	2	2
4715	0	2
4716	0	2
4717	0	2
4718	0	2
4719	0	2
4720	0	2
4721	0	2
4722	0	2
4723	0	2
4724	0	2
4726	10	2
4728	3	2
4729	3	2
4730	0	2
4731	0	2
4732	0	2
4733	0	2
4734	0	2
4735	4	2
4736	0	2
4738	0	2
4739	0	2
4741	0	2
4744	0	2
4745	0	2
4747	0	2
4748	0	2
4749	0	2
4750	0	2
4751	0	2
4753	0	2
4755	0	2
4756	0	2
4757	0	2
4758	0	2
4759	0	2
4760	2	2
4761	0	2
4762	1	2
4763	0	2
4764	0	2
4765	4	2
4766	0	2
4767	0	2
4769	2	2
4770	0	2
4771	0	2
4772	3	2
4773	0	2
4774	0	2
4775	0	2
4776	3	2
4777	0	2
4778	0	2
4779	0	2
4780	0	2
4781	0	2
4782	15	2
4783	0	2
4786	0	2
4787	0	2
4788	0	2
4789	5	2
4790	2	2
4791	0	2
4792	0	2
4793	7	2
4796	0	2
4797	0	2
4798	0	2
4799	0	2
4800	2	2
4801	0	2
4802	0	2
4803	7	2
4804	0	2
4805	0	2
4806	0	2
4807	2	2
4808	0	2
4809	0	2
4810	6	2
4811	0	2
4812	0	2
4813	0	2
4814	4	2
4815	0	2
4816	0	2
4817	0	2
4818	0	2
4819	0	2
4820	6	2
4821	0	2
4823	0	2
4824	0	2
4825	0	2
4826	5	2
4827	0	2
4828	0	2
4829	0	2
4830	0	2
4831	0	2
4832	7	2
4833	0	2
4834	0	2
4835	0	2
4836	4	2
4837	0	2
4838	0	2
4839	0	2
4840	0	2
4841	0	2
4842	0	2
4843	10	2
4844	0	2
4845	0	2
4846	0	2
4847	5	2
4848	0	2
4849	0	2
4850	0	2
4852	0	2
4854	0	2
4855	5	2
4856	0	2
4857	3	2
4858	9	2
4859	0	2
4860	0	2
4861	0	2
4863	0	2
4864	0	2
4865	0	2
4866	0	2
4867	0	2
4868	7	2
4869	2	2
4870	0	2
4871	0	2
4872	7	2
4873	0	2
4874	0	2
4876	0	2
4878	0	2
4879	0	2
4883	0	2
4884	0	2
4885	0	2
4886	8	2
4887	0	2
4888	2	2
4889	0	2
4890	0	2
4891	0	2
4892	3	2
4893	0	2
4894	0	2
4896	1	2
4897	0	2
4898	3	2
4899	0	2
4900	0	2
4901	0	2
4902	1	2
4904	1	2
4905	0	2
4906	0	2
4907	0	2
4908	1	2
4909	0	2
4910	0	2
4911	0	2
4912	0	2
4913	1	2
4915	0	2
4917	0	2
4919	0	2
4921	0	2
4924	0	2
4925	0	2
4926	0	2
4927	8	2
4928	1	2
4929	0	2
4930	0	2
4931	9	2
4933	0	2
4934	0	2
4935	0	2
4937	0	2
4938	0	2
4939	6	2
4940	0	2
4941	0	2
4942	0	2
4943	0	2
4944	0	2
4945	0	2
4946	0	2
4947	5	2
4948	0	2
4949	0	2
4950	0	2
4951	0	2
4953	7	2
4954	0	2
4955	6	2
4956	11	2
4957	0	2
4958	0	2
4959	0	2
4960	0	2
4961	0	2
4962	0	2
4963	0	2
4964	0	2
4965	0	2
4966	0	2
4967	0	2
4968	0	2
4969	0	2
4970	0	2
4971	0	2
4972	1	2
4973	0	2
4974	0	2
4975	0	2
4976	0	2
4977	3	2
4980	0	2
4981	0	2
4982	0	2
4983	1	2
4984	0	2
4985	0	2
4988	0	2
4989	0	2
4990	5	2
4991	0	2
4993	0	2
4994	0	2
4995	0	2
4996	0	2
4997	0	2
4998	0	2
4999	1	2
5000	0	2
5002	0	2
5003	0	2
5004	7	2
5005	0	2
5006	0	2
5007	7	2
5008	0	2
5009	0	2
5010	0	2
5011	0	2
5012	0	2
5013	1	2
5014	2	2
5015	0	2
5017	4	2
5018	0	2
5019	0	2
5020	0	2
5021	0	2
5022	0	2
5024	0	2
5025	0	2
5026	0	2
5027	0	2
5028	0	2
5029	0	2
5030	0	2
5031	0	2
5032	1	2
5033	1	2
5034	0	2
5035	0	2
5037	0	2
5039	0	2
5040	0	2
5041	0	2
5043	0	2
5044	0	2
5045	0	2
5046	0	2
5048	0	2
5049	0	2
5050	0	2
5053	0	2
5054	0	2
5055	0	2
5057	0	2
5058	0	2
5059	0	2
5060	0	2
5061	1	2
5062	0	2
5063	0	2
5064	0	2
5065	0	2
5066	8	2
5067	0	2
5068	9	2
5069	0	2
5070	0	2
5071	0	2
5073	0	2
5074	0	2
5075	6	2
5076	0	2
5077	0	2
5079	0	2
5080	0	2
5081	0	2
5082	0	2
5083	7	2
5084	0	2
5086	6	2
5087	0	2
5088	0	2
5089	7	2
5090	0	2
5091	0	2
5093	0	2
5094	0	2
5096	7	2
5097	0	2
5100	0	2
5101	0	2
5102	6	2
5103	0	2
5104	4	2
5105	4	2
5106	0	2
5107	0	2
5109	8	2
5110	0	2
5111	0	2
5112	0	2
5113	0	2
5114	0	2
5115	0	2
5116	0	2
5117	0	2
5118	0	2
5119	0	2
5121	0	2
5123	0	2
5124	1	2
5125	0	2
5126	0	2
5128	0	2
5129	0	2
5130	0	2
5132	0	2
5133	0	2
5134	17	2
5135	0	2
5136	4	2
5137	0	2
5138	4	2
5139	0	2
5140	0	2
5141	0	2
5142	0	2
5143	0	2
5145	0	2
5146	0	2
5147	0	2
5148	0	2
5149	0	2
5150	0	2
5151	0	2
5152	0	2
5154	6	2
5155	0	2
5156	0	2
5157	0	2
5159	0	2
5160	0	2
5161	2	2
5162	0	2
5163	3	2
5164	0	2
5165	4	2
5166	12	2
5167	0	2
5168	2	2
5169	4	2
5171	0	2
5172	0	2
5173	0	2
5174	0	2
5175	6	2
5176	1	2
5178	0	2
5179	0	2
5180	0	2
5181	0	2
5182	4	2
5183	0	2
5184	0	2
5185	7	2
5186	0	2
5187	0	2
5189	2	2
5190	0	2
5191	0	2
5192	0	2
5193	0	2
5194	0	2
5195	0	2
5196	0	2
5199	0	2
5201	0	2
5202	0	2
5203	0	2
5204	6	2
5205	0	2
5206	0	2
5207	0	2
5208	7	2
5209	0	2
5210	0	2
5211	0	2
5214	1	2
5215	1	2
5216	0	2
5217	0	2
5218	0	2
5219	0	2
5220	0	2
5221	2	2
5222	0	2
5223	0	2
5224	0	2
5225	3	2
5226	0	2
5227	0	2
5229	0	2
5230	0	2
5231	0	2
5232	4	2
5233	0	2
5234	1	2
5235	0	2
5236	0	2
5237	0	2
5238	0	2
5239	0	2
5240	1	2
5241	0	2
5242	0	2
5243	9	2
5244	0	2
5245	9	2
5247	0	2
5248	0	2
5249	2	2
5250	0	2
5252	0	2
5253	0	2
5254	1	2
5256	0	2
5257	0	2
5258	0	2
5259	0	2
5260	4	2
5261	0	2
5262	7	2
5263	0	2
5264	0	2
5265	3	2
5266	7	2
5267	0	2
5268	0	2
5269	2	2
5270	1	2
5271	6	2
5272	0	2
5273	0	2
5274	0	2
5275	0	2
5276	0	2
5277	0	2
5278	0	2
5279	0	2
5280	0	2
5281	3	2
5282	6	2
5283	0	2
5284	0	2
5286	0	2
5287	0	2
5288	0	2
5289	0	2
5290	4	2
5291	0	2
5292	2	2
5293	9	2
5294	0	2
5295	2	2
5296	12	2
5297	0	2
5298	6	2
5300	5	2
5301	0	2
5302	0	2
5303	0	2
5304	4	2
5305	0	2
5307	2	2
5308	0	2
5309	0	2
5310	4	2
5311	0	2
5312	0	2
5313	1	2
5314	0	2
5315	0	2
5316	0	2
5317	0	2
5318	0	2
5319	0	2
5321	0	2
5322	0	2
5323	0	2
5324	6	2
5325	0	2
5326	8	2
5327	0	2
5328	1	2
5329	2	2
5330	0	2
5331	0	2
5332	0	2
5333	1	2
5334	0	2
5335	5	2
5336	0	2
5337	0	2
5338	0	2
5341	3	2
5343	0	2
5346	0	2
5347	0	2
5348	0	2
5349	0	2
5350	0	2
5351	4	2
5352	0	2
5354	0	2
5355	0	2
5356	0	2
5357	0	2
5359	6	2
5360	0	2
5361	0	2
5363	3	2
5364	0	2
5365	0	2
5367	0	2
5368	0	2
5369	0	2
5370	0	2
5372	0	2
5373	0	2
5374	0	2
5375	0	2
5377	0	2
5379	0	2
5380	2	2
5381	5	2
5382	0	2
5383	0	2
5385	0	2
5386	0	2
5387	0	2
5388	0	2
5389	0	2
5390	0	2
5391	1	2
5392	1	2
5393	17	2
5394	0	2
5395	2	2
5396	4	2
5398	0	2
5400	2	2
5401	0	2
5402	1	2
5404	1	2
5405	13	2
5406	0	2
5407	7	2
5408	4	2
5409	0	2
5410	1	2
5411	0	2
5413	0	2
5414	0	2
5415	8	2
5416	0	2
5417	0	2
5418	0	2
5420	0	2
5421	6	2
5424	0	2
5425	0	2
5426	6	2
5427	0	2
5428	2	2
5429	9	2
5430	0	2
5431	0	2
5433	0	2
5434	1	2
5435	0	2
5436	0	2
5437	0	2
5438	5	2
5439	1	2
5440	1	2
5441	0	2
5442	0	2
5443	0	2
5445	0	2
5446	0	2
5447	0	2
5448	0	2
5449	5	2
5450	0	2
5451	0	2
5452	13	2
5453	0	2
5455	0	2
5457	1	2
5458	0	2
5459	3	2
5460	0	2
5461	0	2
5462	8	2
5464	0	2
5465	8	2
5466	0	2
5467	0	2
5468	0	2
5469	2	2
5470	0	2
5471	10	2
5472	0	2
5473	0	2
5474	0	2
5475	0	2
5476	0	2
5477	1	2
5478	2	2
5480	0	2
5481	3	2
5482	0	2
5483	1	2
5484	0	2
5485	15	2
5486	11	2
5487	0	2
5488	0	2
5489	10	2
5490	0	2
5491	0	2
5493	0	2
5495	0	2
5496	2	2
5497	0	2
5498	0	2
5499	0	2
5500	0	2
5501	0	2
5502	0	2
5503	0	2
5504	0	2
5505	0	2
5506	0	2
5508	2	2
5509	2	2
5510	2	2
5511	3	2
5512	0	2
5513	0	2
5514	0	2
5515	0	2
5516	0	2
5517	0	2
5518	0	2
5520	0	2
5521	0	2
5522	3	2
5523	2	2
5524	0	2
5525	2	2
5526	9	2
5527	0	2
5528	0	2
5529	5	2
5530	5	2
5531	0	2
5532	0	2
5533	0	2
5535	0	2
5536	0	2
5537	0	2
5538	0	2
5539	2	2
5540	0	2
5541	0	2
5542	3	2
5543	0	2
5544	0	2
5546	0	2
5547	0	2
5548	0	2
5552	0	2
5553	3	2
5554	3	2
5555	0	2
5556	3	2
5557	0	2
5558	0	2
5559	1	2
5560	7	2
5561	2	2
5562	0	2
5563	0	2
5564	0	2
5566	17	2
5568	0	2
5569	1	2
5570	0	2
5571	0	2
5572	0	2
5573	0	2
5574	0	2
5575	0	2
5576	2	2
5577	0	2
5578	0	2
5579	0	2
5580	1	2
5581	0	2
5582	1	2
5583	0	2
5585	0	2
5586	0	2
5587	0	2
5588	0	2
5589	0	2
5591	0	2
5594	0	2
5595	0	2
5596	6	2
5597	0	2
5598	11	2
5599	0	2
5601	1	2
5603	0	2
5604	0	2
5606	13	2
5607	1	2
5609	0	2
5610	0	2
5611	0	2
5612	4	2
5613	5	2
5614	0	2
5615	16	2
5617	6	2
5618	0	2
5619	0	2
5621	0	2
5623	1	2
5624	0	2
5625	0	2
5626	0	2
5627	7	2
5628	0	2
5629	0	2
5631	0	2
5632	0	2
5633	8	2
5634	0	2
5635	0	2
5636	0	2
5637	0	2
5638	0	2
5639	0	2
5640	6	2
5641	6	2
5642	1	2
5643	0	2
5644	0	2
5645	0	2
5647	0	2
5648	0	2
5649	0	2
5650	2	2
5651	0	2
5652	0	2
5654	0	2
5655	0	2
5656	0	2
5658	0	2
5660	1	2
5661	0	2
5662	0	2
5663	2	2
5665	0	2
5666	1	2
5668	6	2
5669	5	2
5670	5	2
5671	0	2
5673	13	2
5674	0	2
5675	0	2
5676	0	2
5677	5	2
5678	0	2
5679	0	2
5680	3	2
5681	6	2
5682	0	2
5684	0	2
5686	0	2
5687	0	2
5688	3	2
5689	0	2
5691	0	2
5692	0	2
5693	7	2
5694	0	2
5695	0	2
5696	0	2
5698	1	2
5699	0	2
5700	0	2
5702	0	2
5703	0	2
5704	0	2
5706	0	2
5707	0	2
5708	5	2
5709	0	2
5710	4	2
5711	0	2
5712	0	2
5713	0	2
5714	4	2
5715	0	2
5716	0	2
5718	3	2
5720	0	2
5721	0	2
5722	0	2
5723	4	2
5724	0	2
5725	0	2
5726	0	2
5727	0	2
5728	0	2
5729	0	2
5731	0	2
5733	17	2
5734	0	2
5735	0	2
5736	0	2
5737	4	2
5738	0	2
5739	0	2
5740	0	2
5742	0	2
5743	1	2
5746	13	2
5747	0	2
5748	0	2
5749	3	2
5750	3	2
5751	3	2
5756	0	2
5757	0	2
5758	0	2
5759	0	2
5760	0	2
5761	0	2
5762	1	2
5763	0	2
5764	0	2
5765	0	2
5766	0	2
5767	0	2
5768	0	2
5769	4	2
5771	0	2
5772	0	2
5773	0	2
5775	0	2
5776	4	2
5779	0	2
5780	0	2
5781	0	2
5782	0	2
5783	0	2
5784	0	2
5785	0	2
5787	1	2
5788	0	2
5789	0	2
5791	0	2
5794	7	2
5795	4	2
5796	0	2
5797	0	2
5798	0	2
5799	0	2
5800	0	2
5801	9	2
5803	0	2
5804	0	2
5805	0	2
5806	8	2
5807	0	2
5808	9	2
5809	0	2
5810	7	2
5811	0	2
5813	0	2
5814	0	2
5816	0	2
5817	0	2
5818	0	2
5819	0	2
5820	0	2
5821	0	2
5822	1	2
5823	0	2
5824	0	2
5826	10	2
5827	0	2
5828	0	2
5829	0	2
5830	0	2
5831	0	2
5832	3	2
5834	0	2
5835	0	2
5836	0	2
5837	0	2
5838	2	2
5839	0	2
5840	0	2
5842	0	2
5843	0	2
5844	0	2
5845	0	2
5846	0	2
5847	0	2
5848	0	2
5849	0	2
5850	0	2
5851	6	2
5852	0	2
5853	1	2
5854	0	2
5855	0	2
5857	7	2
5858	4	2
5859	0	2
5860	0	2
5861	5	2
5862	0	2
5863	0	2
5865	0	2
5866	0	2
5867	5	2
5868	0	2
5869	1	2
5870	0	2
5871	0	2
5872	8	2
5873	0	2
5874	0	2
5875	1	2
5876	0	2
5877	0	2
5878	0	2
5879	0	2
5880	6	2
5881	0	2
5882	0	2
5883	0	2
5884	0	2
5885	5	2
5887	0	2
5888	0	2
5889	0	2
5890	0	2
5891	0	2
5892	0	2
5893	0	2
5894	0	2
5895	0	2
5896	0	2
5897	1	2
5898	0	2
5899	0	2
5900	0	2
5901	4	2
5902	0	2
5903	1	2
5904	1	2
5905	0	2
5906	0	2
5907	0	2
5908	0	2
5909	0	2
5910	0	2
5911	0	2
5912	0	2
5914	2	2
5915	0	2
5917	2	2
5918	0	2
5919	1	2
5920	3	2
5921	0	2
5922	0	2
5923	0	2
5924	0	2
5925	0	2
5926	3	2
5927	0	2
5928	2	2
5929	0	2
5931	0	2
5932	0	2
5933	0	2
5934	0	2
5935	0	2
5936	0	2
5939	8	2
5940	0	2
5941	8	2
5942	10	2
5943	13	2
5944	0	2
5945	2	2
5946	0	2
5947	0	2
5948	0	2
5949	0	2
5951	0	2
5952	1	2
5953	0	2
5954	1	2
5955	0	2
5956	0	2
5958	0	2
5959	0	2
5960	0	2
5961	0	2
5962	0	2
5963	1	2
5964	5	2
5965	0	2
5966	0	2
5968	0	2
5969	0	2
5971	11	2
5972	11	2
5973	6	2
5974	2	2
5975	0	2
5976	0	2
5977	0	2
5978	0	2
5979	0	2
5980	11	2
5981	0	2
5982	0	2
5983	0	2
5984	0	2
5985	0	2
5987	0	2
5988	0	2
5990	0	2
5991	0	2
5993	12	2
5994	0	2
5995	0	2
5997	1	2
5998	0	2
5999	0	2
6000	0	2
6001	1	2
6002	0	2
6003	0	2
6004	1	2
6006	4	2
6007	0	2
6008	0	2
6009	0	2
6010	0	2
6012	3	2
6013	2	2
6015	0	2
6017	0	2
6018	0	2
6019	7	2
6020	0	2
6021	0	2
6023	2	2
6024	0	2
6025	0	2
6027	0	2
6028	4	2
6030	0	2
6031	0	2
6032	0	2
6034	0	2
6035	9	2
6036	3	2
6037	9	2
6038	0	2
6039	0	2
6040	0	2
6041	10	2
6043	0	2
6044	0	2
6047	0	2
6048	0	2
6049	0	2
6050	0	2
6052	0	2
6053	0	2
6054	0	2
6055	0	2
6056	0	2
6057	0	2
6058	0	2
6059	0	2
6060	0	2
6061	0	2
6062	1	2
6063	0	2
6064	0	2
6065	0	2
6067	0	2
6068	7	2
6069	0	2
6070	0	2
6071	0	2
6072	12	2
6073	0	2
6074	0	2
6075	0	2
6076	0	2
6077	1	2
6078	0	2
6080	0	2
6081	0	2
6082	0	2
6083	0	2
6085	0	2
6088	0	2
6089	0	2
6090	0	2
6091	0	2
6092	0	2
6093	0	2
6094	0	2
6097	0	2
6098	4	2
6099	0	2
6100	0	2
6101	0	2
6103	0	2
6104	0	2
6105	0	2
6106	0	2
6107	0	2
6108	0	2
6109	0	2
6110	12	2
6111	0	2
6112	0	2
6113	0	2
6114	0	2
6115	0	2
6116	0	2
6117	2	2
6118	9	2
6119	12	2
6120	0	2
6123	0	2
6124	0	2
6125	1	2
6128	0	2
6129	5	2
6130	0	2
6131	0	2
6132	0	2
6133	0	2
6134	0	2
6135	1	2
6136	5	2
6137	0	2
6138	0	2
6139	0	2
6140	0	2
6141	0	2
6142	0	2
6143	25	2
6144	0	2
6145	5	2
6146	0	2
6147	16	2
6148	0	2
6150	0	2
6151	0	2
6152	0	2
6153	1	2
6155	0	2
6157	0	2
6158	0	2
6159	0	2
6160	7	2
6161	4	2
6162	0	2
6163	0	2
6165	0	2
6166	0	2
6167	0	2
6168	0	2
6169	0	2
6170	0	2
6171	0	2
6173	0	2
6174	0	2
6175	0	2
6176	0	2
6177	2	2
6179	0	2
6180	0	2
6181	0	2
6182	2	2
6184	0	2
6185	0	2
6186	0	2
6187	0	2
6188	0	2
6190	0	2
6191	1	2
6192	0	2
6193	0	2
6194	0	2
6196	1	2
6197	0	2
6198	1	2
6199	10	2
6200	0	2
6201	0	2
6202	0	2
6203	6	2
6204	0	2
6206	0	2
6207	0	2
6208	1	2
6210	0	2
6211	1	2
6213	0	2
6214	0	2
6215	10	2
6217	0	2
6218	0	2
6219	0	2
6220	6	2
6221	3	2
6222	0	2
6223	0	2
6224	10	2
6225	0	2
6226	6	2
6227	0	2
6228	0	2
6229	0	2
6230	0	2
6231	0	2
6232	0	2
6233	0	2
6234	0	2
6235	6	2
6236	0	2
6237	0	2
6238	0	2
6239	0	2
6240	0	2
6241	6	2
6242	0	2
6243	0	2
6244	0	2
6245	3	2
6246	0	2
6247	7	2
6248	0	2
6249	1	2
6250	0	2
6251	11	2
6252	0	2
6254	0	2
6255	0	2
6256	0	2
6257	0	2
6258	0	2
6259	1	2
6260	0	2
6261	0	2
6263	6	2
6264	0	2
6265	0	2
6267	0	2
6268	0	2
6269	0	2
6271	1	2
6273	0	2
6274	0	2
6275	2	2
6276	0	2
6277	0	2
6278	7	2
6279	0	2
6280	0	2
6281	0	2
6282	0	2
6283	0	2
6284	0	2
6285	0	2
6286	11	2
6287	0	2
6288	0	2
6289	0	2
6291	0	2
6292	0	2
6293	4	2
6294	0	2
6295	0	2
6296	0	2
6297	0	2
6298	0	2
6300	7	2
6301	0	2
6302	0	2
6303	0	2
6304	4	2
6305	0	2
6306	0	2
6307	0	2
6308	0	2
6309	0	2
6310	4	2
6311	0	2
6312	0	2
6313	1	2
6314	0	2
6315	0	2
6316	0	2
6318	0	2
6319	0	2
6320	0	2
6321	2	2
6322	0	2
6323	0	2
6324	0	2
6325	0	2
6327	0	2
6328	9	2
6329	1	2
6330	14	2
6331	3	2
6333	0	2
6334	0	2
6335	0	2
6336	0	2
6337	0	2
6338	0	2
6339	1	2
6340	0	2
6341	2	2
6343	0	2
6344	0	2
6345	0	2
6346	0	2
6347	0	2
6348	0	2
6350	1	2
6351	3	2
6354	0	2
6355	0	2
6357	0	2
6359	5	2
6360	1	2
6361	0	2
6363	0	2
6364	0	2
6365	0	2
6366	0	2
6367	0	2
6368	0	2
6369	8	2
6371	0	2
6372	9	2
6373	0	2
6374	0	2
6375	0	2
6376	0	2
6377	0	2
6378	0	2
6379	0	2
6380	0	2
6383	0	2
6384	0	2
6385	0	2
6386	0	2
6387	0	2
6390	0	2
6391	0	2
6392	0	2
6394	0	2
6395	3	2
6396	0	2
6397	5	2
6398	4	2
6399	1	2
6400	0	2
6401	0	2
6402	0	2
6403	0	2
6404	2	2
6405	0	2
6406	0	2
6407	0	2
6408	0	2
6410	0	2
6411	9	2
6412	2	2
6413	10	2
6414	0	2
6415	0	2
6416	0	2
6417	0	2
6418	0	2
6419	0	2
6420	0	2
6422	0	2
6424	0	2
6425	0	2
6426	15	2
6427	0	2
6428	0	2
6429	0	2
6430	1	2
6431	0	2
6432	0	2
6433	0	2
6435	5	2
6437	1	2
6438	0	2
6439	0	2
6440	0	2
6441	0	2
6442	0	2
6443	0	2
6444	0	2
6445	3	2
6447	0	2
6448	0	2
6449	0	2
6450	0	2
6451	0	2
6452	0	2
6453	1	2
6455	4	2
6456	2	2
6457	0	2
6458	8	2
6459	0	2
6460	17	2
6461	0	2
6462	0	2
6464	0	2
6465	2	2
6466	0	2
6467	0	2
6470	0	2
6471	0	2
6472	0	2
6473	0	2
6474	0	2
6476	1	2
6477	0	2
6481	0	2
6482	0	2
6484	0	2
6485	0	2
6486	0	2
6487	0	2
6489	1	2
6490	0	2
6491	0	2
6492	2	2
6493	0	2
6494	2	2
6495	0	2
6496	3	2
6497	0	2
6499	9	2
6500	0	2
6501	0	2
6502	0	2
6503	13	2
6505	0	2
6506	0	2
6507	2	2
6508	0	2
6509	0	2
6510	1	2
6511	0	2
6512	2	2
6513	0	2
6515	0	2
6516	0	2
6517	0	2
6518	0	2
6520	0	2
6521	0	2
6522	0	2
6523	5	2
6524	0	2
6525	0	2
6526	0	2
6527	0	2
6528	0	2
6529	0	2
6530	2	2
6532	5	2
6533	5	2
6535	0	2
6536	0	2
6537	0	2
6538	13	2
6539	0	2
6540	1	2
6541	0	2
6542	0	2
6543	0	2
6544	0	2
6545	9	2
6546	0	2
6547	20	2
6549	0	2
6550	1	2
6551	6	2
6552	0	2
6553	2	2
6555	5	2
6556	4	2
6557	4	2
6558	0	2
6559	5	2
6560	0	2
6561	0	2
6562	0	2
6563	0	2
6564	2	2
6566	0	2
6568	0	2
6569	6	2
6570	1	2
6571	0	2
6572	0	2
6573	7	2
6575	0	2
6578	0	2
6580	0	2
6582	1	2
6584	5	2
6585	2	2
6586	0	2
6587	0	2
6588	0	2
6590	1	2
6591	0	2
6592	0	2
6593	0	2
6594	6	2
6595	0	2
6596	0	2
6598	2	2
6599	0	2
6601	0	2
6602	2	2
6603	6	2
6605	0	2
6606	8	2
6607	0	2
6609	2	2
6610	0	2
6611	0	2
6613	0	2
6614	0	2
6615	0	2
6617	1	2
6619	0	2
6620	0	2
6621	0	2
6622	0	2
6623	0	2
6624	0	2
6625	2	2
6626	2	2
6627	0	2
6628	0	2
6629	5	2
6630	0	2
6631	0	2
6632	1	2
6633	2	2
6634	0	2
6635	0	2
6636	8	2
6637	0	2
6638	0	2
6639	2	2
6640	0	2
6641	0	2
6642	0	2
6643	0	2
6644	0	2
6646	0	2
6647	0	2
6648	0	2
6649	0	2
6651	6	2
6652	0	2
6653	0	2
6654	0	2
6655	4	2
6657	0	2
6659	0	2
6661	0	2
6662	0	2
6663	0	2
6665	0	2
6666	0	2
6667	3	2
6668	0	2
6669	0	2
6670	0	2
6671	1	2
6672	0	2
6673	2	2
6674	0	2
6675	0	2
6676	0	2
6677	0	2
6678	0	2
6679	0	2
6680	0	2
6681	0	2
6682	0	2
6683	0	2
6684	0	2
6685	0	2
6686	0	2
6687	0	2
6688	0	2
6689	0	2
6690	0	2
6691	2	2
6693	0	2
6694	0	2
6695	0	2
6697	0	2
6698	0	2
6699	0	2
6700	1	2
6701	4	2
6702	2	2
6703	0	2
6704	0	2
6705	0	2
6706	0	2
6707	0	2
6708	1	2
6709	0	2
6711	0	2
6712	3	2
6713	0	2
6714	0	2
6715	0	2
6716	0	2
6717	7	2
6718	0	2
6719	4	2
6720	0	2
6721	0	2
6722	0	2
6723	2	2
6724	0	2
6725	0	2
6726	0	2
6727	0	2
6728	0	2
6729	0	2
6730	4	2
6732	4	2
6733	1	2
6734	3	2
6735	8	2
6736	0	2
6737	0	2
6738	0	2
6739	0	2
6740	0	2
6741	0	2
6743	0	2
6744	0	2
6745	0	2
6746	0	2
6747	2	2
6750	0	2
6751	0	2
6752	0	2
6753	0	2
6755	0	2
6757	0	2
6760	0	2
6761	0	2
6762	0	2
6763	0	2
6764	0	2
6765	0	2
6766	0	2
6767	0	2
6768	1	2
6769	1	2
6770	1	2
6771	6	2
6772	0	2
6773	0	2
6774	2	2
6776	0	2
6777	0	2
6778	0	2
6779	0	2
6780	0	2
6781	4	2
6782	0	2
6783	0	2
6784	7	2
6785	8	2
6786	0	2
6787	0	2
6788	0	2
6789	0	2
6790	0	2
6791	0	2
6792	0	2
6793	0	2
6794	7	2
6796	0	2
6798	0	2
6799	0	2
6800	4	2
6801	6	2
6802	3	2
6804	6	2
6805	3	2
6807	1	2
6808	0	2
6809	0	2
6810	0	2
6811	0	2
6812	0	2
6813	2	2
6814	0	2
6815	15	2
6816	0	2
6818	15	2
6819	0	2
6820	0	2
6821	0	2
6822	0	2
6824	8	2
6825	0	2
6827	0	2
6828	0	2
6829	0	2
6830	7	2
6832	2	2
6833	1	2
6835	4	2
6836	0	2
6838	0	2
6839	0	2
6841	0	2
6842	0	2
6843	2	2
6844	0	2
6845	0	2
6846	0	2
6847	7	2
6848	0	2
6849	0	2
6850	3	2
6851	0	2
6852	0	2
6854	0	2
6855	1	2
6856	0	2
6858	0	2
6859	9	2
6860	0	2
6861	0	2
6862	0	2
6863	0	2
6865	0	2
6866	7	2
6867	0	2
6869	0	2
6870	0	2
6871	0	2
6872	0	2
6873	0	2
6874	0	2
6875	7	2
6877	0	2
6878	0	2
6879	0	2
6880	0	2
6881	0	2
6882	1	2
6884	0	2
6885	1	2
6886	1	2
6887	2	2
6888	0	2
6889	1	2
6890	0	2
6891	2	2
6892	0	2
6893	0	2
6894	0	2
6895	0	2
6896	0	2
6897	0	2
6898	0	2
6899	1	2
6900	4	2
6901	0	2
6902	0	2
6903	3	2
6904	0	2
6905	0	2
6908	0	2
6909	0	2
6910	4	2
6911	0	2
6912	0	2
6913	0	2
6914	0	2
6915	0	2
6916	0	2
6917	0	2
6918	6	2
6920	8	2
6921	0	2
6922	0	2
6923	0	2
6924	0	2
6925	1	2
6926	0	2
6927	2	2
6928	0	2
6929	0	2
6930	0	2
6931	0	2
6932	7	2
6933	0	2
6935	8	2
6936	0	2
6937	0	2
6938	0	2
6939	0	2
6940	1	2
6941	0	2
6942	0	2
6944	0	2
6945	0	2
6947	0	2
6949	0	2
6950	0	2
6951	1	2
6952	0	2
6953	0	2
6954	0	2
6955	0	2
6956	0	2
6958	0	2
6959	0	2
6960	0	2
6961	0	2
6962	0	2
6963	0	2
6964	0	2
6965	0	2
6966	0	2
6967	3	2
6968	0	2
6969	0	2
6970	9	2
6972	1	2
6973	0	2
6974	0	2
6975	2	2
6976	0	2
6977	8	2
6978	0	2
6979	0	2
6980	4	2
6981	10	2
6982	0	2
6983	0	2
6984	0	2
6985	8	2
6986	0	2
6987	1	2
6989	0	2
6990	0	2
6991	0	2
6992	5	2
6993	0	2
6994	0	2
6996	0	2
6998	0	2
6999	0	2
7001	9	2
7002	0	2
7003	0	2
7004	4	2
7006	11	2
7007	0	2
7008	0	2
7009	1	2
7010	0	2
7011	0	2
7013	0	2
7014	0	2
7015	0	2
7017	0	2
7018	5	2
7019	0	2
7020	0	2
7021	0	2
7022	0	2
7023	0	2
7024	0	2
7025	0	2
7026	0	2
7027	1	2
7028	0	2
7029	0	2
7030	0	2
7031	0	2
7032	0	2
7033	0	2
7034	0	2
7035	8	2
7036	3	2
7037	0	2
7039	0	2
7040	0	2
7041	2	2
7042	1	2
7043	10	2
7044	3	2
7045	0	2
7046	0	2
7047	0	2
7049	0	2
7051	0	2
7052	0	2
7053	0	2
7054	2	2
7055	0	2
7056	4	2
7057	0	2
7058	0	2
7059	0	2
7060	0	2
7061	0	2
7062	0	2
7064	0	2
7065	0	2
7067	0	2
7068	0	2
7069	0	2
7070	0	2
7071	0	2
7072	0	2
7073	0	2
7074	0	2
7075	0	2
7076	4	2
7077	0	2
7078	3	2
7080	5	2
7081	3	2
7082	0	2
7083	0	2
7084	0	2
7085	0	2
7086	2	2
7087	6	2
7088	0	2
7089	0	2
7090	20	2
7091	0	2
7092	16	2
7093	0	2
7094	0	2
7095	0	2
7096	0	2
7097	3	2
7098	0	2
7099	1	2
7100	2	2
7101	0	2
7102	0	2
7103	0	2
7104	0	2
7105	0	2
7106	0	2
7107	0	2
7108	6	2
7109	0	2
7111	0	2
7112	0	2
7113	0	2
7114	2	2
7115	0	2
7116	0	2
7117	0	2
7118	0	2
7119	0	2
7120	0	2
7124	0	2
7125	0	2
7126	0	2
7127	0	2
7128	0	2
7129	0	2
7130	0	2
7132	0	2
7134	5	2
7135	0	2
7136	0	2
7137	1	2
7139	0	2
7140	0	2
7141	0	2
7143	0	2
7144	1	2
7145	0	2
7146	0	2
7147	1	2
7148	0	2
7149	9	2
7150	0	2
7151	0	2
7152	0	2
7154	0	2
7155	0	2
7156	0	2
7157	0	2
7158	0	2
7159	0	2
7160	0	2
7161	0	2
7162	0	2
7163	0	2
7165	0	2
7166	0	2
7167	0	2
7168	0	2
7169	0	2
7170	0	2
7171	6	2
7172	2	2
7173	5	2
7174	4	2
7175	0	2
7177	0	2
7178	0	2
7179	0	2
7180	0	2
7181	0	2
7182	0	2
7183	16	2
7184	1	2
7185	0	2
7187	0	2
7188	0	2
7190	0	2
7191	2	2
7192	0	2
7193	0	2
7194	13	2
7195	11	2
7196	0	2
7197	0	2
7198	0	2
7199	6	2
7200	0	2
7201	0	2
7202	6	2
7203	8	2
7204	0	2
7206	0	2
7207	2	2
7209	2	2
7210	4	2
7211	5	2
7212	0	2
7213	0	2
7214	0	2
7215	0	2
7216	0	2
7217	5	2
7219	0	2
7220	2	2
7221	0	2
7222	0	2
7223	0	2
7225	3	2
7226	0	2
7227	0	2
7228	5	2
7229	0	2
7230	0	2
7231	0	2
7232	0	2
7234	0	2
7235	2	2
7236	1	2
7237	0	2
7238	0	2
7239	0	2
7240	0	2
7241	5	2
7242	0	2
7243	0	2
7244	0	2
7245	0	2
7246	0	2
7247	0	2
7248	0	2
7249	0	2
7250	0	2
7253	5	2
7254	0	2
7255	0	2
7256	0	2
7257	0	2
7258	0	2
7259	0	2
7261	0	2
7262	0	2
7263	5	2
7264	5	2
7265	3	2
7266	0	2
7267	0	2
7268	0	2
7269	0	2
7270	0	2
7271	5	2
7272	0	2
7273	0	2
7274	0	2
7275	10	2
7276	0	2
7277	0	2
7278	0	2
7279	0	2
7280	0	2
7281	0	2
7284	0	2
7285	0	2
7287	2	2
7288	0	2
7289	0	2
7290	0	2
7291	4	2
7292	6	2
7293	0	2
7294	0	2
7295	4	2
7296	0	2
7297	0	2
7300	5	2
7301	0	2
7302	0	2
7306	9	2
7307	0	2
7308	0	2
7309	0	2
7310	9	2
7311	0	2
7313	2	2
7314	0	2
7315	3	2
7320	0	2
7321	0	2
7322	2	2
7323	0	2
7324	0	2
7325	1	2
7326	0	2
7327	6	2
7328	0	2
7330	0	2
7331	0	2
7332	0	2
7333	0	2
7334	0	2
7335	4	2
7336	0	2
7338	14	2
7339	0	2
7340	0	2
7341	1	2
7342	4	2
7344	0	2
7345	0	2
7347	0	2
7349	0	2
7350	0	2
7351	0	2
7353	11	2
7354	0	2
7355	1	2
7356	10	2
7357	0	2
7358	8	2
7362	0	2
7363	0	2
7364	0	2
7365	0	2
7366	0	2
7367	0	2
7368	0	2
7369	0	2
7370	0	2
7371	2	2
7372	0	2
7373	0	2
7375	0	2
7377	0	2
7378	0	2
7379	3	2
7381	0	2
7382	0	2
7383	7	2
7384	0	2
7385	0	2
7386	0	2
7387	1	2
7389	1	2
7390	0	2
7392	1	2
7393	0	2
7394	9	2
7395	0	2
7396	0	2
7397	0	2
7398	0	2
7399	0	2
7401	0	2
7402	0	2
7403	0	2
7404	0	2
7405	4	2
7407	0	2
7408	4	2
7409	0	2
7410	0	2
7411	0	2
7412	0	2
7413	0	2
7414	0	2
7415	0	2
7416	0	2
7417	0	2
7418	0	2
7419	0	2
7421	0	2
7422	0	2
7423	4	2
7424	0	2
7426	0	2
7427	0	2
7428	0	2
7429	0	2
7430	5	2
7432	0	2
7433	0	2
7434	0	2
7436	0	2
7437	2	2
7439	0	2
7440	10	2
7441	1	2
7442	2	2
7443	5	2
7444	0	2
7446	0	2
7447	0	2
7448	1	2
7449	0	2
7450	0	2
7451	0	2
7452	0	2
7453	0	2
7454	0	2
7455	0	2
7456	0	2
7457	0	2
7458	0	2
7459	2	2
7461	0	2
7463	0	2
7464	16	2
7465	5	2
7466	0	2
7469	0	2
7470	3	2
7471	0	2
7472	2	2
7474	0	2
7475	0	2
7476	0	2
7477	0	2
7478	0	2
7480	1	2
7481	0	2
7482	0	2
7483	0	2
7484	0	2
7486	0	2
7487	0	2
7488	0	2
7489	0	2
7490	0	2
7491	0	2
7492	0	2
7493	4	2
7494	2	2
7495	0	2
7496	0	2
7497	0	2
7498	0	2
7499	0	2
7500	0	2
7501	0	2
7502	0	2
7503	0	2
7504	0	2
7505	0	2
7506	0	2
7507	0	2
7509	3	2
7510	0	2
7511	0	2
7512	0	2
7513	0	2
7514	0	2
7516	4	2
7517	0	2
7518	0	2
7519	3	2
7520	5	2
7521	0	2
7522	0	2
7523	3	2
7524	1	2
7525	3	2
7526	0	2
7528	0	2
7529	0	2
7530	0	2
7531	7	2
7532	0	2
7533	0	2
7534	0	2
7535	0	2
7536	6	2
7537	0	2
7538	0	2
7539	0	2
7540	0	2
7542	0	2
7543	6	2
7546	0	2
7547	0	2
7548	0	2
7550	0	2
7551	0	2
7552	1	2
7553	0	2
7554	0	2
7555	5	2
7556	0	2
7557	0	2
7558	0	2
7559	0	2
7560	0	2
7561	0	2
7562	0	2
7563	0	2
7564	0	2
7565	0	2
7566	0	2
7567	0	2
7568	3	2
7569	0	2
7570	0	2
7571	0	2
7573	13	2
7574	0	2
7575	0	2
7576	11	2
7577	8	2
7579	2	2
7580	7	2
7581	0	2
7582	0	2
7583	0	2
7585	0	2
7586	7	2
7587	0	2
7588	0	2
7589	2	2
7591	1	2
7592	0	2
7594	0	2
7595	0	2
7596	0	2
7597	0	2
7598	3	2
7599	0	2
7600	2	2
7601	0	2
7602	6	2
7603	0	2
7604	0	2
7605	4	2
7606	0	2
7607	6	2
7608	5	2
7609	0	2
7610	2	2
7611	0	2
7612	0	2
7613	2	2
7614	1	2
7615	0	2
7616	0	2
7617	0	2
7618	0	2
7620	1	2
7621	0	2
7622	0	2
7623	0	2
7624	0	2
7625	0	2
7626	0	2
7629	0	2
7630	17	2
7631	0	2
7632	0	2
7633	0	2
7634	0	2
7635	0	2
7636	0	2
7637	0	2
7638	0	2
7640	0	2
7641	0	2
7642	0	2
7643	7	2
7644	1	2
7645	0	2
7646	3	2
7647	0	2
7648	2	2
7649	2	2
7650	2	2
7652	1	2
7653	0	2
7654	0	2
7656	0	2
7657	0	2
7658	12	2
7659	0	2
7660	0	2
7661	9	2
7662	0	2
7663	0	2
7664	0	2
7665	0	2
7667	7	2
7669	3	2
7671	0	2
7672	0	2
7674	0	2
7675	0	2
7676	0	2
7677	0	2
7678	0	2
7679	0	2
7680	2	2
7681	6	2
7682	18	2
7684	0	2
7685	0	2
7686	15	2
7687	8	2
7688	0	2
7689	0	2
7690	1	2
7691	0	2
7692	0	2
7693	0	2
7695	5	2
7696	0	2
7697	0	2
7698	3	2
7699	0	2
7700	0	2
7701	6	2
7702	0	2
7703	5	2
7704	0	2
7705	2	2
7706	0	2
7707	0	2
7708	0	2
7710	0	2
7711	0	2
7712	1	2
7713	0	2
7714	2	2
7715	0	2
7716	0	2
7718	2	2
7720	2	2
7721	0	2
7722	0	2
7723	2	2
7724	0	2
7726	0	2
7728	4	2
7729	0	2
7730	0	2
7731	0	2
7733	5	2
7735	6	2
7736	0	2
7737	0	2
7738	3	2
7739	1	2
7740	0	2
7741	7	2
7742	6	2
7743	8	2
7744	0	2
7745	0	2
7746	0	2
7747	0	2
7749	0	2
7751	0	2
7752	4	2
7753	0	2
7754	1	2
7755	0	2
7756	0	2
7757	3	2
7758	2	2
7759	0	2
7762	0	2
7763	1	2
7764	2	2
7765	1	2
7766	1	2
7767	5	2
7768	6	2
7770	12	2
7771	4	2
7774	0	2
7775	0	2
7776	1	2
7777	0	2
7778	2	2
7779	0	2
7780	0	2
7781	13	2
7782	0	2
7783	0	2
7784	5	2
7785	0	2
7786	0	2
7787	2	2
7788	0	2
7790	1	2
7791	5	2
7792	0	2
7793	0	2
7794	14	2
7795	0	2
7796	0	2
7797	0	2
7800	0	2
7801	0	2
7802	0	2
7803	0	2
7804	0	2
7806	0	2
7807	0	2
7808	0	2
7809	2	2
7811	0	2
7813	0	2
7814	5	2
7815	0	2
7816	0	2
7817	0	2
7818	0	2
7819	0	2
7820	0	2
7821	0	2
7822	0	2
7823	0	2
7824	0	2
7825	0	2
7827	0	2
7829	0	2
7831	0	2
7832	1	2
7834	0	2
7835	0	2
7836	0	2
7838	0	2
7839	0	2
7840	2	2
7841	0	2
7842	0	2
7843	6	2
7844	0	2
7845	0	2
7846	0	2
7847	1	2
7848	0	2
7849	0	2
7851	0	2
7852	0	2
7853	2	2
7854	0	2
7855	0	2
7856	0	2
7857	0	2
7858	0	2
7859	0	2
7861	3	2
7862	1	2
7864	0	2
7865	0	2
7866	0	2
7867	0	2
7868	0	2
7869	3	2
7871	5	2
7872	0	2
7873	0	2
7874	0	2
7875	0	2
7876	0	2
7877	0	2
7878	0	2
7879	0	2
7880	0	2
7881	2	2
7882	0	2
7883	0	2
7885	0	2
7886	0	2
7887	9	2
7888	0	2
7889	0	2
7890	0	2
7891	0	2
7892	0	2
7893	2	2
7894	0	2
7895	0	2
7898	0	2
7899	0	2
7901	0	2
7902	1	2
7903	0	2
7904	2	2
7906	0	2
7907	0	2
7908	6	2
7909	8	2
7910	0	2
7911	0	2
7912	2	2
7913	4	2
7914	0	2
7917	0	2
7918	0	2
7919	0	2
7920	0	2
7921	1	2
7922	0	2
7923	0	2
7924	0	2
7925	0	2
7926	7	2
7927	7	2
7928	4	2
7929	0	2
7930	0	2
7931	1	2
7932	0	2
7933	0	2
7934	2	2
7936	0	2
7937	3	2
7938	0	2
7939	0	2
7940	0	2
7941	0	2
7942	0	2
7943	1	2
7944	0	2
7945	0	2
7946	1	2
7947	0	2
7948	0	2
7949	0	2
7950	0	2
7951	0	2
7952	0	2
7953	0	2
7954	0	2
7955	0	2
7957	0	2
7959	0	2
7961	0	2
7962	0	2
7963	0	2
7964	0	2
7965	0	2
7966	0	2
7967	0	2
7968	5	2
7969	1	2
7970	0	2
7971	0	2
7972	0	2
7974	0	2
7975	0	2
7976	0	2
7977	3	2
7978	0	2
7979	0	2
7980	0	2
7982	3	2
7983	0	2
7984	0	2
7985	0	2
7986	1	2
7987	0	2
7988	0	2
7989	0	2
7990	0	2
7992	0	2
7993	0	2
7994	0	2
7995	0	2
7996	0	2
7997	1	2
7998	6	2
7999	0	2
8000	5	2
8001	0	2
8002	2	2
8003	0	2
8004	0	2
8005	1	2
8006	3	2
8008	0	2
8009	0	2
8010	0	2
8011	0	2
8012	0	2
8013	5	2
8014	0	2
8016	0	2
8017	0	2
8018	0	2
8019	0	2
8020	0	2
8021	0	2
8022	0	2
8024	0	2
8025	0	2
8026	0	2
8027	0	2
8028	2	2
8029	18	2
8031	0	2
8033	0	2
8034	0	2
8035	0	2
8036	0	2
8037	0	2
8039	0	2
8040	0	2
8041	0	2
8043	0	2
8044	1	2
8045	0	2
8046	0	2
8047	0	2
8048	8	2
8049	4	2
8050	0	2
8051	0	2
8052	22	2
8054	0	2
8055	10	2
8057	0	2
8058	2	2
8059	0	2
8060	0	2
8061	0	2
8062	0	2
8063	0	2
8064	0	2
8065	0	2
8066	16	2
8067	0	2
8068	0	2
8069	0	2
8070	0	2
8071	3	2
8072	0	2
8073	7	2
8075	0	2
8076	0	2
8077	2	2
8080	3	2
8081	0	2
8082	0	2
8083	3	2
8084	8	2
8085	2	2
8087	0	2
8089	3	2
8090	0	2
8091	0	2
8092	0	2
8094	0	2
8097	0	2
8098	2	2
8099	0	2
8100	0	2
8101	0	2
8102	0	2
8104	0	2
8105	0	2
8106	1	2
8107	1	2
8108	0	2
8109	0	2
8110	0	2
8112	0	2
8113	0	2
8114	6	2
8115	0	2
8117	0	2
8118	0	2
8120	0	2
8122	0	2
8123	0	2
8124	2	2
8126	15	2
8127	8	2
8128	0	2
8129	6	2
8130	0	2
8131	0	2
8132	0	2
8133	0	2
8134	0	2
8135	2	2
8136	0	2
8137	0	2
8138	0	2
8139	1	2
8140	0	2
8141	3	2
8142	0	2
8143	0	2
8144	2	2
8145	0	2
8146	0	2
8147	0	2
8148	0	2
8149	0	2
8150	0	2
8151	13	2
8152	8	2
8153	0	2
8154	2	2
8155	0	2
8156	2	2
8157	7	2
8158	7	2
8159	1	2
8160	0	2
8161	0	2
8162	0	2
8163	4	2
8165	8	2
8166	0	2
8167	0	2
8168	4	2
8169	9	2
8170	0	2
8171	0	2
8172	0	2
8174	0	2
8175	0	2
8176	2	2
8177	0	2
8178	0	2
8179	0	2
8180	0	2
8181	0	2
8182	0	2
8183	2	2
8184	1	2
8185	0	2
8186	0	2
8187	3	2
8188	0	2
8189	0	2
8190	8	2
8192	4	2
8193	0	2
8195	1	2
8198	0	2
8199	0	2
8200	0	2
8201	11	2
8202	0	2
8203	0	2
8204	5	2
8205	0	2
8206	4	2
8208	0	2
8209	0	2
8210	0	2
8211	0	2
8212	0	2
8213	0	2
8214	0	2
8215	2	2
8216	0	2
8217	0	2
8218	0	2
8219	0	2
8220	0	2
8221	9	2
8223	0	2
8224	0	2
8225	0	2
8227	2	2
8228	0	2
8229	0	2
8230	1	2
8231	0	2
8232	0	2
8233	14	2
8234	0	2
8236	0	2
8237	0	2
8238	0	2
8239	0	2
8240	1	2
8241	0	2
8242	9	2
8243	0	2
8245	0	2
8246	3	2
8247	0	2
8248	1	2
8249	0	2
8250	3	2
8251	0	2
8252	0	2
8253	0	2
8255	0	2
8256	0	2
8257	0	2
8259	0	2
8260	0	2
8261	0	2
8263	0	2
8264	0	2
8265	0	2
8266	7	2
8267	0	2
8268	0	2
8269	0	2
8270	0	2
8271	0	2
8272	0	2
8273	0	2
8275	0	2
8276	0	2
8277	0	2
8279	8	2
8281	0	2
8283	0	2
8285	2	2
8286	0	2
8288	0	2
8289	0	2
8290	0	2
8291	0	2
8292	6	2
8293	0	2
8294	0	2
8295	10	2
8297	0	2
8298	0	2
8299	0	2
8300	4	2
8301	0	2
8303	0	2
8304	0	2
8306	0	2
8307	5	2
8308	3	2
8309	0	2
8310	0	2
8311	0	2
8312	0	2
8313	0	2
8314	0	2
8315	0	2
8316	0	2
8317	0	2
8318	9	2
8319	0	2
8320	18	2
8321	0	2
8322	0	2
8323	0	2
8324	0	2
8325	0	2
8326	0	2
8327	0	2
8328	0	2
8329	0	2
8330	0	2
8331	0	2
8332	0	2
8333	1	2
8334	15	2
8335	0	2
8337	0	2
8339	1	2
8340	1	2
8341	0	2
8342	0	2
8343	0	2
8344	0	2
8345	1	2
8346	1	2
8347	0	2
8348	0	2
8349	0	2
8350	0	2
8353	0	2
8354	0	2
8355	0	2
8356	0	2
8357	0	2
8359	4	2
8362	5	2
8363	0	2
8364	0	2
8365	0	2
8366	3	2
8367	0	2
8368	3	2
8369	0	2
8370	0	2
8371	0	2
8372	0	2
8373	0	2
8374	2	2
8375	3	2
8378	0	2
8379	0	2
8380	0	2
8381	3	2
8382	0	2
8383	0	2
8384	0	2
8385	0	2
8386	0	2
8387	0	2
8388	0	2
8389	0	2
8391	0	2
8392	3	2
8393	0	2
8396	0	2
8398	6	2
8399	0	2
8401	0	2
8402	0	2
8403	0	2
8404	0	2
8405	3	2
8406	0	2
8407	0	2
8408	0	2
8409	0	2
8410	0	2
8412	0	2
8413	0	2
8414	0	2
8416	0	2
8417	0	2
8418	0	2
8419	0	2
8420	2	2
8421	0	2
8422	0	2
8423	0	2
8424	5	2
8425	0	2
8426	0	2
8427	0	2
8428	9	2
8429	0	2
8430	0	2
8431	0	2
8432	0	2
8433	0	2
8434	0	2
8435	15	2
8437	11	2
8438	0	2
8439	0	2
8440	0	2
8441	0	2
8443	0	2
8444	2	2
8446	0	2
8448	0	2
8449	0	2
8450	0	2
8452	3	2
8453	4	2
8454	0	2
8455	3	2
8458	0	2
8459	12	2
8460	0	2
8461	0	2
8462	0	2
8463	18	2
8464	0	2
8465	22	2
8466	0	2
8467	0	2
8468	1	2
8469	2	2
8470	1	2
8471	0	2
8472	0	2
8473	0	2
8474	3	2
8476	0	2
8477	0	2
8478	0	2
8479	6	2
8480	0	2
8481	0	2
8482	0	2
8483	7	2
8485	0	2
8486	0	2
8487	0	2
8488	9	2
8489	0	2
8490	0	2
8491	0	2
8492	0	2
8493	2	2
8494	0	2
8495	0	2
8496	0	2
8497	0	2
8498	0	2
8499	0	2
8500	0	2
8501	0	2
8502	4	2
8503	0	2
8505	0	2
8506	0	2
8507	5	2
8508	0	2
8509	3	2
8510	1	2
8511	8	2
8512	0	2
8513	0	2
8514	0	2
8516	0	2
8517	0	2
8518	0	2
8520	2	2
8521	1	2
8522	0	2
8523	0	2
8524	0	2
8525	1	2
8526	6	2
8527	3	2
8528	0	2
8529	0	2
8530	7	2
8532	0	2
8533	1	2
8534	0	2
8535	2	2
8536	0	2
8537	0	2
8539	0	2
8540	0	2
8541	0	2
8543	0	2
8544	0	2
8545	0	2
8546	0	2
8547	0	2
8548	0	2
8549	0	2
8550	5	2
8551	1	2
8552	0	2
8553	0	2
8554	0	2
8556	1	2
8557	0	2
8558	0	2
8559	8	2
8560	0	2
8561	5	2
8562	0	2
8563	1	2
8564	4	2
8565	0	2
8567	1	2
8568	0	2
8569	7	2
8570	16	2
8571	0	2
8572	0	2
8573	0	2
8574	0	2
8575	1	2
8576	0	2
8577	2	2
8578	0	2
8580	2	2
8581	0	2
8582	0	2
8583	0	2
8584	19	2
8585	0	2
8588	0	2
8589	1	2
8590	5	2
8591	0	2
8592	0	2
8593	0	2
8594	0	2
8596	0	2
8597	0	2
8598	0	2
8599	2	2
8601	0	2
8602	0	2
8603	0	2
8604	0	2
8605	0	2
8606	2	2
8607	0	2
8608	0	2
8609	0	2
8610	7	2
8611	0	2
8612	1	2
8613	0	2
8614	0	2
8615	5	2
8617	4	2
8618	0	2
8619	0	2
8620	0	2
8622	0	2
8623	0	2
8625	0	2
8626	0	2
8627	0	2
8628	0	2
8629	0	2
8630	0	2
8631	7	2
8632	1	2
8633	0	2
8634	0	2
8635	0	2
8636	2	2
8637	0	2
8640	0	2
8642	0	2
8643	0	2
8644	0	2
8645	0	2
8646	0	2
8647	3	2
8648	0	2
8649	0	2
8650	9	2
8651	5	2
8652	4	2
8654	1	2
8655	0	2
8656	0	2
8657	0	2
8658	3	2
8659	0	2
8660	0	2
8661	0	2
8662	0	2
8663	0	2
8664	0	2
8665	3	2
8666	0	2
8667	5	2
8668	5	2
8669	0	2
8670	0	2
8671	0	2
8672	3	2
8673	0	2
8676	1	2
8677	1	2
8678	0	2
8679	0	2
8680	0	2
8681	0	2
8682	0	2
8684	2	2
8685	0	2
8688	0	2
8689	1	2
8690	0	2
8691	0	2
8692	1	2
8693	2	2
8694	0	2
8695	5	2
8696	0	2
8697	0	2
8698	0	2
8699	0	2
8700	0	2
8701	2	2
8702	0	2
8703	0	2
8704	0	2
8705	1	2
8706	0	2
8707	0	2
8708	0	2
8709	4	2
8710	0	2
8711	0	2
8712	0	2
8713	0	2
8715	0	2
8716	0	2
8717	0	2
8718	5	2
8719	2	2
8720	0	2
8721	3	2
8722	1	2
8725	0	2
8726	3	2
8727	5	2
8728	0	2
8729	7	2
8730	0	2
8732	0	2
8733	0	2
8735	0	2
8736	0	2
8738	0	2
8739	0	2
8741	0	2
8742	5	2
8743	0	2
8745	0	2
8746	0	2
8747	2	2
8748	5	2
8750	0	2
8751	0	2
8752	0	2
8753	0	2
8754	0	2
8755	0	2
8756	0	2
8757	2	2
8758	0	2
8759	0	2
8760	0	2
8761	13	2
8762	0	2
8763	0	2
8764	0	2
8765	1	2
8766	1	2
8767	0	2
8768	0	2
8769	0	2
8770	0	2
8771	0	2
8772	0	2
8773	0	2
8774	0	2
8775	3	2
8779	3	2
8780	0	2
8784	0	2
8785	0	2
8786	0	2
8787	3	2
8788	0	2
8789	0	2
8790	0	2
8791	0	2
8792	0	2
8793	0	2
8794	0	2
8795	7	2
8796	0	2
8797	0	2
8798	0	2
8799	0	2
8800	0	2
8801	0	2
8802	0	2
8803	0	2
8804	3	2
8805	0	2
8806	6	2
8808	0	2
8810	0	2
8811	0	2
8812	4	2
8814	0	2
8815	0	2
8816	0	2
8818	0	2
8819	7	2
8820	1	2
8821	0	2
8822	5	2
8823	0	2
8824	0	2
8825	0	2
8826	0	2
8827	0	2
8828	8	2
8829	0	2
8830	0	2
8831	0	2
8832	0	2
8833	0	2
8834	0	2
8837	0	2
8838	0	2
8839	5	2
8840	0	2
8842	10	2
8843	0	2
8844	2	2
8845	0	2
8846	1	2
8847	1	2
8848	5	2
8849	6	2
8850	0	2
8851	0	2
8852	8	2
8853	0	2
8854	0	2
8855	0	2
8856	2	2
8857	5	2
8858	0	2
8859	0	2
8860	0	2
8861	0	2
8863	0	2
8864	0	2
8865	0	2
8866	3	2
8868	0	2
8870	0	2
8872	0	2
8873	0	2
8874	0	2
8875	7	2
8876	0	2
8878	0	2
8879	0	2
8881	3	2
8882	0	2
8884	0	2
8885	3	2
8886	6	2
8887	0	2
8888	0	2
8889	0	2
8890	0	2
8891	0	2
8892	11	2
8893	0	2
8895	0	2
8899	0	2
8900	0	2
8901	6	2
8904	0	2
8905	5	2
8906	0	2
8907	0	2
8908	0	2
8909	0	2
8911	0	2
8912	0	2
8914	0	2
8915	0	2
8916	4	2
8917	0	2
8918	0	2
8919	0	2
8920	0	2
8921	0	2
8922	2	2
8924	0	2
8927	0	2
8929	4	2
8930	0	2
8932	0	2
8933	0	2
8934	0	2
8936	0	2
8937	0	2
8938	2	2
8939	0	2
8940	0	2
8941	6	2
8942	0	2
8943	0	2
8944	2	2
8945	14	2
8946	0	2
8947	0	2
8948	0	2
8949	2	2
8950	0	2
8951	0	2
8952	0	2
8953	2	2
8954	2	2
8955	0	2
8957	0	2
8958	0	2
8959	0	2
8960	0	2
8962	0	2
8963	0	2
8966	0	2
8968	2	2
8969	0	2
8970	0	2
8972	2	2
8973	1	2
8974	17	2
8975	0	2
8976	0	2
8977	0	2
8978	7	2
8979	1	2
8980	0	2
8981	0	2
8982	0	2
8983	0	2
8984	0	2
8985	1	2
8986	3	2
8987	0	2
8988	1	2
8989	0	2
8991	5	2
8992	4	2
8993	0	2
8994	0	2
8995	0	2
8996	0	2
8997	3	2
8998	2	2
8999	1	2
9000	1	2
9001	0	2
9002	0	2
9003	0	2
9004	0	2
9005	0	2
9006	0	2
9007	0	2
9009	0	2
9011	1	2
9012	0	2
9013	6	2
9015	4	2
9016	4	2
9017	0	2
9019	0	2
9020	0	2
9021	0	2
9022	3	2
9023	0	2
9025	0	2
9026	0	2
9027	0	2
9029	0	2
9032	0	2
9033	0	2
9036	0	2
9037	0	2
9041	8	2
9042	0	2
9043	0	2
9044	0	2
9045	14	2
9046	0	2
9047	0	2
9048	0	2
9049	0	2
9051	0	2
9052	1	2
9053	4	2
9054	0	2
9055	0	2
9056	0	2
9057	3	2
9058	0	2
9059	0	2
9060	0	2
9061	0	2
9062	0	2
9063	0	2
9064	0	2
9065	6	2
9066	0	2
9068	0	2
9069	0	2
9070	0	2
9071	0	2
9072	1	2
9073	12	2
9074	0	2
9075	1	2
9078	0	2
9079	0	2
9081	0	2
9082	0	2
9083	0	2
9084	0	2
9085	0	2
9086	0	2
9087	0	2
9088	0	2
9089	0	2
9090	0	2
9091	0	2
9092	0	2
9093	0	2
9094	0	2
9095	0	2
9096	0	2
9097	0	2
9098	0	2
9099	1	2
9100	0	2
9101	0	2
9102	0	2
9103	0	2
9104	0	2
9105	0	2
9106	1	2
9109	12	2
9110	0	2
9111	0	2
9112	0	2
9113	1	2
9114	0	2
9115	0	2
9116	0	2
9117	0	2
9118	0	2
9119	0	2
9120	0	2
9121	9	2
9122	0	2
9123	7	2
9124	0	2
9126	3	2
9127	0	2
9128	0	2
9129	0	2
9130	0	2
9131	0	2
9132	0	2
9133	0	2
9134	0	2
9135	0	2
9136	0	2
9137	0	2
9138	0	2
9139	0	2
9140	0	2
9142	1	2
9143	4	2
9144	2	2
9145	1	2
9146	0	2
9148	1	2
9149	0	2
9150	0	2
9151	0	2
9152	1	2
9154	0	2
9155	0	2
9156	0	2
9157	0	2
9158	0	2
9159	0	2
9160	2	2
9161	0	2
9162	0	2
9163	4	2
9164	0	2
9165	6	2
9166	1	2
9167	0	2
9168	0	2
9169	3	2
9171	0	2
9173	0	2
9174	0	2
9175	0	2
9176	3	2
9177	0	2
9178	2	2
9179	0	2
9180	0	2
9181	0	2
9182	0	2
9183	0	2
9185	4	2
9186	4	2
9187	2	2
9188	4	2
9189	0	2
9190	0	2
9191	0	2
9192	0	2
9193	0	2
9194	0	2
9195	11	2
9196	0	2
9197	0	2
9198	0	2
9199	0	2
9200	5	2
9201	2	2
9203	0	2
9204	0	2
9205	0	2
9206	0	2
9208	0	2
9209	3	2
9210	0	2
9212	0	2
9213	0	2
9214	0	2
9215	0	2
9216	0	2
9217	4	2
9218	1	2
9219	0	2
9220	0	2
9221	0	2
9222	0	2
9223	0	2
9224	0	2
9225	0	2
9226	0	2
9228	0	2
9229	0	2
9230	0	2
9231	0	2
9232	0	2
9233	0	2
9234	2	2
9236	3	2
9238	0	2
9239	0	2
9241	0	2
9242	0	2
9243	3	2
9244	0	2
9245	3	2
9246	0	2
9247	0	2
9249	6	2
9250	0	2
9252	0	2
9254	0	2
9257	0	2
9258	0	2
9259	0	2
9260	0	2
9261	0	2
9262	0	2
9263	0	2
9264	0	2
9266	0	2
9267	6	2
9268	3	2
9271	0	2
9272	0	2
9273	0	2
9274	0	2
9275	4	2
9276	0	2
9277	0	2
9278	0	2
9281	1	2
9282	0	2
9283	0	2
9285	0	2
9286	0	2
9287	0	2
9288	0	2
9289	0	2
9290	0	2
9291	0	2
9292	0	2
9293	0	2
9295	0	2
9296	1	2
9297	13	2
9298	0	2
9299	0	2
9302	3	2
9303	0	2
9304	0	2
9306	0	2
9307	0	2
9308	0	2
9309	13	2
9312	4	2
9313	3	2
9314	0	2
9316	0	2
9317	11	2
9318	0	2
9319	1	2
9320	0	2
9321	0	2
9323	1	2
9324	0	2
9325	0	2
9326	0	2
9327	0	2
9328	0	2
9329	0	2
9330	0	2
9331	0	2
9332	0	2
9333	0	2
9334	1	2
9335	0	2
9336	0	2
9337	0	2
9338	0	2
9339	0	2
9340	0	2
9341	1	2
9342	8	2
9343	5	2
9344	0	2
9345	0	2
9346	0	2
9347	0	2
9348	0	2
9349	0	2
9350	0	2
9351	0	2
9352	0	2
9354	8	2
9355	0	2
9356	1	2
9357	2	2
9358	13	2
9359	0	2
9361	0	2
9362	0	2
9364	1	2
9365	0	2
9366	0	2
9367	0	2
9368	1	2
9369	0	2
9370	0	2
9371	0	2
9372	0	2
9373	0	2
9374	0	2
9375	0	2
9376	0	2
9377	3	2
9378	0	2
9380	0	2
9381	0	2
9382	0	2
9383	0	2
9384	4	2
9387	1	2
9388	0	2
9389	0	2
9390	2	2
9391	0	2
9392	0	2
9393	0	2
9395	0	2
9396	0	2
9397	1	2
9398	0	2
9400	0	2
9401	0	2
9402	7	2
9403	1	2
9404	0	2
9405	0	2
9407	0	2
9408	3	2
9410	0	2
9411	2	2
9412	0	2
9413	0	2
9414	0	2
9415	0	2
9416	0	2
9417	0	2
9418	1	2
9420	0	2
9421	1	2
9422	0	2
9424	0	2
9425	0	2
9426	0	2
9427	0	2
9428	0	2
9430	0	2
9432	0	2
9433	0	2
9434	0	2
9435	2	2
9437	0	2
9438	1	2
9439	0	2
9440	0	2
9441	11	2
9442	0	2
9443	0	2
9444	0	2
9445	1	2
9446	0	2
9449	2	2
9450	0	2
9451	0	2
9452	1	2
9453	0	2
9454	0	2
9455	0	2
9456	0	2
9457	0	2
9458	0	2
9459	0	2
9460	0	2
9461	0	2
9462	2	2
9463	0	2
9464	0	2
9465	8	2
9466	0	2
9467	0	2
9469	0	2
9470	0	2
9471	0	2
9472	0	2
9473	0	2
9476	0	2
9477	0	2
9478	2	2
9479	0	2
9480	0	2
9481	0	2
9482	0	2
9483	0	2
9485	0	2
9486	0	2
9487	0	2
9488	0	2
9489	0	2
9490	11	2
9491	0	2
9492	0	2
9493	0	2
9494	0	2
9495	0	2
9497	0	2
9499	0	2
9500	0	2
9501	3	2
9502	0	2
9503	0	2
9504	0	2
9505	0	2
9506	0	2
9507	0	2
9508	3	2
9509	0	2
9510	0	2
9512	3	2
9513	0	2
9514	2	2
9516	0	2
9517	0	2
9518	0	2
9520	1	2
9521	0	2
9522	0	2
9524	2	2
9525	0	2
9528	0	2
9529	6	2
9530	0	2
9531	0	2
9532	0	2
9533	0	2
9534	0	2
9535	2	2
9536	7	2
9537	0	2
9538	8	2
9539	0	2
9540	0	2
9541	0	2
9542	0	2
9543	0	2
9545	0	2
9546	0	2
9547	0	2
9548	1	2
9549	0	2
9550	1	2
9551	3	2
9552	0	2
9554	0	2
9555	1	2
9556	4	2
9557	5	2
9558	0	2
9559	1	2
9560	0	2
9562	0	2
9563	10	2
9565	1	2
9566	0	2
9567	0	2
9568	0	2
9569	0	2
9570	3	2
9571	0	2
9572	0	2
9573	0	2
9575	1	2
9576	16	2
9577	8	2
9578	0	2
9580	0	2
9581	1	2
9582	0	2
9583	0	2
9584	3	2
9585	0	2
9587	0	2
9588	0	2
9589	0	2
9590	0	2
9592	6	2
9594	0	2
9595	0	2
9596	0	2
9597	0	2
9598	0	2
9599	4	2
9600	0	2
9602	0	2
9603	0	2
9604	0	2
9605	0	2
9606	0	2
9607	0	2
9608	0	2
9609	0	2
9610	3	2
9611	0	2
9612	3	2
9613	0	2
9615	2	2
9616	6	2
9617	0	2
9618	0	2
9619	0	2
9620	0	2
9621	0	2
9622	0	2
9623	5	2
9624	4	2
9625	0	2
9626	5	2
9627	6	2
9628	0	2
9630	0	2
9632	0	2
9633	0	2
9634	0	2
9635	0	2
9636	2	2
9637	3	2
9638	0	2
9639	0	2
9640	0	2
9642	6	2
9643	0	2
9644	0	2
9645	0	2
9646	3	2
9647	3	2
9648	0	2
9649	0	2
9651	0	2
9652	0	2
9653	0	2
9654	0	2
9655	0	2
9656	1	2
9658	0	2
9659	0	2
9660	0	2
9661	0	2
9662	4	2
9663	0	2
9664	0	2
9665	0	2
9667	0	2
9669	0	2
9670	1	2
9671	0	2
9672	0	2
9673	0	2
9674	0	2
9675	0	2
9676	0	2
9677	0	2
9678	0	2
9679	0	2
9680	0	2
9681	0	2
9682	0	2
9683	0	2
9684	3	2
9685	1	2
9687	5	2
9689	0	2
9690	0	2
9692	0	2
9693	0	2
9694	0	2
9695	0	2
9696	0	2
9697	0	2
9698	4	2
9699	0	2
9700	8	2
9701	0	2
9702	0	2
9704	0	2
9705	1	2
9706	0	2
9707	0	2
9709	0	2
9710	0	2
9712	0	2
9713	0	2
9714	0	2
9715	0	2
9716	0	2
9717	0	2
9719	0	2
9720	0	2
9722	0	2
9723	3	2
9724	0	2
9725	0	2
9726	0	2
9727	0	2
9729	2	2
9730	1	2
9731	0	2
9732	0	2
9733	2	2
9734	0	2
9735	0	2
9738	0	2
9739	1	2
9740	0	2
9741	0	2
9742	0	2
9743	0	2
9744	2	2
9745	22	2
9746	0	2
9747	0	2
9748	5	2
9749	0	2
9750	11	2
9751	9	2
9752	0	2
9753	0	2
9754	0	2
9755	5	2
9756	0	2
9757	0	2
9758	0	2
9759	0	2
9760	0	2
9761	0	2
9763	0	2
9764	1	2
9765	3	2
9766	0	2
9767	0	2
9768	0	2
9769	0	2
9770	2	2
9771	0	2
9772	3	2
9773	0	2
9774	0	2
9775	0	2
9778	0	2
9780	6	2
9781	0	2
9782	0	2
9784	0	2
9786	0	2
9787	0	2
9788	2	2
9789	0	2
9792	0	2
9793	0	2
9794	2	2
9795	0	2
9796	1	2
9798	0	2
9799	0	2
9800	6	2
9801	4	2
9802	0	2
9803	0	2
9804	0	2
9806	0	2
9808	0	2
9809	0	2
9810	0	2
9811	0	2
9812	0	2
9813	0	2
9814	6	2
9815	0	2
9816	2	2
9817	0	2
9818	0	2
9819	0	2
9820	0	2
9821	0	2
9823	0	2
9824	0	2
9825	0	2
9826	4	2
9828	3	2
9829	0	2
9830	0	2
9831	0	2
9833	0	2
9834	0	2
9835	0	2
9837	0	2
9838	2	2
9840	0	2
9841	0	2
9843	0	2
9844	0	2
9845	0	2
9846	1	2
9847	0	2
9848	0	2
9849	0	2
9850	0	2
9851	3	2
9852	5	2
9853	3	2
9854	0	2
9855	1	2
9856	0	2
9857	0	2
9859	0	2
9860	7	2
9861	9	2
9862	0	2
9863	0	2
9864	0	2
9865	0	2
9867	0	2
9868	0	2
9869	0	2
9870	0	2
9871	0	2
9872	0	2
9873	14	2
9874	0	2
9875	0	2
9876	0	2
9877	4	2
9878	3	2
9880	0	2
9882	0	2
9883	0	2
9884	0	2
9885	0	2
9886	0	2
9887	4	2
9888	0	2
9891	0	2
9892	0	2
9893	0	2
9894	0	2
9895	0	2
9896	0	2
9897	0	2
9898	1	2
9899	0	2
9900	0	2
9901	0	2
9902	8	2
9903	0	2
9904	19	2
9905	0	2
9906	0	2
9907	0	2
9908	7	2
9909	0	2
9910	0	2
9911	0	2
9912	0	2
9913	0	2
9914	1	2
9915	0	2
9916	0	2
9918	2	2
9919	0	2
9920	1	2
9921	0	2
9922	0	2
9923	0	2
9924	0	2
9925	0	2
9927	0	2
9928	0	2
9930	0	2
9931	0	2
9932	0	2
9933	0	2
9934	1	2
9935	0	2
9936	0	2
9937	0	2
9938	0	2
9939	0	2
9940	0	2
9941	0	2
9943	0	2
9944	0	2
9945	0	2
9946	0	2
9947	0	2
9948	0	2
9949	0	2
9950	1	2
9951	0	2
9952	0	2
9953	0	2
9954	0	2
9955	0	2
9956	0	2
9957	0	2
9958	13	2
9959	0	2
9960	5	2
9961	0	2
9962	0	2
9963	0	2
9964	0	2
9966	0	2
9967	3	2
9968	0	2
9969	0	2
9970	0	2
9972	0	2
9973	0	2
9974	0	2
9977	0	2
9978	0	2
9980	8	2
9981	0	2
9982	0	2
9983	0	2
9984	0	2
9985	0	2
9987	0	2
9988	0	2
9989	0	2
9990	0	2
9992	0	2
9993	0	2
9996	0	2
9998	0	2
9999	0	2
10000	0	2
1	12	3
3	0	3
4	3	3
5	1	3
6	5	3
7	4	3
8	0	3
9	0	3
10	3	3
12	18	3
13	4	3
14	0	3
15	3	3
16	6	3
17	12	3
18	4	3
19	4	3
20	13	3
21	4	3
24	8	3
25	5	3
26	0	3
27	0	3
28	1	3
29	0	3
31	8	3
32	4	3
33	7	3
34	0	3
35	6	3
36	2	3
37	3	3
38	0	3
39	0	3
40	10	3
41	5	3
42	1	3
43	0	3
44	6	3
45	0	3
46	5	3
49	11	3
50	0	3
51	11	3
52	10	3
53	6	3
55	0	3
56	4	3
58	10	3
59	20	3
60	12	3
61	5	3
63	2	3
65	0	3
66	11	3
67	14	3
68	6	3
69	19	3
70	2	3
72	3	3
73	0	3
74	5	3
75	0	3
78	0	3
80	12	3
81	1	3
83	7	3
84	8	3
85	7	3
86	19	3
87	2	3
88	4	3
89	6	3
90	0	3
91	4	3
92	14	3
94	7	3
95	8	3
96	0	3
97	1	3
98	8	3
99	0	3
100	14	3
101	4	3
102	0	3
103	2	3
104	1	3
105	2	3
106	1	3
108	0	3
109	10	3
110	7	3
112	0	3
113	0	3
114	6	3
115	6	3
116	2	3
117	5	3
118	2	3
119	5	3
120	27	3
121	6	3
122	21	3
123	19	3
124	20	3
125	10	3
126	20	3
127	4	3
129	8	3
130	9	3
131	8	3
132	21	3
133	0	3
134	0	3
135	13	3
137	3	3
139	13	3
140	3	3
141	0	3
142	4	3
143	4	3
144	4	3
145	13	3
146	24	3
147	8	3
148	5	3
149	8	3
150	6	3
151	0	3
152	12	3
153	8	3
154	5	3
155	2	3
156	9	3
157	2	3
158	0	3
159	28	3
160	9	3
161	1	3
162	3	3
163	11	3
164	7	3
165	3	3
167	5	3
168	15	3
169	18	3
171	7	3
172	2	3
173	9	3
174	0	3
175	0	3
176	5	3
178	0	3
179	24	3
180	0	3
181	12	3
182	0	3
183	12	3
184	16	3
185	7	3
186	8	3
187	1	3
189	0	3
190	0	3
191	0	3
192	0	3
193	17	3
194	5	3
195	0	3
196	6	3
197	0	3
198	16	3
199	0	3
200	0	3
201	2	3
202	19	3
203	0	3
204	4	3
205	0	3
206	0	3
207	2	3
208	3	3
209	1	3
210	0	3
211	0	3
212	5	3
213	0	3
215	1	3
216	6	3
217	26	3
218	7	3
219	0	3
220	6	3
221	0	3
222	2	3
224	4	3
225	0	3
226	0	3
227	13	3
228	3	3
229	0	3
231	9	3
233	5	3
234	17	3
235	14	3
236	0	3
237	5	3
238	1	3
239	0	3
240	3	3
241	10	3
242	0	3
243	1	3
244	2	3
245	0	3
246	4	3
247	6	3
248	7	3
249	3	3
250	10	3
251	0	3
252	0	3
253	4	3
255	4	3
256	0	3
257	7	3
258	3	3
259	0	3
260	0	3
261	0	3
262	15	3
263	13	3
264	3	3
265	0	3
266	0	3
267	0	3
268	16	3
269	0	3
270	0	3
271	0	3
272	2	3
273	5	3
274	4	3
275	0	3
276	1	3
277	14	3
278	2	3
279	7	3
280	9	3
281	1	3
283	2	3
284	0	3
286	0	3
287	10	3
288	2	3
289	7	3
290	0	3
291	1	3
293	0	3
294	26	3
295	0	3
296	0	3
297	7	3
298	10	3
299	2	3
300	1	3
301	12	3
302	0	3
304	0	3
305	3	3
306	7	3
307	16	3
308	1	3
309	0	3
310	2	3
311	11	3
312	24	3
313	3	3
314	2	3
315	1	3
316	5	3
318	0	3
319	1	3
320	3	3
321	0	3
322	0	3
323	10	3
324	3	3
325	0	3
326	2	3
327	3	3
328	15	3
329	9	3
330	0	3
331	13	3
332	7	3
333	6	3
334	2	3
335	4	3
336	1	3
340	16	3
341	0	3
342	4	3
343	17	3
344	0	3
345	0	3
346	8	3
347	1	3
348	0	3
350	6	3
351	2	3
352	6	3
353	2	3
354	12	3
355	0	3
356	22	3
357	6	3
358	0	3
359	0	3
360	9	3
361	7	3
362	15	3
363	2	3
364	16	3
365	1	3
366	23	3
367	0	3
368	4	3
369	4	3
370	1	3
371	3	3
372	11	3
373	6	3
374	0	3
375	14	3
376	8	3
377	0	3
379	0	3
380	15	3
381	13	3
382	8	3
384	4	3
385	3	3
386	12	3
388	0	3
390	8	3
391	10	3
392	9	3
393	2	3
394	0	3
395	3	3
396	3	3
397	0	3
399	1	3
400	24	3
401	0	3
402	8	3
403	2	3
404	8	3
405	0	3
406	4	3
407	2	3
409	9	3
410	6	3
411	2	3
412	17	3
413	7	3
414	6	3
415	16	3
416	2	3
417	0	3
418	11	3
419	6	3
420	12	3
421	0	3
422	1	3
423	3	3
424	4	3
425	10	3
427	5	3
428	7	3
429	1	3
430	8	3
431	14	3
432	6	3
433	4	3
434	9	3
435	0	3
436	11	3
437	16	3
438	3	3
439	10	3
441	9	3
442	1	3
444	0	3
445	1	3
446	0	3
447	16	3
448	0	3
450	8	3
451	1	3
452	1	3
453	0	3
455	7	3
456	10	3
457	0	3
459	6	3
460	2	3
461	7	3
463	8	3
464	0	3
465	2	3
466	0	3
467	0	3
468	0	3
469	6	3
470	17	3
472	0	3
474	0	3
475	11	3
476	10	3
478	4	3
480	7	3
481	7	3
483	0	3
484	3	3
485	1	3
486	29	3
487	0	3
488	3	3
490	0	3
491	3	3
492	0	3
493	17	3
494	2	3
495	23	3
496	8	3
497	5	3
498	2	3
499	6	3
500	4	3
501	0	3
502	0	3
503	4	3
504	3	3
505	2	3
506	0	3
507	4	3
508	14	3
509	35	3
510	0	3
511	6	3
512	0	3
513	5	3
515	2	3
516	0	3
517	5	3
518	11	3
520	2	3
521	1	3
522	0	3
523	0	3
524	4	3
525	0	3
526	0	3
527	3	3
528	6	3
529	11	3
530	1	3
531	18	3
533	3	3
535	7	3
536	1	3
537	3	3
539	31	3
540	6	3
541	5	3
542	1	3
543	5	3
544	0	3
545	4	3
547	3	3
548	11	3
549	1	3
550	6	3
552	2	3
554	1	3
555	0	3
556	6	3
557	4	3
558	7	3
559	15	3
560	7	3
561	14	3
563	6	3
564	0	3
565	4	3
567	2	3
568	5	3
573	7	3
574	2	3
575	3	3
576	4	3
577	0	3
578	10	3
580	0	3
581	1	3
583	4	3
584	0	3
585	0	3
586	0	3
588	8	3
589	2	3
590	4	3
591	21	3
592	1	3
593	0	3
594	2	3
595	1	3
596	3	3
597	27	3
598	3	3
599	5	3
600	2	3
601	0	3
603	0	3
604	1	3
605	4	3
606	4	3
607	2	3
608	4	3
609	0	3
610	0	3
611	0	3
612	4	3
614	9	3
615	4	3
616	8	3
617	0	3
618	16	3
619	0	3
621	4	3
622	4	3
623	8	3
624	10	3
625	0	3
626	2	3
627	5	3
628	1	3
629	0	3
630	0	3
631	11	3
632	0	3
633	0	3
635	6	3
637	0	3
638	12	3
639	3	3
640	10	3
641	9	3
644	1	3
645	8	3
646	1	3
647	3	3
648	5	3
649	10	3
650	5	3
651	0	3
652	5	3
653	6	3
654	3	3
655	5	3
656	7	3
657	0	3
658	10	3
660	0	3
661	8	3
662	0	3
663	13	3
664	4	3
665	4	3
666	6	3
667	0	3
668	5	3
669	19	3
670	18	3
671	2	3
672	0	3
674	13	3
675	3	3
677	4	3
678	1	3
680	0	3
682	4	3
683	0	3
684	0	3
685	0	3
686	3	3
690	0	3
691	3	3
692	0	3
693	0	3
694	8	3
695	0	3
696	9	3
697	3	3
698	3	3
699	9	3
700	2	3
701	1	3
702	4	3
703	3	3
704	2	3
706	6	3
707	5	3
709	4	3
710	9	3
711	20	3
712	5	3
713	1	3
714	1	3
715	27	3
716	1	3
717	2	3
719	0	3
720	5	3
721	2	3
722	14	3
723	7	3
724	0	3
725	7	3
726	15	3
727	5	3
728	3	3
729	16	3
730	1	3
732	7	3
734	0	3
736	18	3
737	1	3
738	4	3
739	5	3
740	20	3
741	16	3
742	5	3
744	12	3
745	0	3
746	0	3
747	0	3
748	0	3
749	17	3
750	8	3
751	4	3
752	16	3
754	0	3
755	3	3
757	0	3
758	19	3
759	10	3
760	6	3
761	14	3
762	10	3
763	10	3
764	0	3
765	1	3
766	0	3
768	0	3
769	0	3
770	7	3
771	5	3
772	9	3
773	10	3
774	6	3
775	2	3
776	0	3
777	0	3
778	3	3
779	11	3
781	4	3
783	0	3
784	4	3
785	2	3
786	0	3
787	0	3
788	27	3
789	5	3
790	2	3
791	3	3
792	0	3
793	11	3
794	7	3
795	6	3
796	3	3
798	9	3
799	3	3
800	1	3
801	16	3
802	6	3
805	9	3
807	10	3
808	20	3
809	1	3
810	3	3
811	0	3
812	4	3
813	11	3
817	7	3
818	10	3
819	8	3
820	5	3
821	0	3
822	6	3
823	7	3
824	0	3
825	9	3
826	0	3
828	0	3
829	10	3
831	1	3
832	3	3
833	3	3
835	3	3
836	0	3
838	12	3
839	4	3
841	4	3
842	0	3
843	26	3
844	9	3
845	1	3
846	7	3
847	16	3
848	0	3
849	1	3
850	5	3
851	6	3
852	10	3
854	0	3
855	0	3
856	0	3
857	5	3
858	2	3
859	1	3
860	2	3
861	8	3
863	1	3
865	14	3
866	1	3
867	7	3
869	2	3
870	11	3
871	4	3
872	0	3
873	0	3
874	8	3
875	0	3
876	9	3
877	7	3
878	5	3
879	0	3
880	2	3
881	0	3
882	0	3
883	12	3
884	1	3
885	2	3
886	3	3
887	4	3
888	14	3
889	3	3
891	8	3
892	0	3
894	0	3
895	0	3
896	0	3
897	2	3
898	12	3
899	2	3
900	2	3
901	3	3
902	0	3
903	13	3
904	1	3
905	1	3
906	7	3
907	12	3
908	6	3
910	0	3
911	0	3
912	0	3
913	7	3
914	4	3
915	3	3
916	2	3
917	0	3
918	12	3
919	4	3
920	0	3
921	3	3
923	7	3
925	0	3
926	7	3
928	2	3
929	2	3
930	32	3
931	5	3
932	6	3
934	8	3
935	5	3
936	10	3
937	2	3
938	12	3
939	12	3
941	8	3
942	2	3
943	9	3
944	9	3
945	8	3
946	0	3
947	2	3
948	1	3
949	0	3
950	1	3
951	7	3
953	4	3
954	16	3
955	11	3
957	12	3
958	4	3
959	23	3
960	3	3
961	0	3
962	3	3
963	0	3
964	0	3
965	0	3
966	0	3
967	8	3
968	13	3
969	4	3
970	6	3
971	12	3
972	2	3
974	0	3
975	8	3
977	4	3
978	7	3
979	0	3
980	2	3
981	0	3
982	1	3
983	21	3
984	0	3
985	3	3
986	0	3
987	12	3
988	10	3
989	10	3
990	8	3
992	2	3
993	6	3
994	0	3
996	0	3
998	4	3
999	1	3
1000	0	3
1001	1	3
1003	8	3
1004	30	3
1005	4	3
1006	9	3
1007	3	3
1009	10	3
1011	6	3
1012	0	3
1013	0	3
1014	0	3
1015	3	3
1016	5	3
1017	0	3
1018	3	3
1019	3	3
1020	0	3
1021	2	3
1022	28	3
1023	0	3
1025	14	3
1027	2	3
1029	0	3
1030	3	3
1031	3	3
1032	2	3
1033	3	3
1034	1	3
1035	0	3
1037	5	3
1038	0	3
1039	0	3
1040	7	3
1041	0	3
1042	1	3
1043	4	3
1045	19	3
1046	0	3
1047	3	3
1049	0	3
1052	3	3
1053	0	3
1054	20	3
1055	3	3
1056	2	3
1058	16	3
1059	4	3
1060	10	3
1061	10	3
1062	7	3
1064	2	3
1065	0	3
1066	1	3
1067	14	3
1068	0	3
1069	1	3
1070	5	3
1071	18	3
1072	12	3
1074	0	3
1075	0	3
1076	0	3
1078	9	3
1079	0	3
1080	0	3
1081	16	3
1082	8	3
1084	10	3
1085	4	3
1086	2	3
1087	1	3
1088	11	3
1089	5	3
1090	21	3
1091	0	3
1092	13	3
1093	15	3
1094	0	3
1095	5	3
1096	1	3
1097	1	3
1098	0	3
1099	6	3
1100	2	3
1101	0	3
1102	0	3
1104	12	3
1105	4	3
1106	7	3
1107	3	3
1108	12	3
1109	0	3
1110	6	3
1111	1	3
1112	0	3
1113	3	3
1115	6	3
1117	13	3
1118	2	3
1119	0	3
1120	1	3
1121	13	3
1122	0	3
1123	4	3
1125	0	3
1126	0	3
1127	0	3
1128	0	3
1130	6	3
1131	6	3
1132	8	3
1133	15	3
1134	0	3
1135	6	3
1136	5	3
1137	4	3
1138	5	3
1139	1	3
1140	4	3
1141	6	3
1142	7	3
1143	0	3
1144	5	3
1145	3	3
1146	4	3
1147	26	3
1148	9	3
1150	0	3
1151	3	3
1152	6	3
1154	5	3
1155	2	3
1156	2	3
1157	4	3
1158	13	3
1159	1	3
1160	5	3
1161	1	3
1162	7	3
1164	5	3
1165	16	3
1166	14	3
1167	12	3
1169	3	3
1171	6	3
1172	0	3
1173	5	3
1174	15	3
1175	5	3
1176	9	3
1178	7	3
1179	6	3
1181	3	3
1182	8	3
1184	1	3
1185	0	3
1186	2	3
1187	4	3
1188	2	3
1189	2	3
1191	3	3
1193	2	3
1194	22	3
1195	1	3
1196	6	3
1197	4	3
1198	4	3
1200	10	3
1201	0	3
1202	5	3
1203	3	3
1204	0	3
1205	0	3
1206	13	3
1207	6	3
1208	0	3
1209	0	3
1210	1	3
1211	2	3
1213	5	3
1214	5	3
1215	16	3
1216	2	3
1217	16	3
1218	0	3
1219	0	3
1220	0	3
1221	13	3
1222	11	3
1223	0	3
1224	8	3
1225	5	3
1226	0	3
1227	8	3
1229	11	3
1234	8	3
1235	7	3
1236	1	3
1237	0	3
1238	17	3
1239	5	3
1240	5	3
1241	21	3
1242	2	3
1243	0	3
1244	0	3
1245	2	3
1246	0	3
1248	4	3
1249	14	3
1250	11	3
1251	0	3
1253	6	3
1254	0	3
1256	4	3
1257	0	3
1258	8	3
1261	0	3
1262	3	3
1263	7	3
1264	0	3
1265	1	3
1267	19	3
1268	0	3
1270	0	3
1271	0	3
1272	8	3
1273	0	3
1274	11	3
1275	3	3
1276	13	3
1277	0	3
1278	7	3
1279	11	3
1280	4	3
1281	0	3
1282	2	3
1283	17	3
1284	0	3
1285	24	3
1286	0	3
1287	0	3
1288	6	3
1289	0	3
1290	1	3
1291	0	3
1292	0	3
1293	9	3
1294	4	3
1295	4	3
1296	11	3
1297	5	3
1298	4	3
1299	0	3
1301	0	3
1302	1	3
1304	0	3
1305	1	3
1306	3	3
1307	17	3
1308	5	3
1309	0	3
1310	6	3
1311	22	3
1312	0	3
1313	0	3
1314	4	3
1315	11	3
1316	3	3
1317	6	3
1318	9	3
1319	4	3
1320	2	3
1321	15	3
1323	8	3
1324	13	3
1325	5	3
1326	5	3
1327	5	3
1329	8	3
1330	0	3
1331	15	3
1332	1	3
1333	2	3
1334	7	3
1335	0	3
1336	4	3
1337	7	3
1338	0	3
1339	1	3
1340	0	3
1341	1	3
1342	6	3
1343	3	3
1344	1	3
1345	0	3
1346	11	3
1347	3	3
1348	0	3
1349	4	3
1350	1	3
1351	6	3
1352	18	3
1353	8	3
1354	2	3
1355	5	3
1356	0	3
1357	7	3
1358	1	3
1359	2	3
1360	12	3
1361	0	3
1362	20	3
1363	7	3
1367	0	3
1368	0	3
1369	27	3
1370	1	3
1371	14	3
1372	4	3
1373	10	3
1374	4	3
1375	0	3
1376	3	3
1379	4	3
1380	0	3
1382	2	3
1383	1	3
1384	0	3
1387	0	3
1389	8	3
1390	5	3
1391	6	3
1392	0	3
1393	4	3
1394	0	3
1395	0	3
1396	0	3
1397	1	3
1399	15	3
1400	19	3
1403	3	3
1404	0	3
1405	0	3
1407	2	3
1408	9	3
1409	0	3
1411	0	3
1413	4	3
1415	0	3
1417	6	3
1418	0	3
1419	1	3
1420	3	3
1421	1	3
1422	0	3
1423	5	3
1424	2	3
1425	5	3
1426	11	3
1427	15	3
1430	9	3
1431	2	3
1432	12	3
1433	6	3
1434	0	3
1435	0	3
1436	8	3
1437	8	3
1438	9	3
1439	12	3
1440	12	3
1441	3	3
1442	0	3
1443	0	3
1444	14	3
1445	14	3
1446	2	3
1448	12	3
1449	0	3
1450	3	3
1451	4	3
1452	1	3
1453	6	3
1454	0	3
1455	0	3
1456	7	3
1457	4	3
1458	6	3
1459	4	3
1460	10	3
1461	19	3
1462	9	3
1463	6	3
1464	6	3
1465	0	3
1467	4	3
1468	6	3
1469	6	3
1470	10	3
1471	10	3
1472	0	3
1474	1	3
1475	0	3
1476	0	3
1477	0	3
1478	14	3
1479	2	3
1480	12	3
1481	16	3
1482	8	3
1483	4	3
1484	8	3
1485	5	3
1486	1	3
1488	13	3
1491	11	3
1494	0	3
1495	6	3
1496	2	3
1497	2	3
1498	20	3
1499	12	3
1502	6	3
1505	4	3
1506	7	3
1507	2	3
1508	1	3
1509	4	3
1510	12	3
1511	9	3
1512	1	3
1513	23	3
1514	14	3
1515	0	3
1516	3	3
1517	6	3
1518	12	3
1519	12	3
1521	9	3
1522	0	3
1523	0	3
1525	0	3
1526	19	3
1527	9	3
1528	11	3
1529	0	3
1531	7	3
1532	0	3
1533	12	3
1534	5	3
1535	0	3
1536	0	3
1537	0	3
1538	0	3
1539	10	3
1540	0	3
1541	1	3
1542	16	3
1543	14	3
1544	0	3
1545	5	3
1546	0	3
1548	0	3
1549	9	3
1550	5	3
1551	0	3
1552	3	3
1553	0	3
1554	4	3
1557	8	3
1559	6	3
1560	4	3
1561	2	3
1562	0	3
1563	1	3
1565	0	3
1566	3	3
1567	4	3
1568	3	3
1569	0	3
1570	0	3
1572	14	3
1573	13	3
1574	16	3
1575	10	3
1576	0	3
1577	5	3
1578	8	3
1579	1	3
1581	8	3
1582	7	3
1585	0	3
1586	1	3
1587	4	3
1588	4	3
1589	4	3
1590	0	3
1591	8	3
1592	0	3
1594	0	3
1595	4	3
1596	18	3
1598	2	3
1600	0	3
1601	0	3
1602	4	3
1603	5	3
1604	3	3
1605	0	3
1606	4	3
1607	0	3
1608	5	3
1609	6	3
1611	2	3
1612	0	3
1613	15	3
1615	0	3
1616	4	3
1617	8	3
1618	2	3
1619	11	3
1620	2	3
1621	9	3
1622	7	3
1625	5	3
1626	9	3
1627	0	3
1628	9	3
1630	0	3
1631	0	3
1632	42	3
1633	7	3
1634	0	3
1635	0	3
1636	0	3
1637	0	3
1638	25	3
1639	6	3
1641	4	3
1642	5	3
1643	5	3
1644	4	3
1645	5	3
1646	1	3
1647	10	3
1648	5	3
1650	8	3
1651	13	3
1652	10	3
1653	5	3
1654	5	3
1655	9	3
1656	14	3
1657	7	3
1658	5	3
1659	12	3
1660	17	3
1661	16	3
1662	1	3
1663	2	3
1664	6	3
1666	3	3
1667	4	3
1668	17	3
1669	0	3
1670	4	3
1671	0	3
1672	0	3
1673	0	3
1674	7	3
1675	2	3
1676	2	3
1677	8	3
1678	6	3
1679	1	3
1680	5	3
1681	11	3
1683	3	3
1684	8	3
1685	1	3
1686	5	3
1687	4	3
1688	0	3
1689	9	3
1691	3	3
1692	7	3
1693	2	3
1694	19	3
1695	1	3
1696	0	3
1697	0	3
1698	0	3
1699	8	3
1700	3	3
1701	8	3
1702	3	3
1704	0	3
1705	2	3
1706	19	3
1707	1	3
1708	0	3
1709	15	3
1710	9	3
1711	2	3
1712	1	3
1713	3	3
1714	12	3
1715	7	3
1717	2	3
1718	5	3
1719	0	3
1720	0	3
1722	0	3
1723	9	3
1724	9	3
1725	3	3
1726	14	3
1729	26	3
1730	8	3
1731	4	3
1732	5	3
1733	5	3
1734	2	3
1735	24	3
1736	8	3
1737	0	3
1738	0	3
1739	0	3
1740	2	3
1742	16	3
1743	9	3
1746	0	3
1747	3	3
1748	8	3
1749	0	3
1750	16	3
1752	0	3
1753	0	3
1754	1	3
1755	7	3
1756	5	3
1757	16	3
1758	6	3
1759	10	3
1760	0	3
1761	0	3
1762	4	3
1764	14	3
1765	5	3
1766	1	3
1767	2	3
1768	9	3
1769	0	3
1770	7	3
1771	0	3
1772	0	3
1773	4	3
1775	0	3
1776	0	3
1777	11	3
1779	0	3
1780	7	3
1781	0	3
1783	2	3
1784	0	3
1785	3	3
1786	0	3
1787	0	3
1788	6	3
1789	4	3
1790	23	3
1791	1	3
1792	3	3
1793	1	3
1794	7	3
1795	14	3
1797	1	3
1798	5	3
1799	21	3
1801	2	3
1802	17	3
1803	16	3
1805	12	3
1806	6	3
1807	4	3
1808	0	3
1809	10	3
1811	11	3
1812	29	3
1813	1	3
1814	9	3
1815	4	3
1816	0	3
1817	9	3
1818	5	3
1819	4	3
1820	10	3
1821	14	3
1825	9	3
1826	14	3
1827	6	3
1829	0	3
1830	0	3
1831	0	3
1832	24	3
1834	0	3
1835	0	3
1837	0	3
1839	16	3
1840	16	3
1841	0	3
1842	0	3
1843	0	3
1845	0	3
1846	14	3
1847	0	3
1848	0	3
1849	1	3
1850	2	3
1851	0	3
1852	6	3
1854	2	3
1855	21	3
1856	7	3
1857	0	3
1858	7	3
1859	0	3
1860	2	3
1861	27	3
1862	0	3
1864	1	3
1865	14	3
1867	5	3
1868	12	3
1869	4	3
1870	7	3
1872	5	3
1873	7	3
1875	8	3
1876	9	3
1877	0	3
1878	15	3
1879	3	3
1880	6	3
1881	1	3
1882	4	3
1883	7	3
1884	4	3
1885	0	3
1886	13	3
1887	13	3
1888	10	3
1889	0	3
1890	0	3
1891	10	3
1893	3	3
1894	4	3
1895	16	3
1896	0	3
1897	0	3
1898	10	3
1900	0	3
1901	9	3
1902	0	3
1903	8	3
1904	7	3
1905	6	3
1906	14	3
1907	8	3
1908	0	3
1909	6	3
1910	16	3
1911	0	3
1912	24	3
1913	2	3
1917	3	3
1920	33	3
1921	0	3
1922	14	3
1923	8	3
1924	0	3
1925	8	3
1926	1	3
1927	8	3
1928	4	3
1929	5	3
1930	26	3
1931	2	3
1932	6	3
1933	1	3
1934	1	3
1935	1	3
1936	8	3
1937	0	3
1938	16	3
1939	2	3
1940	3	3
1941	7	3
1943	3	3
1944	6	3
1946	11	3
1947	0	3
1948	0	3
1949	5	3
1950	8	3
1951	0	3
1952	0	3
1953	7	3
1954	28	3
1956	7	3
1957	3	3
1958	9	3
1959	1	3
1960	7	3
1961	0	3
1963	4	3
1964	2	3
1965	0	3
1966	0	3
1967	1	3
1969	26	3
1970	0	3
1972	3	3
1974	0	3
1976	11	3
1977	0	3
1978	1	3
1979	0	3
1980	5	3
1981	1	3
1982	7	3
1983	0	3
1984	11	3
1986	9	3
1987	0	3
1988	1	3
1989	3	3
1991	21	3
1993	5	3
1994	16	3
1995	0	3
1997	27	3
1998	0	3
1999	0	3
2000	0	3
2002	3	3
2003	0	3
2004	4	3
2005	0	3
2007	9	3
2009	1	3
2011	0	3
2012	2	3
2013	12	3
2014	6	3
2015	12	3
2016	6	3
2017	2	3
2018	4	3
2019	0	3
2020	29	3
2021	6	3
2022	16	3
2023	6	3
2025	14	3
2026	0	3
2027	5	3
2029	0	3
2031	4	3
2032	7	3
2033	0	3
2034	6	3
2035	9	3
2037	1	3
2039	8	3
2040	0	3
2041	16	3
2042	1	3
2043	16	3
2044	1	3
2047	0	3
2048	6	3
2049	3	3
2050	0	3
2052	0	3
2053	0	3
2054	18	3
2055	5	3
2056	9	3
2057	2	3
2059	13	3
2060	0	3
2061	1	3
2062	0	3
2063	7	3
2064	6	3
2065	7	3
2066	7	3
2068	0	3
2069	5	3
2071	8	3
2072	2	3
2073	9	3
2074	0	3
2075	10	3
2076	8	3
2077	2	3
2078	4	3
2079	3	3
2080	1	3
2081	7	3
2082	1	3
2083	1	3
2084	5	3
2086	4	3
2087	14	3
2089	12	3
2090	12	3
2091	0	3
2093	1	3
2094	12	3
2095	2	3
2096	0	3
2098	3	3
2099	6	3
2100	6	3
2101	0	3
2102	0	3
2105	0	3
2106	8	3
2107	2	3
2108	12	3
2109	6	3
2111	0	3
2112	5	3
2113	10	3
2117	3	3
2118	4	3
2119	3	3
2120	13	3
2121	1	3
2122	7	3
2124	0	3
2125	0	3
2127	0	3
2128	2	3
2129	1	3
2131	13	3
2133	0	3
2135	15	3
2136	1	3
2137	2	3
2138	2	3
2139	0	3
2140	3	3
2141	0	3
2142	1	3
2143	5	3
2144	1	3
2145	1	3
2146	2	3
2147	0	3
2149	2	3
2150	0	3
2151	1	3
2152	0	3
2153	6	3
2154	10	3
2155	0	3
2156	6	3
2157	2	3
2158	0	3
2159	0	3
2160	31	3
2162	9	3
2163	1	3
2164	2	3
2165	0	3
2166	5	3
2167	10	3
2168	1	3
2169	0	3
2170	2	3
2171	10	3
2172	2	3
2173	4	3
2174	11	3
2175	0	3
2176	3	3
2177	0	3
2178	0	3
2179	8	3
2180	8	3
2181	0	3
2182	9	3
2184	5	3
2185	0	3
2186	0	3
2187	0	3
2188	8	3
2189	4	3
2190	0	3
2191	10	3
2192	0	3
2194	15	3
2196	10	3
2197	3	3
2198	0	3
2199	0	3
2200	2	3
2202	7	3
2203	0	3
2204	3	3
2205	3	3
2206	0	3
2207	15	3
2209	3	3
2210	2	3
2211	9	3
2212	2	3
2214	0	3
2216	0	3
2219	0	3
2220	10	3
2221	3	3
2222	0	3
2224	8	3
2225	0	3
2226	0	3
2227	11	3
2228	0	3
2229	26	3
2230	0	3
2231	2	3
2232	1	3
2235	4	3
2236	5	3
2237	5	3
2238	6	3
2239	1	3
2240	12	3
2241	2	3
2242	0	3
2243	10	3
2244	14	3
2246	6	3
2247	3	3
2248	8	3
2249	0	3
2250	8	3
2251	4	3
2253	1	3
2254	5	3
2255	19	3
2256	6	3
2257	0	3
2258	2	3
2259	0	3
2260	10	3
2261	0	3
2262	10	3
2263	0	3
2264	15	3
2265	5	3
2267	0	3
2268	20	3
2269	0	3
2270	5	3
2271	5	3
2272	0	3
2273	6	3
2274	3	3
2276	12	3
2278	9	3
2279	6	3
2282	9	3
2283	2	3
2284	2	3
2285	16	3
2288	6	3
2291	0	3
2292	3	3
2293	3	3
2294	0	3
2297	0	3
2298	0	3
2299	0	3
2300	0	3
2301	0	3
2302	6	3
2303	12	3
2304	13	3
2305	0	3
2306	5	3
2307	8	3
2308	6	3
2309	1	3
2310	18	3
2311	1	3
2312	13	3
2314	0	3
2315	0	3
2316	13	3
2317	3	3
2318	1	3
2319	0	3
2320	15	3
2321	3	3
2322	6	3
2323	2	3
2324	6	3
2325	1	3
2326	0	3
2327	1	3
2328	10	3
2329	0	3
2330	4	3
2331	6	3
2332	6	3
2333	8	3
2335	17	3
2336	1	3
2337	7	3
2338	3	3
2339	0	3
2340	3	3
2343	0	3
2344	9	3
2345	2	3
2346	1	3
2347	13	3
2348	13	3
2349	1	3
2350	2	3
2352	22	3
2353	16	3
2354	9	3
2355	5	3
2358	8	3
2359	1	3
2361	1	3
2362	2	3
2363	17	3
2365	0	3
2366	0	3
2368	1	3
2369	1	3
2371	2	3
2372	1	3
2373	6	3
2374	0	3
2375	2	3
2376	1	3
2377	15	3
2378	11	3
2379	2	3
2380	16	3
2381	12	3
2382	6	3
2384	0	3
2385	3	3
2386	4	3
2388	9	3
2389	11	3
2391	0	3
2393	1	3
2394	21	3
2395	15	3
2396	0	3
2397	1	3
2398	0	3
2399	0	3
2401	3	3
2402	5	3
2403	0	3
2404	6	3
2405	12	3
2406	3	3
2407	12	3
2408	1	3
2409	8	3
2410	10	3
2411	2	3
2412	5	3
2413	0	3
2414	6	3
2415	1	3
2416	1	3
2417	1	3
2418	0	3
2419	12	3
2420	12	3
2421	0	3
2422	11	3
2423	0	3
2424	4	3
2425	0	3
2426	3	3
2427	0	3
2428	0	3
2430	8	3
2431	3	3
2433	3	3
2434	0	3
2435	0	3
2436	5	3
2437	2	3
2438	4	3
2439	0	3
2440	8	3
2441	3	3
2442	4	3
2443	0	3
2444	2	3
2445	13	3
2447	9	3
2448	3	3
2449	0	3
2450	7	3
2451	0	3
2452	1	3
2453	4	3
2454	1	3
2455	3	3
2457	4	3
2458	0	3
2459	6	3
2460	2	3
2464	6	3
2465	3	3
2466	19	3
2468	0	3
2469	7	3
2470	1	3
2471	2	3
2472	12	3
2473	0	3
2474	8	3
2475	11	3
2476	4	3
2477	0	3
2478	7	3
2479	16	3
2480	0	3
2481	31	3
2482	3	3
2483	0	3
2485	0	3
2486	7	3
2488	10	3
2489	12	3
2490	12	3
2491	4	3
2492	1	3
2493	18	3
2494	7	3
2496	0	3
2497	3	3
2498	7	3
2500	1	3
2501	12	3
2502	4	3
2503	0	3
2504	3	3
2505	2	3
2506	1	3
2507	8	3
2508	16	3
2509	3	3
2510	12	3
2511	18	3
2512	5	3
2513	24	3
2514	0	3
2515	6	3
2516	0	3
2517	3	3
2518	2	3
2519	0	3
2520	5	3
2522	7	3
2523	8	3
2524	21	3
2526	0	3
2527	0	3
2528	5	3
2529	2	3
2530	0	3
2531	3	3
2532	6	3
2533	13	3
2534	5	3
2535	0	3
2536	3	3
2537	1	3
2538	0	3
2539	13	3
2541	5	3
2542	6	3
2543	4	3
2544	3	3
2545	22	3
2546	10	3
2547	0	3
2548	0	3
2550	0	3
2551	8	3
2554	4	3
2555	0	3
2556	1	3
2557	5	3
2558	2	3
2559	2	3
2560	4	3
2561	2	3
2562	6	3
2563	2	3
2564	19	3
2565	0	3
2566	1	3
2567	7	3
2568	3	3
2569	6	3
2570	9	3
2571	5	3
2572	0	3
2573	5	3
2574	6	3
2575	10	3
2576	11	3
2577	6	3
2578	7	3
2579	16	3
2580	1	3
2581	2	3
2582	0	3
2583	2	3
2584	7	3
2585	4	3
2586	14	3
2587	0	3
2588	6	3
2590	0	3
2591	5	3
2592	4	3
2593	3	3
2594	11	3
2595	16	3
2596	6	3
2599	11	3
2600	10	3
2601	11	3
2602	11	3
2604	11	3
2605	4	3
2606	6	3
2607	0	3
2608	13	3
2609	3	3
2610	7	3
2611	3	3
2613	4	3
2614	9	3
2616	0	3
2617	5	3
2618	5	3
2619	0	3
2620	2	3
2621	0	3
2624	8	3
2626	12	3
2628	4	3
2629	16	3
2630	6	3
2631	6	3
2632	0	3
2633	5	3
2634	4	3
2635	10	3
2636	9	3
2637	3	3
2638	16	3
2639	0	3
2640	6	3
2641	2	3
2642	10	3
2643	0	3
2644	17	3
2645	0	3
2646	4	3
2647	6	3
2648	3	3
2649	9	3
2650	1	3
2651	2	3
2652	0	3
2653	3	3
2654	9	3
2655	0	3
2656	2	3
2657	0	3
2658	0	3
2659	6	3
2660	0	3
2661	2	3
2662	14	3
2663	3	3
2664	0	3
2665	11	3
2666	1	3
2667	1	3
2668	1	3
2669	4	3
2670	0	3
2671	5	3
2673	1	3
2674	0	3
2675	5	3
2676	1	3
2678	2	3
2679	10	3
2680	15	3
2681	1	3
2682	10	3
2683	3	3
2685	0	3
2686	11	3
2687	0	3
2689	14	3
2690	9	3
2691	2	3
2692	0	3
2693	5	3
2695	2	3
2696	0	3
2697	0	3
2700	0	3
2701	1	3
2702	0	3
2703	5	3
2704	0	3
2705	0	3
2706	1	3
2707	12	3
2708	0	3
2709	2	3
2710	5	3
2711	0	3
2712	2	3
2713	0	3
2714	1	3
2715	10	3
2716	5	3
2717	19	3
2719	19	3
2720	2	3
2721	5	3
2723	11	3
2724	11	3
2725	3	3
2726	6	3
2727	2	3
2728	9	3
2729	14	3
2730	1	3
2731	7	3
2732	8	3
2733	1	3
2735	0	3
2736	7	3
2737	15	3
2738	0	3
2739	0	3
2740	1	3
2741	14	3
2742	9	3
2743	0	3
2744	1	3
2745	5	3
2746	2	3
2747	3	3
2748	0	3
2749	9	3
2750	4	3
2751	26	3
2752	10	3
2753	7	3
2754	10	3
2755	16	3
2756	1	3
2757	20	3
2758	10	3
2759	2	3
2760	8	3
2762	13	3
2763	0	3
2764	33	3
2765	0	3
2766	0	3
2767	11	3
2768	0	3
2769	12	3
2770	0	3
2771	2	3
2772	4	3
2773	7	3
2774	0	3
2775	12	3
2776	7	3
2777	2	3
2778	4	3
2779	0	3
2780	10	3
2781	22	3
2782	0	3
2783	0	3
2784	5	3
2785	10	3
2786	0	3
2787	11	3
2788	2	3
2789	8	3
2790	2	3
2793	0	3
2794	8	3
2795	18	3
2796	11	3
2797	0	3
2798	1	3
2799	10	3
2800	20	3
2801	7	3
2802	11	3
2805	6	3
2806	0	3
2807	12	3
2809	0	3
2811	0	3
2812	4	3
2813	0	3
2814	0	3
2815	0	3
2816	7	3
2817	11	3
2819	11	3
2820	0	3
2821	0	3
2822	13	3
2823	8	3
2824	2	3
2825	10	3
2826	12	3
2827	6	3
2828	7	3
2829	9	3
2830	5	3
2831	21	3
2832	0	3
2833	15	3
2834	7	3
2835	4	3
2836	6	3
2838	6	3
2839	0	3
2840	3	3
2841	0	3
2842	1	3
2843	4	3
2844	15	3
2845	2	3
2846	0	3
2848	1	3
2849	17	3
2850	2	3
2851	19	3
2852	6	3
2853	16	3
2854	0	3
2855	0	3
2856	1	3
2857	17	3
2858	10	3
2859	5	3
2860	5	3
2862	8	3
2863	6	3
2864	4	3
2865	0	3
2866	4	3
2867	7	3
2869	10	3
2871	14	3
2872	5	3
2873	10	3
2875	5	3
2876	4	3
2877	6	3
2878	0	3
2879	14	3
2880	12	3
2881	21	3
2882	0	3
2884	0	3
2885	20	3
2886	11	3
2887	6	3
2888	2	3
2889	15	3
2891	0	3
2892	4	3
2893	7	3
2894	11	3
2895	0	3
2896	6	3
2897	0	3
2898	4	3
2899	12	3
2900	15	3
2901	5	3
2904	0	3
2905	5	3
2906	14	3
2907	8	3
2908	0	3
2909	0	3
2910	5	3
2911	6	3
2912	1	3
2913	9	3
2914	0	3
2915	9	3
2916	6	3
2917	0	3
2918	7	3
2920	0	3
2921	15	3
2922	4	3
2923	1	3
2924	12	3
2926	7	3
2927	12	3
2928	0	3
2929	4	3
2930	7	3
2932	0	3
2933	0	3
2934	0	3
2935	5	3
2936	4	3
2937	10	3
2938	0	3
2939	11	3
2940	7	3
2941	6	3
2942	1	3
2943	0	3
2945	5	3
2946	0	3
2948	0	3
2950	4	3
2951	2	3
2952	10	3
2953	4	3
2954	1	3
2955	15	3
2956	4	3
2957	0	3
2958	3	3
2959	5	3
2960	3	3
2961	0	3
2962	17	3
2964	1	3
2965	2	3
2966	2	3
2967	3	3
2968	2	3
2970	4	3
2971	0	3
2972	8	3
2973	0	3
2974	0	3
2975	0	3
2978	0	3
2979	7	3
2980	0	3
2981	14	3
2983	3	3
2984	0	3
2985	2	3
2986	1	3
2987	3	3
2988	7	3
2989	5	3
2990	0	3
2991	10	3
2993	5	3
2994	5	3
2995	10	3
2996	5	3
2997	12	3
2998	9	3
2999	2	3
3000	0	3
3001	0	3
3002	5	3
3003	3	3
3004	3	3
3005	0	3
3006	5	3
3007	11	3
3008	12	3
3009	6	3
3010	0	3
3011	4	3
3012	14	3
3013	0	3
3014	1	3
3015	14	3
3016	5	3
3017	0	3
3018	1	3
3019	6	3
3020	5	3
3021	0	3
3022	7	3
3023	0	3
3024	10	3
3026	2	3
3027	0	3
3028	9	3
3029	3	3
3030	7	3
3032	3	3
3033	16	3
3034	0	3
3035	2	3
3037	12	3
3039	1	3
3040	4	3
3041	1	3
3042	12	3
3045	0	3
3046	13	3
3048	0	3
3049	19	3
3050	4	3
3051	0	3
3052	45	3
3053	9	3
3054	0	3
3055	7	3
3056	6	3
3057	1	3
3059	1	3
3060	21	3
3061	13	3
3062	0	3
3064	0	3
3065	14	3
3066	1	3
3067	4	3
3068	11	3
3069	1	3
3070	8	3
3072	9	3
3073	1	3
3074	5	3
3075	19	3
3077	0	3
3078	7	3
3079	9	3
3080	9	3
3081	1	3
3082	4	3
3083	0	3
3084	12	3
3085	4	3
3087	5	3
3088	2	3
3089	19	3
3090	0	3
3091	2	3
3093	2	3
3094	11	3
3095	3	3
3096	6	3
3098	0	3
3100	5	3
3101	15	3
3102	9	3
3103	0	3
3104	2	3
3105	0	3
3106	6	3
3107	0	3
3108	0	3
3109	4	3
3110	9	3
3111	1	3
3113	1	3
3115	16	3
3116	1	3
3117	18	3
3120	4	3
3121	6	3
3122	1	3
3123	31	3
3125	3	3
3126	0	3
3127	3	3
3128	1	3
3129	0	3
3130	5	3
3131	0	3
3132	0	3
3133	4	3
3134	6	3
3135	7	3
3136	1	3
3137	18	3
3138	15	3
3139	9	3
3140	5	3
3141	8	3
3142	3	3
3143	7	3
3144	0	3
3145	2	3
3146	3	3
3147	0	3
3148	8	3
3149	0	3
3150	4	3
3151	21	3
3152	0	3
3153	5	3
3154	16	3
3155	28	3
3156	4	3
3157	4	3
3158	2	3
3159	7	3
3160	0	3
3161	37	3
3162	6	3
3164	21	3
3165	20	3
3166	1	3
3167	5	3
3168	0	3
3169	0	3
3170	12	3
3171	5	3
3172	4	3
3173	2	3
3174	4	3
3175	0	3
3176	0	3
3177	0	3
3178	13	3
3179	9	3
3180	0	3
3182	0	3
3183	13	3
3184	1	3
3185	4	3
3186	2	3
3187	0	3
3189	26	3
3190	1	3
3191	9	3
3192	7	3
3193	2	3
3194	11	3
3195	4	3
3196	1	3
3197	5	3
3198	10	3
3199	10	3
3200	23	3
3201	3	3
3204	1	3
3206	11	3
3208	6	3
3209	21	3
3213	3	3
3214	0	3
3215	2	3
3216	2	3
3218	0	3
3219	3	3
3220	8	3
3221	0	3
3222	0	3
3223	11	3
3224	6	3
3225	14	3
3226	6	3
3227	9	3
3228	9	3
3230	1	3
3231	9	3
3232	4	3
3233	5	3
3234	2	3
3235	9	3
3236	0	3
3237	15	3
3238	1	3
3239	8	3
3240	1	3
3241	0	3
3242	0	3
3244	5	3
3245	9	3
3247	17	3
3248	3	3
3249	5	3
3250	17	3
3251	4	3
3252	0	3
3253	0	3
3254	6	3
3255	1	3
3256	9	3
3257	2	3
3258	0	3
3259	11	3
3260	8	3
3261	22	3
3262	5	3
3263	6	3
3264	20	3
3265	14	3
3266	1	3
3268	0	3
3269	8	3
3270	2	3
3271	13	3
3272	1	3
3274	13	3
3275	0	3
3278	3	3
3279	0	3
3280	5	3
3281	0	3
3282	16	3
3283	12	3
3284	0	3
3285	2	3
3286	11	3
3287	2	3
3288	1	3
3289	2	3
3291	4	3
3292	4	3
3293	4	3
3294	2	3
3296	4	3
3297	0	3
3298	0	3
3299	17	3
3300	5	3
3301	4	3
3302	8	3
3303	12	3
3304	11	3
3305	0	3
3306	4	3
3307	7	3
3308	0	3
3309	4	3
3310	0	3
3311	2	3
3312	1	3
3313	1	3
3314	0	3
3315	19	3
3316	18	3
3317	11	3
3318	3	3
3319	7	3
3320	6	3
3321	2	3
3322	8	3
3323	0	3
3324	0	3
3325	3	3
3326	1	3
3328	4	3
3329	13	3
3330	5	3
3331	0	3
3332	1	3
3333	0	3
3334	14	3
3335	2	3
3336	0	3
3337	1	3
3338	8	3
3339	14	3
3340	9	3
3342	3	3
3343	12	3
3344	10	3
3345	1	3
3346	2	3
3347	7	3
3348	6	3
3350	5	3
3351	9	3
3352	6	3
3353	0	3
3354	20	3
3355	2	3
3356	8	3
3357	0	3
3358	11	3
3359	0	3
3360	0	3
3361	0	3
3362	0	3
3363	6	3
3364	2	3
3365	0	3
3366	3	3
3368	9	3
3370	16	3
3371	8	3
3372	0	3
3373	1	3
3374	5	3
3375	0	3
3376	3	3
3377	9	3
3378	15	3
3379	1	3
3380	7	3
3381	8	3
3382	2	3
3383	6	3
3384	0	3
3385	0	3
3386	0	3
3387	3	3
3388	2	3
3389	8	3
3390	9	3
3391	0	3
3392	0	3
3393	2	3
3395	1	3
3396	1	3
3398	3	3
3399	0	3
3400	17	3
3401	3	3
3403	0	3
3404	0	3
3405	0	3
3406	0	3
3407	4	3
3408	0	3
3409	16	3
3410	4	3
3411	7	3
3412	1	3
3413	5	3
3414	0	3
3416	3	3
3417	0	3
3418	2	3
3419	0	3
3421	4	3
3423	4	3
3424	1	3
3426	5	3
3429	20	3
3430	2	3
3431	11	3
3434	0	3
3435	4	3
3436	0	3
3437	10	3
3438	23	3
3439	8	3
3440	11	3
3441	16	3
3442	0	3
3443	1	3
3444	0	3
3445	2	3
3446	0	3
3447	21	3
3448	0	3
3449	3	3
3450	14	3
3451	9	3
3452	1	3
3453	0	3
3454	4	3
3455	0	3
3456	0	3
3457	6	3
3458	21	3
3459	2	3
3460	11	3
3462	0	3
3463	0	3
3464	0	3
3465	2	3
3466	0	3
3467	0	3
3468	0	3
3469	0	3
3470	2	3
3472	12	3
3473	0	3
3474	0	3
3475	0	3
3476	3	3
3477	28	3
3478	0	3
3479	0	3
3481	12	3
3482	0	3
3484	0	3
3485	0	3
3486	13	3
3487	6	3
3488	9	3
3489	4	3
3490	7	3
3492	1	3
3493	4	3
3494	19	3
3495	13	3
3496	2	3
3497	6	3
3498	0	3
3499	7	3
3501	0	3
3504	2	3
3505	0	3
3506	0	3
3507	9	3
3508	1	3
3509	6	3
3510	18	3
3511	2	3
3512	0	3
3513	7	3
3515	0	3
3516	16	3
3517	0	3
3519	4	3
3520	1	3
3521	0	3
3522	20	3
3524	3	3
3525	5	3
3526	0	3
3527	0	3
3528	1	3
3529	7	3
3530	0	3
3531	6	3
3532	15	3
3533	2	3
3534	5	3
3535	7	3
3537	0	3
3538	0	3
3539	0	3
3540	1	3
3541	0	3
3542	1	3
3543	7	3
3544	2	3
3545	8	3
3547	8	3
3548	20	3
3549	7	3
3550	2	3
3551	16	3
3552	0	3
3554	3	3
3555	28	3
3556	0	3
3557	0	3
3558	5	3
3560	1	3
3561	4	3
3562	7	3
3564	15	3
3565	2	3
3566	1	3
3567	9	3
3569	4	3
3570	0	3
3571	13	3
3573	0	3
3574	0	3
3576	0	3
3577	2	3
3578	13	3
3579	6	3
3581	5	3
3582	2	3
3583	11	3
3584	1	3
3585	8	3
3586	0	3
3587	0	3
3588	0	3
3589	11	3
3590	0	3
3591	5	3
3593	6	3
3594	3	3
3595	9	3
3596	6	3
3597	6	3
3599	0	3
3600	0	3
3601	7	3
3602	8	3
3603	10	3
3604	5	3
3605	5	3
3606	23	3
3607	3	3
3608	9	3
3609	2	3
3611	7	3
3612	0	3
3613	6	3
3614	4	3
3615	9	3
3616	11	3
3617	22	3
3618	8	3
3619	14	3
3620	7	3
3621	2	3
3622	12	3
3623	3	3
3624	11	3
3625	2	3
3626	6	3
3627	0	3
3628	5	3
3629	1	3
3630	0	3
3631	0	3
3632	0	3
3633	3	3
3634	8	3
3635	1	3
3636	8	3
3637	10	3
3638	6	3
3639	0	3
3640	2	3
3641	5	3
3642	1	3
3644	6	3
3645	8	3
3646	15	3
3647	7	3
3648	1	3
3649	0	3
3650	9	3
3652	7	3
3653	7	3
3655	0	3
3656	0	3
3657	0	3
3658	10	3
3659	1	3
3660	16	3
3661	3	3
3663	17	3
3664	17	3
3665	3	3
3666	1	3
3667	0	3
3668	8	3
3669	0	3
3670	6	3
3671	12	3
3672	0	3
3673	17	3
3674	10	3
3675	5	3
3676	9	3
3677	21	3
3678	20	3
3679	0	3
3680	10	3
3681	0	3
3682	0	3
3683	2	3
3684	0	3
3685	0	3
3686	37	3
3687	1	3
3688	0	3
3690	0	3
3691	0	3
3692	0	3
3693	2	3
3694	4	3
3695	3	3
3697	5	3
3698	0	3
3699	0	3
3700	0	3
3701	0	3
3702	17	3
3703	0	3
3704	1	3
3705	14	3
3706	6	3
3707	0	3
3708	4	3
3709	0	3
3710	6	3
3711	2	3
3712	0	3
3713	7	3
3714	0	3
3716	1	3
3717	5	3
3718	0	3
3719	1	3
3720	0	3
3721	19	3
3722	20	3
3723	0	3
3724	1	3
3725	0	3
3726	9	3
3727	1	3
3728	2	3
3729	4	3
3730	21	3
3731	1	3
3732	4	3
3733	0	3
3734	0	3
3735	5	3
3736	1	3
3737	4	3
3738	11	3
3739	13	3
3740	15	3
3742	1	3
3743	2	3
3744	12	3
3745	1	3
3746	0	3
3747	0	3
3748	0	3
3749	3	3
3753	0	3
3754	2	3
3755	6	3
3758	13	3
3760	0	3
3761	8	3
3762	9	3
3763	5	3
3764	0	3
3765	0	3
3767	0	3
3769	12	3
3770	4	3
3771	3	3
3772	12	3
3774	3	3
3775	10	3
3776	4	3
3777	8	3
3778	0	3
3779	10	3
3780	9	3
3781	1	3
3782	2	3
3785	1	3
3786	0	3
3787	4	3
3789	0	3
3790	6	3
3791	28	3
3793	2	3
3794	20	3
3795	28	3
3796	26	3
3797	0	3
3800	9	3
3801	0	3
3802	1	3
3803	10	3
3805	3	3
3806	19	3
3808	0	3
3809	1	3
3811	15	3
3813	22	3
3814	13	3
3815	13	3
3818	0	3
3819	0	3
3820	4	3
3821	4	3
3822	6	3
3823	20	3
3824	1	3
3825	0	3
3826	0	3
3828	0	3
3829	0	3
3830	3	3
3831	1	3
3832	4	3
3833	0	3
3834	1	3
3835	0	3
3836	14	3
3838	7	3
3839	2	3
3840	4	3
3841	7	3
3843	4	3
3844	2	3
3845	22	3
3846	1	3
3847	0	3
3848	1	3
3849	8	3
3851	0	3
3852	1	3
3853	2	3
3854	0	3
3855	5	3
3856	1	3
3857	12	3
3858	10	3
3859	2	3
3860	6	3
3861	1	3
3862	0	3
3863	9	3
3864	10	3
3865	12	3
3866	19	3
3867	0	3
3868	6	3
3869	5	3
3870	0	3
3871	0	3
3872	19	3
3873	0	3
3874	1	3
3875	0	3
3876	6	3
3877	1	3
3878	6	3
3879	8	3
3880	0	3
3881	0	3
3883	8	3
3884	13	3
3885	9	3
3886	1	3
3887	0	3
3888	0	3
3889	6	3
3890	12	3
3892	8	3
3893	7	3
3894	1	3
3895	0	3
3896	1	3
3897	0	3
3898	10	3
3899	3	3
3900	1	3
3901	2	3
3903	0	3
3904	5	3
3906	2	3
3907	10	3
3908	10	3
3909	30	3
3910	6	3
3911	1	3
3912	0	3
3913	4	3
3914	7	3
3915	0	3
3917	0	3
3919	8	3
3920	0	3
3922	0	3
3923	3	3
3924	0	3
3925	0	3
3926	6	3
3927	6	3
3929	2	3
3930	0	3
3932	8	3
3936	0	3
3937	5	3
3938	0	3
3939	17	3
3940	11	3
3942	4	3
3943	0	3
3944	6	3
3945	7	3
3946	5	3
3947	7	3
3948	0	3
3950	0	3
3951	0	3
3953	0	3
3954	0	3
3955	9	3
3956	0	3
3957	0	3
3958	0	3
3959	10	3
3960	0	3
3961	2	3
3962	4	3
3963	4	3
3964	1	3
3965	5	3
3966	1	3
3967	16	3
3968	14	3
3969	0	3
3970	4	3
3971	4	3
3972	10	3
3974	17	3
3975	0	3
3976	0	3
3977	5	3
3978	1	3
3979	4	3
3980	0	3
3981	32	3
3982	0	3
3983	5	3
3984	10	3
3985	4	3
3986	1	3
3987	0	3
3988	1	3
3989	12	3
3990	4	3
3992	7	3
3993	0	3
3994	4	3
3995	10	3
3996	2	3
3997	0	3
3998	0	3
3999	6	3
4000	1	3
4001	0	3
4003	2	3
4004	1	3
4005	0	3
4006	3	3
4007	6	3
4010	0	3
4012	11	3
4014	5	3
4015	9	3
4016	2	3
4017	15	3
4018	0	3
4019	0	3
4021	9	3
4022	5	3
4023	2	3
4024	10	3
4025	9	3
4026	0	3
4028	8	3
4029	8	3
4030	8	3
4031	0	3
4033	0	3
4034	0	3
4035	8	3
4036	4	3
4038	0	3
4039	0	3
4040	22	3
4041	0	3
4042	2	3
4043	9	3
4045	13	3
4047	6	3
4049	4	3
4050	0	3
4051	20	3
4052	8	3
4054	5	3
4058	0	3
4059	5	3
4060	6	3
4061	0	3
4063	0	3
4064	1	3
4065	1	3
4066	2	3
4067	6	3
4069	2	3
4070	0	3
4071	3	3
4072	0	3
4073	5	3
4074	1	3
4075	1	3
4076	18	3
4077	6	3
4078	0	3
4079	9	3
4081	20	3
4082	0	3
4083	10	3
4084	4	3
4085	3	3
4086	0	3
4087	4	3
4088	12	3
4089	13	3
4091	6	3
4092	9	3
4094	10	3
4095	4	3
4096	5	3
4097	0	3
4098	17	3
4099	14	3
4100	14	3
4101	9	3
4102	9	3
4104	3	3
4105	3	3
4106	14	3
4107	4	3
4108	0	3
4109	5	3
4110	14	3
4111	4	3
4112	20	3
4113	1	3
4114	1	3
4115	4	3
4117	5	3
4118	38	3
4119	0	3
4120	7	3
4121	12	3
4122	3	3
4123	1	3
4124	2	3
4125	1	3
4127	9	3
4128	16	3
4129	1	3
4130	0	3
4131	5	3
4132	8	3
4133	4	3
4134	5	3
4135	2	3
4136	0	3
4137	16	3
4139	0	3
4140	4	3
4141	9	3
4143	0	3
4144	13	3
4145	0	3
4146	15	3
4147	0	3
4148	9	3
4149	2	3
4150	23	3
4151	3	3
4152	3	3
4153	3	3
4155	20	3
4156	5	3
4159	0	3
4161	13	3
4162	0	3
4163	12	3
4164	7	3
4165	5	3
4167	0	3
4168	0	3
4169	4	3
4170	4	3
4171	0	3
4172	4	3
4173	1	3
4175	0	3
4176	0	3
4177	4	3
4178	2	3
4179	21	3
4181	0	3
4182	7	3
4183	10	3
4184	0	3
4185	6	3
4186	1	3
4187	4	3
4188	0	3
4189	0	3
4190	3	3
4191	7	3
4192	4	3
4193	6	3
4194	30	3
4195	15	3
4196	3	3
4197	3	3
4198	33	3
4199	27	3
4200	9	3
4201	0	3
4202	11	3
4203	19	3
4204	2	3
4205	2	3
4206	14	3
4207	0	3
4208	4	3
4209	4	3
4210	5	3
4211	0	3
4212	16	3
4213	1	3
4214	1	3
4216	0	3
4217	9	3
4218	3	3
4219	0	3
4220	1	3
4221	7	3
4222	14	3
4223	7	3
4225	15	3
4226	3	3
4227	2	3
4228	7	3
4229	2	3
4230	7	3
4231	11	3
4232	6	3
4233	0	3
4235	15	3
4236	0	3
4237	3	3
4238	1	3
4240	0	3
4241	2	3
4242	4	3
4244	1	3
4245	8	3
4246	0	3
4247	13	3
4248	0	3
4249	0	3
4250	1	3
4251	4	3
4252	0	3
4253	2	3
4254	11	3
4255	2	3
4256	0	3
4257	3	3
4258	1	3
4259	10	3
4260	8	3
4261	5	3
4262	2	3
4263	4	3
4264	16	3
4267	7	3
4269	14	3
4270	4	3
4271	1	3
4272	0	3
4274	0	3
4276	7	3
4277	11	3
4278	0	3
4279	4	3
4280	10	3
4281	3	3
4283	0	3
4284	6	3
4285	10	3
4287	7	3
4288	0	3
4289	8	3
4291	0	3
4292	0	3
4293	3	3
4295	1	3
4296	3	3
4298	6	3
4299	4	3
4300	6	3
4301	2	3
4302	2	3
4303	4	3
4304	6	3
4305	3	3
4307	0	3
4308	14	3
4309	3	3
4310	4	3
4311	0	3
4312	2	3
4313	0	3
4314	0	3
4317	12	3
4318	2	3
4319	1	3
4320	4	3
4321	10	3
4323	7	3
4325	15	3
4326	0	3
4327	0	3
4328	7	3
4329	0	3
4330	4	3
4331	0	3
4332	3	3
4333	10	3
4334	0	3
4335	0	3
4336	17	3
4337	15	3
4338	10	3
4339	5	3
4340	8	3
4341	9	3
4342	1	3
4343	10	3
4344	11	3
4345	5	3
4346	0	3
4347	2	3
4349	2	3
4350	0	3
4352	5	3
4353	6	3
4354	0	3
4355	22	3
4356	1	3
4357	18	3
4358	14	3
4359	4	3
4360	6	3
4362	11	3
4363	4	3
4365	0	3
4366	8	3
4367	10	3
4368	10	3
4369	1	3
4370	0	3
4371	0	3
4373	0	3
4374	8	3
4375	8	3
4376	7	3
4378	10	3
4379	17	3
4382	3	3
4383	28	3
4385	10	3
4386	0	3
4387	2	3
4388	13	3
4389	0	3
4390	8	3
4391	8	3
4392	4	3
4393	4	3
4396	0	3
4397	0	3
4398	4	3
4399	0	3
4401	3	3
4402	7	3
4403	0	3
4404	0	3
4405	13	3
4406	2	3
4407	8	3
4408	7	3
4409	12	3
4410	11	3
4411	6	3
4412	4	3
4413	7	3
4414	10	3
4415	1	3
4416	0	3
4417	0	3
4418	8	3
4419	0	3
4420	11	3
4421	0	3
4422	3	3
4423	7	3
4424	0	3
4425	35	3
4426	19	3
4427	10	3
4428	3	3
4429	1	3
4430	27	3
4432	2	3
4433	12	3
4434	20	3
4435	10	3
4438	1	3
4439	0	3
4441	8	3
4442	2	3
4443	16	3
4444	0	3
4445	8	3
4446	8	3
4447	1	3
4448	23	3
4449	1	3
4450	3	3
4451	17	3
4452	1	3
4453	15	3
4454	10	3
4455	2	3
4456	2	3
4457	1	3
4458	1	3
4460	0	3
4462	5	3
4463	6	3
4464	0	3
4465	18	3
4466	0	3
4467	0	3
4468	14	3
4469	1	3
4471	1	3
4472	9	3
4473	8	3
4474	8	3
4475	8	3
4476	0	3
4477	2	3
4478	17	3
4479	4	3
4482	5	3
4483	0	3
4485	0	3
4486	11	3
4487	0	3
4488	17	3
4489	1	3
4490	6	3
4491	11	3
4492	0	3
4493	11	3
4494	5	3
4495	1	3
4496	3	3
4497	2	3
4498	0	3
4499	4	3
4501	15	3
4502	0	3
4503	16	3
4504	8	3
4505	2	3
4507	0	3
4508	0	3
4509	15	3
4510	14	3
4511	2	3
4512	14	3
4513	0	3
4514	14	3
4515	4	3
4516	6	3
4517	0	3
4518	6	3
4519	12	3
4520	0	3
4521	3	3
4522	3	3
4524	0	3
4525	3	3
4526	2	3
4528	15	3
4529	10	3
4530	8	3
4534	5	3
4535	10	3
4536	8	3
4537	15	3
4539	0	3
4542	3	3
4543	1	3
4544	0	3
4545	1	3
4546	3	3
4547	7	3
4548	0	3
4549	3	3
4551	2	3
4552	0	3
4553	3	3
4554	17	3
4557	11	3
4558	15	3
4559	5	3
4561	2	3
4562	4	3
4563	2	3
4564	7	3
4565	0	3
4566	3	3
4567	9	3
4568	0	3
4569	3	3
4570	12	3
4571	23	3
4572	1	3
4573	2	3
4574	0	3
4575	2	3
4577	5	3
4578	10	3
4579	0	3
4581	3	3
4582	9	3
4583	0	3
4584	2	3
4586	4	3
4587	8	3
4588	9	3
4589	5	3
4590	8	3
4591	0	3
4592	0	3
4593	8	3
4594	2	3
4595	0	3
4596	15	3
4597	0	3
4598	0	3
4599	5	3
4601	0	3
4602	0	3
4603	5	3
4604	0	3
4605	4	3
4606	15	3
4607	0	3
4608	16	3
4610	2	3
4611	6	3
4613	1	3
4615	17	3
4616	6	3
4617	3	3
4618	13	3
4619	2	3
4621	1	3
4622	6	3
4623	0	3
4624	4	3
4626	7	3
4628	21	3
4629	5	3
4630	0	3
4631	5	3
4632	0	3
4633	15	3
4634	10	3
4635	1	3
4636	3	3
4637	0	3
4638	18	3
4639	1	3
4642	7	3
4643	5	3
4644	4	3
4645	0	3
4646	13	3
4647	0	3
4648	5	3
4649	18	3
4650	4	3
4651	0	3
4652	3	3
4653	5	3
4655	13	3
4656	0	3
4657	18	3
4658	13	3
4659	1	3
4660	0	3
4661	4	3
4662	5	3
4664	0	3
4665	2	3
4666	0	3
4667	8	3
4669	4	3
4670	0	3
4671	10	3
4672	1	3
4673	6	3
4674	9	3
4675	23	3
4676	0	3
4677	0	3
4678	7	3
4681	6	3
4682	8	3
4683	10	3
4684	15	3
4685	7	3
4686	13	3
4687	4	3
4688	0	3
4689	1	3
4690	7	3
4691	8	3
4692	9	3
4693	2	3
4695	0	3
4697	4	3
4698	9	3
4700	6	3
4702	9	3
4703	0	3
4704	15	3
4705	0	3
4706	3	3
4707	15	3
4709	15	3
4710	9	3
4711	0	3
4712	4	3
4713	10	3
4714	4	3
4715	3	3
4716	2	3
4717	10	3
4718	4	3
4720	3	3
4721	16	3
4722	0	3
4723	5	3
4724	0	3
4725	11	3
4727	2	3
4728	33	3
4729	2	3
4730	23	3
4731	8	3
4732	5	3
4733	1	3
4735	7	3
4736	0	3
4737	22	3
4738	6	3
4739	2	3
4740	5	3
4741	18	3
4742	0	3
4743	0	3
4745	0	3
4746	4	3
4747	3	3
4748	2	3
4749	8	3
4750	3	3
4751	2	3
4752	9	3
4753	0	3
4754	2	3
4755	0	3
4756	1	3
4757	1	3
4759	5	3
4760	1	3
4761	0	3
4762	3	3
4764	3	3
4765	8	3
4766	5	3
4767	17	3
4768	0	3
4769	0	3
4770	4	3
4771	1	3
4772	13	3
4773	10	3
4774	1	3
4775	3	3
4776	9	3
4777	0	3
4779	3	3
4780	6	3
4781	0	3
4782	4	3
4783	5	3
4784	7	3
4785	15	3
4786	10	3
4787	0	3
4789	5	3
4790	0	3
4791	1	3
4792	2	3
4795	13	3
4796	4	3
4797	8	3
4798	9	3
4799	12	3
4801	8	3
4802	5	3
4803	7	3
4804	9	3
4806	3	3
4807	3	3
4808	0	3
4809	8	3
4810	0	3
4812	0	3
4813	1	3
4814	0	3
4815	2	3
4816	0	3
4818	0	3
4819	15	3
4820	0	3
4821	9	3
4822	1	3
4823	15	3
4824	1	3
4825	1	3
4826	3	3
4827	0	3
4828	0	3
4829	3	3
4831	0	3
4832	4	3
4833	0	3
4834	1	3
4836	11	3
4837	0	3
4838	7	3
4839	16	3
4840	2	3
4841	0	3
4842	6	3
4843	0	3
4844	14	3
4846	0	3
4847	0	3
4848	0	3
4849	6	3
4850	4	3
4851	6	3
4853	5	3
4855	0	3
4856	4	3
4857	4	3
4858	0	3
4859	5	3
4860	0	3
4861	0	3
4863	2	3
4864	2	3
4866	7	3
4868	11	3
4869	1	3
4870	1	3
4871	0	3
4873	9	3
4875	6	3
4876	8	3
4877	0	3
4878	15	3
4879	7	3
4880	0	3
4881	2	3
4882	10	3
4884	14	3
4885	4	3
4886	0	3
4887	0	3
4888	1	3
4889	17	3
4891	9	3
4892	12	3
4893	3	3
4894	14	3
4895	0	3
4896	1	3
4897	10	3
4898	5	3
4900	6	3
4901	0	3
4903	4	3
4904	1	3
4906	1	3
4907	21	3
4908	0	3
4910	0	3
4911	1	3
4912	10	3
4913	4	3
4914	5	3
4915	11	3
4917	0	3
4918	9	3
4919	9	3
4920	16	3
4921	13	3
4922	0	3
4923	1	3
4924	0	3
4925	5	3
4926	0	3
4929	0	3
4931	1	3
4932	0	3
4933	5	3
4934	8	3
4935	6	3
4936	3	3
4937	23	3
4938	25	3
4939	0	3
4940	2	3
4941	4	3
4942	7	3
4943	4	3
4944	6	3
4945	6	3
4947	3	3
4948	0	3
4949	20	3
4950	2	3
4951	0	3
4952	11	3
4953	0	3
4954	0	3
4956	0	3
4957	4	3
4958	7	3
4959	26	3
4960	0	3
4961	1	3
4962	16	3
4963	3	3
4964	2	3
4965	7	3
4966	5	3
4967	9	3
4968	0	3
4969	0	3
4970	0	3
4971	12	3
4972	5	3
4973	2	3
4974	1	3
4975	5	3
4977	6	3
4978	12	3
4979	20	3
4980	8	3
4981	0	3
4983	1	3
4984	0	3
4985	4	3
4987	2	3
4989	0	3
4991	10	3
4992	11	3
4993	0	3
4994	0	3
4995	3	3
4996	13	3
4997	3	3
4998	4	3
5000	11	3
5001	2	3
5002	7	3
5003	4	3
5004	11	3
5005	1	3
5006	2	3
5007	0	3
5009	2	3
5010	0	3
5011	30	3
5012	6	3
5013	12	3
5014	9	3
5015	3	3
5016	7	3
5017	5	3
5018	0	3
5019	0	3
5020	13	3
5021	3	3
5022	0	3
5023	0	3
5024	0	3
5025	2	3
5026	6	3
5028	2	3
5030	8	3
5031	6	3
5032	0	3
5033	6	3
5034	0	3
5036	2	3
5037	4	3
5038	1	3
5039	1	3
5040	0	3
5042	6	3
5043	10	3
5045	0	3
5046	10	3
5047	0	3
5048	5	3
5049	0	3
5051	1	3
5052	14	3
5053	0	3
5054	2	3
5055	0	3
5056	2	3
5057	10	3
5058	0	3
5059	3	3
5060	4	3
5061	9	3
5062	12	3
5063	0	3
5065	0	3
5066	6	3
5067	0	3
5068	7	3
5069	2	3
5070	0	3
5071	0	3
5072	4	3
5073	3	3
5074	2	3
5075	2	3
5076	1	3
5077	7	3
5078	12	3
5079	5	3
5080	2	3
5081	0	3
5082	1	3
5083	6	3
5084	0	3
5086	1	3
5087	8	3
5088	5	3
5089	2	3
5090	13	3
5091	4	3
5092	3	3
5093	0	3
5094	3	3
5095	6	3
5097	2	3
5099	1	3
5100	12	3
5101	12	3
5102	1	3
5103	7	3
5105	4	3
5106	1	3
5107	4	3
5108	0	3
5109	6	3
5110	4	3
5111	0	3
5112	8	3
5113	1	3
5115	2	3
5116	5	3
5117	0	3
5118	1	3
5119	2	3
5120	7	3
5121	7	3
5122	3	3
5123	6	3
5124	5	3
5125	0	3
5126	0	3
5127	6	3
5128	6	3
5129	4	3
5130	5	3
5131	4	3
5132	1	3
5133	6	3
5134	0	3
5135	2	3
5136	0	3
5137	5	3
5138	2	3
5139	8	3
5140	5	3
5141	12	3
5142	12	3
5143	4	3
5144	11	3
5145	0	3
5146	9	3
5147	4	3
5148	4	3
5149	1	3
5150	13	3
5151	6	3
5152	4	3
5153	17	3
5154	0	3
5155	0	3
5156	2	3
5158	0	3
5159	19	3
5160	19	3
5161	0	3
5163	3	3
5164	0	3
5165	4	3
5166	9	3
5167	0	3
5168	0	3
5169	7	3
5170	2	3
5171	7	3
5172	0	3
5173	0	3
5174	4	3
5175	2	3
5176	5	3
5177	0	3
5178	4	3
5179	12	3
5180	3	3
5181	2	3
5182	5	3
5186	2	3
5187	18	3
5188	0	3
5190	0	3
5191	4	3
5192	15	3
5193	13	3
5194	0	3
5197	1	3
5199	4	3
5200	7	3
5201	3	3
5202	6	3
5203	7	3
5204	14	3
5205	11	3
5206	0	3
5207	2	3
5208	8	3
5209	24	3
5210	1	3
5211	0	3
5212	5	3
5214	6	3
5215	4	3
5216	0	3
5217	7	3
5218	10	3
5220	22	3
5221	1	3
5222	1	3
5224	10	3
5225	5	3
5226	6	3
5228	6	3
5229	2	3
5230	0	3
5231	0	3
5232	2	3
5233	4	3
5235	0	3
5236	0	3
5237	34	3
5238	8	3
5239	8	3
5240	25	3
5241	7	3
5242	0	3
5243	3	3
5244	4	3
5245	6	3
5246	14	3
5247	2	3
5249	0	3
5250	0	3
5251	0	3
5252	0	3
5253	2	3
5254	5	3
5255	0	3
5256	0	3
5257	0	3
5258	20	3
5259	8	3
5260	0	3
5261	5	3
5262	7	3
5264	5	3
5265	8	3
5266	0	3
5267	0	3
5268	4	3
5269	7	3
5270	1	3
5271	9	3
5273	5	3
5275	7	3
5276	2	3
5277	0	3
5278	4	3
5279	2	3
5280	5	3
5281	0	3
5282	0	3
5283	2	3
5285	17	3
5286	3	3
5287	0	3
5288	9	3
5289	9	3
5292	17	3
5293	0	3
5294	3	3
5295	0	3
5296	0	3
5297	9	3
5298	15	3
5299	9	3
5300	14	3
5301	6	3
5302	16	3
5303	0	3
5304	4	3
5305	17	3
5306	3	3
5307	8	3
5308	9	3
5309	0	3
5310	11	3
5311	0	3
5312	9	3
5313	0	3
5314	20	3
5315	0	3
5316	8	3
5317	5	3
5319	9	3
5321	1	3
5322	4	3
5323	8	3
5324	1	3
5327	4	3
5328	10	3
5329	6	3
5330	0	3
5331	1	3
5332	0	3
5333	0	3
5334	3	3
5335	7	3
5337	2	3
5338	14	3
5339	2	3
5340	2	3
5342	1	3
5343	7	3
5344	5	3
5346	0	3
5347	6	3
5348	0	3
5349	0	3
5350	3	3
5351	8	3
5352	11	3
5353	8	3
5354	0	3
5355	1	3
5356	1	3
5358	23	3
5359	0	3
5360	8	3
5361	4	3
5362	3	3
5363	8	3
5364	9	3
5366	10	3
5367	2	3
5368	0	3
5369	4	3
5370	3	3
5371	0	3
5373	7	3
5374	19	3
5375	6	3
5376	8	3
5377	5	3
5380	0	3
5381	2	3
5382	10	3
5383	4	3
5384	13	3
5385	0	3
5386	17	3
5387	3	3
5389	1	3
5390	2	3
5391	2	3
5392	3	3
5393	7	3
5394	3	3
5397	10	3
5398	0	3
5399	1	3
5400	0	3
5401	6	3
5402	0	3
5403	0	3
5404	7	3
5405	11	3
5406	0	3
5408	10	3
5409	2	3
5410	5	3
5411	4	3
5412	1	3
5414	13	3
5415	7	3
5418	16	3
5419	18	3
5420	3	3
5421	0	3
5422	6	3
5423	0	3
5424	6	3
5425	0	3
5427	3	3
5428	8	3
5429	2	3
5430	5	3
5431	16	3
5433	7	3
5434	6	3
5435	7	3
5436	0	3
5438	6	3
5439	27	3
5440	0	3
5441	11	3
5442	9	3
5443	3	3
5444	18	3
5445	12	3
5446	2	3
5448	4	3
5449	11	3
5450	0	3
5451	11	3
5452	0	3
5453	5	3
5455	2	3
5456	10	3
5457	0	3
5458	25	3
5460	2	3
5461	8	3
5462	2	3
5463	11	3
5465	7	3
5467	1	3
5469	7	3
5470	14	3
5471	7	3
5472	0	3
5473	6	3
5474	0	3
5476	0	3
5478	5	3
5480	0	3
5481	11	3
5482	0	3
5483	0	3
5484	20	3
5485	9	3
5487	0	3
5488	0	3
5489	2	3
5490	0	3
5491	0	3
5492	0	3
5493	6	3
5494	0	3
5495	6	3
5496	4	3
5497	4	3
5498	6	3
5499	2	3
5500	7	3
5501	2	3
5502	0	3
5503	14	3
5504	0	3
5505	11	3
5506	5	3
5507	1	3
5508	9	3
5509	1	3
5510	11	3
5511	0	3
5512	12	3
5513	8	3
5514	11	3
5515	11	3
5516	13	3
5517	21	3
5518	1	3
5519	9	3
5520	1	3
5521	12	3
5522	11	3
5523	5	3
5524	1	3
5525	5	3
5526	12	3
5527	4	3
5528	4	3
5529	13	3
5530	15	3
5531	2	3
5532	4	3
5533	1	3
5534	5	3
5535	11	3
5536	4	3
5537	11	3
5538	9	3
5539	7	3
5540	2	3
5541	6	3
5542	0	3
5543	2	3
5544	1	3
5545	7	3
5546	23	3
5547	0	3
5548	2	3
5549	0	3
5551	5	3
5552	9	3
5553	3	3
5554	9	3
5555	17	3
5556	3	3
5557	0	3
5558	6	3
5559	0	3
5560	4	3
5561	7	3
5562	8	3
5563	8	3
5564	2	3
5565	2	3
5566	5	3
5567	11	3
5568	12	3
5569	0	3
5570	5	3
5571	6	3
5572	7	3
5573	10	3
5575	2	3
5576	9	3
5577	6	3
5578	7	3
5579	3	3
5580	5	3
5581	0	3
5582	14	3
5583	4	3
5584	1	3
5585	3	3
5586	2	3
5587	12	3
5588	4	3
5589	14	3
5590	4	3
5591	0	3
5592	0	3
5593	0	3
5594	10	3
5595	5	3
5597	0	3
5598	0	3
5599	0	3
5601	0	3
5602	2	3
5603	19	3
5604	1	3
5605	27	3
5606	0	3
5607	0	3
5608	0	3
5609	2	3
5611	0	3
5612	0	3
5614	0	3
5615	29	3
5617	4	3
5618	5	3
5619	2	3
5620	9	3
5621	2	3
5622	9	3
5623	0	3
5624	2	3
5626	0	3
5629	0	3
5630	16	3
5631	0	3
5632	4	3
5633	0	3
5634	20	3
5635	0	3
5636	20	3
5637	7	3
5638	19	3
5639	19	3
5640	2	3
5642	7	3
5644	0	3
5647	16	3
5648	0	3
5649	0	3
5650	1	3
5651	0	3
5652	9	3
5653	16	3
5654	0	3
5655	10	3
5656	0	3
5657	6	3
5658	1	3
5659	1	3
5660	2	3
5661	0	3
5662	4	3
5664	23	3
5665	6	3
5666	1	3
5667	0	3
5669	12	3
5670	3	3
5671	0	3
5672	1	3
5673	18	3
5674	0	3
5675	10	3
5676	1	3
5677	0	3
5678	0	3
5679	4	3
5680	16	3
5681	10	3
5682	0	3
5684	0	3
5685	0	3
5686	0	3
5687	4	3
5688	10	3
5689	0	3
5690	0	3
5691	4	3
5692	1	3
5693	0	3
5694	1	3
5696	4	3
5697	4	3
5698	11	3
5699	3	3
5700	13	3
5701	3	3
5702	9	3
5703	0	3
5704	5	3
5705	4	3
5706	2	3
5707	3	3
5708	6	3
5709	0	3
5710	0	3
5711	0	3
5712	3	3
5713	2	3
5714	2	3
5715	0	3
5716	0	3
5717	17	3
5718	8	3
5720	2	3
5721	16	3
5722	14	3
5723	16	3
5724	9	3
5725	0	3
5726	7	3
5727	4	3
5728	0	3
5729	1	3
5730	2	3
5731	6	3
5732	0	3
5733	4	3
5734	3	3
5736	6	3
5737	0	3
5738	2	3
5739	16	3
5740	5	3
5741	0	3
5742	5	3
5743	0	3
5744	6	3
5747	0	3
5748	4	3
5750	3	3
5751	6	3
5752	0	3
5753	0	3
5754	2	3
5755	0	3
5756	10	3
5757	1	3
5758	0	3
5760	0	3
5761	0	3
5762	2	3
5763	5	3
5764	0	3
5765	8	3
5766	2	3
5767	4	3
5768	10	3
5769	6	3
5770	7	3
5771	31	3
5775	0	3
5777	10	3
5778	0	3
5780	3	3
5781	3	3
5782	10	3
5783	0	3
5784	7	3
5785	0	3
5787	16	3
5788	0	3
5789	0	3
5790	3	3
5791	1	3
5792	0	3
5793	16	3
5794	7	3
5795	12	3
5796	5	3
5797	2	3
5798	8	3
5799	11	3
5800	0	3
5801	5	3
5802	0	3
5803	6	3
5804	1	3
5805	0	3
5806	8	3
5807	22	3
5808	2	3
5809	1	3
5810	0	3
5811	0	3
5812	1	3
5813	6	3
5814	4	3
5815	2	3
5816	4	3
5817	11	3
5818	0	3
5819	0	3
5820	12	3
5821	0	3
5822	0	3
5824	2	3
5825	22	3
5826	5	3
5827	0	3
5828	0	3
5829	3	3
5830	14	3
5832	19	3
5833	6	3
5834	2	3
5835	6	3
5836	1	3
5837	0	3
5838	0	3
5839	2	3
5840	7	3
5841	6	3
5842	2	3
5843	4	3
5845	5	3
5846	0	3
5847	24	3
5848	3	3
5849	3	3
5850	1	3
5851	26	3
5853	20	3
5854	7	3
5855	8	3
5856	0	3
5858	5	3
5860	1	3
5861	8	3
5862	3	3
5864	0	3
5865	1	3
5866	8	3
5867	4	3
5868	0	3
5869	1	3
5870	8	3
5871	3	3
5872	6	3
5873	1	3
5874	5	3
5876	0	3
5877	26	3
5878	12	3
5879	0	3
5880	0	3
5881	0	3
5882	15	3
5883	0	3
5884	8	3
5885	2	3
5887	4	3
5888	0	3
5890	6	3
5892	0	3
5894	2	3
5896	0	3
5897	1	3
5898	4	3
5899	0	3
5900	7	3
5901	3	3
5902	0	3
5903	5	3
5904	6	3
5906	17	3
5907	3	3
5909	4	3
5910	6	3
5911	0	3
5912	0	3
5913	5	3
5915	0	3
5916	1	3
5917	1	3
5918	3	3
5919	0	3
5922	9	3
5923	6	3
5924	8	3
5925	0	3
5926	1	3
5927	14	3
5928	0	3
5929	10	3
5930	10	3
5932	22	3
5933	9	3
5935	0	3
5936	4	3
5937	0	3
5938	0	3
5939	13	3
5940	0	3
5941	20	3
5942	0	3
5943	0	3
5945	7	3
5946	4	3
5947	4	3
5948	0	3
5949	18	3
5950	7	3
5951	0	3
5952	3	3
5954	2	3
5955	6	3
5956	7	3
5957	0	3
5958	5	3
5959	0	3
5960	1	3
5961	4	3
5962	21	3
5964	1	3
5965	2	3
5966	12	3
5968	5	3
5969	4	3
5970	2	3
5971	10	3
5972	8	3
5973	10	3
5974	1	3
5975	2	3
5976	9	3
5977	1	3
5978	10	3
5979	0	3
5980	1	3
5981	25	3
5982	0	3
5983	2	3
5984	12	3
5985	0	3
5986	2	3
5987	6	3
5988	0	3
5989	0	3
5990	5	3
5991	1	3
5992	2	3
5993	0	3
5994	21	3
5996	1	3
5997	8	3
5998	10	3
6001	11	3
6002	0	3
6003	0	3
6004	0	3
6005	8	3
6008	3	3
6009	0	3
6011	17	3
6012	12	3
6014	6	3
6015	0	3
6016	18	3
6018	16	3
6019	5	3
6020	8	3
6021	17	3
6022	0	3
6023	19	3
6024	2	3
6026	4	3
6027	4	3
6028	3	3
6029	16	3
6030	5	3
6032	9	3
6033	5	3
6036	6	3
6037	19	3
6038	0	3
6039	14	3
6040	6	3
6041	3	3
6042	4	3
6043	1	3
6044	6	3
6045	9	3
6046	10	3
6047	14	3
6048	1	3
6049	3	3
6050	0	3
6051	12	3
6052	0	3
6053	0	3
6054	10	3
6056	1	3
6058	3	3
6059	12	3
6060	0	3
6061	0	3
6062	0	3
6063	0	3
6064	1	3
6065	2	3
6066	7	3
6067	18	3
6068	3	3
6069	0	3
6070	4	3
6071	5	3
6072	3	3
6073	3	3
6074	0	3
6075	0	3
6076	18	3
6077	0	3
6078	10	3
6079	3	3
6080	3	3
6081	3	3
6082	0	3
6083	6	3
6084	3	3
6085	0	3
6086	0	3
6087	4	3
6088	3	3
6090	5	3
6091	0	3
6092	0	3
6093	0	3
6094	12	3
6095	3	3
6096	7	3
6097	8	3
6098	12	3
6099	2	3
6100	0	3
6101	3	3
6102	5	3
6103	5	3
6104	3	3
6105	7	3
6106	3	3
6107	10	3
6108	16	3
6109	2	3
6110	1	3
6111	2	3
6112	0	3
6113	1	3
6114	0	3
6115	5	3
6116	0	3
6118	2	3
6119	0	3
6121	0	3
6122	7	3
6123	3	3
6124	8	3
6125	0	3
6126	4	3
6130	5	3
6131	1	3
6132	0	3
6133	0	3
6134	14	3
6135	0	3
6136	10	3
6137	0	3
6138	4	3
6139	11	3
6140	0	3
6141	1	3
6142	3	3
6145	16	3
6146	0	3
6147	0	3
6148	0	3
6149	0	3
6150	1	3
6152	10	3
6154	1	3
6156	0	3
6158	9	3
6159	4	3
6160	0	3
6161	15	3
6162	23	3
6163	1	3
6164	7	3
6165	0	3
6166	22	3
6167	0	3
6168	2	3
6169	0	3
6170	5	3
6171	0	3
6172	4	3
6174	6	3
6175	7	3
6176	2	3
6178	0	3
6180	10	3
6181	0	3
6183	8	3
6184	0	3
6185	1	3
6186	4	3
6187	0	3
6188	10	3
6189	22	3
6190	10	3
6191	5	3
6192	9	3
6193	0	3
6194	0	3
6195	2	3
6196	6	3
6198	3	3
6199	0	3
6200	1	3
6201	11	3
6202	0	3
6203	1	3
6204	13	3
6205	0	3
6206	5	3
6207	0	3
6208	24	3
6209	0	3
6210	3	3
6211	7	3
6212	4	3
6213	2	3
6214	2	3
6215	0	3
6216	8	3
6217	10	3
6218	0	3
6219	0	3
6221	4	3
6222	11	3
6224	2	3
6225	1	3
6226	20	3
6227	9	3
6228	4	3
6229	0	3
6230	0	3
6231	0	3
6232	7	3
6233	0	3
6234	11	3
6235	3	3
6236	0	3
6237	2	3
6238	1	3
6239	9	3
6240	1	3
6241	3	3
6242	0	3
6243	0	3
6244	7	3
6245	3	3
6246	7	3
6247	4	3
6249	10	3
6250	0	3
6251	4	3
6253	0	3
6254	1	3
6255	9	3
6256	4	3
6257	16	3
6258	0	3
6259	1	3
6260	1	3
6261	3	3
6262	1	3
6263	7	3
6264	0	3
6265	5	3
6266	4	3
6267	12	3
6268	10	3
6270	7	3
6271	1	3
6272	3	3
6275	0	3
6276	6	3
6277	3	3
6278	1	3
6279	1	3
6280	0	3
6281	1	3
6282	7	3
6283	0	3
6284	15	3
6285	4	3
6286	0	3
6287	14	3
6288	10	3
6289	1	3
6290	0	3
6291	11	3
6292	15	3
6293	1	3
6294	8	3
6295	0	3
6297	11	3
6298	14	3
6299	1	3
6301	9	3
6302	0	3
6303	1	3
6304	8	3
6305	3	3
6306	7	3
6307	9	3
6309	0	3
6310	0	3
6311	0	3
6312	3	3
6313	0	3
6314	1	3
6315	0	3
6316	9	3
6317	0	3
6318	6	3
6319	2	3
6320	0	3
6321	4	3
6322	16	3
6323	4	3
6324	0	3
6325	0	3
6326	12	3
6327	1	3
6328	0	3
6329	0	3
6330	14	3
6331	4	3
6333	6	3
6334	4	3
6336	4	3
6337	13	3
6338	0	3
6340	1	3
6341	5	3
6342	8	3
6344	0	3
6345	0	3
6346	7	3
6347	0	3
6348	0	3
6349	12	3
6350	15	3
6351	12	3
6352	4	3
6353	8	3
6354	10	3
6355	0	3
6356	0	3
6357	2	3
6359	0	3
6360	2	3
6361	10	3
6364	11	3
6365	0	3
6367	9	3
6368	0	3
6369	2	3
6370	13	3
6371	7	3
6372	0	3
6373	8	3
6374	13	3
6375	0	3
6376	7	3
6378	4	3
6379	0	3
6380	5	3
6382	6	3
6383	0	3
6384	4	3
6386	2	3
6389	0	3
6390	3	3
6391	11	3
6392	0	3
6393	1	3
6394	2	3
6395	3	3
6396	9	3
6397	0	3
6398	1	3
6399	1	3
6400	0	3
6401	3	3
6402	4	3
6403	0	3
6404	7	3
6405	15	3
6406	0	3
6407	0	3
6408	0	3
6409	1	3
6410	3	3
6411	10	3
6412	3	3
6413	5	3
6414	3	3
6415	0	3
6417	1	3
6418	7	3
6420	2	3
6421	5	3
6422	0	3
6425	9	3
6426	12	3
6427	0	3
6428	0	3
6429	10	3
6430	0	3
6431	3	3
6432	0	3
6433	9	3
6434	0	3
6435	10	3
6436	5	3
6437	0	3
6438	0	3
6439	4	3
6441	0	3
6442	3	3
6443	7	3
6445	7	3
6446	0	3
6448	1	3
6449	15	3
6451	0	3
6452	0	3
6453	1	3
6455	3	3
6456	0	3
6457	8	3
6458	1	3
6459	3	3
6460	0	3
6461	0	3
6462	5	3
6463	9	3
6464	11	3
6465	2	3
6466	8	3
6468	5	3
6469	0	3
6470	0	3
6472	0	3
6473	19	3
6474	0	3
6475	4	3
6476	6	3
6477	11	3
6479	4	3
6480	5	3
6481	0	3
6483	4	3
6484	15	3
6485	4	3
6486	4	3
6487	13	3
6488	0	3
6489	5	3
6490	0	3
6491	0	3
6492	5	3
6493	5	3
6495	2	3
6496	1	3
6497	0	3
6498	2	3
6499	0	3
6500	1	3
6501	0	3
6502	17	3
6503	5	3
6505	11	3
6506	4	3
6507	7	3
6508	0	3
6509	0	3
6510	0	3
6511	3	3
6512	6	3
6513	7	3
6514	3	3
6515	6	3
6516	15	3
6517	0	3
6519	4	3
6520	6	3
6521	2	3
6522	12	3
6523	2	3
6524	1	3
6525	4	3
6526	6	3
6527	0	3
6528	5	3
6529	0	3
6531	3	3
6532	1	3
6533	7	3
6534	19	3
6535	6	3
6536	10	3
6537	0	3
6539	6	3
6540	4	3
6541	9	3
6542	12	3
6543	1	3
6544	7	3
6545	17	3
6546	0	3
6547	8	3
6548	7	3
6549	0	3
6550	8	3
6551	0	3
6552	11	3
6553	0	3
6555	26	3
6556	5	3
6557	3	3
6559	0	3
6560	0	3
6561	0	3
6562	9	3
6563	15	3
6564	16	3
6566	0	3
6567	3	3
6569	9	3
6570	0	3
6571	9	3
6572	5	3
6573	2	3
6574	6	3
6575	1	3
6576	8	3
6577	3	3
6578	6	3
6579	5	3
6580	3	3
6581	0	3
6582	26	3
6583	7	3
6584	6	3
6585	6	3
6587	14	3
6588	2	3
6589	9	3
6590	16	3
6591	5	3
6592	2	3
6593	22	3
6594	12	3
6595	0	3
6596	0	3
6597	4	3
6598	0	3
6600	9	3
6601	0	3
6603	3	3
6604	4	3
6605	5	3
6606	0	3
6607	0	3
6608	4	3
6611	6	3
6612	7	3
6613	12	3
6614	10	3
6616	1	3
6617	1	3
6618	9	3
6619	6	3
6620	14	3
6621	7	3
6622	0	3
6623	0	3
6624	0	3
6625	4	3
6627	7	3
6628	0	3
6630	1	3
6631	0	3
6632	0	3
6633	3	3
6635	0	3
6637	0	3
6638	2	3
6641	3	3
6642	17	3
6643	0	3
6644	3	3
6645	3	3
6646	1	3
6647	0	3
6648	2	3
6650	3	3
6651	1	3
6652	15	3
6653	15	3
6654	0	3
6655	2	3
6656	12	3
6657	1	3
6658	1	3
6660	0	3
6661	3	3
6662	30	3
6664	4	3
6665	0	3
6667	17	3
6669	2	3
6670	0	3
6671	14	3
6672	2	3
6673	0	3
6674	0	3
6675	19	3
6676	0	3
6677	11	3
6679	2	3
6680	6	3
6682	0	3
6683	13	3
6684	0	3
6685	4	3
6686	16	3
6687	0	3
6688	0	3
6689	4	3
6690	0	3
6691	0	3
6692	0	3
6693	6	3
6694	0	3
6695	12	3
6696	4	3
6697	22	3
6698	3	3
6699	3	3
6700	2	3
6701	3	3
6702	0	3
6703	7	3
6704	0	3
6705	0	3
6706	4	3
6708	19	3
6709	0	3
6711	4	3
6712	11	3
6713	7	3
6714	9	3
6715	0	3
6716	4	3
6717	6	3
6718	23	3
6719	0	3
6720	3	3
6721	0	3
6722	0	3
6723	8	3
6724	0	3
6725	9	3
6726	3	3
6729	1	3
6730	9	3
6733	2	3
6734	0	3
6735	0	3
6736	0	3
6737	1	3
6738	22	3
6739	11	3
6740	7	3
6741	0	3
6743	8	3
6744	0	3
6745	0	3
6746	0	3
6747	0	3
6748	2	3
6749	7	3
6750	11	3
6751	0	3
6752	1	3
6753	5	3
6754	7	3
6755	2	3
6756	0	3
6757	0	3
6758	10	3
6759	3	3
6760	10	3
6761	2	3
6762	2	3
6763	14	3
6764	3	3
6765	10	3
6767	0	3
6768	15	3
6770	0	3
6771	0	3
6772	6	3
6773	1	3
6774	0	3
6775	8	3
6777	0	3
6778	0	3
6779	5	3
6781	11	3
6782	3	3
6783	1	3
6785	18	3
6786	0	3
6787	3	3
6788	7	3
6789	4	3
6790	2	3
6791	0	3
6792	2	3
6793	0	3
6794	1	3
6795	2	3
6796	4	3
6797	8	3
6798	0	3
6799	0	3
6800	25	3
6802	0	3
6803	0	3
6804	15	3
6805	0	3
6806	0	3
6807	0	3
6808	1	3
6809	0	3
6810	0	3
6812	7	3
6813	11	3
6814	0	3
6816	0	3
6817	5	3
6818	7	3
6819	0	3
6820	6	3
6821	15	3
6822	11	3
6823	1	3
6824	7	3
6826	1	3
6827	0	3
6828	0	3
6829	0	3
6830	8	3
6833	8	3
6834	5	3
6835	0	3
6836	1	3
6837	16	3
6840	3	3
6841	0	3
6842	5	3
6843	23	3
6844	1	3
6845	11	3
6847	4	3
6848	5	3
6849	0	3
6850	11	3
6851	1	3
6852	12	3
6853	0	3
6855	3	3
6856	15	3
6857	1	3
6858	7	3
6860	6	3
6862	8	3
6863	7	3
6864	7	3
6865	13	3
6866	0	3
6867	5	3
6868	0	3
6869	9	3
6871	0	3
6873	0	3
6874	0	3
6875	0	3
6876	7	3
6877	3	3
6878	0	3
6879	0	3
6880	6	3
6882	0	3
6883	0	3
6884	0	3
6885	0	3
6886	0	3
6887	12	3
6888	0	3
6889	0	3
6890	5	3
6891	0	3
6892	12	3
6893	0	3
6894	2	3
6895	3	3
6896	2	3
6897	0	3
6898	6	3
6899	0	3
6900	0	3
6901	8	3
6903	0	3
6905	4	3
6906	43	3
6908	0	3
6909	0	3
6910	0	3
6911	0	3
6912	0	3
6913	4	3
6914	0	3
6915	13	3
6916	1	3
6918	0	3
6919	7	3
6920	0	3
6921	0	3
6923	2	3
6924	1	3
6925	6	3
6926	3	3
6928	1	3
6929	2	3
6930	24	3
6931	0	3
6932	0	3
6933	2	3
6934	7	3
6936	2	3
6937	0	3
6938	4	3
6939	11	3
6942	0	3
6943	9	3
6944	0	3
6945	9	3
6946	19	3
6947	24	3
6948	9	3
6949	14	3
6950	7	3
6951	10	3
6952	3	3
6953	4	3
6954	2	3
6955	18	3
6956	7	3
6957	4	3
6958	2	3
6959	0	3
6960	2	3
6961	22	3
6962	21	3
6963	2	3
6964	23	3
6965	0	3
6966	6	3
6967	3	3
6968	3	3
6969	0	3
6970	1	3
6972	1	3
6973	2	3
6975	14	3
6977	3	3
6978	8	3
6979	2	3
6980	6	3
6981	15	3
6982	0	3
6983	0	3
6984	2	3
6985	0	3
6986	2	3
6987	11	3
6988	0	3
6989	15	3
6990	0	3
6991	0	3
6992	7	3
6993	0	3
6994	6	3
6995	3	3
6996	2	3
6997	13	3
6998	21	3
6999	2	3
7000	0	3
7001	10	3
7002	0	3
7003	0	3
7004	12	3
7005	4	3
7006	10	3
7007	1	3
7009	15	3
7010	8	3
7011	5	3
7012	0	3
7013	13	3
7014	5	3
7016	31	3
7017	1	3
7018	17	3
7019	2	3
7022	6	3
7023	8	3
7024	3	3
7025	8	3
7026	4	3
7028	18	3
7029	0	3
7031	3	3
7032	9	3
7033	3	3
7034	6	3
7036	0	3
7038	10	3
7039	0	3
7040	2	3
7041	0	3
7042	5	3
7045	25	3
7046	8	3
7047	0	3
7049	1	3
7050	8	3
7051	1	3
7052	1	3
7053	3	3
7054	2	3
7055	18	3
7056	0	3
7057	2	3
7058	0	3
7059	0	3
7060	0	3
7061	7	3
7062	6	3
7063	0	3
7064	5	3
7065	0	3
7066	9	3
7067	7	3
7068	0	3
7071	23	3
7073	1	3
7074	9	3
7076	3	3
7077	4	3
7078	7	3
7079	6	3
7080	0	3
7081	5	3
7083	6	3
7084	5	3
7085	21	3
7086	3	3
7087	0	3
7089	7	3
7090	2	3
7091	0	3
7092	10	3
7093	4	3
7094	0	3
7096	0	3
7097	7	3
7098	5	3
7099	0	3
7100	0	3
7101	4	3
7102	0	3
7103	9	3
7104	3	3
7105	6	3
7107	6	3
7109	3	3
7110	0	3
7111	7	3
7112	0	3
7113	4	3
7114	13	3
7116	0	3
7117	5	3
7118	13	3
7119	13	3
7120	0	3
7121	2	3
7122	0	3
7123	6	3
7124	0	3
7125	7	3
7126	10	3
7127	7	3
7128	7	3
7129	12	3
7130	2	3
7131	4	3
7132	12	3
7133	14	3
7134	1	3
7135	4	3
7136	6	3
7137	3	3
7138	2	3
7139	4	3
7140	2	3
7142	10	3
7143	7	3
7145	0	3
7146	0	3
7147	0	3
7148	3	3
7149	3	3
7150	1	3
7151	2	3
7152	0	3
7153	5	3
7155	0	3
7156	2	3
7157	0	3
7158	15	3
7159	0	3
7160	2	3
7161	0	3
7163	0	3
7164	8	3
7165	5	3
7166	0	3
7167	2	3
7168	1	3
7169	3	3
7171	11	3
7172	0	3
7173	0	3
7174	7	3
7176	6	3
7177	2	3
7178	3	3
7181	3	3
7182	8	3
7183	11	3
7185	15	3
7186	4	3
7187	6	3
7189	6	3
7190	14	3
7191	0	3
7192	0	3
7193	5	3
7194	3	3
7195	3	3
7196	16	3
7197	0	3
7198	6	3
7199	0	3
7200	0	3
7201	24	3
7202	8	3
7203	23	3
7204	7	3
7206	1	3
7207	1	3
7208	4	3
7209	0	3
7210	0	3
7211	0	3
7212	9	3
7213	2	3
7214	0	3
7215	3	3
7216	0	3
7217	0	3
7218	1	3
7219	4	3
7220	9	3
7221	3	3
7222	17	3
7223	0	3
7224	0	3
7225	1	3
7226	3	3
7227	3	3
7228	7	3
7229	9	3
7230	0	3
7231	3	3
7232	7	3
7233	8	3
7234	0	3
7235	1	3
7236	2	3
7237	4	3
7238	1	3
7239	0	3
7240	5	3
7241	1	3
7242	20	3
7243	10	3
7244	12	3
7246	0	3
7247	9	3
7248	5	3
7249	16	3
7250	7	3
7252	0	3
7253	8	3
7254	2	3
7256	0	3
7257	4	3
7258	2	3
7259	0	3
7260	2	3
7262	7	3
7263	3	3
7264	3	3
7265	5	3
7266	20	3
7267	13	3
7268	2	3
7269	2	3
7270	3	3
7271	1	3
7272	5	3
7273	0	3
7275	21	3
7276	14	3
7278	9	3
7279	2	3
7280	3	3
7281	4	3
7283	6	3
7284	9	3
7286	15	3
7287	15	3
7288	0	3
7289	6	3
7290	0	3
7292	0	3
7293	10	3
7295	7	3
7297	9	3
7298	0	3
7302	0	3
7303	1	3
7304	5	3
7305	12	3
7306	6	3
7307	5	3
7308	1	3
7309	4	3
7310	21	3
7311	19	3
7312	9	3
7313	9	3
7314	3	3
7316	1	3
7317	0	3
7318	0	3
7319	2	3
7320	0	3
7322	5	3
7323	6	3
7324	1	3
7325	2	3
7326	6	3
7327	10	3
7328	0	3
7329	4	3
7330	3	3
7331	15	3
7332	3	3
7333	12	3
7334	11	3
7335	17	3
7336	5	3
7337	11	3
7338	3	3
7339	1	3
7340	9	3
7341	0	3
7342	0	3
7343	17	3
7344	6	3
7345	0	3
7346	24	3
7347	3	3
7348	6	3
7349	11	3
7350	2	3
7351	2	3
7352	4	3
7356	5	3
7357	5	3
7358	6	3
7360	0	3
7361	6	3
7362	4	3
7364	2	3
7365	6	3
7366	4	3
7367	0	3
7368	24	3
7369	1	3
7370	10	3
7371	0	3
7372	0	3
7373	10	3
7374	8	3
7375	0	3
7376	12	3
7377	3	3
7378	6	3
7379	2	3
7380	0	3
7381	1	3
7382	0	3
7386	3	3
7387	11	3
7388	10	3
7389	5	3
7390	5	3
7391	6	3
7393	4	3
7394	16	3
7395	5	3
7396	15	3
7397	0	3
7398	14	3
7399	4	3
7400	0	3
7401	0	3
7402	4	3
7404	6	3
7405	3	3
7406	0	3
7409	12	3
7410	18	3
7411	5	3
7412	0	3
7413	0	3
7414	0	3
7415	0	3
7416	0	3
7417	9	3
7418	0	3
7419	0	3
7421	0	3
7422	4	3
7423	4	3
7424	0	3
7425	4	3
7426	12	3
7427	7	3
7428	2	3
7429	0	3
7430	2	3
7431	12	3
7432	0	3
7433	0	3
7435	0	3
7436	11	3
7437	5	3
7440	0	3
7441	11	3
7442	0	3
7443	1	3
7444	4	3
7445	0	3
7446	2	3
7447	0	3
7449	8	3
7450	6	3
7451	2	3
7452	11	3
7453	6	3
7454	0	3
7455	0	3
7456	3	3
7457	7	3
7458	9	3
7459	0	3
7461	11	3
7462	2	3
7463	2	3
7464	2	3
7465	3	3
7466	23	3
7467	10	3
7468	8	3
7470	3	3
7471	14	3
7472	0	3
7473	0	3
7474	27	3
7475	10	3
7476	1	3
7477	3	3
7478	0	3
7481	4	3
7482	5	3
7483	4	3
7485	3	3
7486	6	3
7487	3	3
7489	1	3
7490	8	3
7491	6	3
7493	0	3
7494	0	3
7495	6	3
7497	0	3
7498	6	3
7499	4	3
7500	7	3
7501	0	3
7503	10	3
7505	2	3
7506	0	3
7507	0	3
7508	5	3
7509	0	3
7510	9	3
7511	9	3
7512	6	3
7513	17	3
7515	11	3
7516	0	3
7517	3	3
7518	4	3
7519	3	3
7520	13	3
7521	5	3
7522	0	3
7523	20	3
7524	0	3
7525	9	3
7526	8	3
7528	1	3
7529	0	3
7530	5	3
7531	0	3
7532	9	3
7533	0	3
7534	1	3
7535	2	3
7536	1	3
7539	11	3
7540	1	3
7541	0	3
7542	13	3
7543	4	3
7544	5	3
7545	8	3
7546	0	3
7547	18	3
7548	7	3
7549	16	3
7550	8	3
7551	0	3
7552	14	3
7553	0	3
7554	0	3
7556	1	3
7557	3	3
7558	6	3
7559	6	3
7560	5	3
7561	3	3
7563	5	3
7564	9	3
7565	15	3
7566	4	3
7567	0	3
7568	7	3
7569	20	3
7570	4	3
7571	3	3
7572	0	3
7573	0	3
7574	1	3
7575	7	3
7577	14	3
7578	0	3
7579	16	3
7580	0	3
7581	10	3
7582	21	3
7583	4	3
7584	4	3
7585	10	3
7586	4	3
7587	5	3
7588	0	3
7589	0	3
7590	0	3
7591	0	3
7593	0	3
7594	6	3
7595	17	3
7596	0	3
7597	7	3
7598	0	3
7599	5	3
7600	0	3
7601	8	3
7602	0	3
7603	2	3
7604	0	3
7605	0	3
7607	14	3
7608	0	3
7609	3	3
7611	0	3
7612	29	3
7615	13	3
7616	35	3
7617	0	3
7618	0	3
7619	1	3
7620	12	3
7621	11	3
7622	13	3
7623	10	3
7624	5	3
7625	0	3
7626	0	3
7627	15	3
7629	0	3
7630	0	3
7631	0	3
7632	6	3
7633	8	3
7634	2	3
7637	0	3
7638	0	3
7639	1	3
7640	2	3
7642	0	3
7643	1	3
7644	0	3
7645	10	3
7646	0	3
7647	13	3
7649	5	3
7651	8	3
7653	3	3
7655	12	3
7656	4	3
7657	13	3
7658	16	3
7659	0	3
7660	4	3
7661	8	3
7662	15	3
7663	3	3
7664	3	3
7665	11	3
7667	4	3
7668	0	3
7669	1	3
7670	6	3
7671	1	3
7672	10	3
7673	7	3
7674	1	3
7675	7	3
7676	8	3
7677	4	3
7679	0	3
7680	0	3
7681	1	3
7682	0	3
7683	0	3
7684	2	3
7685	9	3
7686	11	3
7687	9	3
7688	3	3
7689	2	3
7690	9	3
7691	18	3
7692	4	3
7693	0	3
7695	13	3
7696	25	3
7697	0	3
7699	1	3
7700	0	3
7701	2	3
7703	0	3
7704	0	3
7705	0	3
7706	16	3
7707	0	3
7709	0	3
7710	1	3
7712	0	3
7713	2	3
7714	2	3
7715	6	3
7717	9	3
7718	1	3
7719	1	3
7720	8	3
7722	3	3
7723	1	3
7724	4	3
7725	14	3
7726	8	3
7729	0	3
7730	0	3
7731	0	3
7732	0	3
7733	6	3
7734	13	3
7738	0	3
7739	4	3
7740	5	3
7741	0	3
7742	5	3
7743	0	3
7744	1	3
7745	5	3
7746	6	3
7747	2	3
7748	3	3
7749	13	3
7750	4	3
7751	4	3
7752	17	3
7753	6	3
7756	11	3
7757	14	3
7758	0	3
7759	6	3
7760	16	3
7761	0	3
7762	4	3
7763	5	3
7765	2	3
7766	10	3
7767	14	3
7768	10	3
7769	6	3
7770	2	3
7772	15	3
7774	2	3
7775	4	3
7776	6	3
7777	7	3
7779	11	3
7780	9	3
7781	1	3
7782	18	3
7784	3	3
7786	8	3
7788	2	3
7789	0	3
7790	2	3
7792	0	3
7794	1	3
7795	0	3
7796	0	3
7797	0	3
7798	1	3
7799	0	3
7800	5	3
7801	0	3
7802	0	3
7803	6	3
7804	0	3
7805	3	3
7806	0	3
7807	0	3
7808	5	3
7809	0	3
7811	0	3
7812	9	3
7813	0	3
7816	9	3
7817	16	3
7818	0	3
7819	2	3
7820	5	3
7821	8	3
7822	14	3
7823	4	3
7824	0	3
7825	1	3
7826	0	3
7827	23	3
7828	1	3
7829	0	3
7830	6	3
7831	1	3
7833	5	3
7834	2	3
7835	0	3
7836	0	3
7838	22	3
7839	5	3
7840	0	3
7841	8	3
7842	13	3
7843	4	3
7844	18	3
7845	0	3
7847	0	3
7848	16	3
7849	5	3
7850	11	3
7851	7	3
7852	0	3
7853	3	3
7855	21	3
7856	20	3
7857	6	3
7858	4	3
7860	0	3
7861	2	3
7862	2	3
7864	6	3
7865	5	3
7866	0	3
7867	2	3
7868	15	3
7869	7	3
7870	3	3
7871	10	3
7874	5	3
7875	0	3
7876	27	3
7877	6	3
7878	1	3
7879	1	3
7880	15	3
7881	4	3
7882	0	3
7883	0	3
7885	0	3
7886	3	3
7888	1	3
7889	0	3
7890	0	3
7892	5	3
7893	3	3
7894	14	3
7895	0	3
7896	2	3
7897	19	3
7898	4	3
7899	7	3
7900	11	3
7901	0	3
7902	16	3
7904	20	3
7905	18	3
7906	7	3
7907	0	3
7909	0	3
7910	7	3
7911	0	3
7912	5	3
7913	0	3
7914	3	3
7915	3	3
7916	6	3
7917	2	3
7918	0	3
7919	13	3
7920	0	3
7921	9	3
7922	3	3
7923	1	3
7924	0	3
7925	0	3
7926	7	3
7927	20	3
7928	4	3
7929	0	3
7930	5	3
7931	10	3
7932	2	3
7933	0	3
7934	0	3
7935	0	3
7936	4	3
7937	16	3
7938	0	3
7939	0	3
7940	1	3
7941	0	3
7942	0	3
7944	1	3
7945	18	3
7946	6	3
7947	16	3
7948	0	3
7949	10	3
7950	6	3
7953	5	3
7954	7	3
7955	3	3
7956	3	3
7957	4	3
7959	0	3
7961	5	3
7962	0	3
7964	0	3
7966	21	3
7967	7	3
7968	0	3
7969	2	3
7970	4	3
7971	7	3
7972	7	3
7973	0	3
7975	0	3
7976	0	3
7977	17	3
7978	7	3
7979	17	3
7980	0	3
7981	5	3
7982	4	3
7983	5	3
7984	21	3
7985	9	3
7986	0	3
7987	16	3
7988	0	3
7989	1	3
7990	0	3
7991	10	3
7992	4	3
7994	12	3
7995	19	3
7998	5	3
7999	0	3
8000	21	3
8001	3	3
8002	9	3
8003	0	3
8004	7	3
8005	11	3
8006	2	3
8007	32	3
8008	3	3
8009	0	3
8010	0	3
8011	0	3
8012	6	3
8013	11	3
8014	1	3
8015	1	3
8017	3	3
8019	5	3
8020	0	3
8021	0	3
8022	6	3
8023	9	3
8026	7	3
8027	0	3
8028	14	3
8029	8	3
8030	6	3
8031	5	3
8032	5	3
8033	10	3
8034	15	3
8035	25	3
8036	0	3
8037	0	3
8038	0	3
8040	5	3
8041	7	3
8042	10	3
8043	16	3
8044	2	3
8046	1	3
8047	11	3
8048	15	3
8049	0	3
8050	0	3
8051	0	3
8053	3	3
8054	0	3
8055	2	3
8056	0	3
8057	8	3
8058	0	3
8060	0	3
8061	0	3
8062	1	3
8063	1	3
8065	2	3
8066	9	3
8067	0	3
8068	0	3
8069	3	3
8070	2	3
8072	0	3
8074	1	3
8075	5	3
8076	3	3
8077	3	3
8078	2	3
8079	10	3
8080	0	3
8081	13	3
8083	2	3
8084	9	3
8085	5	3
8086	7	3
8087	0	3
8088	2	3
8089	3	3
8090	3	3
8091	0	3
8093	13	3
8094	6	3
8095	4	3
8096	0	3
8097	1	3
8098	0	3
8099	3	3
8100	1	3
8101	6	3
8102	1	3
8103	1	3
8104	8	3
8105	0	3
8106	4	3
8109	1	3
8110	33	3
8111	2	3
8112	0	3
8113	4	3
8114	0	3
8115	8	3
8116	10	3
8117	0	3
8118	0	3
8119	30	3
8120	10	3
8122	1	3
8123	17	3
8125	0	3
8126	3	3
8127	0	3
8128	13	3
8129	0	3
8130	1	3
8131	3	3
8132	5	3
8133	1	3
8134	5	3
8135	0	3
8137	4	3
8138	4	3
8139	17	3
8140	4	3
8141	0	3
8143	1	3
8144	8	3
8146	9	3
8147	3	3
8148	0	3
8149	0	3
8150	8	3
8151	12	3
8152	3	3
8153	10	3
8154	0	3
8155	0	3
8157	5	3
8159	0	3
8160	6	3
8162	11	3
8163	8	3
8165	5	3
8166	1	3
8167	7	3
8168	0	3
8169	1	3
8170	11	3
8171	1	3
8172	33	3
8173	0	3
8175	0	3
8176	3	3
8177	2	3
8178	1	3
8179	7	3
8180	14	3
8181	37	3
8182	11	3
8183	0	3
8184	0	3
8185	0	3
8186	8	3
8187	4	3
8188	3	3
8189	1	3
8190	20	3
8191	1	3
8192	1	3
8194	2	3
8195	1	3
8196	0	3
8197	16	3
8199	6	3
8200	5	3
8201	6	3
8202	1	3
8204	10	3
8205	0	3
8206	7	3
8207	3	3
8209	4	3
8210	0	3
8212	3	3
8213	2	3
8215	2	3
8216	6	3
8219	1	3
8221	2	3
8222	18	3
8223	8	3
8224	0	3
8225	8	3
8226	8	3
8227	4	3
8228	2	3
8229	0	3
8230	0	3
8232	2	3
8233	4	3
8234	4	3
8235	21	3
8236	3	3
8237	30	3
8238	8	3
8239	2	3
8240	0	3
8241	8	3
8242	5	3
8244	0	3
8245	3	3
8246	0	3
8247	11	3
8249	0	3
8250	23	3
8251	0	3
8252	17	3
8253	2	3
8254	0	3
8255	4	3
8256	3	3
8257	5	3
8259	2	3
8260	0	3
8261	10	3
8263	3	3
8264	7	3
8266	4	3
8267	11	3
8268	9	3
8270	15	3
8271	3	3
8272	0	3
8274	6	3
8276	13	3
8277	0	3
8278	2	3
8279	16	3
8280	11	3
8282	1	3
8283	11	3
8284	0	3
8285	7	3
8286	6	3
8289	0	3
8290	0	3
8291	1	3
8292	24	3
8293	3	3
8294	4	3
8295	1	3
8296	3	3
8297	2	3
8298	15	3
8299	0	3
8300	8	3
8301	11	3
8302	1	3
8304	6	3
8305	15	3
8306	0	3
8307	0	3
8308	3	3
8309	0	3
8310	15	3
8311	5	3
8312	9	3
8313	4	3
8314	2	3
8315	1	3
8316	0	3
8318	25	3
8319	0	3
8322	1	3
8323	10	3
8324	1	3
8325	0	3
8327	4	3
8328	12	3
8329	7	3
8330	4	3
8331	0	3
8332	4	3
8333	4	3
8334	0	3
8335	2	3
8336	0	3
8337	5	3
8338	0	3
8339	12	3
8340	7	3
8341	13	3
8342	5	3
8343	0	3
8344	0	3
8345	0	3
8346	4	3
8347	2	3
8348	5	3
8349	12	3
8350	0	3
8351	14	3
8352	14	3
8353	6	3
8354	7	3
8355	22	3
8356	2	3
8357	0	3
8358	3	3
8359	4	3
8360	11	3
8361	10	3
8362	1	3
8363	9	3
8365	0	3
8366	0	3
8367	0	3
8368	2	3
8371	15	3
8372	4	3
8373	1	3
8374	10	3
8375	7	3
8379	4	3
8381	1	3
8382	6	3
8383	0	3
8385	1	3
8386	0	3
8387	0	3
8388	10	3
8389	0	3
8390	2	3
8391	4	3
8393	2	3
8395	1	3
8396	1	3
8397	0	3
8399	6	3
8400	0	3
8401	0	3
8402	5	3
8403	9	3
8404	0	3
8405	19	3
8407	0	3
8408	0	3
8409	2	3
8410	0	3
8411	2	3
8414	0	3
8415	6	3
8416	11	3
8417	2	3
8418	8	3
8419	3	3
8420	0	3
8421	2	3
8422	6	3
8423	0	3
8424	1	3
8425	14	3
8426	0	3
8427	5	3
8428	0	3
8429	13	3
8430	9	3
8431	11	3
8432	0	3
8433	12	3
8434	7	3
8435	0	3
8436	1	3
8437	10	3
8438	16	3
8440	0	3
8441	6	3
8442	6	3
8443	0	3
8445	14	3
8447	5	3
8448	7	3
8449	0	3
8450	19	3
8451	13	3
8453	0	3
8454	2	3
8455	6	3
8456	12	3
8457	5	3
8458	5	3
8460	3	3
8461	0	3
8462	2	3
8463	7	3
8464	1	3
8465	21	3
8466	1	3
8467	14	3
8468	3	3
8469	9	3
8472	0	3
8473	8	3
8474	0	3
8476	5	3
8477	6	3
8478	5	3
8479	9	3
8480	0	3
8483	14	3
8484	3	3
8485	9	3
8488	2	3
8490	1	3
8491	18	3
8492	22	3
8493	4	3
8496	16	3
8497	13	3
8498	3	3
8501	0	3
8502	0	3
8503	4	3
8505	9	3
8506	4	3
8507	0	3
8509	9	3
8510	8	3
8511	2	3
8512	5	3
8513	0	3
8514	1	3
8515	4	3
8516	3	3
8517	0	3
8518	1	3
8519	1	3
8520	11	3
8521	0	3
8522	3	3
8523	6	3
8525	5	3
8526	5	3
8529	2	3
8530	3	3
8531	7	3
8532	6	3
8533	0	3
8534	7	3
8535	13	3
8536	0	3
8537	2	3
8538	1	3
8540	3	3
8541	8	3
8543	1	3
8544	4	3
8545	0	3
8546	9	3
8547	12	3
8548	2	3
8549	25	3
8550	18	3
8551	3	3
8552	0	3
8554	4	3
8555	2	3
8556	13	3
8557	1	3
8558	15	3
8559	11	3
8560	2	3
8563	12	3
8565	10	3
8566	3	3
8567	9	3
8568	3	3
8571	0	3
8572	23	3
8573	0	3
8574	2	3
8576	19	3
8577	17	3
8578	8	3
8579	0	3
8580	27	3
8581	1	3
8582	8	3
8583	2	3
8584	12	3
8585	1	3
8586	0	3
8587	0	3
8588	12	3
8590	10	3
8591	3	3
8592	6	3
8593	5	3
8594	4	3
8595	0	3
8596	0	3
8597	9	3
8598	8	3
8599	0	3
8603	0	3
8604	5	3
8605	2	3
8606	4	3
8607	6	3
8608	0	3
8609	8	3
8610	2	3
8611	7	3
8612	8	3
8613	4	3
8614	7	3
8615	19	3
8616	7	3
8617	7	3
8618	6	3
8619	4	3
8620	6	3
8621	0	3
8622	0	3
8623	0	3
8624	6	3
8626	1	3
8627	1	3
8629	2	3
8630	10	3
8631	0	3
8632	9	3
8633	0	3
8634	10	3
8635	0	3
8636	0	3
8637	12	3
8638	8	3
8639	7	3
8640	0	3
8642	0	3
8643	0	3
8644	2	3
8645	0	3
8646	1	3
8647	14	3
8648	10	3
8649	1	3
8650	4	3
8651	13	3
8652	0	3
8653	1	3
8655	21	3
8656	5	3
8657	4	3
8658	5	3
8659	8	3
8660	5	3
8662	12	3
8664	4	3
8665	0	3
8666	3	3
8668	3	3
8669	10	3
8670	0	3
8671	12	3
8672	0	3
8673	1	3
8674	2	3
8675	8	3
8676	7	3
8677	0	3
8678	0	3
8680	13	3
8681	9	3
8682	0	3
8683	4	3
8684	5	3
8685	10	3
8686	0	3
8687	1	3
8688	0	3
8689	3	3
8690	18	3
8691	16	3
8692	0	3
8693	8	3
8694	1	3
8695	0	3
8697	3	3
8698	8	3
8699	24	3
8700	6	3
8701	19	3
8703	4	3
8704	12	3
8705	6	3
8706	1	3
8707	0	3
8708	1	3
8709	14	3
8710	3	3
8711	3	3
8712	0	3
8713	9	3
8714	0	3
8715	0	3
8716	4	3
8717	3	3
8718	16	3
8719	4	3
8720	5	3
8721	4	3
8722	21	3
8723	0	3
8724	16	3
8725	3	3
8726	6	3
8727	0	3
8728	2	3
8729	10	3
8730	0	3
8731	5	3
8732	0	3
8733	0	3
8734	3	3
8735	0	3
8736	6	3
8737	7	3
8738	0	3
8739	0	3
8740	0	3
8741	10	3
8742	11	3
8743	2	3
8745	10	3
8747	5	3
8748	7	3
8749	7	3
8750	8	3
8751	0	3
8752	4	3
8753	4	3
8754	0	3
8755	9	3
8757	15	3
8758	0	3
8759	19	3
8760	4	3
8761	6	3
8762	4	3
8763	6	3
8764	0	3
8766	6	3
8770	3	3
8771	0	3
8772	4	3
8773	5	3
8774	6	3
8775	3	3
8776	9	3
8777	4	3
8778	14	3
8779	4	3
8780	0	3
8781	0	3
8782	5	3
8784	5	3
8785	9	3
8786	0	3
8787	8	3
8788	0	3
8790	0	3
8791	0	3
8792	2	3
8794	0	3
8795	0	3
8796	1	3
8798	13	3
8799	0	3
8800	1	3
8801	12	3
8802	12	3
8803	21	3
8804	0	3
8805	16	3
8806	11	3
8808	3	3
8809	15	3
8810	0	3
8811	3	3
8813	13	3
8814	4	3
8815	1	3
8816	7	3
8819	2	3
8820	0	3
8821	0	3
8823	7	3
8824	3	3
8826	6	3
8827	0	3
8828	0	3
8829	0	3
8830	6	3
8831	5	3
8834	4	3
8835	6	3
8836	0	3
8837	0	3
8838	9	3
8839	5	3
8840	3	3
8841	0	3
8844	6	3
8845	5	3
8846	8	3
8847	0	3
8848	1	3
8849	17	3
8850	4	3
8851	3	3
8852	1	3
8853	0	3
8854	5	3
8855	0	3
8856	1	3
8857	3	3
8859	0	3
8860	13	3
8861	8	3
8862	4	3
8863	11	3
8864	1	3
8865	7	3
8866	9	3
8867	1	3
8868	5	3
8869	2	3
8871	4	3
8872	0	3
8873	5	3
8875	7	3
8876	13	3
8877	0	3
8878	8	3
8879	5	3
8880	1	3
8881	1	3
8882	0	3
8883	0	3
8884	11	3
8885	2	3
8886	8	3
8888	0	3
8889	13	3
8890	1	3
8891	7	3
8892	9	3
8893	0	3
8894	0	3
8895	1	3
8896	12	3
8897	2	3
8898	9	3
8899	10	3
8903	6	3
8904	6	3
8905	6	3
8906	0	3
8907	5	3
8908	3	3
8909	10	3
8910	6	3
8911	2	3
8913	9	3
8914	12	3
8915	24	3
8916	12	3
8918	15	3
8920	4	3
8921	0	3
8922	9	3
8923	0	3
8925	1	3
8926	22	3
8927	6	3
8929	0	3
8930	0	3
8931	0	3
8932	0	3
8933	4	3
8934	15	3
8935	0	3
8936	2	3
8937	5	3
8938	6	3
8939	11	3
8940	9	3
8941	0	3
8942	0	3
8943	10	3
8944	0	3
8945	0	3
8947	3	3
8948	22	3
8950	0	3
8951	8	3
8952	14	3
8954	0	3
8955	0	3
8956	15	3
8957	1	3
8958	0	3
8959	0	3
8960	0	3
8961	10	3
8962	0	3
8963	22	3
8964	0	3
8965	10	3
8966	3	3
8967	0	3
8969	8	3
8970	1	3
8971	1	3
8972	1	3
8973	4	3
8974	17	3
8975	2	3
8977	0	3
8978	5	3
8979	12	3
8981	5	3
8982	0	3
8984	2	3
8985	3	3
8986	0	3
8987	1	3
8988	2	3
8989	5	3
8990	12	3
8991	0	3
8992	7	3
8993	8	3
8994	9	3
8995	13	3
8996	15	3
8997	0	3
8999	4	3
9000	3	3
9001	3	3
9002	11	3
9003	29	3
9004	5	3
9005	0	3
9006	0	3
9007	10	3
9008	12	3
9009	4	3
9010	1	3
9012	0	3
9013	1	3
9014	15	3
9016	0	3
9017	1	3
9018	1	3
9019	1	3
9020	10	3
9021	4	3
9022	6	3
9023	1	3
9024	16	3
9025	6	3
9026	4	3
9027	3	3
9028	8	3
9029	5	3
9030	6	3
9031	1	3
9032	0	3
9033	4	3
9034	13	3
9035	4	3
9036	29	3
9038	0	3
9039	18	3
9040	13	3
9041	7	3
9042	2	3
9043	3	3
9044	9	3
9046	2	3
9047	13	3
9049	2	3
9050	10	3
9051	0	3
9052	0	3
9053	1	3
9054	11	3
9056	0	3
9057	2	3
9058	15	3
9059	7	3
9060	9	3
9061	2	3
9062	3	3
9063	5	3
9064	6	3
9065	4	3
9066	6	3
9067	0	3
9068	20	3
9069	6	3
9070	2	3
9071	8	3
9072	8	3
9076	3	3
9077	0	3
9078	0	3
9079	0	3
9080	9	3
9081	3	3
9082	22	3
9083	0	3
9084	0	3
9085	0	3
9086	1	3
9087	4	3
9088	0	3
9089	0	3
9091	4	3
9092	4	3
9093	7	3
9094	14	3
9095	8	3
9096	7	3
9097	9	3
9099	21	3
9100	3	3
9102	2	3
9103	6	3
9104	11	3
9105	0	3
9106	10	3
9107	21	3
9108	2	3
9109	5	3
9110	2	3
9111	11	3
9112	2	3
9113	6	3
9114	5	3
9115	0	3
9118	4	3
9121	0	3
9122	0	3
9124	0	3
9125	13	3
9126	29	3
9128	0	3
9130	0	3
9132	7	3
9133	0	3
9134	12	3
9135	0	3
9136	0	3
9137	15	3
9138	0	3
9139	12	3
9140	12	3
9141	0	3
9142	4	3
9143	1	3
9144	0	3
9146	17	3
9148	2	3
9149	2	3
9150	20	3
9151	4	3
9152	0	3
9153	5	3
9154	7	3
9155	19	3
9156	5	3
9158	8	3
9159	3	3
9160	0	3
9162	5	3
9163	12	3
9164	2	3
9165	0	3
9166	1	3
9167	5	3
9168	2	3
9169	0	3
9171	0	3
9172	10	3
9173	7	3
9174	2	3
9175	10	3
9177	0	3
9178	23	3
9179	17	3
9180	6	3
9181	0	3
9182	2	3
9183	8	3
9185	0	3
9186	0	3
9187	0	3
9188	2	3
9189	0	3
9192	2	3
9193	23	3
9195	5	3
9196	15	3
9197	4	3
9198	3	3
9199	1	3
9200	1	3
9201	0	3
9203	0	3
9204	11	3
9205	0	3
9206	11	3
9207	5	3
9208	7	3
9209	7	3
9210	0	3
9213	11	3
9215	4	3
9216	9	3
9217	2	3
9218	15	3
9219	2	3
9220	0	3
9222	0	3
9224	2	3
9225	1	3
9226	3	3
9228	1	3
9229	1	3
9231	0	3
9233	0	3
9234	9	3
9235	5	3
9236	4	3
9237	25	3
9238	5	3
9240	8	3
9241	6	3
9242	0	3
9243	8	3
9244	0	3
9245	6	3
9246	0	3
9248	0	3
9249	2	3
9251	12	3
9252	11	3
9253	16	3
9254	4	3
9255	6	3
9258	16	3
9260	12	3
9261	9	3
9262	2	3
9263	5	3
9264	5	3
9265	7	3
9267	3	3
9268	10	3
9269	0	3
9272	2	3
9273	8	3
9274	23	3
9275	11	3
9276	6	3
9277	0	3
9278	3	3
9279	5	3
9280	8	3
9281	14	3
9282	4	3
9284	5	3
9285	4	3
9286	5	3
9287	0	3
9288	0	3
9289	4	3
9290	1	3
9291	9	3
9292	0	3
9293	21	3
9294	18	3
9295	12	3
9296	0	3
9299	6	3
9300	3	3
9301	0	3
9302	8	3
9304	0	3
9305	7	3
9306	2	3
9307	0	3
9308	7	3
9310	13	3
9311	8	3
9312	4	3
9313	0	3
9314	3	3
9315	6	3
9316	7	3
9317	0	3
9318	6	3
9319	2	3
9320	2	3
9322	0	3
9323	0	3
9325	5	3
9326	5	3
9327	0	3
9328	9	3
9330	5	3
9331	0	3
9332	8	3
9333	5	3
9334	12	3
9335	12	3
9336	19	3
9337	0	3
9339	0	3
9340	16	3
9341	0	3
9342	1	3
9343	24	3
9344	8	3
9345	0	3
9346	0	3
9347	9	3
9349	3	3
9350	5	3
9351	4	3
9352	2	3
9353	0	3
9354	2	3
9356	1	3
9357	0	3
9358	19	3
9359	0	3
9360	5	3
9361	0	3
9362	0	3
9363	2	3
9364	6	3
9365	15	3
9367	0	3
9369	2	3
9370	4	3
9371	11	3
9372	27	3
9373	11	3
9374	16	3
9375	0	3
9376	0	3
9379	0	3
9380	0	3
9381	1	3
9382	0	3
9383	8	3
9384	13	3
9385	3	3
9386	6	3
9387	11	3
9388	0	3
9389	7	3
9391	0	3
9392	0	3
9393	3	3
9394	29	3
9395	5	3
9396	0	3
9397	3	3
9398	0	3
9399	0	3
9400	2	3
9401	0	3
9402	16	3
9403	3	3
9404	0	3
9405	1	3
9406	9	3
9407	10	3
9408	4	3
9409	0	3
9410	9	3
9411	3	3
9412	7	3
9413	5	3
9414	18	3
9415	2	3
9416	8	3
9417	8	3
9420	0	3
9422	7	3
9423	13	3
9424	0	3
9425	3	3
9426	0	3
9427	8	3
9428	0	3
9429	30	3
9430	1	3
9431	6	3
9432	1	3
9433	11	3
9434	0	3
9435	15	3
9436	15	3
9440	17	3
9441	4	3
9442	8	3
9443	6	3
9444	1	3
9445	5	3
9446	15	3
9448	0	3
9450	0	3
9451	3	3
9452	0	3
9453	0	3
9454	3	3
9455	8	3
9456	0	3
9458	11	3
9459	0	3
9460	0	3
9462	2	3
9463	5	3
9464	7	3
9465	15	3
9466	3	3
9467	0	3
9468	11	3
9469	4	3
9470	15	3
9471	4	3
9472	0	3
9473	3	3
9474	1	3
9475	0	3
9476	10	3
9477	6	3
9478	6	3
9479	4	3
9480	1	3
9481	11	3
9482	0	3
9483	12	3
9484	3	3
9485	2	3
9486	4	3
9487	1	3
9488	12	3
9489	6	3
9490	6	3
9491	0	3
9492	8	3
9493	0	3
9494	9	3
9495	0	3
9496	12	3
9497	4	3
9498	0	3
9499	5	3
9500	0	3
9501	0	3
9502	0	3
9503	4	3
9504	11	3
9505	2	3
9506	0	3
9507	0	3
9508	8	3
9509	0	3
9510	0	3
9511	0	3
9512	12	3
9513	0	3
9514	0	3
9515	12	3
9517	1	3
9518	0	3
9519	21	3
9520	9	3
9522	10	3
9523	9	3
9524	9	3
9525	3	3
9526	8	3
9527	0	3
9528	12	3
9529	3	3
9530	7	3
9531	15	3
9532	0	3
9533	14	3
9534	2	3
9535	0	3
9536	0	3
9537	0	3
9538	7	3
9539	3	3
9541	6	3
9542	0	3
9543	6	3
9545	0	3
9546	0	3
9547	7	3
9548	14	3
9549	6	3
9550	11	3
9551	13	3
9552	11	3
9553	5	3
9554	1	3
9555	5	3
9556	0	3
9557	6	3
9558	3	3
9559	0	3
9560	19	3
9561	3	3
9562	3	3
9563	1	3
9564	15	3
9565	12	3
9566	6	3
9567	12	3
9568	9	3
9570	0	3
9571	0	3
9572	1	3
9573	0	3
9574	4	3
9575	8	3
9576	1	3
9577	8	3
9578	1	3
9579	0	3
9581	10	3
9582	3	3
9583	0	3
9584	5	3
9585	11	3
9586	11	3
9587	5	3
9588	1	3
9589	0	3
9590	4	3
9591	0	3
9593	5	3
9594	12	3
9595	0	3
9597	28	3
9598	0	3
9599	4	3
9600	2	3
9601	0	3
9602	3	3
9603	1	3
9604	0	3
9605	8	3
9606	18	3
9607	0	3
9608	12	3
9609	0	3
9610	14	3
9611	0	3
9612	3	3
9613	9	3
9614	0	3
9615	15	3
9616	6	3
9617	2	3
9619	12	3
9620	2	3
9621	16	3
9622	4	3
9623	0	3
9625	4	3
9627	8	3
9628	10	3
9630	1	3
9632	0	3
9633	1	3
9634	5	3
9635	3	3
9636	1	3
9637	4	3
9638	0	3
9639	0	3
9640	1	3
9641	0	3
9642	4	3
9643	0	3
9644	5	3
9645	21	3
9646	19	3
9647	0	3
9648	0	3
9649	5	3
9651	1	3
9652	13	3
9653	5	3
9654	2	3
9655	5	3
9656	3	3
9657	1	3
9658	8	3
9659	7	3
9660	2	3
9661	0	3
9662	2	3
9663	0	3
9664	2	3
9665	4	3
9666	1	3
9668	4	3
9669	2	3
9670	8	3
9671	5	3
9672	2	3
9674	12	3
9676	0	3
9677	0	3
9679	0	3
9680	17	3
9681	9	3
9682	0	3
9684	3	3
9685	7	3
9686	0	3
9687	1	3
9688	0	3
9689	0	3
9690	0	3
9691	5	3
9694	11	3
9695	0	3
9696	6	3
9698	6	3
9699	0	3
9700	5	3
9701	0	3
9702	8	3
9703	0	3
9704	11	3
9705	4	3
9706	0	3
9707	0	3
9708	0	3
9711	5	3
9712	17	3
9713	2	3
9714	0	3
9715	12	3
9716	0	3
9717	4	3
9718	5	3
9719	0	3
9720	0	3
9721	0	3
9723	0	3
9726	5	3
9727	6	3
9728	9	3
9730	3	3
9731	5	3
9732	2	3
9733	0	3
9734	0	3
9735	0	3
9736	30	3
9738	8	3
9739	9	3
9740	18	3
9741	0	3
9743	0	3
9744	0	3
9745	1	3
9746	0	3
9747	1	3
9748	0	3
9749	13	3
9750	10	3
9751	11	3
9752	0	3
9753	0	3
9754	0	3
9755	1	3
9756	0	3
9757	3	3
9759	5	3
9760	12	3
9761	0	3
9762	2	3
9764	2	3
9765	5	3
9766	5	3
9767	2	3
9768	0	3
9769	4	3
9770	0	3
9771	2	3
9772	6	3
9773	3	3
9774	5	3
9775	19	3
9776	4	3
9778	0	3
9779	0	3
9780	0	3
9781	4	3
9782	1	3
9783	6	3
9784	2	3
9786	5	3
9787	8	3
9788	7	3
9789	1	3
9790	5	3
9791	7	3
9792	5	3
9793	0	3
9795	0	3
9796	0	3
9797	1	3
9798	3	3
9799	2	3
9800	0	3
9801	3	3
9802	7	3
9803	0	3
9804	4	3
9806	4	3
9807	12	3
9810	5	3
9811	8	3
9812	0	3
9813	10	3
9814	3	3
9815	7	3
9816	5	3
9817	4	3
9818	3	3
9819	4	3
9820	5	3
9821	11	3
9822	0	3
9823	4	3
9824	2	3
9825	0	3
9827	2	3
9828	5	3
9829	0	3
9830	3	3
9831	0	3
9832	13	3
9833	0	3
9834	3	3
9835	15	3
9836	15	3
9837	4	3
9838	0	3
9839	2	3
9841	0	3
9842	0	3
9845	0	3
9846	2	3
9847	1	3
9848	10	3
9849	3	3
9852	1	3
9853	0	3
9854	9	3
9855	8	3
9856	1	3
9857	0	3
9858	3	3
9859	4	3
9861	0	3
9862	8	3
9863	16	3
9864	0	3
9865	21	3
9866	0	3
9869	0	3
9870	0	3
9871	2	3
9872	4	3
9873	6	3
9874	3	3
9875	5	3
9876	3	3
9877	8	3
9878	1	3
9879	0	3
9880	7	3
9881	2	3
9883	8	3
9885	10	3
9886	6	3
9887	15	3
9889	0	3
9890	2	3
9891	0	3
9892	5	3
9893	10	3
9894	0	3
9895	3	3
9896	13	3
9897	10	3
9898	4	3
9899	2	3
9901	15	3
9902	8	3
9903	1	3
9904	0	3
9906	14	3
9907	4	3
9908	16	3
9909	12	3
9910	8	3
9911	3	3
9912	0	3
9913	0	3
9914	0	3
9915	1	3
9917	10	3
9918	3	3
9919	1	3
9920	0	3
9921	5	3
9922	0	3
9923	1	3
9924	16	3
9925	10	3
9926	0	3
9927	8	3
9928	11	3
9930	1	3
9931	4	3
9933	7	3
9934	0	3
9935	0	3
9936	8	3
9937	1	3
9938	2	3
9940	14	3
9941	4	3
9942	8	3
9943	12	3
9944	0	3
9945	0	3
9946	0	3
9947	16	3
9948	0	3
9949	1	3
9950	0	3
9951	0	3
9952	2	3
9953	6	3
9955	16	3
9957	8	3
9959	16	3
9960	2	3
9961	6	3
9962	11	3
9964	16	3
9965	0	3
9967	10	3
9969	2	3
9970	2	3
9972	7	3
9973	10	3
9974	10	3
9975	3	3
9976	7	3
9978	2	3
9979	0	3
9980	12	3
9982	0	3
9983	1	3
9984	19	3
9985	10	3
9987	1	3
9988	1	3
9989	0	3
9991	9	3
9992	20	3
9993	2	3
9994	0	3
9995	4	3
9997	6	3
9998	1	3
10000	2	3
1	8	4
4	4	4
5	7	4
6	0	4
7	25	4
8	11	4
9	7	4
10	10	4
11	11	4
12	10	4
13	13	4
14	9	4
15	3	4
16	5	4
17	6	4
18	13	4
19	3	4
20	1	4
21	0	4
22	9	4
23	9	4
24	14	4
26	27	4
27	8	4
28	5	4
29	10	4
30	14	4
31	0	4
32	4	4
33	6	4
36	5	4
37	15	4
38	4	4
39	12	4
40	7	4
41	13	4
42	33	4
43	15	4
44	10	4
46	3	4
47	14	4
48	13	4
49	22	4
50	9	4
51	17	4
52	4	4
53	11	4
55	0	4
56	20	4
57	0	4
58	5	4
59	4	4
61	8	4
62	8	4
63	0	4
64	1	4
65	17	4
66	0	4
68	8	4
69	6	4
70	5	4
71	2	4
72	0	4
73	13	4
74	1	4
76	19	4
77	9	4
78	24	4
80	7	4
81	4	4
82	14	4
83	27	4
84	4	4
86	20	4
87	7	4
88	7	4
89	19	4
90	16	4
91	3	4
92	0	4
93	10	4
94	3	4
95	7	4
96	1	4
97	3	4
98	12	4
99	17	4
100	0	4
101	2	4
102	4	4
104	22	4
105	4	4
106	15	4
107	10	4
108	27	4
109	27	4
110	17	4
111	11	4
116	11	4
118	23	4
119	9	4
120	6	4
121	9	4
122	3	4
124	9	4
125	2	4
126	13	4
127	7	4
128	3	4
129	6	4
130	1	4
132	12	4
133	11	4
134	8	4
135	6	4
136	47	4
137	19	4
139	23	4
140	7	4
141	5	4
143	5	4
145	9	4
147	6	4
149	7	4
150	26	4
151	11	4
152	3	4
153	18	4
154	13	4
155	20	4
157	10	4
158	6	4
159	7	4
160	5	4
161	7	4
162	27	4
163	6	4
164	1	4
165	5	4
167	22	4
168	5	4
170	1	4
172	8	4
174	6	4
175	9	4
176	12	4
177	6	4
178	19	4
179	22	4
180	6	4
181	6	4
182	8	4
183	17	4
184	6	4
185	19	4
186	16	4
187	8	4
189	0	4
190	0	4
191	12	4
192	18	4
193	4	4
195	0	4
196	9	4
197	7	4
198	3	4
199	0	4
201	24	4
202	13	4
203	2	4
205	3	4
206	9	4
207	21	4
208	13	4
209	0	4
210	7	4
212	3	4
213	7	4
214	8	4
215	17	4
216	15	4
217	16	4
218	7	4
220	10	4
221	19	4
222	26	4
223	15	4
224	9	4
225	10	4
226	7	4
227	4	4
228	5	4
229	13	4
230	7	4
231	19	4
232	11	4
233	5	4
234	14	4
235	10	4
236	3	4
239	8	4
240	8	4
241	16	4
242	16	4
243	29	4
244	5	4
245	12	4
247	13	4
248	18	4
249	9	4
250	5	4
253	0	4
254	20	4
257	1	4
258	15	4
259	9	4
260	23	4
261	3	4
262	7	4
263	8	4
264	7	4
265	10	4
266	4	4
267	8	4
268	9	4
270	6	4
271	14	4
272	10	4
273	17	4
274	17	4
276	8	4
277	23	4
278	15	4
279	10	4
280	5	4
281	3	4
282	7	4
284	7	4
285	3	4
286	7	4
288	13	4
289	18	4
290	6	4
291	13	4
292	22	4
293	8	4
295	8	4
296	9	4
297	12	4
298	6	4
299	22	4
300	6	4
301	1	4
302	12	4
303	9	4
304	23	4
305	41	4
306	13	4
307	8	4
308	7	4
309	13	4
311	6	4
313	3	4
314	0	4
315	6	4
316	15	4
317	35	4
318	5	4
319	0	4
320	1	4
321	2	4
322	9	4
323	17	4
324	13	4
325	8	4
326	13	4
327	17	4
329	5	4
330	3	4
331	4	4
332	18	4
333	9	4
334	9	4
335	23	4
336	8	4
337	20	4
339	0	4
340	14	4
341	8	4
343	3	4
344	14	4
345	17	4
347	4	4
348	12	4
349	6	4
350	23	4
351	17	4
352	3	4
353	16	4
354	6	4
355	9	4
356	26	4
357	3	4
358	9	4
359	0	4
360	4	4
362	3	4
363	3	4
366	13	4
368	5	4
369	3	4
370	20	4
373	11	4
374	28	4
375	10	4
376	1	4
377	7	4
378	0	4
379	31	4
381	13	4
383	25	4
384	5	4
385	14	4
386	9	4
387	5	4
388	10	4
389	14	4
390	4	4
391	2	4
392	6	4
394	18	4
395	11	4
396	24	4
398	10	4
399	2	4
400	15	4
401	16	4
402	1	4
404	17	4
405	22	4
406	5	4
407	3	4
408	2	4
409	7	4
410	18	4
411	11	4
412	7	4
413	19	4
414	10	4
415	5	4
416	18	4
417	13	4
418	19	4
419	18	4
421	11	4
422	26	4
423	16	4
424	5	4
425	18	4
426	8	4
428	13	4
429	24	4
430	25	4
431	4	4
433	5	4
435	19	4
436	23	4
437	18	4
438	3	4
439	15	4
440	6	4
441	4	4
442	14	4
443	19	4
445	18	4
446	10	4
447	13	4
448	2	4
449	10	4
450	21	4
451	4	4
452	5	4
453	0	4
454	31	4
455	39	4
457	7	4
458	4	4
459	19	4
461	11	4
462	6	4
463	18	4
464	1	4
465	13	4
466	6	4
467	15	4
468	8	4
469	11	4
470	31	4
471	2	4
472	4	4
473	14	4
474	7	4
475	9	4
476	10	4
477	6	4
478	18	4
479	3	4
480	21	4
481	9	4
482	0	4
483	13	4
484	24	4
485	6	4
486	13	4
487	14	4
488	17	4
489	3	4
490	9	4
491	17	4
492	13	4
493	7	4
494	17	4
495	6	4
496	4	4
497	9	4
499	11	4
500	9	4
502	5	4
505	5	4
506	5	4
507	12	4
508	15	4
509	19	4
510	22	4
511	15	4
512	12	4
513	11	4
514	12	4
515	5	4
516	1	4
517	12	4
518	10	4
519	0	4
520	3	4
521	3	4
522	0	4
523	2	4
524	6	4
525	13	4
526	5	4
528	4	4
530	9	4
531	18	4
532	6	4
533	10	4
534	17	4
536	2	4
537	10	4
538	4	4
539	11	4
540	10	4
541	16	4
542	21	4
543	9	4
544	8	4
545	12	4
546	0	4
547	1	4
548	6	4
549	10	4
551	13	4
552	5	4
553	3	4
554	17	4
555	2	4
556	6	4
557	3	4
558	15	4
559	10	4
560	2	4
561	13	4
562	8	4
563	13	4
564	10	4
565	2	4
566	7	4
568	25	4
569	15	4
570	6	4
571	15	4
572	28	4
573	22	4
574	10	4
576	6	4
577	29	4
578	48	4
579	19	4
580	13	4
582	7	4
583	2	4
584	3	4
585	0	4
587	25	4
588	16	4
589	7	4
590	1	4
591	14	4
592	5	4
593	13	4
594	12	4
595	3	4
596	23	4
597	6	4
598	6	4
600	8	4
601	4	4
602	5	4
603	12	4
604	0	4
605	2	4
606	12	4
607	10	4
608	9	4
610	13	4
612	13	4
613	10	4
614	0	4
615	3	4
616	14	4
617	25	4
618	9	4
619	10	4
620	3	4
621	8	4
623	14	4
624	1	4
625	22	4
626	18	4
627	3	4
628	4	4
629	3	4
630	23	4
631	9	4
632	0	4
633	22	4
634	0	4
635	19	4
636	3	4
637	7	4
639	7	4
640	22	4
641	3	4
642	9	4
643	17	4
644	18	4
646	21	4
647	6	4
649	11	4
650	5	4
651	16	4
652	19	4
653	7	4
655	30	4
656	11	4
658	11	4
660	8	4
661	15	4
662	4	4
664	4	4
666	30	4
667	1	4
668	6	4
669	0	4
671	26	4
672	0	4
673	16	4
675	6	4
677	0	4
678	8	4
680	15	4
681	0	4
682	7	4
684	14	4
685	8	4
686	5	4
688	15	4
689	27	4
690	3	4
691	19	4
692	6	4
693	7	4
694	0	4
695	18	4
696	2	4
697	18	4
698	3	4
699	3	4
700	11	4
701	0	4
702	6	4
703	21	4
704	5	4
705	9	4
706	6	4
707	11	4
708	3	4
709	4	4
710	18	4
711	1	4
712	39	4
713	6	4
714	9	4
715	21	4
716	7	4
717	0	4
718	3	4
719	15	4
720	13	4
721	4	4
722	5	4
723	11	4
724	4	4
725	21	4
726	8	4
727	9	4
728	8	4
730	4	4
731	7	4
732	22	4
733	11	4
734	9	4
735	10	4
736	1	4
737	0	4
738	5	4
739	27	4
740	4	4
741	5	4
743	3	4
745	0	4
747	19	4
748	11	4
751	14	4
753	7	4
754	6	4
755	20	4
756	12	4
757	0	4
758	10	4
759	3	4
760	12	4
761	22	4
762	4	4
763	8	4
764	4	4
765	11	4
766	7	4
768	3	4
769	12	4
770	0	4
771	0	4
772	17	4
773	14	4
774	6	4
775	14	4
776	6	4
779	0	4
780	0	4
781	27	4
782	4	4
783	10	4
784	2	4
785	18	4
786	12	4
787	11	4
789	6	4
790	13	4
791	23	4
792	10	4
793	18	4
794	5	4
795	7	4
796	12	4
798	11	4
799	11	4
800	9	4
801	2	4
802	5	4
803	12	4
804	3	4
805	32	4
806	12	4
807	19	4
808	9	4
809	26	4
811	7	4
812	0	4
813	20	4
814	0	4
815	4	4
816	0	4
817	20	4
818	26	4
819	9	4
821	4	4
823	4	4
824	9	4
825	0	4
826	4	4
827	9	4
828	6	4
829	12	4
830	7	4
831	15	4
832	8	4
833	5	4
834	10	4
835	14	4
837	8	4
838	14	4
839	0	4
841	31	4
842	13	4
843	5	4
844	1	4
846	10	4
847	3	4
848	6	4
850	9	4
851	29	4
852	5	4
855	3	4
856	9	4
857	13	4
858	12	4
860	18	4
861	7	4
863	14	4
864	11	4
866	7	4
867	14	4
868	4	4
869	14	4
870	14	4
871	20	4
872	6	4
873	4	4
874	9	4
875	8	4
876	4	4
877	3	4
878	9	4
879	24	4
880	16	4
882	2	4
883	12	4
884	19	4
885	5	4
886	13	4
887	27	4
888	8	4
890	2	4
891	16	4
892	10	4
893	26	4
894	9	4
895	18	4
896	5	4
898	29	4
899	26	4
901	3	4
902	13	4
903	7	4
905	6	4
906	24	4
907	6	4
908	12	4
909	12	4
910	8	4
911	7	4
913	4	4
915	6	4
917	10	4
918	13	4
920	19	4
921	20	4
922	4	4
923	25	4
925	5	4
926	13	4
927	0	4
928	21	4
929	1	4
930	4	4
931	22	4
932	5	4
933	21	4
934	15	4
935	6	4
936	34	4
937	28	4
938	21	4
940	11	4
941	0	4
942	7	4
943	9	4
944	3	4
945	9	4
946	22	4
947	14	4
948	13	4
950	4	4
951	16	4
952	7	4
953	5	4
954	6	4
955	8	4
956	10	4
957	14	4
958	10	4
959	20	4
960	17	4
961	7	4
962	0	4
964	3	4
965	10	4
966	13	4
967	6	4
968	11	4
969	13	4
970	37	4
971	12	4
972	9	4
973	16	4
974	20	4
975	2	4
976	13	4
977	19	4
979	27	4
980	2	4
982	7	4
983	27	4
984	10	4
985	15	4
986	4	4
987	10	4
988	6	4
989	11	4
990	6	4
991	14	4
992	17	4
993	1	4
994	15	4
995	0	4
996	3	4
997	4	4
998	29	4
999	5	4
1002	0	4
1004	7	4
1005	4	4
1006	28	4
1008	7	4
1009	1	4
1010	8	4
1011	6	4
1012	15	4
1013	14	4
1014	10	4
1015	6	4
1016	20	4
1018	28	4
1019	0	4
1020	0	4
1021	24	4
1023	2	4
1025	7	4
1026	18	4
1027	21	4
1029	0	4
1030	9	4
1031	15	4
1032	12	4
1033	6	4
1034	30	4
1038	0	4
1039	14	4
1040	8	4
1041	19	4
1042	22	4
1043	9	4
1044	0	4
1045	7	4
1046	8	4
1047	15	4
1048	9	4
1049	2	4
1050	9	4
1051	2	4
1052	21	4
1053	1	4
1054	11	4
1055	24	4
1058	11	4
1059	5	4
1060	10	4
1061	10	4
1063	12	4
1064	3	4
1065	17	4
1066	8	4
1067	21	4
1068	22	4
1069	15	4
1070	25	4
1071	18	4
1072	6	4
1073	9	4
1074	20	4
1075	20	4
1076	23	4
1078	9	4
1082	1	4
1083	2	4
1084	8	4
1085	25	4
1086	2	4
1087	2	4
1088	9	4
1089	3	4
1090	19	4
1091	12	4
1092	10	4
1093	17	4
1094	24	4
1095	0	4
1097	10	4
1098	17	4
1099	4	4
1100	5	4
1101	0	4
1102	3	4
1103	12	4
1104	1	4
1105	14	4
1106	7	4
1107	18	4
1108	4	4
1109	11	4
1110	3	4
1111	3	4
1112	12	4
1113	5	4
1114	24	4
1115	5	4
1116	28	4
1117	10	4
1118	11	4
1119	3	4
1120	10	4
1121	2	4
1122	5	4
1123	7	4
1124	12	4
1125	6	4
1126	3	4
1127	11	4
1128	5	4
1129	13	4
1130	12	4
1131	19	4
1132	13	4
1133	10	4
1134	28	4
1135	34	4
1136	6	4
1137	0	4
1138	4	4
1141	4	4
1144	11	4
1145	14	4
1146	7	4
1147	19	4
1148	5	4
1149	9	4
1150	7	4
1152	3	4
1154	13	4
1155	4	4
1156	0	4
1158	0	4
1159	7	4
1160	10	4
1162	31	4
1165	16	4
1166	6	4
1167	16	4
1169	26	4
1170	26	4
1171	4	4
1173	16	4
1175	15	4
1177	15	4
1178	30	4
1179	1	4
1180	12	4
1181	7	4
1183	10	4
1184	11	4
1185	3	4
1186	11	4
1187	15	4
1188	4	4
1189	4	4
1190	10	4
1191	19	4
1193	11	4
1194	2	4
1195	5	4
1196	9	4
1197	4	4
1198	17	4
1199	5	4
1200	3	4
1201	3	4
1202	30	4
1203	11	4
1204	3	4
1205	6	4
1207	2	4
1208	6	4
1209	13	4
1210	16	4
1212	2	4
1213	11	4
1215	1	4
1217	17	4
1218	12	4
1219	22	4
1220	0	4
1223	1	4
1224	25	4
1225	6	4
1226	26	4
1228	2	4
1229	14	4
1230	13	4
1231	10	4
1232	22	4
1234	3	4
1235	13	4
1236	14	4
1238	25	4
1239	7	4
1240	31	4
1241	15	4
1242	4	4
1244	7	4
1245	0	4
1246	9	4
1247	7	4
1249	12	4
1250	28	4
1251	1	4
1252	29	4
1253	12	4
1254	8	4
1255	9	4
1256	5	4
1257	1	4
1258	11	4
1259	19	4
1260	20	4
1262	6	4
1263	7	4
1265	2	4
1266	3	4
1268	5	4
1269	35	4
1270	23	4
1271	16	4
1272	17	4
1273	6	4
1274	19	4
1275	8	4
1276	11	4
1277	8	4
1278	11	4
1279	6	4
1280	4	4
1281	8	4
1284	0	4
1287	6	4
1288	7	4
1289	27	4
1290	0	4
1291	8	4
1292	8	4
1293	15	4
1294	9	4
1295	4	4
1296	5	4
1297	1	4
1298	22	4
1299	20	4
1300	22	4
1302	10	4
1303	1	4
1304	9	4
1305	12	4
1306	11	4
1307	7	4
1308	12	4
1309	9	4
1311	4	4
1312	22	4
1313	4	4
1314	18	4
1315	10	4
1316	8	4
1317	6	4
1318	19	4
1319	17	4
1320	9	4
1321	2	4
1322	18	4
1323	0	4
1324	14	4
1325	27	4
1326	33	4
1328	2	4
1329	24	4
1330	1	4
1331	14	4
1332	3	4
1333	10	4
1334	14	4
1335	19	4
1336	15	4
1338	10	4
1339	18	4
1340	15	4
1341	20	4
1342	4	4
1343	12	4
1344	2	4
1345	17	4
1346	8	4
1347	13	4
1348	6	4
1349	11	4
1351	5	4
1352	0	4
1354	3	4
1355	5	4
1356	5	4
1358	16	4
1359	4	4
1360	24	4
1361	5	4
1362	10	4
1364	2	4
1365	8	4
1366	9	4
1367	10	4
1368	7	4
1371	17	4
1372	22	4
1373	3	4
1374	1	4
1375	2	4
1376	14	4
1377	8	4
1378	2	4
1379	10	4
1380	5	4
1381	2	4
1382	12	4
1383	6	4
1384	1	4
1386	9	4
1387	7	4
1388	1	4
1389	10	4
1390	2	4
1391	15	4
1392	3	4
1393	8	4
1394	2	4
1395	7	4
1396	5	4
1398	7	4
1399	10	4
1401	10	4
1402	35	4
1403	15	4
1404	5	4
1405	11	4
1406	24	4
1407	17	4
1408	3	4
1409	0	4
1410	11	4
1411	6	4
1412	8	4
1413	15	4
1414	20	4
1415	3	4
1416	32	4
1417	5	4
1418	10	4
1419	12	4
1420	0	4
1421	20	4
1422	13	4
1423	16	4
1424	22	4
1425	14	4
1427	43	4
1428	19	4
1429	0	4
1430	17	4
1431	12	4
1432	10	4
1433	16	4
1434	9	4
1435	5	4
1436	12	4
1437	14	4
1438	22	4
1439	19	4
1440	9	4
1441	0	4
1442	6	4
1443	10	4
1444	4	4
1445	10	4
1446	13	4
1448	7	4
1449	5	4
1450	13	4
1451	15	4
1452	15	4
1453	12	4
1454	8	4
1455	1	4
1456	22	4
1457	13	4
1458	12	4
1459	12	4
1463	24	4
1464	6	4
1465	5	4
1466	5	4
1467	16	4
1468	5	4
1469	13	4
1470	5	4
1472	20	4
1473	16	4
1474	10	4
1475	1	4
1476	11	4
1477	16	4
1478	18	4
1479	5	4
1480	11	4
1481	7	4
1482	17	4
1484	7	4
1485	4	4
1486	3	4
1487	4	4
1488	11	4
1489	7	4
1490	11	4
1492	4	4
1493	25	4
1494	17	4
1495	16	4
1496	19	4
1497	11	4
1498	14	4
1500	15	4
1501	13	4
1503	21	4
1504	9	4
1505	15	4
1506	6	4
1507	12	4
1509	2	4
1510	10	4
1511	4	4
1512	6	4
1513	22	4
1514	21	4
1515	9	4
1516	36	4
1517	20	4
1518	4	4
1519	21	4
1520	13	4
1521	11	4
1522	3	4
1523	6	4
1524	18	4
1525	5	4
1526	3	4
1527	5	4
1528	8	4
1529	5	4
1530	9	4
1532	1	4
1533	3	4
1534	13	4
1535	1	4
1536	23	4
1537	5	4
1539	2	4
1540	10	4
1541	13	4
1542	25	4
1543	9	4
1544	6	4
1545	10	4
1547	20	4
1548	13	4
1550	1	4
1552	8	4
1553	13	4
1554	24	4
1555	3	4
1556	6	4
1557	13	4
1559	23	4
1560	0	4
1561	8	4
1562	8	4
1563	27	4
1564	8	4
1565	8	4
1566	14	4
1567	29	4
1568	7	4
1569	8	4
1571	5	4
1572	2	4
1573	10	4
1574	10	4
1575	17	4
1576	4	4
1577	13	4
1578	16	4
1579	7	4
1580	5	4
1581	3	4
1582	6	4
1583	9	4
1585	2	4
1586	18	4
1587	21	4
1588	5	4
1589	18	4
1590	14	4
1591	14	4
1592	20	4
1593	27	4
1594	5	4
1595	2	4
1596	7	4
1597	3	4
1598	14	4
1599	0	4
1600	3	4
1601	10	4
1602	4	4
1603	20	4
1605	16	4
1606	8	4
1607	6	4
1608	0	4
1609	4	4
1610	7	4
1611	1	4
1612	1	4
1613	7	4
1614	10	4
1615	16	4
1616	6	4
1617	16	4
1618	3	4
1619	2	4
1620	21	4
1621	3	4
1622	4	4
1623	2	4
1624	14	4
1625	15	4
1626	15	4
1627	13	4
1628	0	4
1629	17	4
1630	13	4
1631	11	4
1632	6	4
1634	9	4
1636	0	4
1637	10	4
1638	15	4
1639	3	4
1640	1	4
1641	4	4
1642	12	4
1643	19	4
1645	3	4
1646	15	4
1647	5	4
1648	5	4
1649	20	4
1650	3	4
1651	11	4
1652	7	4
1653	4	4
1654	1	4
1655	6	4
1656	31	4
1657	18	4
1658	8	4
1659	6	4
1660	17	4
1661	7	4
1662	20	4
1664	0	4
1665	7	4
1666	11	4
1667	0	4
1668	10	4
1669	4	4
1670	9	4
1671	5	4
1673	3	4
1674	18	4
1675	14	4
1676	8	4
1677	12	4
1678	0	4
1679	9	4
1680	13	4
1681	5	4
1682	11	4
1683	8	4
1684	18	4
1685	35	4
1686	14	4
1687	19	4
1690	9	4
1691	1	4
1692	4	4
1693	7	4
1694	23	4
1700	19	4
1701	11	4
1702	27	4
1704	4	4
1705	15	4
1706	26	4
1707	8	4
1708	7	4
1709	2	4
1710	21	4
1711	20	4
1713	18	4
1714	18	4
1715	11	4
1717	8	4
1718	0	4
1719	0	4
1720	47	4
1721	4	4
1722	7	4
1723	3	4
1724	12	4
1725	5	4
1726	10	4
1727	1	4
1728	25	4
1729	2	4
1730	21	4
1733	0	4
1734	3	4
1737	2	4
1738	23	4
1739	1	4
1740	0	4
1741	24	4
1742	7	4
1744	13	4
1745	3	4
1746	2	4
1747	6	4
1748	11	4
1749	4	4
1750	3	4
1751	6	4
1752	10	4
1753	9	4
1754	28	4
1755	4	4
1756	14	4
1758	3	4
1759	13	4
1760	13	4
1761	14	4
1762	6	4
1763	7	4
1764	23	4
1765	23	4
1766	7	4
1768	6	4
1770	11	4
1771	14	4
1772	0	4
1773	19	4
1774	14	4
1775	28	4
1776	11	4
1777	1	4
1778	3	4
1779	29	4
1780	5	4
1781	4	4
1782	24	4
1783	11	4
1784	6	4
1785	14	4
1786	26	4
1787	12	4
1788	12	4
1789	10	4
1790	17	4
1796	6	4
1798	3	4
1799	14	4
1800	18	4
1801	7	4
1802	15	4
1803	3	4
1804	21	4
1805	10	4
1806	9	4
1807	13	4
1809	4	4
1811	14	4
1812	7	4
1813	4	4
1814	14	4
1815	11	4
1816	5	4
1817	11	4
1818	19	4
1819	14	4
1820	0	4
1821	4	4
1822	14	4
1823	29	4
1824	0	4
1825	35	4
1826	8	4
1827	9	4
1828	14	4
1829	10	4
1830	17	4
1831	15	4
1833	2	4
1834	8	4
1835	4	4
1836	18	4
1837	12	4
1838	1	4
1840	6	4
1841	1	4
1842	7	4
1843	5	4
1844	3	4
1845	0	4
1846	0	4
1847	14	4
1849	14	4
1850	17	4
1851	4	4
1852	5	4
1853	6	4
1854	3	4
1855	6	4
1856	9	4
1857	13	4
1858	11	4
1859	17	4
1860	16	4
1861	10	4
1862	15	4
1863	0	4
1864	12	4
1866	9	4
1867	2	4
1869	8	4
1870	4	4
1871	4	4
1873	22	4
1875	10	4
1876	1	4
1877	24	4
1878	6	4
1879	5	4
1880	12	4
1881	15	4
1882	5	4
1884	35	4
1885	7	4
1886	4	4
1887	3	4
1888	31	4
1889	0	4
1890	4	4
1891	3	4
1892	11	4
1893	3	4
1894	12	4
1895	3	4
1896	10	4
1897	4	4
1899	20	4
1900	10	4
1902	10	4
1903	24	4
1904	4	4
1905	15	4
1906	2	4
1908	8	4
1909	7	4
1913	10	4
1915	8	4
1916	13	4
1917	34	4
1918	9	4
1919	13	4
1920	0	4
1921	7	4
1922	11	4
1923	1	4
1925	16	4
1926	9	4
1927	6	4
1928	6	4
1929	12	4
1930	0	4
1931	6	4
1932	0	4
1933	3	4
1934	6	4
1935	21	4
1936	7	4
1937	12	4
1938	9	4
1939	9	4
1940	18	4
1941	23	4
1942	13	4
1943	11	4
1945	0	4
1946	0	4
1947	4	4
1949	9	4
1950	3	4
1951	26	4
1952	5	4
1953	47	4
1954	9	4
1955	4	4
1957	0	4
1958	2	4
1959	38	4
1960	1	4
1961	3	4
1962	1	4
1963	9	4
1964	14	4
1965	10	4
1966	10	4
1967	4	4
1968	9	4
1969	2	4
1970	5	4
1971	28	4
1973	16	4
1974	32	4
1975	0	4
1976	8	4
1977	4	4
1979	6	4
1980	0	4
1981	12	4
1982	18	4
1984	3	4
1985	18	4
1986	6	4
1988	16	4
1989	25	4
1990	22	4
1991	4	4
1992	5	4
1993	13	4
1994	23	4
1995	1	4
1996	21	4
1997	18	4
1998	6	4
1999	7	4
2000	3	4
2001	39	4
2002	0	4
2003	17	4
2004	22	4
2005	10	4
2006	2	4
2007	2	4
2008	4	4
2010	11	4
2011	9	4
2012	17	4
2013	0	4
2015	3	4
2017	15	4
2018	0	4
2019	8	4
2020	2	4
2021	0	4
2022	0	4
2023	0	4
2025	7	4
2026	4	4
2027	9	4
2028	42	4
2029	9	4
2030	4	4
2031	9	4
2032	8	4
2033	0	4
2034	5	4
2036	14	4
2038	6	4
2039	15	4
2041	2	4
2043	16	4
2044	14	4
2045	10	4
2047	33	4
2048	17	4
2049	4	4
2050	22	4
2051	2	4
2052	0	4
2053	2	4
2054	15	4
2056	16	4
2057	6	4
2058	11	4
2059	0	4
2060	3	4
2061	10	4
2062	0	4
2063	4	4
2067	13	4
2071	8	4
2072	9	4
2073	5	4
2075	7	4
2076	12	4
2077	8	4
2079	1	4
2080	12	4
2083	7	4
2084	6	4
2085	11	4
2086	8	4
2087	5	4
2089	7	4
2090	4	4
2091	6	4
2094	7	4
2095	7	4
2097	16	4
2098	19	4
2099	9	4
2101	13	4
2102	13	4
2103	8	4
2104	0	4
2105	6	4
2106	13	4
2107	10	4
2108	2	4
2109	11	4
2110	15	4
2111	8	4
2112	4	4
2113	8	4
2114	3	4
2115	4	4
2116	35	4
2117	7	4
2118	20	4
2119	16	4
2120	10	4
2121	0	4
2123	2	4
2124	5	4
2125	4	4
2126	13	4
2127	12	4
2128	17	4
2129	5	4
2130	7	4
2131	3	4
2132	7	4
2133	8	4
2134	0	4
2135	40	4
2136	10	4
2137	19	4
2138	26	4
2139	4	4
2140	14	4
2141	2	4
2142	3	4
2144	4	4
2145	3	4
2146	21	4
2147	7	4
2148	4	4
2149	25	4
2150	2	4
2151	12	4
2152	0	4
2153	23	4
2154	0	4
2155	5	4
2156	24	4
2157	9	4
2158	27	4
2159	20	4
2160	0	4
2161	3	4
2163	7	4
2164	3	4
2165	3	4
2166	3	4
2167	8	4
2168	15	4
2169	10	4
2170	7	4
2171	8	4
2174	15	4
2175	16	4
2176	12	4
2177	17	4
2179	11	4
2184	17	4
2185	19	4
2187	20	4
2188	5	4
2189	15	4
2190	20	4
2191	14	4
2192	18	4
2193	5	4
2196	9	4
2197	9	4
2198	9	4
2199	4	4
2200	4	4
2201	8	4
2202	20	4
2203	1	4
2205	34	4
2206	5	4
2207	23	4
2208	20	4
2209	20	4
2211	1	4
2212	9	4
2213	1	4
2215	5	4
2216	15	4
2217	0	4
2218	10	4
2219	15	4
2220	10	4
2221	7	4
2222	8	4
2225	12	4
2226	11	4
2227	7	4
2228	9	4
2229	16	4
2230	11	4
2231	0	4
2232	3	4
2234	7	4
2235	1	4
2236	14	4
2237	7	4
2238	9	4
2239	5	4
2240	25	4
2241	8	4
2242	14	4
2243	6	4
2244	16	4
2245	4	4
2246	5	4
2247	13	4
2248	11	4
2249	13	4
2250	12	4
2251	0	4
2252	16	4
2253	13	4
2254	11	4
2255	2	4
2256	1	4
2257	4	4
2260	13	4
2263	2	4
2265	0	4
2266	10	4
2267	12	4
2268	15	4
2269	20	4
2270	8	4
2271	14	4
2272	3	4
2273	4	4
2274	13	4
2275	5	4
2276	4	4
2277	7	4
2278	2	4
2279	13	4
2280	11	4
2281	12	4
2282	8	4
2283	10	4
2284	27	4
2286	2	4
2287	17	4
2289	6	4
2291	15	4
2292	16	4
2293	11	4
2294	6	4
2295	24	4
2296	10	4
2297	6	4
2299	5	4
2301	21	4
2302	4	4
2303	7	4
2304	9	4
2305	15	4
2307	12	4
2308	17	4
2309	33	4
2310	6	4
2311	7	4
2312	6	4
2313	6	4
2314	12	4
2315	15	4
2316	8	4
2317	9	4
2319	9	4
2320	5	4
2321	32	4
2322	10	4
2323	36	4
2324	18	4
2325	0	4
2326	6	4
2327	4	4
2328	10	4
2329	7	4
2330	12	4
2331	10	4
2332	18	4
2333	2	4
2334	6	4
2335	8	4
2336	5	4
2337	31	4
2338	3	4
2339	17	4
2340	7	4
2341	6	4
2343	30	4
2344	18	4
2345	26	4
2346	5	4
2347	0	4
2348	8	4
2349	17	4
2352	6	4
2353	13	4
2355	8	4
2356	10	4
2357	22	4
2358	20	4
2359	8	4
2360	34	4
2361	7	4
2363	7	4
2364	18	4
2365	3	4
2366	13	4
2368	4	4
2369	0	4
2371	14	4
2373	8	4
2374	7	4
2375	24	4
2376	19	4
2377	20	4
2378	0	4
2379	5	4
2380	10	4
2382	12	4
2383	26	4
2384	18	4
2386	10	4
2387	1	4
2388	15	4
2389	7	4
2390	3	4
2391	11	4
2394	4	4
2396	18	4
2397	14	4
2398	1	4
2399	16	4
2400	4	4
2402	21	4
2403	3	4
2405	4	4
2407	6	4
2408	10	4
2409	14	4
2411	12	4
2413	26	4
2414	0	4
2415	20	4
2416	9	4
2417	14	4
2418	12	4
2419	7	4
2420	28	4
2421	31	4
2423	4	4
2424	7	4
2425	1	4
2426	11	4
2429	26	4
2430	4	4
2431	9	4
2432	6	4
2435	10	4
2436	14	4
2437	15	4
2438	13	4
2440	12	4
2441	9	4
2442	0	4
2443	14	4
2444	4	4
2445	16	4
2446	10	4
2448	25	4
2449	12	4
2451	0	4
2452	5	4
2453	10	4
2454	12	4
2456	0	4
2457	2	4
2458	7	4
2459	16	4
2460	8	4
2462	21	4
2463	17	4
2464	19	4
2465	24	4
2466	6	4
2467	7	4
2468	8	4
2469	0	4
2470	5	4
2471	4	4
2472	10	4
2474	10	4
2475	10	4
2476	22	4
2477	1	4
2478	1	4
2479	12	4
2480	7	4
2481	16	4
2483	3	4
2485	14	4
2487	9	4
2488	3	4
2489	36	4
2490	2	4
2491	1	4
2492	14	4
2493	23	4
2496	13	4
2497	12	4
2499	0	4
2500	3	4
2501	15	4
2502	5	4
2504	13	4
2505	8	4
2507	17	4
2508	17	4
2509	9	4
2510	1	4
2511	5	4
2512	8	4
2513	24	4
2514	9	4
2515	20	4
2516	5	4
2517	20	4
2519	0	4
2520	38	4
2521	12	4
2522	23	4
2523	25	4
2524	41	4
2525	16	4
2526	11	4
2527	10	4
2528	10	4
2530	8	4
2531	7	4
2532	7	4
2533	24	4
2534	8	4
2535	8	4
2536	0	4
2537	22	4
2538	1	4
2539	17	4
2540	10	4
2541	35	4
2542	8	4
2544	3	4
2545	9	4
2547	9	4
2549	8	4
2550	4	4
2551	2	4
2552	35	4
2553	15	4
2554	3	4
2555	21	4
2556	7	4
2558	10	4
2560	3	4
2561	15	4
2562	21	4
2563	14	4
2564	10	4
2565	18	4
2566	17	4
2567	17	4
2568	6	4
2569	9	4
2570	9	4
2571	10	4
2572	14	4
2573	1	4
2574	35	4
2576	6	4
2577	2	4
2578	2	4
2580	8	4
2581	8	4
2583	12	4
2584	38	4
2586	16	4
2587	7	4
2588	17	4
2589	19	4
2590	24	4
2591	7	4
2592	36	4
2593	22	4
2594	5	4
2595	12	4
2596	6	4
2597	4	4
2598	10	4
2599	8	4
2600	22	4
2601	5	4
2602	20	4
2603	16	4
2604	28	4
2606	8	4
2607	3	4
2609	17	4
2610	1	4
2611	9	4
2612	6	4
2613	1	4
2614	12	4
2615	15	4
2616	15	4
2617	3	4
2618	12	4
2619	0	4
2620	8	4
2621	34	4
2622	9	4
2623	19	4
2624	12	4
2625	13	4
2626	5	4
2628	16	4
2629	12	4
2630	5	4
2631	12	4
2632	2	4
2633	10	4
2634	12	4
2635	7	4
2636	11	4
2638	0	4
2639	9	4
2640	21	4
2642	18	4
2643	8	4
2644	7	4
2646	16	4
2647	9	4
2648	4	4
2649	22	4
2651	25	4
2653	8	4
2655	8	4
2656	8	4
2657	5	4
2658	14	4
2659	5	4
2661	11	4
2663	15	4
2664	13	4
2665	15	4
2666	1	4
2667	2	4
2669	21	4
2670	9	4
2671	0	4
2673	13	4
2674	14	4
2675	8	4
2676	2	4
2678	2	4
2679	10	4
2680	5	4
2681	24	4
2682	25	4
2683	7	4
2685	17	4
2686	28	4
2687	6	4
2688	12	4
2689	24	4
2690	14	4
2691	6	4
2692	1	4
2693	0	4
2695	48	4
2696	13	4
2699	4	4
2700	0	4
2701	0	4
2704	10	4
2705	1	4
2706	11	4
2707	6	4
2709	18	4
2710	0	4
2711	11	4
2712	4	4
2713	4	4
2714	22	4
2715	10	4
2716	2	4
2720	2	4
2722	3	4
2723	14	4
2724	11	4
2725	4	4
2726	27	4
2728	4	4
2729	10	4
2730	6	4
2731	4	4
2732	6	4
2733	17	4
2734	30	4
2735	7	4
2736	9	4
2737	10	4
2738	6	4
2739	28	4
2740	11	4
2741	22	4
2742	8	4
2744	15	4
2745	5	4
2746	5	4
2747	5	4
2748	11	4
2750	9	4
2751	4	4
2752	6	4
2753	0	4
2754	8	4
2756	23	4
2757	18	4
2758	10	4
2759	27	4
2760	12	4
2761	2	4
2762	20	4
2763	8	4
2764	3	4
2765	17	4
2766	23	4
2768	14	4
2770	18	4
2771	23	4
2772	9	4
2773	8	4
2775	0	4
2776	13	4
2777	3	4
2778	3	4
2779	6	4
2780	16	4
2781	5	4
2784	20	4
2785	21	4
2786	10	4
2787	8	4
2788	0	4
2789	6	4
2791	0	4
2792	9	4
2794	10	4
2795	9	4
2796	2	4
2798	8	4
2799	11	4
2800	9	4
2801	9	4
2802	28	4
2804	27	4
2807	8	4
2808	2	4
2810	4	4
2811	15	4
2812	0	4
2813	10	4
2814	3	4
2815	3	4
2817	7	4
2818	7	4
2819	18	4
2820	14	4
2821	8	4
2822	6	4
2823	18	4
2824	4	4
2826	26	4
2827	9	4
2828	3	4
2829	2	4
2830	16	4
2831	13	4
2832	12	4
2833	20	4
2834	15	4
2835	12	4
2836	7	4
2837	3	4
2838	18	4
2839	0	4
2840	13	4
2841	11	4
2842	6	4
2843	12	4
2845	8	4
2846	16	4
2847	9	4
2848	1	4
2849	24	4
2850	9	4
2851	11	4
2852	18	4
2853	0	4
2854	5	4
2855	14	4
2856	5	4
2857	5	4
2858	9	4
2859	6	4
2860	14	4
2861	2	4
2862	2	4
2863	8	4
2864	9	4
2865	2	4
2866	3	4
2869	6	4
2870	10	4
2871	3	4
2872	9	4
2873	25	4
2874	23	4
2875	3	4
2876	3	4
2877	6	4
2880	1	4
2881	7	4
2882	13	4
2883	1	4
2884	4	4
2885	9	4
2886	3	4
2888	13	4
2889	0	4
2891	14	4
2892	0	4
2894	3	4
2895	10	4
2896	0	4
2897	25	4
2898	4	4
2900	0	4
2901	9	4
2902	2	4
2904	39	4
2905	21	4
2906	6	4
2908	32	4
2909	16	4
2910	10	4
2911	10	4
2912	3	4
2913	8	4
2914	5	4
2915	0	4
2917	2	4
2918	15	4
2919	12	4
2920	20	4
2921	3	4
2922	10	4
2924	4	4
2925	0	4
2927	2	4
2928	9	4
2929	15	4
2930	15	4
2931	6	4
2932	10	4
2933	6	4
2934	26	4
2935	12	4
2936	7	4
2937	13	4
2938	2	4
2939	18	4
2940	57	4
2941	1	4
2942	20	4
2943	4	4
2944	19	4
2945	14	4
2946	2	4
2947	6	4
2949	15	4
2950	14	4
2951	20	4
2952	14	4
2953	6	4
2954	10	4
2955	12	4
2956	16	4
2957	14	4
2959	1	4
2960	3	4
2961	3	4
2963	19	4
2964	7	4
2965	12	4
2966	6	4
2967	32	4
2970	6	4
2971	5	4
2972	10	4
2973	10	4
2974	5	4
2975	1	4
2976	26	4
2977	14	4
2978	12	4
2980	5	4
2981	14	4
2983	17	4
2984	3	4
2985	17	4
2986	5	4
2987	4	4
2989	12	4
2991	7	4
2992	0	4
2993	16	4
2994	12	4
2995	5	4
2996	6	4
2997	7	4
2998	5	4
2999	14	4
3000	24	4
3001	10	4
3002	21	4
3003	10	4
3005	11	4
3006	13	4
3007	7	4
3008	12	4
3009	4	4
3010	8	4
3011	1	4
3012	2	4
3013	7	4
3014	35	4
3015	5	4
3017	19	4
3018	2	4
3020	12	4
3021	3	4
3022	32	4
3023	8	4
3024	14	4
3026	12	4
3028	14	4
3029	19	4
3030	2	4
3031	18	4
3032	0	4
3033	7	4
3034	5	4
3035	4	4
3036	2	4
3038	0	4
3039	19	4
3040	4	4
3041	13	4
3043	14	4
3044	9	4
3045	6	4
3046	6	4
3047	30	4
3049	1	4
3050	16	4
3051	9	4
3052	15	4
3053	15	4
3054	16	4
3055	5	4
3056	5	4
3057	0	4
3060	6	4
3061	15	4
3062	4	4
3064	6	4
3065	0	4
3066	11	4
3067	5	4
3068	9	4
3069	18	4
3070	3	4
3071	7	4
3072	12	4
3073	3	4
3074	7	4
3075	5	4
3076	21	4
3077	8	4
3079	22	4
3081	12	4
3082	9	4
3083	15	4
3084	8	4
3085	2	4
3086	12	4
3087	8	4
3090	3	4
3091	17	4
3092	12	4
3093	9	4
3094	0	4
3095	0	4
3096	10	4
3097	4	4
3098	1	4
3099	0	4
3100	19	4
3101	5	4
3102	11	4
3103	16	4
3104	20	4
3105	20	4
3106	28	4
3107	19	4
3108	1	4
3109	6	4
3110	6	4
3111	7	4
3112	0	4
3113	8	4
3114	9	4
3115	5	4
3116	5	4
3118	1	4
3120	3	4
3121	4	4
3123	0	4
3124	7	4
3125	28	4
3126	43	4
3128	8	4
3129	3	4
3130	2	4
3131	6	4
3132	26	4
3133	0	4
3134	6	4
3137	12	4
3138	5	4
3139	10	4
3140	7	4
3141	11	4
3143	5	4
3144	4	4
3145	1	4
3146	6	4
3148	2	4
3150	7	4
3151	23	4
3153	4	4
3154	11	4
3155	11	4
3156	21	4
3157	27	4
3158	5	4
3161	37	4
3162	11	4
3163	11	4
3164	0	4
3165	1	4
3166	12	4
3167	9	4
3169	6	4
3170	15	4
3171	17	4
3172	1	4
3173	8	4
3174	18	4
3175	7	4
3177	0	4
3178	11	4
3179	33	4
3180	21	4
3181	29	4
3182	10	4
3183	23	4
3184	6	4
3186	1	4
3187	13	4
3188	17	4
3190	19	4
3191	1	4
3192	3	4
3193	9	4
3194	2	4
3195	20	4
3196	2	4
3197	19	4
3198	5	4
3199	5	4
3200	14	4
3201	26	4
3202	20	4
3203	9	4
3204	17	4
3205	19	4
3206	27	4
3207	10	4
3208	3	4
3209	2	4
3211	1	4
3212	9	4
3214	3	4
3215	31	4
3216	0	4
3217	15	4
3218	12	4
3220	6	4
3221	12	4
3222	24	4
3223	2	4
3224	8	4
3225	4	4
3226	15	4
3227	20	4
3228	16	4
3229	8	4
3230	5	4
3231	13	4
3232	13	4
3233	13	4
3234	10	4
3235	9	4
3236	33	4
3238	5	4
3239	4	4
3241	10	4
3243	0	4
3244	11	4
3245	6	4
3246	6	4
3247	13	4
3248	5	4
3249	18	4
3250	0	4
3252	37	4
3253	22	4
3254	21	4
3255	12	4
3256	9	4
3257	18	4
3258	11	4
3260	22	4
3261	7	4
3262	9	4
3263	11	4
3264	10	4
3265	11	4
3266	5	4
3267	10	4
3268	15	4
3269	10	4
3270	15	4
3272	2	4
3273	15	4
3274	15	4
3275	32	4
3276	5	4
3277	2	4
3279	0	4
3280	11	4
3281	3	4
3282	4	4
3283	10	4
3285	12	4
3286	12	4
3287	10	4
3288	13	4
3289	9	4
3292	14	4
3294	10	4
3295	19	4
3296	18	4
3297	15	4
3298	3	4
3300	0	4
3301	7	4
3302	11	4
3303	15	4
3304	8	4
3306	1	4
3307	3	4
3308	2	4
3309	14	4
3310	13	4
3311	17	4
3312	15	4
3313	7	4
3314	3	4
3315	3	4
3316	20	4
3317	14	4
3318	5	4
3319	5	4
3320	4	4
3321	18	4
3322	19	4
3323	16	4
3324	35	4
3325	4	4
3326	12	4
3327	29	4
3329	12	4
3330	4	4
3332	2	4
3333	12	4
3334	2	4
3335	19	4
3337	11	4
3339	5	4
3341	4	4
3342	6	4
3343	8	4
3344	36	4
3345	18	4
3346	7	4
3347	13	4
3348	4	4
3349	21	4
3350	5	4
3351	24	4
3352	23	4
3353	11	4
3354	19	4
3356	7	4
3357	4	4
3358	16	4
3359	8	4
3360	11	4
3361	0	4
3362	0	4
3363	6	4
3364	26	4
3365	20	4
3367	11	4
3369	9	4
3370	11	4
3371	5	4
3372	12	4
3373	1	4
3374	24	4
3376	27	4
3378	3	4
3379	48	4
3380	9	4
3381	17	4
3382	7	4
3384	38	4
3385	3	4
3386	13	4
3387	6	4
3389	16	4
3390	6	4
3391	4	4
3393	27	4
3395	13	4
3396	15	4
3397	5	4
3398	16	4
3399	0	4
3400	14	4
3401	12	4
3402	4	4
3403	3	4
3404	9	4
3405	9	4
3407	29	4
3408	6	4
3409	11	4
3410	18	4
3411	16	4
3412	4	4
3413	0	4
3414	12	4
3415	11	4
3416	5	4
3417	6	4
3418	12	4
3419	21	4
3420	9	4
3421	40	4
3422	12	4
3423	32	4
3424	39	4
3425	10	4
3426	17	4
3427	21	4
3428	8	4
3429	12	4
3430	15	4
3431	4	4
3432	8	4
3433	8	4
3434	17	4
3435	18	4
3437	5	4
3438	7	4
3439	13	4
3440	24	4
3441	4	4
3443	0	4
3444	25	4
3445	14	4
3446	4	4
3447	21	4
3448	0	4
3449	30	4
3450	25	4
3451	4	4
3452	0	4
3453	7	4
3455	15	4
3457	18	4
3458	0	4
3460	8	4
3461	40	4
3462	17	4
3463	8	4
3464	12	4
3465	11	4
3466	10	4
3469	2	4
3470	10	4
3471	25	4
3472	15	4
3473	19	4
3475	16	4
3476	11	4
3477	16	4
3478	16	4
3479	6	4
3480	15	4
3481	15	4
3482	0	4
3484	26	4
3486	8	4
3487	18	4
3488	4	4
3489	27	4
3490	8	4
3491	10	4
3492	1	4
3494	1	4
3495	9	4
3497	1	4
3498	24	4
3499	2	4
3500	8	4
3502	2	4
3503	10	4
3505	5	4
3506	23	4
3507	3	4
3508	7	4
3510	11	4
3511	13	4
3512	27	4
3513	9	4
3514	7	4
3515	12	4
3516	3	4
3517	13	4
3518	14	4
3519	9	4
3520	19	4
3521	23	4
3522	2	4
3523	9	4
3524	1	4
3525	12	4
3526	17	4
3528	8	4
3529	4	4
3530	9	4
3531	34	4
3533	8	4
3534	3	4
3535	0	4
3536	5	4
3537	12	4
3538	10	4
3539	6	4
3540	11	4
3541	7	4
3542	8	4
3543	14	4
3544	5	4
3545	7	4
3546	4	4
3547	9	4
3548	7	4
3549	7	4
3550	35	4
3551	29	4
3552	9	4
3553	2	4
3554	7	4
3556	6	4
3557	1	4
3558	11	4
3559	6	4
3560	5	4
3561	7	4
3563	39	4
3564	6	4
3565	5	4
3566	8	4
3567	8	4
3568	3	4
3569	18	4
3570	3	4
3572	11	4
3573	18	4
3574	4	4
3576	9	4
3577	4	4
3578	6	4
3579	35	4
3581	17	4
3582	6	4
3583	3	4
3584	26	4
3585	0	4
3586	4	4
3588	5	4
3589	6	4
3590	3	4
3591	6	4
3592	3	4
3593	9	4
3594	19	4
3595	7	4
3597	7	4
3598	4	4
3599	31	4
3600	6	4
3601	14	4
3602	8	4
3603	7	4
3604	33	4
3605	8	4
3606	2	4
3607	10	4
3608	5	4
3609	4	4
3610	11	4
3611	6	4
3612	13	4
3613	4	4
3614	7	4
3615	20	4
3616	1	4
3617	21	4
3618	6	4
3619	8	4
3620	12	4
3621	15	4
3622	0	4
3623	20	4
3624	10	4
3625	24	4
3626	2	4
3627	25	4
3628	16	4
3629	13	4
3630	12	4
3632	23	4
3633	6	4
3634	6	4
3635	11	4
3636	12	4
3637	9	4
3638	13	4
3639	21	4
3640	2	4
3641	3	4
3642	26	4
3643	15	4
3645	6	4
3647	16	4
3648	12	4
3649	15	4
3652	7	4
3653	10	4
3654	0	4
3655	11	4
3657	8	4
3658	10	4
3659	23	4
3660	31	4
3661	31	4
3663	9	4
3664	7	4
3665	6	4
3666	9	4
3667	4	4
3670	2	4
3671	7	4
3672	20	4
3673	6	4
3674	4	4
3676	3	4
3677	12	4
3678	1	4
3679	14	4
3680	1	4
3681	7	4
3683	7	4
3684	7	4
3685	16	4
3686	3	4
3688	15	4
3689	4	4
3690	21	4
3691	21	4
3692	9	4
3693	9	4
3694	5	4
3695	10	4
3696	12	4
3697	3	4
3698	1	4
3699	1	4
3700	10	4
3701	22	4
3702	11	4
3703	11	4
3704	15	4
3705	9	4
3706	9	4
3707	6	4
3709	5	4
3710	8	4
3711	13	4
3712	12	4
3713	4	4
3714	0	4
3715	12	4
3716	12	4
3717	8	4
3718	11	4
3719	3	4
3720	15	4
3721	12	4
3722	4	4
3723	5	4
3724	5	4
3726	3	4
3727	9	4
3728	18	4
3729	26	4
3730	0	4
3731	1	4
3732	25	4
3733	18	4
3734	7	4
3735	17	4
3736	9	4
3737	28	4
3738	7	4
3740	16	4
3741	35	4
3742	19	4
3743	6	4
3744	8	4
3745	10	4
3746	12	4
3748	8	4
3749	2	4
3750	21	4
3752	2	4
3753	26	4
3754	9	4
3755	14	4
3756	10	4
3757	2	4
3758	11	4
3759	11	4
3761	7	4
3762	1	4
3763	28	4
3765	7	4
3766	10	4
3769	0	4
3770	5	4
3771	5	4
3772	25	4
3774	29	4
3775	17	4
3776	12	4
3777	22	4
3778	2	4
3780	16	4
3781	21	4
3782	1	4
3783	2	4
3784	6	4
3787	21	4
3788	12	4
3789	14	4
3790	11	4
3791	4	4
3792	8	4
3793	12	4
3794	4	4
3795	3	4
3796	8	4
3797	10	4
3799	19	4
3800	20	4
3801	9	4
3802	3	4
3803	3	4
3804	8	4
3805	7	4
3806	28	4
3807	17	4
3808	8	4
3810	19	4
3811	20	4
3812	8	4
3813	0	4
3815	26	4
3816	3	4
3817	5	4
3819	6	4
3820	9	4
3821	34	4
3822	5	4
3823	16	4
3824	4	4
3825	5	4
3826	3	4
3828	2	4
3829	3	4
3831	9	4
3832	13	4
3833	3	4
3834	34	4
3835	2	4
3836	9	4
3837	12	4
3838	23	4
3839	6	4
3840	6	4
3841	0	4
3842	13	4
3843	15	4
3845	3	4
3846	3	4
3847	17	4
3849	0	4
3850	7	4
3851	20	4
3852	22	4
3853	19	4
3854	2	4
3856	3	4
3857	11	4
3858	7	4
3860	17	4
3861	3	4
3862	24	4
3863	23	4
3864	9	4
3865	3	4
3866	25	4
3867	8	4
3868	18	4
3870	6	4
3871	4	4
3872	17	4
3873	14	4
3874	5	4
3875	4	4
3876	4	4
3877	10	4
3878	21	4
3879	15	4
3880	13	4
3881	4	4
3883	0	4
3884	9	4
3885	16	4
3886	13	4
3887	1	4
3888	28	4
3889	12	4
3890	17	4
3891	8	4
3892	5	4
3893	2	4
3895	13	4
3896	3	4
3898	3	4
3899	41	4
3900	21	4
3901	12	4
3902	38	4
3904	8	4
3905	24	4
3906	8	4
3907	30	4
3909	0	4
3910	6	4
3912	6	4
3913	0	4
3915	9	4
3919	10	4
3921	3	4
3922	3	4
3923	3	4
3924	0	4
3925	5	4
3926	6	4
3927	6	4
3928	9	4
3929	28	4
3930	7	4
3931	6	4
3932	12	4
3933	14	4
3934	3	4
3935	11	4
3936	4	4
3937	8	4
3938	5	4
3939	3	4
3940	7	4
3941	3	4
3942	11	4
3943	2	4
3944	5	4
3945	12	4
3946	22	4
3947	13	4
3949	9	4
3950	3	4
3951	4	4
3952	0	4
3953	11	4
3954	3	4
3955	36	4
3956	17	4
3957	10	4
3958	9	4
3961	19	4
3962	5	4
3963	37	4
3964	10	4
3965	4	4
3966	3	4
3967	18	4
3968	0	4
3969	10	4
3971	4	4
3972	5	4
3973	6	4
3975	20	4
3976	7	4
3977	6	4
3979	4	4
3981	4	4
3982	9	4
3983	3	4
3985	8	4
3986	8	4
3987	0	4
3989	4	4
3991	20	4
3992	9	4
3994	9	4
3995	6	4
3996	8	4
3997	7	4
3998	25	4
4000	11	4
4001	32	4
4003	10	4
4004	14	4
4006	12	4
4007	5	4
4008	18	4
4009	15	4
4010	3	4
4012	4	4
4013	1	4
4014	8	4
4015	18	4
4016	15	4
4017	24	4
4019	0	4
4020	14	4
4021	1	4
4022	2	4
4023	20	4
4025	3	4
4026	13	4
4027	3	4
4028	2	4
4029	29	4
4030	3	4
4031	7	4
4032	0	4
4033	13	4
4034	12	4
4035	1	4
4036	1	4
4037	30	4
4038	12	4
4039	4	4
4040	11	4
4041	9	4
4042	17	4
4043	7	4
4044	17	4
4045	8	4
4046	12	4
4048	10	4
4049	22	4
4051	23	4
4052	8	4
4053	12	4
4054	22	4
4055	3	4
4056	6	4
4057	6	4
4058	1	4
4059	22	4
4060	12	4
4061	0	4
4062	6	4
4064	21	4
4065	28	4
4066	10	4
4067	5	4
4068	6	4
4069	3	4
4070	7	4
4071	12	4
4072	19	4
4073	2	4
4074	32	4
4075	19	4
4077	3	4
4078	17	4
4080	26	4
4081	19	4
4082	4	4
4084	13	4
4085	0	4
4086	4	4
4088	6	4
4089	16	4
4090	27	4
4092	4	4
4094	16	4
4096	2	4
4097	15	4
4098	13	4
4099	15	4
4101	7	4
4102	20	4
4103	18	4
4104	25	4
4105	9	4
4106	14	4
4107	6	4
4108	13	4
4109	0	4
4111	28	4
4114	14	4
4115	15	4
4116	20	4
4117	11	4
4118	6	4
4119	15	4
4120	11	4
4121	15	4
4122	5	4
4123	19	4
4125	7	4
4126	13	4
4127	3	4
4128	2	4
4130	8	4
4131	8	4
4132	14	4
4133	7	4
4134	18	4
4136	9	4
4137	6	4
4138	29	4
4140	24	4
4142	9	4
4143	7	4
4144	18	4
4145	11	4
4148	4	4
4149	3	4
4150	3	4
4151	4	4
4152	1	4
4153	21	4
4154	2	4
4155	3	4
4156	36	4
4158	2	4
4160	9	4
4161	6	4
4162	5	4
4163	14	4
4164	17	4
4166	6	4
4167	19	4
4168	1	4
4169	16	4
4170	21	4
4171	6	4
4172	15	4
4173	5	4
4174	5	4
4175	25	4
4176	10	4
4177	14	4
4178	10	4
4179	2	4
4180	3	4
4184	3	4
4185	0	4
4186	4	4
4188	22	4
4190	20	4
4191	16	4
4192	8	4
4193	5	4
4194	8	4
4195	8	4
4196	12	4
4197	12	4
4198	5	4
4199	6	4
4200	6	4
4201	5	4
4202	4	4
4203	28	4
4204	8	4
4205	7	4
4206	15	4
4207	14	4
4208	0	4
4209	17	4
4213	19	4
4215	9	4
4216	0	4
4217	17	4
4218	8	4
4220	17	4
4221	3	4
4222	21	4
4224	11	4
4225	11	4
4226	16	4
4227	4	4
4228	17	4
4229	8	4
4230	6	4
4231	36	4
4232	7	4
4233	18	4
4234	1	4
4235	6	4
4237	3	4
4238	29	4
4240	25	4
4241	8	4
4244	16	4
4245	14	4
4246	29	4
4247	10	4
4249	8	4
4250	34	4
4253	18	4
4254	15	4
4255	0	4
4256	2	4
4257	18	4
4258	5	4
4259	6	4
4260	11	4
4261	1	4
4262	32	4
4264	5	4
4265	8	4
4266	22	4
4267	16	4
4268	3	4
4269	11	4
4272	3	4
4273	10	4
4274	15	4
4275	10	4
4276	8	4
4277	4	4
4278	5	4
4279	12	4
4280	23	4
4281	4	4
4282	31	4
4283	4	4
4284	18	4
4285	11	4
4287	2	4
4288	38	4
4289	14	4
4290	2	4
4291	22	4
4292	19	4
4294	3	4
4295	1	4
4296	23	4
4297	31	4
4298	4	4
4299	25	4
4300	19	4
4301	10	4
4302	10	4
4303	23	4
4304	0	4
4305	15	4
4306	3	4
4308	11	4
4309	8	4
4311	2	4
4312	3	4
4313	32	4
4314	21	4
4315	3	4
4317	12	4
4318	8	4
4319	13	4
4320	1	4
4321	3	4
4322	4	4
4323	9	4
4324	11	4
4326	12	4
4327	0	4
4328	5	4
4330	6	4
4331	8	4
4332	5	4
4333	23	4
4334	15	4
4335	24	4
4337	6	4
4338	13	4
4339	8	4
4340	24	4
4341	10	4
4342	5	4
4343	9	4
4344	15	4
4345	0	4
4346	20	4
4347	6	4
4348	4	4
4349	10	4
4350	13	4
4351	4	4
4352	24	4
4353	18	4
4354	9	4
4355	3	4
4356	17	4
4357	18	4
4358	9	4
4359	19	4
4360	18	4
4361	28	4
4362	7	4
4364	5	4
4365	4	4
4366	23	4
4367	14	4
4368	0	4
4370	9	4
4371	8	4
4372	9	4
4373	7	4
4374	2	4
4375	4	4
4376	6	4
4377	13	4
4378	10	4
4379	36	4
4380	1	4
4381	6	4
4382	18	4
4383	4	4
4384	7	4
4385	18	4
4386	11	4
4387	14	4
4388	4	4
4390	20	4
4392	14	4
4393	13	4
4394	6	4
4395	20	4
4396	6	4
4397	3	4
4399	7	4
4400	13	4
4401	5	4
4402	9	4
4403	6	4
4404	14	4
4406	24	4
4407	5	4
4409	34	4
4410	19	4
4411	16	4
4412	19	4
4413	17	4
4414	11	4
4415	9	4
4416	19	4
4417	10	4
4418	21	4
4419	12	4
4420	22	4
4421	15	4
4422	4	4
4423	13	4
4424	8	4
4425	3	4
4426	15	4
4427	3	4
4428	7	4
4429	17	4
4430	17	4
4432	20	4
4433	21	4
4435	22	4
4436	7	4
4437	4	4
4438	15	4
4439	11	4
4440	4	4
4442	30	4
4444	10	4
4445	10	4
4446	0	4
4447	1	4
4448	14	4
4449	45	4
4450	18	4
4451	4	4
4452	1	4
4453	22	4
4454	10	4
4456	10	4
4457	11	4
4458	12	4
4459	2	4
4462	3	4
4463	4	4
4464	4	4
4465	16	4
4466	2	4
4467	20	4
4468	6	4
4470	3	4
4471	14	4
4472	12	4
4473	3	4
4474	13	4
4475	2	4
4476	6	4
4477	8	4
4478	9	4
4479	10	4
4480	10	4
4481	9	4
4482	0	4
4483	22	4
4484	6	4
4486	1	4
4487	10	4
4488	4	4
4490	8	4
4491	7	4
4492	15	4
4493	10	4
4494	10	4
4495	7	4
4497	14	4
4499	16	4
4500	4	4
4502	6	4
4503	9	4
4504	7	4
4505	0	4
4508	12	4
4509	15	4
4510	7	4
4511	6	4
4512	9	4
4513	2	4
4514	16	4
4515	6	4
4516	17	4
4518	8	4
4519	5	4
4522	8	4
4523	4	4
4524	16	4
4525	8	4
4526	1	4
4527	10	4
4528	4	4
4532	23	4
4535	7	4
4539	30	4
4540	23	4
4542	13	4
4543	3	4
4546	8	4
4547	32	4
4550	4	4
4553	2	4
4554	4	4
4557	7	4
4558	7	4
4559	9	4
4560	10	4
4561	13	4
4562	16	4
4563	8	4
4564	12	4
4565	15	4
4566	13	4
4567	9	4
4568	13	4
4569	6	4
4570	18	4
4571	0	4
4572	12	4
4575	3	4
4577	5	4
4578	8	4
4579	15	4
4580	6	4
4581	1	4
4582	8	4
4583	11	4
4584	5	4
4585	9	4
4586	20	4
4587	16	4
4588	17	4
4589	14	4
4590	15	4
4591	2	4
4592	33	4
4593	6	4
4594	2	4
4596	3	4
4597	6	4
4599	2	4
4600	0	4
4601	5	4
4602	11	4
4603	13	4
4604	15	4
4605	2	4
4607	7	4
4608	18	4
4609	8	4
4610	6	4
4613	9	4
4614	16	4
4615	16	4
4616	0	4
4617	3	4
4618	17	4
4619	11	4
4620	27	4
4621	2	4
4622	11	4
4623	18	4
4624	0	4
4625	20	4
4626	21	4
4627	10	4
4628	0	4
4629	19	4
4631	16	4
4633	8	4
4634	11	4
4635	1	4
4636	7	4
4637	0	4
4638	4	4
4640	7	4
4641	7	4
4643	5	4
4644	17	4
4645	13	4
4646	41	4
4647	12	4
4648	1	4
4649	16	4
4651	13	4
4652	0	4
4653	3	4
4654	27	4
4655	7	4
4656	25	4
4657	0	4
4658	5	4
4659	3	4
4660	0	4
4661	1	4
4662	17	4
4664	10	4
4665	12	4
4666	18	4
4667	20	4
4668	17	4
4669	28	4
4670	26	4
4671	22	4
4676	27	4
4677	1	4
4678	1	4
4680	8	4
4682	6	4
4684	6	4
4685	22	4
4686	9	4
4687	4	4
4689	11	4
4690	3	4
4692	3	4
4693	11	4
4694	9	4
4695	2	4
4696	7	4
4697	3	4
4698	2	4
4699	9	4
4700	0	4
4701	28	4
4702	6	4
4704	0	4
4705	12	4
4706	14	4
4707	21	4
4708	18	4
4709	15	4
4710	12	4
4712	29	4
4713	5	4
4714	23	4
4715	8	4
4716	0	4
4717	4	4
4718	5	4
4719	0	4
4720	36	4
4721	1	4
4722	17	4
4723	21	4
4724	23	4
4725	0	4
4726	5	4
4727	11	4
4728	11	4
4729	17	4
4730	5	4
4731	6	4
4732	19	4
4733	14	4
4734	1	4
4735	8	4
4738	3	4
4739	12	4
4740	6	4
4741	30	4
4742	8	4
4743	22	4
4744	8	4
4746	2	4
4747	1	4
4748	20	4
4749	11	4
4751	19	4
4752	16	4
4754	9	4
4755	27	4
4756	11	4
4757	14	4
4758	10	4
4759	2	4
4760	0	4
4761	7	4
4762	8	4
4763	1	4
4764	19	4
4765	2	4
4766	0	4
4767	4	4
4768	5	4
4769	7	4
4770	6	4
4771	9	4
4772	7	4
4773	19	4
4774	7	4
4775	18	4
4776	3	4
4777	3	4
4779	13	4
4780	0	4
4781	13	4
4782	6	4
4783	6	4
4784	0	4
4786	26	4
4787	3	4
4788	5	4
4789	2	4
4790	20	4
4792	3	4
4794	12	4
4795	17	4
4797	23	4
4798	9	4
4799	8	4
4801	3	4
4802	5	4
4803	23	4
4804	15	4
4805	5	4
4806	2	4
4807	7	4
4809	16	4
4810	2	4
4811	12	4
4812	0	4
4814	6	4
4815	0	4
4816	12	4
4817	33	4
4818	27	4
4819	9	4
4820	10	4
4821	15	4
4822	9	4
4823	16	4
4824	14	4
4825	9	4
4826	5	4
4827	8	4
4828	3	4
4829	5	4
4830	11	4
4831	5	4
4832	8	4
4833	33	4
4834	3	4
4836	5	4
4837	21	4
4839	1	4
4840	1	4
4841	6	4
4842	31	4
4843	8	4
4844	8	4
4845	6	4
4846	13	4
4848	13	4
4849	11	4
4850	16	4
4851	30	4
4852	17	4
4853	9	4
4854	23	4
4855	11	4
4856	3	4
4857	1	4
4858	14	4
4859	10	4
4860	9	4
4861	3	4
4862	7	4
4863	24	4
4864	8	4
4865	14	4
4866	8	4
4867	4	4
4868	2	4
4869	2	4
4870	4	4
4871	7	4
4872	14	4
4873	21	4
4874	21	4
4875	29	4
4876	18	4
4879	4	4
4881	13	4
4882	15	4
4883	10	4
4884	9	4
4885	8	4
4886	6	4
4887	24	4
4888	8	4
4889	20	4
4891	33	4
4892	11	4
4893	8	4
4894	25	4
4896	9	4
4897	0	4
4898	7	4
4899	14	4
4900	22	4
4901	13	4
4902	1	4
4903	2	4
4904	5	4
4905	25	4
4906	7	4
4907	7	4
4908	4	4
4909	9	4
4910	6	4
4911	16	4
4912	19	4
4914	6	4
4915	6	4
4916	4	4
4917	17	4
4918	5	4
4919	10	4
4921	47	4
4922	23	4
4923	12	4
4924	7	4
4925	20	4
4926	0	4
4927	7	4
4929	28	4
4930	17	4
4931	6	4
4932	7	4
4933	7	4
4935	19	4
4936	0	4
4937	16	4
4938	12	4
4939	0	4
4940	11	4
4941	7	4
4942	9	4
4943	4	4
4944	4	4
4945	5	4
4946	7	4
4947	11	4
4948	3	4
4949	9	4
4950	8	4
4951	37	4
4952	29	4
4953	5	4
4954	14	4
4955	6	4
4956	6	4
4957	2	4
4958	0	4
4959	9	4
4961	3	4
4962	16	4
4964	12	4
4965	18	4
4966	1	4
4967	20	4
4968	0	4
4969	19	4
4970	23	4
4971	7	4
4972	1	4
4973	3	4
4975	32	4
4977	36	4
4978	8	4
4981	0	4
4983	5	4
4984	0	4
4985	15	4
4986	6	4
4987	10	4
4988	20	4
4989	6	4
4990	9	4
4991	5	4
4992	5	4
4993	0	4
4994	9	4
4995	3	4
4996	7	4
4997	16	4
4998	30	4
4999	21	4
5000	17	4
5001	22	4
5002	1	4
5003	6	4
5004	6	4
5005	7	4
5006	32	4
5007	9	4
5011	5	4
5012	17	4
5014	3	4
5015	21	4
5016	5	4
5018	11	4
5019	1	4
5020	15	4
5023	9	4
5024	0	4
5025	10	4
5026	7	4
5027	13	4
5028	0	4
5029	16	4
5030	10	4
5031	11	4
5032	8	4
5033	9	4
5034	25	4
5035	8	4
5036	11	4
5037	3	4
5040	7	4
5042	14	4
5043	19	4
5044	7	4
5045	5	4
5046	10	4
5047	5	4
5048	15	4
5049	4	4
5050	7	4
5051	18	4
5052	0	4
5053	13	4
5054	8	4
5055	19	4
5056	25	4
5057	10	4
5058	9	4
5059	18	4
5060	7	4
5061	5	4
5062	21	4
5063	36	4
5064	5	4
5065	0	4
5067	25	4
5068	19	4
5069	13	4
5071	32	4
5072	4	4
5073	9	4
5074	9	4
5075	10	4
5076	5	4
5077	4	4
5078	3	4
5079	6	4
5080	1	4
5082	0	4
5083	5	4
5084	8	4
5086	12	4
5087	16	4
5088	5	4
5089	5	4
5090	5	4
5091	17	4
5092	16	4
5093	6	4
5094	38	4
5095	15	4
5096	8	4
5097	1	4
5098	10	4
5099	10	4
5100	16	4
5101	18	4
5102	5	4
5103	15	4
5104	16	4
5105	3	4
5106	6	4
5107	33	4
5109	4	4
5110	8	4
5111	0	4
5112	12	4
5113	13	4
5114	16	4
5115	20	4
5116	10	4
5117	15	4
5119	9	4
5120	38	4
5121	13	4
5124	9	4
5125	9	4
5126	28	4
5127	8	4
5129	5	4
5130	2	4
5131	50	4
5132	9	4
5135	16	4
5136	10	4
5137	14	4
5139	23	4
5140	4	4
5141	1	4
5142	0	4
5143	15	4
5144	7	4
5146	9	4
5147	11	4
5148	9	4
5149	5	4
5150	15	4
5151	4	4
5152	15	4
5154	6	4
5155	22	4
5156	16	4
5157	16	4
5158	4	4
5159	11	4
5160	7	4
5161	14	4
5163	26	4
5164	12	4
5165	19	4
5166	9	4
5167	23	4
5168	1	4
5169	7	4
5170	14	4
5171	23	4
5173	2	4
5174	0	4
5175	18	4
5177	0	4
5179	1	4
5181	41	4
5182	4	4
5183	6	4
5184	21	4
5185	16	4
5186	9	4
5187	17	4
5189	25	4
5190	12	4
5191	9	4
5192	14	4
5194	7	4
5195	6	4
5196	2	4
5197	9	4
5198	10	4
5199	13	4
5200	5	4
5201	3	4
5203	20	4
5204	13	4
5206	8	4
5207	11	4
5210	24	4
5212	7	4
5215	9	4
5216	0	4
5217	11	4
5218	19	4
5219	21	4
5220	21	4
5221	10	4
5222	12	4
5224	9	4
5225	16	4
5226	19	4
5227	5	4
5228	2	4
5229	8	4
5230	0	4
5231	9	4
5233	9	4
5235	27	4
5236	8	4
5237	20	4
5238	9	4
5239	3	4
5241	41	4
5242	3	4
5243	18	4
5244	6	4
5245	28	4
5248	3	4
5249	46	4
5250	13	4
5251	17	4
5252	21	4
5253	3	4
5254	12	4
5255	25	4
5256	9	4
5258	0	4
5259	7	4
5260	13	4
5262	1	4
5263	1	4
5264	8	4
5265	2	4
5266	14	4
5268	18	4
5269	20	4
5270	9	4
5271	5	4
5273	2	4
5274	8	4
5275	5	4
5276	15	4
5277	2	4
5278	7	4
5279	8	4
5280	6	4
5281	14	4
5282	4	4
5283	7	4
5284	1	4
5285	5	4
5286	15	4
5287	31	4
5288	12	4
5289	5	4
5290	6	4
5292	22	4
5293	3	4
5294	8	4
5296	15	4
5297	16	4
5298	29	4
5299	16	4
5300	9	4
5302	5	4
5303	4	4
5304	4	4
5306	0	4
5307	5	4
5308	2	4
5311	1	4
5315	0	4
5316	4	4
5317	22	4
5318	0	4
5319	0	4
5320	7	4
5321	26	4
5322	11	4
5323	18	4
5324	6	4
5326	0	4
5327	18	4
5328	15	4
5329	23	4
5330	35	4
5331	6	4
5332	9	4
5333	4	4
5334	10	4
5335	19	4
5336	3	4
5337	4	4
5338	6	4
5339	3	4
5340	5	4
5341	17	4
5342	9	4
5343	7	4
5344	1	4
5345	6	4
5346	14	4
5347	0	4
5348	6	4
5349	14	4
5350	3	4
5351	11	4
5352	22	4
5353	8	4
5354	12	4
5355	6	4
5357	3	4
5358	27	4
5359	5	4
5360	9	4
5361	5	4
5362	5	4
5364	20	4
5365	23	4
5366	19	4
5367	16	4
5368	5	4
5370	0	4
5371	5	4
5372	7	4
5373	9	4
5374	3	4
5375	14	4
5376	5	4
5377	2	4
5378	15	4
5379	10	4
5380	9	4
5381	22	4
5383	36	4
5384	4	4
5385	3	4
5386	11	4
5387	0	4
5389	2	4
5391	10	4
5394	8	4
5395	5	4
5396	4	4
5397	8	4
5398	7	4
5399	7	4
5401	8	4
5402	8	4
5403	7	4
5404	4	4
5405	8	4
5406	5	4
5407	3	4
5408	12	4
5409	13	4
5411	6	4
5413	15	4
5414	23	4
5415	8	4
5417	3	4
5418	3	4
5419	26	4
5420	34	4
5421	7	4
5422	5	4
5423	3	4
5424	15	4
5425	15	4
5426	10	4
5427	4	4
5428	8	4
5429	8	4
5430	20	4
5432	11	4
5433	11	4
5434	16	4
5435	6	4
5437	10	4
5438	18	4
5439	44	4
5440	12	4
5442	17	4
5443	13	4
5444	35	4
5445	10	4
5446	11	4
5447	22	4
5448	7	4
5449	5	4
5450	16	4
5451	14	4
5452	4	4
5454	16	4
5455	7	4
5456	6	4
5457	5	4
5458	15	4
5459	4	4
5460	7	4
5461	19	4
5462	49	4
5463	17	4
5464	0	4
5465	21	4
5466	12	4
5467	10	4
5468	15	4
5470	11	4
5471	13	4
5472	0	4
5473	0	4
5475	12	4
5476	10	4
5478	25	4
5479	37	4
5480	2	4
5481	19	4
5483	0	4
5484	8	4
5485	13	4
5486	2	4
5487	2	4
5488	13	4
5490	0	4
5491	6	4
5492	11	4
5494	1	4
5495	4	4
5497	8	4
5498	4	4
5500	5	4
5501	33	4
5502	3	4
5503	2	4
5504	8	4
5506	10	4
5508	1	4
5509	2	4
5511	4	4
5512	11	4
5513	0	4
5514	11	4
5516	33	4
5517	20	4
5518	1	4
5519	4	4
5520	6	4
5522	20	4
5524	24	4
5525	12	4
5526	7	4
5527	16	4
5528	17	4
5529	8	4
5530	7	4
5531	19	4
5532	10	4
5533	11	4
5534	13	4
5535	28	4
5536	18	4
5537	7	4
5539	0	4
5540	3	4
5541	13	4
5542	8	4
5543	6	4
5544	5	4
5545	19	4
5548	36	4
5549	2	4
5550	6	4
5551	12	4
5552	1	4
5553	17	4
5554	5	4
5555	32	4
5556	9	4
5557	5	4
5558	6	4
5559	30	4
5560	24	4
5561	10	4
5562	8	4
5563	3	4
5564	23	4
5565	6	4
5566	11	4
5567	11	4
5568	7	4
5569	12	4
5570	16	4
5571	15	4
5572	17	4
5573	22	4
5574	5	4
5576	12	4
5577	12	4
5578	5	4
5579	5	4
5581	2	4
5582	22	4
5583	9	4
5585	4	4
5586	10	4
5587	6	4
5588	15	4
5589	9	4
5590	2	4
5591	6	4
5592	20	4
5593	14	4
5595	4	4
5596	19	4
5598	9	4
5599	15	4
5600	8	4
5601	18	4
5602	20	4
5603	3	4
5604	11	4
5605	12	4
5606	3	4
5607	1	4
5608	8	4
5610	26	4
5611	8	4
5612	6	4
5613	27	4
5614	12	4
5616	7	4
5618	2	4
5619	7	4
5620	4	4
5621	8	4
5622	8	4
5623	4	4
5624	10	4
5625	6	4
5626	3	4
5627	8	4
5628	10	4
5629	6	4
5630	31	4
5631	2	4
5633	24	4
5635	3	4
5636	18	4
5637	10	4
5638	6	4
5639	14	4
5640	8	4
5641	8	4
5643	36	4
5645	13	4
5646	17	4
5647	17	4
5648	8	4
5650	14	4
5651	0	4
5652	27	4
5653	10	4
5654	1	4
5656	16	4
5658	1	4
5659	12	4
5660	17	4
5661	0	4
5662	8	4
5663	3	4
5664	8	4
5665	15	4
5667	7	4
5668	0	4
5669	15	4
5673	9	4
5674	0	4
5675	4	4
5676	21	4
5677	15	4
5678	21	4
5679	1	4
5680	6	4
5681	6	4
5682	22	4
5683	0	4
5684	21	4
5685	5	4
5686	2	4
5687	1	4
5688	8	4
5689	14	4
5690	5	4
5691	4	4
5692	5	4
5693	16	4
5694	2	4
5696	19	4
5697	10	4
5698	20	4
5699	18	4
5700	18	4
5702	7	4
5703	7	4
5705	5	4
5706	20	4
5708	19	4
5709	15	4
5710	0	4
5711	20	4
5712	0	4
5714	4	4
5716	3	4
5717	4	4
5718	1	4
5719	8	4
5721	6	4
5722	9	4
5723	5	4
5724	10	4
5726	13	4
5727	0	4
5728	29	4
5729	14	4
5730	16	4
5731	24	4
5732	5	4
5733	12	4
5734	6	4
5738	3	4
5739	5	4
5740	12	4
5741	16	4
5742	28	4
5743	6	4
5744	26	4
5745	13	4
5746	0	4
5748	18	4
5749	2	4
5750	0	4
5751	32	4
5752	2	4
5753	4	4
5754	7	4
5755	32	4
5756	19	4
5757	6	4
5758	9	4
5760	2	4
5761	0	4
5762	10	4
5763	3	4
5764	6	4
5765	6	4
5767	14	4
5768	11	4
5771	9	4
5775	4	4
5776	14	4
5779	9	4
5780	13	4
5781	18	4
5783	16	4
5784	4	4
5785	8	4
5786	0	4
5787	11	4
5789	5	4
5790	19	4
5791	13	4
5792	10	4
5793	6	4
5794	27	4
5795	10	4
5796	12	4
5798	0	4
5799	15	4
5800	16	4
5801	15	4
5802	3	4
5803	5	4
5805	3	4
5806	10	4
5807	23	4
5808	6	4
5809	11	4
5811	17	4
5812	8	4
5814	8	4
5815	16	4
5816	5	4
5817	14	4
5818	27	4
5819	0	4
5820	18	4
5821	11	4
5823	28	4
5824	12	4
5825	0	4
5826	3	4
5828	20	4
5829	3	4
5830	5	4
5831	12	4
5832	5	4
5833	0	4
5834	6	4
5835	4	4
5836	2	4
5837	7	4
5838	4	4
5839	7	4
5841	5	4
5842	9	4
5843	4	4
5844	19	4
5845	9	4
5846	3	4
5847	14	4
5848	11	4
5849	9	4
5850	18	4
5851	13	4
5853	5	4
5854	7	4
5855	10	4
5856	11	4
5857	6	4
5858	15	4
5859	8	4
5860	7	4
5861	12	4
5862	17	4
5864	6	4
5865	9	4
5866	8	4
5867	20	4
5868	6	4
5869	18	4
5870	24	4
5871	13	4
5872	7	4
5874	3	4
5876	12	4
5877	2	4
5878	9	4
5879	9	4
5880	1	4
5881	12	4
5882	5	4
5883	6	4
5884	4	4
5885	7	4
5886	13	4
5887	17	4
5888	10	4
5889	19	4
5890	16	4
5891	11	4
5892	3	4
5893	10	4
5894	15	4
5895	7	4
5896	11	4
5897	18	4
5898	18	4
5899	5	4
5900	23	4
5901	15	4
5902	19	4
5903	5	4
5904	11	4
5905	29	4
5906	7	4
5908	29	4
5910	10	4
5911	5	4
5912	23	4
5913	14	4
5914	0	4
5915	8	4
5917	1	4
5920	10	4
5921	16	4
5922	10	4
5923	18	4
5924	14	4
5925	7	4
5927	10	4
5928	22	4
5929	9	4
5930	0	4
5931	6	4
5932	15	4
5935	42	4
5937	3	4
5939	17	4
5941	3	4
5942	9	4
5943	17	4
5945	5	4
5947	1	4
5948	7	4
5950	9	4
5951	14	4
5952	11	4
5953	2	4
5954	24	4
5955	6	4
5956	10	4
5957	2	4
5958	19	4
5959	8	4
5960	15	4
5961	32	4
5962	16	4
5963	18	4
5964	14	4
5965	25	4
5966	2	4
5967	10	4
5968	13	4
5969	2	4
5970	15	4
5971	4	4
5972	20	4
5974	9	4
5976	16	4
5977	6	4
5978	10	4
5979	7	4
5980	6	4
5981	23	4
5982	1	4
5983	8	4
5984	8	4
5985	4	4
5986	16	4
5987	31	4
5988	12	4
5989	8	4
5991	11	4
5992	15	4
5993	14	4
5994	2	4
5995	6	4
5996	19	4
5998	31	4
5999	10	4
6001	17	4
6002	3	4
6003	1	4
6004	19	4
6005	0	4
6006	22	4
6007	12	4
6008	16	4
6009	3	4
6010	10	4
6011	6	4
6012	19	4
6014	1	4
6015	7	4
6016	11	4
6017	5	4
6018	12	4
6019	13	4
6020	19	4
6022	9	4
6023	0	4
6024	6	4
6025	3	4
6026	10	4
6027	18	4
6028	7	4
6029	6	4
6030	14	4
6031	7	4
6032	11	4
6033	16	4
6034	3	4
6035	14	4
6036	15	4
6038	29	4
6039	11	4
6040	21	4
6041	17	4
6042	14	4
6043	13	4
6044	9	4
6045	22	4
6046	4	4
6047	9	4
6048	2	4
6049	10	4
6050	7	4
6051	4	4
6052	3	4
6053	6	4
6054	6	4
6055	0	4
6056	0	4
6057	12	4
6059	8	4
6060	14	4
6061	11	4
6062	15	4
6064	0	4
6065	20	4
6068	6	4
6069	14	4
6070	8	4
6071	22	4
6072	33	4
6073	0	4
6074	16	4
6075	2	4
6076	0	4
6077	13	4
6078	13	4
6079	9	4
6080	17	4
6081	10	4
6082	12	4
6083	18	4
6084	26	4
6085	8	4
6086	32	4
6087	20	4
6090	21	4
6091	19	4
6093	4	4
6094	23	4
6095	0	4
6096	10	4
6098	2	4
6099	0	4
6100	0	4
6101	3	4
6102	10	4
6103	4	4
6104	21	4
6105	26	4
6106	21	4
6107	16	4
6108	2	4
6109	10	4
6110	4	4
6111	12	4
6113	3	4
6114	4	4
6115	7	4
6116	6	4
6117	13	4
6119	6	4
6120	0	4
6121	16	4
6122	8	4
6124	28	4
6125	3	4
6126	12	4
6127	33	4
6128	3	4
6129	0	4
6130	8	4
6131	5	4
6132	12	4
6133	7	4
6134	8	4
6135	8	4
6136	8	4
6138	12	4
6139	17	4
6140	22	4
6141	10	4
6142	4	4
6144	10	4
6145	7	4
6146	15	4
6147	24	4
6150	6	4
6152	4	4
6153	13	4
6155	0	4
6156	15	4
6157	14	4
6158	25	4
6159	2	4
6160	16	4
6161	24	4
6162	1	4
6163	19	4
6164	6	4
6165	16	4
6166	6	4
6167	36	4
6168	15	4
6169	15	4
6170	9	4
6171	10	4
6172	4	4
6173	2	4
6174	2	4
6175	11	4
6176	20	4
6177	0	4
6179	7	4
6180	8	4
6181	29	4
6182	10	4
6183	10	4
6184	16	4
6185	19	4
6186	18	4
6187	6	4
6188	21	4
6190	7	4
6191	3	4
6192	20	4
6193	6	4
6194	2	4
6195	16	4
6196	9	4
6197	25	4
6198	14	4
6199	10	4
6200	1	4
6201	17	4
6202	2	4
6203	16	4
6204	2	4
6207	16	4
6208	30	4
6209	14	4
6210	3	4
6211	6	4
6212	6	4
6213	10	4
6214	1	4
6215	8	4
6216	0	4
6217	22	4
6218	22	4
6219	5	4
6220	3	4
6221	2	4
6222	0	4
6223	23	4
6224	11	4
6225	6	4
6226	5	4
6227	8	4
6228	3	4
6229	2	4
6230	6	4
6231	4	4
6232	2	4
6233	4	4
6236	1	4
6237	7	4
6239	15	4
6240	18	4
6241	11	4
6242	6	4
6244	34	4
6245	40	4
6246	4	4
6247	11	4
6248	15	4
6250	13	4
6251	7	4
6252	22	4
6253	10	4
6254	15	4
6255	17	4
6256	12	4
6257	11	4
6258	2	4
6259	11	4
6260	45	4
6261	11	4
6262	11	4
6263	9	4
6264	5	4
6265	5	4
6267	19	4
6268	7	4
6269	13	4
6270	6	4
6271	18	4
6272	6	4
6276	8	4
6277	8	4
6278	10	4
6279	20	4
6280	12	4
6281	16	4
6282	0	4
6283	8	4
6284	11	4
6285	4	4
6286	7	4
6287	5	4
6288	9	4
6289	1	4
6290	10	4
6291	3	4
6292	20	4
6294	12	4
6295	0	4
6297	7	4
6299	16	4
6301	4	4
6302	19	4
6303	6	4
6304	21	4
6305	14	4
6306	2	4
6307	7	4
6308	5	4
6309	5	4
6310	8	4
6311	13	4
6312	15	4
6313	14	4
6314	9	4
6315	12	4
6316	5	4
6317	9	4
6318	7	4
6320	9	4
6321	7	4
6322	13	4
6323	2	4
6325	10	4
6329	15	4
6330	24	4
6333	9	4
6334	13	4
6335	12	4
6336	7	4
6338	9	4
6339	9	4
6340	31	4
6343	16	4
6344	38	4
6345	14	4
6346	36	4
6347	18	4
6348	4	4
6349	20	4
6350	12	4
6351	3	4
6352	8	4
6354	11	4
6355	3	4
6356	3	4
6357	12	4
6358	11	4
6359	4	4
6360	6	4
6361	27	4
6362	0	4
6364	12	4
6365	9	4
6366	0	4
6367	3	4
6368	11	4
6369	8	4
6370	22	4
6371	6	4
6372	7	4
6373	22	4
6374	0	4
6375	7	4
6376	0	4
6377	5	4
6378	5	4
6379	8	4
6380	3	4
6381	1	4
6382	7	4
6383	9	4
6384	8	4
6385	9	4
6386	3	4
6387	10	4
6389	10	4
6391	15	4
6392	6	4
6393	20	4
6394	9	4
6395	6	4
6397	11	4
6398	18	4
6401	12	4
6402	23	4
6403	15	4
6407	0	4
6408	21	4
6409	7	4
6410	7	4
6411	12	4
6412	2	4
6413	15	4
6414	25	4
6415	6	4
6416	19	4
6417	3	4
6418	13	4
6419	3	4
6421	7	4
6422	12	4
6423	14	4
6424	5	4
6425	7	4
6426	5	4
6427	7	4
6429	8	4
6430	4	4
6431	13	4
6432	11	4
6433	4	4
6434	13	4
6435	0	4
6436	6	4
6437	1	4
6438	21	4
6439	15	4
6440	22	4
6441	6	4
6442	5	4
6443	26	4
6444	8	4
6445	9	4
6446	7	4
6447	14	4
6448	8	4
6449	14	4
6451	5	4
6452	15	4
6453	0	4
6454	17	4
6457	11	4
6459	10	4
6460	9	4
6461	3	4
6462	24	4
6464	5	4
6465	5	4
6466	12	4
6467	6	4
6468	7	4
6469	16	4
6470	3	4
6472	10	4
6473	2	4
6474	6	4
6475	10	4
6476	12	4
6477	2	4
6478	22	4
6479	10	4
6480	8	4
6481	12	4
6482	1	4
6483	12	4
6484	12	4
6485	0	4
6487	27	4
6488	21	4
6489	2	4
6490	7	4
6491	33	4
6492	0	4
6493	19	4
6494	5	4
6495	9	4
6496	20	4
6497	7	4
6498	13	4
6500	2	4
6501	19	4
6502	11	4
6503	16	4
6504	14	4
6506	2	4
6507	20	4
6508	6	4
6509	13	4
6510	19	4
6511	32	4
6512	12	4
6513	21	4
6514	4	4
6515	2	4
6517	11	4
6518	8	4
6520	2	4
6521	13	4
6522	8	4
6523	2	4
6524	0	4
6525	15	4
6527	3	4
6529	33	4
6530	12	4
6531	5	4
6532	1	4
6533	19	4
6534	0	4
6535	3	4
6536	3	4
6538	23	4
6539	8	4
6540	10	4
6542	5	4
6543	7	4
6544	16	4
6545	13	4
6546	17	4
6547	11	4
6548	2	4
6549	6	4
6551	4	4
6552	14	4
6553	6	4
6554	4	4
6555	17	4
6556	11	4
6557	1	4
6558	4	4
6559	7	4
6560	15	4
6561	17	4
6562	8	4
6564	8	4
6565	12	4
6566	3	4
6567	5	4
6568	22	4
6570	4	4
6571	19	4
6572	21	4
6573	9	4
6575	22	4
6576	7	4
6577	17	4
6579	5	4
6580	0	4
6581	1	4
6582	9	4
6583	12	4
6584	1	4
6585	8	4
6586	15	4
6587	4	4
6588	3	4
6589	7	4
6590	19	4
6591	2	4
6592	7	4
6593	12	4
6594	29	4
6595	24	4
6596	7	4
6597	0	4
6599	1	4
6600	1	4
6602	12	4
6603	8	4
6605	5	4
6607	22	4
6608	13	4
6609	4	4
6612	33	4
6614	26	4
6616	9	4
6617	23	4
6618	17	4
6619	5	4
6620	5	4
6621	6	4
6622	18	4
6623	5	4
6624	9	4
6625	9	4
6626	6	4
6627	14	4
6628	24	4
6629	16	4
6630	30	4
6631	7	4
6632	29	4
6633	22	4
6634	24	4
6635	19	4
6636	34	4
6637	1	4
6638	12	4
6639	10	4
6640	2	4
6641	17	4
6642	12	4
6643	9	4
6645	4	4
6647	0	4
6648	22	4
6649	9	4
6650	17	4
6651	14	4
6652	13	4
6653	0	4
6654	28	4
6655	31	4
6657	24	4
6658	3	4
6659	8	4
6661	8	4
6662	5	4
6663	24	4
6664	12	4
6665	7	4
6666	34	4
6667	7	4
6668	17	4
6670	11	4
6671	5	4
6672	13	4
6674	23	4
6676	5	4
6677	20	4
6678	11	4
6679	18	4
6680	9	4
6681	9	4
6682	15	4
6683	1	4
6684	2	4
6686	8	4
6687	11	4
6688	13	4
6689	31	4
6690	5	4
6691	4	4
6693	3	4
6694	10	4
6695	11	4
6696	20	4
6697	21	4
6700	11	4
6701	1	4
6702	10	4
6703	5	4
6704	6	4
6705	3	4
6706	14	4
6707	7	4
6708	16	4
6709	4	4
6710	9	4
6711	8	4
6712	19	4
6714	19	4
6715	0	4
6716	3	4
6717	1	4
6718	4	4
6719	7	4
6722	20	4
6723	3	4
6724	11	4
6725	12	4
6726	18	4
6727	11	4
6728	7	4
6729	8	4
6730	8	4
6733	3	4
6735	2	4
6739	2	4
6740	3	4
6742	4	4
6743	1	4
6744	6	4
6745	3	4
6746	0	4
6747	6	4
6748	4	4
6749	11	4
6750	4	4
6752	10	4
6753	2	4
6756	3	4
6757	4	4
6758	0	4
6759	13	4
6760	0	4
6761	15	4
6763	0	4
6764	17	4
6765	13	4
6766	22	4
6767	13	4
6768	7	4
6771	7	4
6773	12	4
6774	7	4
6775	11	4
6776	19	4
6777	38	4
6778	12	4
6779	5	4
6780	7	4
6781	9	4
6782	9	4
6784	9	4
6785	13	4
6786	3	4
6787	5	4
6788	7	4
6789	0	4
6792	7	4
6793	27	4
6794	4	4
6795	1	4
6796	16	4
6797	1	4
6799	0	4
6800	17	4
6801	0	4
6802	6	4
6803	13	4
6805	8	4
6807	15	4
6808	0	4
6810	4	4
6811	12	4
6812	21	4
6813	15	4
6814	8	4
6815	5	4
6816	4	4
6817	17	4
6819	9	4
6820	4	4
6821	14	4
6822	12	4
6823	16	4
6824	5	4
6825	9	4
6826	3	4
6827	6	4
6828	3	4
6829	5	4
6830	9	4
6833	21	4
6835	13	4
6836	15	4
6837	15	4
6838	8	4
6839	12	4
6841	4	4
6842	11	4
6843	10	4
6844	17	4
6845	3	4
6846	17	4
6847	1	4
6848	10	4
6852	4	4
6853	4	4
6854	15	4
6855	0	4
6856	4	4
6857	0	4
6858	40	4
6859	9	4
6860	20	4
6861	11	4
6862	5	4
6863	19	4
6864	8	4
6865	1	4
6867	17	4
6869	14	4
6870	6	4
6871	13	4
6872	1	4
6874	1	4
6875	12	4
6876	6	4
6878	22	4
6879	1	4
6880	18	4
6881	9	4
6882	1	4
6883	10	4
6884	11	4
6885	14	4
6886	14	4
6887	22	4
6888	16	4
6889	14	4
6890	25	4
6891	4	4
6892	20	4
6893	8	4
6894	7	4
6895	11	4
6896	20	4
6897	6	4
6898	17	4
6899	14	4
6900	11	4
6901	6	4
6903	10	4
6904	28	4
6906	6	4
6907	12	4
6908	1	4
6909	6	4
6910	12	4
6912	3	4
6913	22	4
6914	19	4
6915	16	4
6917	21	4
6918	8	4
6920	2	4
6921	11	4
6922	4	4
6923	5	4
6924	4	4
6925	13	4
6926	28	4
6927	14	4
6928	2	4
6929	28	4
6930	11	4
6931	16	4
6934	13	4
6935	0	4
6936	6	4
6937	7	4
6938	0	4
6940	16	4
6941	23	4
6942	6	4
6943	0	4
6944	22	4
6945	19	4
6946	40	4
6947	2	4
6948	6	4
6949	12	4
6950	5	4
6951	3	4
6952	8	4
6954	9	4
6955	16	4
6956	0	4
6957	10	4
6958	9	4
6959	22	4
6960	9	4
6961	7	4
6962	20	4
6963	6	4
6964	10	4
6965	4	4
6967	32	4
6968	9	4
6969	9	4
6971	20	4
6972	13	4
6973	5	4
6974	6	4
6975	6	4
6976	13	4
6977	10	4
6978	10	4
6979	12	4
6980	17	4
6981	6	4
6982	37	4
6983	1	4
6984	4	4
6985	14	4
6986	3	4
6987	4	4
6988	24	4
6990	0	4
6992	9	4
6993	7	4
6994	27	4
6995	24	4
6996	9	4
6997	3	4
6999	3	4
7000	18	4
7001	12	4
7002	13	4
7003	24	4
7004	16	4
7005	12	4
7006	15	4
7007	9	4
7008	27	4
7009	4	4
7010	12	4
7011	19	4
7012	7	4
7013	4	4
7014	18	4
7015	32	4
7017	22	4
7019	9	4
7020	5	4
7021	7	4
7022	3	4
7023	0	4
7024	15	4
7025	12	4
7026	7	4
7027	11	4
7028	6	4
7029	20	4
7030	2	4
7031	9	4
7032	11	4
7033	3	4
7034	12	4
7036	6	4
7037	3	4
7038	1	4
7039	15	4
7040	13	4
7041	14	4
7042	4	4
7043	22	4
7044	4	4
7045	9	4
7046	21	4
7047	16	4
7048	8	4
7049	2	4
7051	9	4
7052	24	4
7053	8	4
7054	1	4
7055	7	4
7056	12	4
7057	3	4
7058	0	4
7059	24	4
7060	3	4
7061	7	4
7063	23	4
7064	25	4
7066	4	4
7067	15	4
7069	14	4
7070	8	4
7071	2	4
7072	2	4
7073	13	4
7074	0	4
7075	17	4
7076	12	4
7077	3	4
7078	6	4
7079	11	4
7080	8	4
7081	6	4
7082	3	4
7083	9	4
7084	16	4
7085	9	4
7086	21	4
7087	10	4
7088	3	4
7089	14	4
7090	3	4
7091	3	4
7092	11	4
7093	33	4
7094	17	4
7095	10	4
7096	18	4
7098	19	4
7099	6	4
7100	34	4
7101	10	4
7102	2	4
7103	16	4
7104	1	4
7106	8	4
7107	3	4
7108	8	4
7109	15	4
7110	17	4
7112	14	4
7114	15	4
7115	35	4
7116	2	4
7118	10	4
7119	16	4
7121	35	4
7123	27	4
7124	11	4
7125	16	4
7126	20	4
7127	23	4
7128	17	4
7130	5	4
7131	3	4
7132	18	4
7133	16	4
7134	15	4
7135	10	4
7136	19	4
7137	15	4
7138	5	4
7139	9	4
7140	3	4
7141	19	4
7142	5	4
7143	4	4
7144	4	4
7145	18	4
7146	19	4
7147	1	4
7149	9	4
7150	5	4
7151	17	4
7152	18	4
7153	12	4
7154	32	4
7155	2	4
7156	10	4
7157	11	4
7158	6	4
7159	13	4
7160	4	4
7161	0	4
7162	0	4
7163	32	4
7164	5	4
7166	24	4
7167	8	4
7168	14	4
7169	0	4
7170	1	4
7171	2	4
7172	3	4
7173	5	4
7175	1	4
7176	10	4
7177	2	4
7179	5	4
7180	22	4
7181	39	4
7182	12	4
7185	4	4
7186	14	4
7187	19	4
7188	1	4
7189	20	4
7190	11	4
7191	4	4
7192	15	4
7194	10	4
7198	8	4
7199	11	4
7200	20	4
7201	11	4
7202	12	4
7203	5	4
7204	24	4
7205	16	4
7206	17	4
7207	20	4
7208	10	4
7209	2	4
7210	3	4
7211	8	4
7212	41	4
7213	14	4
7214	15	4
7215	3	4
7216	16	4
7217	25	4
7218	28	4
7219	32	4
7220	15	4
7221	1	4
7222	43	4
7223	3	4
7224	1	4
7226	16	4
7227	20	4
7228	0	4
7229	10	4
7230	9	4
7231	10	4
7232	11	4
7233	4	4
7234	1	4
7236	20	4
7237	17	4
7238	14	4
7239	14	4
7240	11	4
7241	23	4
7242	24	4
7243	21	4
7244	9	4
7246	4	4
7247	2	4
7249	15	4
7250	0	4
7251	6	4
7252	29	4
7253	9	4
7256	9	4
7257	11	4
7258	10	4
7259	8	4
7261	18	4
7262	16	4
7263	13	4
7265	2	4
7267	4	4
7268	38	4
7269	8	4
7270	14	4
7271	15	4
7273	13	4
7274	12	4
7275	18	4
7276	13	4
7277	10	4
7278	2	4
7279	15	4
7280	7	4
7281	20	4
7282	11	4
7283	13	4
7284	8	4
7285	11	4
7286	4	4
7287	1	4
7288	3	4
7289	13	4
7290	21	4
7292	4	4
7293	22	4
7294	2	4
7295	2	4
7298	10	4
7299	8	4
7300	11	4
7301	13	4
7302	1	4
7303	5	4
7305	1	4
7306	9	4
7307	8	4
7308	12	4
7309	11	4
7310	9	4
7311	7	4
7312	7	4
7313	0	4
7314	21	4
7315	23	4
7317	2	4
7318	3	4
7319	27	4
7320	6	4
7322	9	4
7323	6	4
7324	0	4
7326	7	4
7327	3	4
7328	22	4
7331	7	4
7333	18	4
7334	11	4
7335	9	4
7336	0	4
7338	9	4
7339	5	4
7341	7	4
7342	14	4
7343	10	4
7344	10	4
7346	9	4
7348	23	4
7349	15	4
7351	7	4
7352	8	4
7353	10	4
7354	10	4
7355	15	4
7356	8	4
7357	13	4
7358	8	4
7360	19	4
7361	13	4
7362	1	4
7363	2	4
7365	10	4
7366	14	4
7367	6	4
7368	7	4
7370	5	4
7371	2	4
7372	16	4
7373	4	4
7374	18	4
7375	5	4
7376	16	4
7377	14	4
7378	14	4
7379	2	4
7380	11	4
7381	2	4
7382	9	4
7383	9	4
7384	16	4
7385	9	4
7386	18	4
7387	2	4
7388	0	4
7389	15	4
7390	34	4
7391	8	4
7393	19	4
7394	3	4
7395	11	4
7397	2	4
7398	9	4
7399	8	4
7401	2	4
7402	8	4
7403	24	4
7405	14	4
7407	15	4
7409	7	4
7410	2	4
7411	9	4
7412	10	4
7413	14	4
7414	16	4
7416	16	4
7417	7	4
7419	21	4
7420	4	4
7421	4	4
7423	2	4
7424	15	4
7426	18	4
7427	12	4
7428	4	4
7429	2	4
7430	1	4
7431	12	4
7433	3	4
7434	8	4
7435	23	4
7436	1	4
7437	5	4
7438	6	4
7439	13	4
7440	7	4
7441	16	4
7442	12	4
7443	15	4
7444	8	4
7445	15	4
7446	15	4
7447	3	4
7448	16	4
7449	9	4
7450	8	4
7451	3	4
7452	3	4
7453	1	4
7454	19	4
7455	0	4
7456	3	4
7457	17	4
7458	26	4
7460	3	4
7461	1	4
7462	24	4
7463	13	4
7464	1	4
7465	20	4
7466	11	4
7467	14	4
7468	2	4
7469	10	4
7470	2	4
7473	10	4
7474	19	4
7475	1	4
7476	2	4
7477	9	4
7478	6	4
7479	7	4
7480	3	4
7481	20	4
7482	5	4
7484	9	4
7485	4	4
7486	1	4
7487	7	4
7488	12	4
7489	1	4
7490	25	4
7491	33	4
7492	4	4
7493	4	4
7494	0	4
7495	4	4
7496	29	4
7497	15	4
7498	4	4
7499	9	4
7500	2	4
7501	22	4
7502	7	4
7503	2	4
7504	21	4
7506	12	4
7507	18	4
7508	16	4
7509	16	4
7512	13	4
7513	10	4
7514	38	4
7515	2	4
7517	13	4
7518	14	4
7519	13	4
7520	18	4
7522	4	4
7523	12	4
7524	8	4
7525	4	4
7526	9	4
7527	1	4
7528	17	4
7529	2	4
7530	2	4
7531	19	4
7532	31	4
7533	12	4
7534	8	4
7536	0	4
7538	5	4
7540	15	4
7542	9	4
7543	26	4
7545	7	4
7546	4	4
7547	10	4
7548	21	4
7549	1	4
7550	9	4
7551	7	4
7552	13	4
7553	14	4
7554	13	4
7555	1	4
7556	14	4
7557	12	4
7558	14	4
7559	39	4
7560	16	4
7562	4	4
7563	10	4
7564	5	4
7566	5	4
7567	1	4
7568	11	4
7569	32	4
7570	9	4
7571	1	4
7572	10	4
7573	11	4
7574	14	4
7575	2	4
7576	6	4
7577	0	4
7578	3	4
7580	5	4
7581	11	4
7582	2	4
7583	13	4
7584	3	4
7585	8	4
7586	6	4
7587	16	4
7588	2	4
7589	9	4
7590	11	4
7591	5	4
7594	11	4
7596	12	4
7597	2	4
7598	13	4
7599	0	4
7600	17	4
7602	6	4
7603	9	4
7604	8	4
7605	15	4
7606	20	4
7607	15	4
7608	4	4
7609	20	4
7610	0	4
7611	17	4
7613	14	4
7614	3	4
7615	19	4
7618	3	4
7619	5	4
7620	0	4
7621	11	4
7622	7	4
7623	13	4
7624	6	4
7625	20	4
7626	2	4
7627	5	4
7629	6	4
7630	9	4
7632	31	4
7633	0	4
7634	6	4
7635	4	4
7636	4	4
7637	8	4
7638	31	4
7639	10	4
7640	12	4
7641	12	4
7643	7	4
7644	23	4
7645	8	4
7646	21	4
7648	1	4
7649	15	4
7650	8	4
7651	10	4
7653	0	4
7654	11	4
7655	0	4
7656	6	4
7657	27	4
7658	10	4
7659	7	4
7661	7	4
7662	22	4
7665	7	4
7666	24	4
7667	1	4
7668	10	4
7669	8	4
7670	16	4
7671	5	4
7672	9	4
7673	27	4
7674	17	4
7675	8	4
7676	7	4
7678	21	4
7679	28	4
7680	3	4
7681	14	4
7682	16	4
7683	1	4
7684	7	4
7685	9	4
7686	8	4
7687	15	4
7688	16	4
7689	21	4
7690	4	4
7691	11	4
7693	9	4
7694	17	4
7695	2	4
7696	11	4
7697	2	4
7698	8	4
7699	24	4
7700	2	4
7701	2	4
7702	7	4
7703	24	4
7704	6	4
7705	17	4
7706	8	4
7707	6	4
7708	6	4
7709	2	4
7710	19	4
7711	13	4
7712	16	4
7713	0	4
7714	38	4
7715	21	4
7716	28	4
7717	1	4
7718	15	4
7720	5	4
7721	14	4
7723	12	4
7724	22	4
7727	12	4
7729	3	4
7730	10	4
7731	28	4
7732	14	4
7733	1	4
7735	13	4
7736	4	4
7737	14	4
7738	2	4
7739	12	4
7740	13	4
7742	0	4
7743	16	4
7744	3	4
7745	12	4
7746	12	4
7747	11	4
7748	6	4
7749	0	4
7751	0	4
7753	31	4
7754	4	4
7755	14	4
7756	0	4
7757	8	4
7758	15	4
7759	6	4
7760	13	4
7761	3	4
7762	8	4
7763	38	4
7765	11	4
7766	1	4
7767	16	4
7768	11	4
7769	9	4
7770	21	4
7771	21	4
7772	15	4
7773	6	4
7774	23	4
7775	21	4
7776	13	4
7778	4	4
7782	8	4
7783	10	4
7784	15	4
7786	22	4
7787	14	4
7788	27	4
7789	32	4
7790	10	4
7791	21	4
7792	23	4
7793	13	4
7794	10	4
7797	3	4
7798	18	4
7799	23	4
7800	25	4
7802	0	4
7803	15	4
7804	8	4
7805	16	4
7806	1	4
7807	0	4
7808	5	4
7809	0	4
7810	9	4
7811	27	4
7812	26	4
7814	14	4
7815	10	4
7816	3	4
7817	15	4
7818	12	4
7819	2	4
7820	7	4
7821	6	4
7822	13	4
7823	17	4
7826	16	4
7827	4	4
7828	22	4
7829	12	4
7830	0	4
7831	16	4
7832	3	4
7833	10	4
7834	19	4
7835	8	4
7836	4	4
7837	10	4
7838	19	4
7839	4	4
7840	3	4
7841	17	4
7843	9	4
7844	2	4
7846	10	4
7847	21	4
7848	40	4
7849	27	4
7850	20	4
7851	18	4
7852	2	4
7853	11	4
7854	5	4
7856	14	4
7857	20	4
7858	8	4
7859	9	4
7860	2	4
7862	2	4
7864	24	4
7865	5	4
7867	6	4
7868	15	4
7869	5	4
7870	8	4
7871	0	4
7872	7	4
7873	11	4
7874	19	4
7875	5	4
7876	20	4
7878	9	4
7879	13	4
7880	3	4
7882	14	4
7883	17	4
7884	26	4
7885	3	4
7886	8	4
7887	3	4
7888	7	4
7889	10	4
7890	16	4
7891	10	4
7892	10	4
7893	15	4
7894	11	4
7895	17	4
7896	3	4
7897	11	4
7898	19	4
7899	20	4
7900	1	4
7902	7	4
7903	0	4
7904	15	4
7905	12	4
7906	18	4
7907	0	4
7908	13	4
7909	5	4
7911	17	4
7913	29	4
7914	7	4
7915	14	4
7917	12	4
7918	4	4
7919	5	4
7920	9	4
7921	3	4
7922	6	4
7923	0	4
7924	5	4
7925	12	4
7926	7	4
7927	7	4
7928	19	4
7929	8	4
7930	13	4
7932	2	4
7933	23	4
7934	6	4
7936	0	4
7937	4	4
7938	49	4
7939	0	4
7940	4	4
7941	1	4
7943	0	4
7944	30	4
7945	12	4
7946	9	4
7947	1	4
7948	0	4
7949	1	4
7950	11	4
7951	2	4
7952	14	4
7953	3	4
7955	9	4
7956	11	4
7957	11	4
7958	5	4
7959	8	4
7960	17	4
7961	2	4
7962	5	4
7963	2	4
7965	21	4
7966	21	4
7967	15	4
7968	15	4
7969	20	4
7970	12	4
7971	7	4
7972	42	4
7973	16	4
7974	1	4
7975	3	4
7976	25	4
7978	40	4
7979	25	4
7980	23	4
7981	7	4
7982	7	4
7983	22	4
7984	4	4
7985	20	4
7986	24	4
7987	17	4
7989	9	4
7991	11	4
7993	0	4
7994	33	4
7995	9	4
7996	13	4
7998	13	4
7999	4	4
8000	5	4
8001	3	4
8002	12	4
8004	25	4
8005	23	4
8006	6	4
8007	11	4
8008	6	4
8009	2	4
8010	1	4
8011	21	4
8012	7	4
8013	0	4
8014	5	4
8015	21	4
8017	5	4
8018	4	4
8019	14	4
8020	6	4
8021	10	4
8022	5	4
8023	12	4
8024	4	4
8027	8	4
8028	13	4
8030	13	4
8031	12	4
8032	1	4
8033	22	4
8034	23	4
8035	0	4
8036	20	4
8037	10	4
8038	9	4
8039	12	4
8041	5	4
8043	24	4
8044	12	4
8045	16	4
8047	11	4
8048	11	4
8049	9	4
8050	1	4
8051	22	4
8053	0	4
8054	23	4
8055	4	4
8056	2	4
8057	12	4
8058	2	4
8059	3	4
8060	0	4
8062	19	4
8063	11	4
8064	12	4
8065	7	4
8066	6	4
8067	25	4
8068	11	4
8069	12	4
8070	5	4
8071	10	4
8072	21	4
8073	9	4
8074	10	4
8075	9	4
8076	11	4
8077	12	4
8078	8	4
8079	6	4
8080	7	4
8081	12	4
8082	28	4
8083	4	4
8084	2	4
8085	20	4
8086	12	4
8087	4	4
8088	4	4
8089	2	4
8091	21	4
8092	1	4
8093	16	4
8096	4	4
8097	8	4
8098	6	4
8099	4	4
8100	16	4
8101	14	4
8102	3	4
8104	7	4
8105	8	4
8106	25	4
8107	11	4
8108	0	4
8109	14	4
8110	16	4
8113	18	4
8114	6	4
8115	31	4
8116	11	4
8117	1	4
8118	11	4
8119	26	4
8120	47	4
8121	8	4
8123	19	4
8124	0	4
8125	10	4
8126	25	4
8127	9	4
8129	7	4
8130	19	4
8131	19	4
8132	18	4
8133	23	4
8134	11	4
8135	9	4
8136	19	4
8137	8	4
8138	32	4
8139	9	4
8140	2	4
8141	15	4
8142	4	4
8143	6	4
8144	16	4
8145	9	4
8146	26	4
8147	5	4
8148	15	4
8149	23	4
8150	4	4
8151	11	4
8152	15	4
8153	22	4
8154	9	4
8155	7	4
8156	10	4
8157	12	4
8158	11	4
8159	7	4
8161	14	4
8162	22	4
8163	4	4
8164	4	4
8165	22	4
8166	19	4
8167	4	4
8168	13	4
8169	3	4
8170	13	4
8171	15	4
8172	2	4
8173	4	4
8174	0	4
8175	2	4
8176	1	4
8177	34	4
8178	12	4
8179	7	4
8180	23	4
8183	22	4
8185	12	4
8186	5	4
8187	0	4
8188	24	4
8189	7	4
8190	3	4
8191	6	4
8192	6	4
8193	28	4
8194	11	4
8195	13	4
8196	31	4
8197	4	4
8198	9	4
8199	4	4
8200	16	4
8203	6	4
8204	6	4
8205	1	4
8206	5	4
8207	13	4
8208	18	4
8209	18	4
8210	27	4
8211	5	4
8212	19	4
8213	0	4
8214	37	4
8215	8	4
8216	7	4
8217	5	4
8218	3	4
8219	8	4
8221	5	4
8222	0	4
8224	4	4
8225	16	4
8226	14	4
8227	11	4
8228	14	4
8229	21	4
8230	10	4
8231	0	4
8232	23	4
8233	11	4
8234	14	4
8235	7	4
8237	19	4
8238	0	4
8241	26	4
8242	44	4
8243	18	4
8246	17	4
8247	4	4
8248	0	4
8249	13	4
8250	16	4
8251	21	4
8252	19	4
8253	13	4
8254	12	4
8255	17	4
8256	16	4
8257	0	4
8258	9	4
8259	25	4
8260	5	4
8261	7	4
8262	13	4
8263	2	4
8264	10	4
8265	19	4
8266	5	4
8267	7	4
8268	5	4
8270	4	4
8271	7	4
8272	15	4
8273	16	4
8274	44	4
8276	0	4
8277	12	4
8278	10	4
8279	5	4
8280	9	4
8281	12	4
8282	14	4
8284	11	4
8286	3	4
8287	2	4
8288	21	4
8289	16	4
8290	14	4
8291	11	4
8292	20	4
8293	12	4
8294	6	4
8295	14	4
8296	15	4
8297	4	4
8298	9	4
8300	15	4
8301	18	4
8302	17	4
8303	8	4
8305	13	4
8306	17	4
8307	11	4
8308	14	4
8309	4	4
8311	3	4
8312	7	4
8314	5	4
8316	17	4
8317	14	4
8318	2	4
8319	5	4
8320	26	4
8321	4	4
8322	7	4
8323	0	4
8324	4	4
8325	12	4
8326	7	4
8327	2	4
8328	0	4
8329	2	4
8330	10	4
8331	9	4
8332	15	4
8333	21	4
8334	3	4
8335	8	4
8337	4	4
8338	1	4
8339	4	4
8340	30	4
8342	12	4
8343	14	4
8344	2	4
8348	6	4
8349	6	4
8350	17	4
8351	3	4
8353	16	4
8354	9	4
8355	4	4
8356	6	4
8357	15	4
8358	20	4
8359	18	4
8361	6	4
8362	8	4
8364	18	4
8365	5	4
8366	9	4
8367	10	4
8370	6	4
8371	16	4
8372	5	4
8373	22	4
8374	5	4
8376	14	4
8377	7	4
8378	9	4
8379	7	4
8382	15	4
8383	6	4
8384	14	4
8385	17	4
8386	17	4
8387	15	4
8388	13	4
8389	10	4
8390	1	4
8391	10	4
8392	16	4
8393	3	4
8394	2	4
8396	21	4
8397	16	4
8398	13	4
8399	4	4
8400	16	4
8401	6	4
8402	17	4
8403	11	4
8404	0	4
8405	0	4
8406	7	4
8407	6	4
8408	16	4
8409	17	4
8412	7	4
8414	15	4
8415	7	4
8416	10	4
8417	5	4
8418	19	4
8419	2	4
8420	16	4
8421	9	4
8422	3	4
8423	3	4
8425	2	4
8426	14	4
8428	0	4
8429	0	4
8430	17	4
8431	20	4
8433	0	4
8434	17	4
8435	3	4
8436	10	4
8437	12	4
8438	8	4
8439	5	4
8441	9	4
8442	6	4
8443	8	4
8444	13	4
8445	8	4
8446	37	4
8447	16	4
8448	13	4
8449	0	4
8450	9	4
8452	12	4
8453	4	4
8454	9	4
8455	5	4
8458	19	4
8459	4	4
8460	4	4
8461	9	4
8462	16	4
8463	7	4
8464	2	4
8465	5	4
8469	28	4
8470	11	4
8471	18	4
8473	1	4
8474	0	4
8475	0	4
8476	4	4
8477	4	4
8479	7	4
8480	6	4
8481	8	4
8482	23	4
8483	1	4
8484	12	4
8486	3	4
8487	7	4
8488	17	4
8489	13	4
8490	15	4
8491	39	4
8492	7	4
8493	15	4
8494	6	4
8495	14	4
8496	11	4
8498	8	4
8500	7	4
8501	3	4
8502	9	4
8503	10	4
8504	16	4
8505	4	4
8506	13	4
8507	4	4
8508	8	4
8509	2	4
8510	18	4
8511	9	4
8512	17	4
8513	15	4
8515	4	4
8516	0	4
8517	3	4
8519	2	4
8520	0	4
8523	0	4
8524	24	4
8525	7	4
8526	13	4
8527	18	4
8528	1	4
8529	3	4
8530	2	4
8531	6	4
8533	0	4
8535	2	4
8536	12	4
8537	5	4
8538	8	4
8539	7	4
8540	8	4
8541	13	4
8542	5	4
8543	19	4
8544	17	4
8545	7	4
8546	4	4
8547	11	4
8548	18	4
8549	6	4
8550	23	4
8551	17	4
8552	16	4
8553	34	4
8554	9	4
8555	15	4
8557	11	4
8559	13	4
8560	29	4
8561	14	4
8562	4	4
8563	5	4
8564	18	4
8565	15	4
8566	6	4
8567	38	4
8568	6	4
8569	17	4
8570	6	4
8572	14	4
8573	19	4
8574	3	4
8575	7	4
8576	6	4
8577	10	4
8578	24	4
8580	19	4
8581	9	4
8582	2	4
8583	10	4
8584	12	4
8586	7	4
8587	12	4
8588	5	4
8590	19	4
8592	14	4
8593	25	4
8594	14	4
8595	16	4
8597	9	4
8598	3	4
8599	5	4
8600	8	4
8601	19	4
8605	3	4
8607	6	4
8608	9	4
8609	1	4
8610	11	4
8611	25	4
8612	7	4
8613	12	4
8614	30	4
8615	12	4
8616	3	4
8617	8	4
8619	12	4
8621	3	4
8622	11	4
8623	28	4
8624	21	4
8625	7	4
8626	2	4
8627	10	4
8630	2	4
8631	24	4
8632	2	4
8633	22	4
8634	8	4
8635	4	4
8639	30	4
8640	8	4
8641	17	4
8642	15	4
8643	12	4
8644	10	4
8645	0	4
8646	19	4
8648	12	4
8649	9	4
8650	21	4
8651	5	4
8652	18	4
8653	8	4
8654	4	4
8655	15	4
8656	18	4
8657	21	4
8658	10	4
8659	4	4
8660	7	4
8662	12	4
8663	0	4
8664	10	4
8665	12	4
8666	3	4
8667	12	4
8668	15	4
8669	13	4
8671	4	4
8672	16	4
8674	27	4
8675	6	4
8676	30	4
8677	24	4
8678	23	4
8679	27	4
8680	9	4
8681	26	4
8682	8	4
8683	26	4
8684	11	4
8685	0	4
8686	6	4
8688	15	4
8689	8	4
8690	6	4
8691	1	4
8692	9	4
8693	17	4
8694	2	4
8695	24	4
8697	2	4
8698	7	4
8699	15	4
8700	14	4
8701	13	4
8702	8	4
8703	15	4
8704	1	4
8705	0	4
8706	1	4
8707	29	4
8708	0	4
8709	7	4
8710	1	4
8711	22	4
8712	4	4
8713	6	4
8714	7	4
8715	10	4
8716	6	4
8717	5	4
8718	10	4
8719	6	4
8721	21	4
8722	9	4
8723	5	4
8724	0	4
8725	24	4
8726	6	4
8727	21	4
8728	2	4
8729	0	4
8730	18	4
8731	15	4
8732	12	4
8733	15	4
8734	7	4
8735	19	4
8736	25	4
8737	8	4
8738	12	4
8739	10	4
8740	16	4
8741	1	4
8742	21	4
8743	0	4
8744	15	4
8745	0	4
8746	19	4
8747	12	4
8748	6	4
8749	0	4
8750	23	4
8751	9	4
8752	20	4
8753	18	4
8754	7	4
8755	13	4
8756	15	4
8757	13	4
8758	20	4
8759	7	4
8760	4	4
8761	23	4
8763	10	4
8764	32	4
8767	27	4
8768	20	4
8769	30	4
8770	5	4
8771	2	4
8772	9	4
8773	11	4
8774	8	4
8775	4	4
8778	5	4
8779	5	4
8780	1	4
8781	22	4
8782	36	4
8783	11	4
8784	14	4
8785	5	4
8786	2	4
8787	17	4
8788	12	4
8790	8	4
8791	17	4
8792	3	4
8793	6	4
8794	3	4
8795	15	4
8796	9	4
8797	9	4
8798	9	4
8799	9	4
8800	14	4
8801	15	4
8803	0	4
8804	13	4
8805	11	4
8807	4	4
8809	29	4
8810	4	4
8811	2	4
8812	23	4
8813	19	4
8814	7	4
8815	18	4
8817	22	4
8818	25	4
8819	6	4
8820	15	4
8821	18	4
8822	8	4
8823	8	4
8824	16	4
8825	11	4
8827	10	4
8831	4	4
8832	7	4
8833	9	4
8835	8	4
8836	4	4
8837	16	4
8838	1	4
8839	13	4
8841	8	4
8842	19	4
8844	9	4
8845	7	4
8847	4	4
8848	25	4
8849	10	4
8850	18	4
8852	14	4
8853	21	4
8855	4	4
8857	8	4
8858	28	4
8859	0	4
8860	2	4
8861	1	4
8862	9	4
8865	3	4
8866	15	4
8867	24	4
8868	2	4
8871	4	4
8872	12	4
8873	27	4
8874	23	4
8875	7	4
8876	3	4
8877	19	4
8878	1	4
8879	18	4
8880	13	4
8881	32	4
8882	23	4
8884	10	4
8886	5	4
8887	4	4
8888	6	4
8889	6	4
8890	5	4
8891	15	4
8892	0	4
8894	10	4
8895	13	4
8896	12	4
8897	19	4
8898	8	4
8899	17	4
8900	16	4
8901	11	4
8902	10	4
8903	24	4
8904	2	4
8905	8	4
8906	0	4
8907	13	4
8908	14	4
8909	4	4
8910	8	4
8911	10	4
8914	20	4
8917	5	4
8918	21	4
8919	4	4
8920	10	4
8922	5	4
8923	15	4
8925	12	4
8926	12	4
8927	9	4
8928	17	4
8929	3	4
8930	19	4
8931	0	4
8932	6	4
8933	7	4
8934	7	4
8937	3	4
8939	0	4
8941	22	4
8942	1	4
8943	21	4
8944	12	4
8946	11	4
8947	21	4
8948	10	4
8949	24	4
8950	6	4
8951	9	4
8952	4	4
8953	29	4
8954	10	4
8955	25	4
8956	16	4
8957	22	4
8958	10	4
8959	2	4
8960	14	4
8961	19	4
8962	11	4
8963	1	4
8964	14	4
8965	18	4
8966	5	4
8967	7	4
8968	1	4
8969	10	4
8970	12	4
8971	33	4
8972	4	4
8973	9	4
8974	6	4
8976	18	4
8977	8	4
8978	1	4
8979	25	4
8980	8	4
8981	4	4
8982	3	4
8983	13	4
8984	5	4
8985	11	4
8986	2	4
8988	19	4
8989	8	4
8990	32	4
8991	11	4
8992	10	4
8993	3	4
8994	7	4
8996	6	4
8997	1	4
8998	14	4
8999	3	4
9001	10	4
9002	4	4
9003	12	4
9005	12	4
9006	23	4
9007	16	4
9008	1	4
9009	8	4
9013	14	4
9014	9	4
9015	4	4
9016	9	4
9017	2	4
9018	6	4
9019	13	4
9021	4	4
9022	6	4
9023	14	4
9025	12	4
9027	12	4
9028	0	4
9029	6	4
9031	11	4
9032	21	4
9033	22	4
9034	7	4
9035	6	4
9036	10	4
9037	12	4
9038	4	4
9039	0	4
9040	17	4
9041	36	4
9042	10	4
9043	12	4
9044	5	4
9045	11	4
9047	3	4
9049	11	4
9050	7	4
9051	9	4
9052	1	4
9053	15	4
9054	21	4
9055	3	4
9056	0	4
9057	2	4
9059	7	4
9060	2	4
9061	0	4
9062	7	4
9063	0	4
9064	6	4
9065	22	4
9066	5	4
9067	17	4
9068	0	4
9069	11	4
9070	21	4
9071	8	4
9072	9	4
9073	0	4
9074	3	4
9077	13	4
9078	2	4
9079	10	4
9080	2	4
9081	7	4
9082	13	4
9084	26	4
9086	9	4
9088	2	4
9089	12	4
9090	10	4
9091	5	4
9092	3	4
9094	2	4
9095	12	4
9096	3	4
9097	3	4
9098	16	4
9099	30	4
9100	14	4
9102	1	4
9103	12	4
9104	7	4
9105	27	4
9106	3	4
9107	7	4
9108	10	4
9109	12	4
9110	7	4
9111	2	4
9112	17	4
9113	7	4
9114	11	4
9115	9	4
9117	17	4
9118	14	4
9120	21	4
9121	11	4
9122	8	4
9124	18	4
9125	16	4
9126	7	4
9127	3	4
9128	3	4
9129	34	4
9130	22	4
9132	35	4
9133	3	4
9134	7	4
9135	1	4
9136	19	4
9137	11	4
9138	5	4
9139	15	4
9140	20	4
9141	5	4
9142	8	4
9143	4	4
9144	6	4
9145	5	4
9147	1	4
9149	3	4
9152	9	4
9153	1	4
9154	15	4
9155	15	4
9156	5	4
9159	14	4
9160	14	4
9161	9	4
9162	8	4
9163	16	4
9164	10	4
9165	2	4
9166	15	4
9167	4	4
9168	5	4
9169	6	4
9170	5	4
9171	3	4
9172	27	4
9173	2	4
9174	9	4
9175	9	4
9176	12	4
9177	8	4
9178	9	4
9179	33	4
9180	9	4
9181	18	4
9182	13	4
9184	4	4
9185	3	4
9186	6	4
9187	13	4
9189	13	4
9190	15	4
9191	7	4
9192	12	4
9193	11	4
9194	29	4
9196	15	4
9197	18	4
9198	6	4
9199	2	4
9200	46	4
9202	18	4
9203	11	4
9204	23	4
9205	5	4
9206	10	4
9207	6	4
9208	1	4
9209	0	4
9210	2	4
9211	9	4
9212	18	4
9213	1	4
9214	15	4
9215	3	4
9216	5	4
9217	1	4
9218	9	4
9219	1	4
9220	7	4
9221	15	4
9222	11	4
9223	13	4
9224	11	4
9225	14	4
9226	9	4
9227	8	4
9228	6	4
9230	0	4
9231	3	4
9232	12	4
9233	5	4
9234	11	4
9235	4	4
9236	6	4
9237	15	4
9239	11	4
9240	10	4
9241	1	4
9242	9	4
9243	7	4
9244	7	4
9245	3	4
9246	5	4
9247	14	4
9248	0	4
9249	7	4
9250	19	4
9251	13	4
9252	8	4
9253	15	4
9254	41	4
9255	11	4
9256	1	4
9257	4	4
9258	20	4
9259	3	4
9260	5	4
9261	3	4
9262	1	4
9263	7	4
9264	11	4
9265	10	4
9266	7	4
9268	15	4
9269	33	4
9270	9	4
9271	17	4
9272	6	4
9273	2	4
9274	14	4
9275	3	4
9276	7	4
9277	18	4
9279	2	4
9280	2	4
9281	27	4
9282	5	4
9283	12	4
9284	28	4
9286	9	4
9287	7	4
9288	23	4
9289	3	4
9290	7	4
9291	17	4
9292	24	4
9293	1	4
9294	25	4
9295	11	4
9296	16	4
9297	15	4
9298	26	4
9299	11	4
9300	27	4
9301	10	4
9302	0	4
9303	8	4
9304	18	4
9306	2	4
9307	0	4
9308	5	4
9309	40	4
9310	0	4
9311	7	4
9312	14	4
9313	4	4
9314	7	4
9316	13	4
9319	13	4
9320	21	4
9321	2	4
9322	4	4
9323	16	4
9324	15	4
9325	20	4
9326	11	4
9327	1	4
9328	14	4
9329	18	4
9330	3	4
9331	1	4
9332	8	4
9333	6	4
9334	2	4
9336	6	4
9337	14	4
9338	8	4
9339	7	4
9340	3	4
9341	29	4
9342	1	4
9343	10	4
9344	13	4
9345	0	4
9346	8	4
9347	14	4
9348	8	4
9349	23	4
9350	3	4
9351	9	4
9352	11	4
9353	19	4
9354	5	4
9355	3	4
9356	10	4
9357	0	4
9358	9	4
9359	13	4
9360	12	4
9361	2	4
9362	7	4
9363	10	4
9364	4	4
9365	10	4
9366	2	4
9367	0	4
9368	17	4
9369	4	4
9370	17	4
9371	7	4
9374	21	4
9375	5	4
9376	9	4
9378	11	4
9379	28	4
9380	10	4
9381	13	4
9382	21	4
9383	1	4
9384	15	4
9385	10	4
9387	12	4
9388	15	4
9389	4	4
9392	2	4
9393	13	4
9394	8	4
9395	4	4
9396	12	4
9397	6	4
9398	28	4
9399	0	4
9400	8	4
9401	10	4
9402	21	4
9403	20	4
9404	11	4
9405	15	4
9406	7	4
9407	5	4
9408	43	4
9409	6	4
9410	12	4
9411	12	4
9412	7	4
9413	14	4
9415	0	4
9416	3	4
9418	7	4
9419	6	4
9420	12	4
9421	4	4
9422	8	4
9423	6	4
9425	8	4
9426	30	4
9427	16	4
9428	5	4
9430	0	4
9431	0	4
9432	0	4
9433	3	4
9434	11	4
9435	16	4
9436	0	4
9437	5	4
9438	11	4
9440	1	4
9441	1	4
9442	2	4
9443	14	4
9444	12	4
9445	4	4
9446	8	4
9447	3	4
9448	7	4
9449	6	4
9450	1	4
9451	5	4
9452	10	4
9453	25	4
9454	17	4
9455	4	4
9457	4	4
9458	17	4
9460	11	4
9462	6	4
9463	4	4
9464	8	4
9465	0	4
9466	9	4
9467	8	4
9468	8	4
9470	2	4
9471	6	4
9472	19	4
9473	2	4
9474	26	4
9475	32	4
9476	1	4
9477	7	4
9478	17	4
9481	0	4
9482	16	4
9483	1	4
9484	9	4
9485	6	4
9486	15	4
9488	29	4
9489	19	4
9490	0	4
9491	23	4
9492	7	4
9493	21	4
9495	5	4
9496	10	4
9497	31	4
9498	11	4
9500	3	4
9501	12	4
9502	26	4
9504	16	4
9505	5	4
9506	12	4
9507	6	4
9509	37	4
9510	6	4
9511	7	4
9512	13	4
9513	12	4
9514	25	4
9515	14	4
9516	15	4
9517	10	4
9518	3	4
9519	3	4
9520	1	4
9521	13	4
9523	4	4
9524	4	4
9526	19	4
9527	11	4
9528	22	4
9529	3	4
9530	4	4
9531	1	4
9532	12	4
9533	10	4
9534	22	4
9535	6	4
9536	6	4
9537	6	4
9538	1	4
9540	8	4
9541	21	4
9542	4	4
9543	13	4
9544	21	4
9547	30	4
9548	4	4
9549	0	4
9550	12	4
9551	3	4
9552	10	4
9554	21	4
9555	4	4
9556	0	4
9557	20	4
9558	19	4
9559	5	4
9560	8	4
9561	17	4
9562	21	4
9563	16	4
9564	9	4
9565	6	4
9566	4	4
9567	12	4
9568	12	4
9569	11	4
9570	4	4
9571	10	4
9572	1	4
9573	11	4
9574	7	4
9575	21	4
9576	10	4
9577	15	4
9578	5	4
9580	4	4
9582	7	4
9583	22	4
9584	16	4
9585	17	4
9586	3	4
9587	8	4
9589	11	4
9591	7	4
9592	8	4
9593	15	4
9594	6	4
9595	31	4
9597	1	4
9598	1	4
9599	18	4
9601	11	4
9602	33	4
9603	7	4
9605	35	4
9606	6	4
9608	26	4
9609	18	4
9610	0	4
9612	5	4
9614	43	4
9615	2	4
9616	5	4
9617	12	4
9618	11	4
9619	4	4
9621	6	4
9623	21	4
9625	49	4
9626	15	4
9627	2	4
9628	16	4
9629	11	4
9632	10	4
9633	17	4
9634	9	4
9635	7	4
9636	14	4
9637	28	4
9638	7	4
9639	17	4
9640	11	4
9641	1	4
9642	19	4
9643	15	4
9644	19	4
9645	19	4
9646	5	4
9647	11	4
9648	10	4
9649	15	4
9650	9	4
9651	38	4
9652	13	4
9653	2	4
9654	5	4
9655	23	4
9656	11	4
9657	11	4
9658	13	4
9659	20	4
9661	18	4
9662	31	4
9664	6	4
9665	1	4
9666	15	4
9667	1	4
9668	41	4
9669	1	4
9670	20	4
9671	13	4
9672	24	4
9673	0	4
9674	2	4
9675	12	4
9676	11	4
9677	21	4
9678	0	4
9679	2	4
9680	4	4
9681	14	4
9682	16	4
9683	17	4
9684	11	4
9685	18	4
9686	11	4
9688	1	4
9691	5	4
9692	9	4
9693	7	4
9694	9	4
9695	1	4
9696	12	4
9698	20	4
9699	8	4
9700	7	4
9701	6	4
9704	0	4
9705	9	4
9706	0	4
9707	5	4
9711	8	4
9712	4	4
9713	13	4
9714	0	4
9716	16	4
9719	10	4
9720	3	4
9721	3	4
9723	3	4
9724	2	4
9725	10	4
9726	1	4
9727	16	4
9729	3	4
9731	12	4
9733	14	4
9734	15	4
9736	0	4
9737	23	4
9738	7	4
9741	7	4
9742	14	4
9743	0	4
9744	11	4
9747	19	4
9748	20	4
9749	2	4
9750	4	4
9751	10	4
9752	23	4
9753	9	4
9754	13	4
9755	17	4
9756	0	4
9757	15	4
9758	18	4
9759	22	4
9760	25	4
9761	29	4
9762	0	4
9766	9	4
9767	20	4
9768	18	4
9769	19	4
9771	0	4
9772	33	4
9773	7	4
9774	6	4
9776	10	4
9777	27	4
9779	3	4
9781	6	4
9782	18	4
9784	4	4
9785	1	4
9786	3	4
9787	18	4
9788	12	4
9790	39	4
9791	26	4
9792	2	4
9793	5	4
9794	0	4
9796	16	4
9797	14	4
9798	16	4
9799	1	4
9800	12	4
9802	22	4
9803	6	4
9804	17	4
9805	8	4
9806	16	4
9807	6	4
9808	10	4
9809	0	4
9811	11	4
9812	11	4
9813	20	4
9814	2	4
9815	0	4
9816	7	4
9817	10	4
9818	15	4
9819	13	4
9820	1	4
9821	13	4
9822	28	4
9823	36	4
9824	4	4
9825	5	4
9826	11	4
9827	13	4
9828	0	4
9829	14	4
9830	5	4
9831	14	4
9832	10	4
9834	3	4
9835	4	4
9836	7	4
9837	9	4
9838	15	4
9839	7	4
9840	5	4
9841	1	4
9844	16	4
9845	2	4
9847	34	4
9848	11	4
9849	4	4
9850	14	4
9851	15	4
9852	3	4
9853	2	4
9855	9	4
9856	10	4
9859	15	4
9860	25	4
9861	6	4
9862	10	4
9864	5	4
9865	3	4
9866	11	4
9869	11	4
9870	9	4
9871	10	4
9873	12	4
9875	8	4
9876	14	4
9877	2	4
9879	4	4
9880	11	4
9881	12	4
9882	13	4
9883	5	4
9884	12	4
9885	13	4
9887	13	4
9888	6	4
9889	4	4
9890	6	4
9891	12	4
9892	10	4
9893	12	4
9895	12	4
9898	18	4
9899	8	4
9900	6	4
9901	0	4
9902	8	4
9903	4	4
9904	13	4
9906	27	4
9907	6	4
9908	0	4
9909	24	4
9910	3	4
9911	9	4
9912	10	4
9913	36	4
9914	8	4
9915	13	4
9916	11	4
9917	38	4
9918	12	4
9919	27	4
9921	11	4
9922	28	4
9924	27	4
9925	12	4
9926	24	4
9927	5	4
9928	12	4
9929	11	4
9930	7	4
9931	7	4
9932	4	4
9933	3	4
9934	18	4
9935	22	4
9936	16	4
9938	0	4
9939	2	4
9940	10	4
9941	18	4
9942	27	4
9943	0	4
9944	20	4
9945	14	4
9946	9	4
9947	2	4
9948	9	4
9949	11	4
9950	7	4
9951	6	4
9952	8	4
9953	8	4
9954	14	4
9955	16	4
9956	24	4
9957	7	4
9958	6	4
9959	10	4
9960	11	4
9961	13	4
9962	2	4
9963	6	4
9965	5	4
9967	30	4
9968	9	4
9969	6	4
9970	14	4
9971	44	4
9972	5	4
9973	8	4
9974	5	4
9975	9	4
9976	18	4
9977	1	4
9978	3	4
9979	1	4
9980	17	4
9982	24	4
9983	0	4
9984	6	4
9985	12	4
9986	4	4
9987	7	4
9988	8	4
9989	12	4
9990	10	4
9991	15	4
9992	13	4
9993	4	4
9994	21	4
9995	18	4
9996	11	4
9997	17	4
9998	5	4
10000	18	4
1	17	5
2	16	5
4	4	5
5	16	5
6	13	5
7	31	5
8	11	5
9	8	5
11	11	5
13	9	5
14	23	5
15	22	5
16	2	5
17	21	5
18	5	5
20	16	5
21	3	5
22	9	5
23	18	5
24	11	5
25	9	5
27	16	5
28	12	5
29	13	5
30	29	5
31	17	5
32	17	5
33	17	5
34	16	5
35	8	5
37	20	5
39	25	5
40	14	5
41	12	5
42	11	5
43	25	5
44	28	5
45	40	5
46	9	5
47	17	5
48	13	5
49	17	5
50	13	5
51	15	5
52	7	5
56	10	5
57	16	5
58	14	5
59	3	5
60	5	5
61	17	5
62	14	5
63	13	5
64	16	5
65	29	5
66	3	5
67	31	5
68	14	5
69	43	5
70	13	5
71	13	5
72	30	5
73	18	5
74	13	5
75	32	5
76	2	5
77	7	5
78	10	5
79	9	5
80	8	5
81	5	5
82	15	5
83	19	5
84	39	5
85	20	5
86	18	5
87	2	5
88	33	5
89	12	5
90	20	5
91	8	5
95	8	5
96	3	5
97	22	5
98	34	5
99	8	5
100	33	5
101	8	5
102	33	5
103	9	5
104	5	5
105	5	5
106	8	5
107	22	5
108	8	5
109	8	5
110	14	5
112	12	5
113	8	5
114	13	5
115	4	5
116	5	5
117	50	5
118	6	5
120	3	5
121	26	5
123	13	5
124	14	5
125	11	5
126	18	5
127	12	5
129	10	5
130	15	5
131	8	5
132	7	5
133	22	5
135	11	5
136	37	5
138	5	5
139	9	5
140	12	5
142	17	5
143	8	5
144	10	5
145	13	5
146	13	5
147	9	5
148	17	5
149	32	5
151	7	5
152	10	5
153	7	5
154	16	5
155	18	5
156	57	5
157	5	5
158	15	5
159	18	5
160	3	5
161	22	5
163	20	5
164	7	5
165	22	5
167	14	5
168	26	5
169	14	5
170	21	5
171	14	5
172	25	5
173	12	5
174	7	5
175	22	5
176	14	5
177	16	5
178	14	5
179	40	5
180	16	5
181	18	5
182	10	5
183	31	5
184	11	5
185	20	5
186	7	5
187	18	5
189	19	5
190	16	5
191	6	5
192	12	5
193	1	5
194	11	5
196	5	5
197	23	5
199	15	5
200	16	5
202	12	5
203	35	5
204	8	5
205	32	5
206	24	5
207	8	5
208	24	5
209	5	5
210	9	5
212	8	5
213	5	5
215	17	5
216	17	5
217	5	5
218	18	5
219	14	5
220	8	5
222	29	5
223	8	5
224	4	5
226	22	5
228	32	5
229	21	5
230	16	5
231	26	5
232	34	5
234	17	5
235	22	5
236	13	5
237	28	5
238	15	5
239	26	5
240	16	5
241	6	5
242	4	5
243	52	5
244	4	5
245	18	5
246	21	5
247	11	5
248	28	5
249	45	5
250	21	5
251	16	5
252	18	5
253	15	5
254	17	5
257	22	5
258	29	5
259	18	5
260	12	5
261	15	5
262	17	5
263	6	5
264	17	5
265	45	5
266	13	5
267	28	5
268	24	5
269	16	5
270	8	5
274	3	5
275	10	5
276	21	5
277	8	5
278	3	5
279	19	5
280	34	5
281	1	5
284	11	5
285	20	5
286	13	5
287	25	5
288	19	5
290	14	5
291	17	5
292	19	5
294	33	5
295	14	5
296	6	5
297	7	5
298	19	5
299	13	5
300	16	5
301	9	5
302	22	5
304	35	5
305	27	5
306	19	5
307	15	5
308	16	5
310	4	5
311	12	5
312	6	5
313	20	5
314	30	5
315	23	5
316	28	5
317	9	5
319	9	5
320	20	5
321	28	5
322	13	5
323	19	5
324	5	5
326	8	5
327	0	5
328	24	5
330	6	5
331	3	5
332	21	5
333	18	5
334	14	5
335	19	5
336	14	5
337	0	5
338	9	5
339	4	5
340	11	5
341	20	5
342	7	5
343	20	5
344	2	5
345	12	5
346	6	5
347	37	5
348	7	5
349	14	5
350	34	5
351	36	5
352	15	5
353	8	5
354	0	5
355	9	5
357	3	5
360	13	5
361	8	5
362	13	5
363	13	5
364	8	5
366	28	5
367	15	5
368	29	5
372	9	5
373	15	5
374	6	5
375	15	5
376	5	5
377	4	5
378	10	5
379	25	5
380	21	5
381	10	5
383	27	5
384	12	5
385	24	5
386	21	5
387	6	5
388	20	5
390	15	5
391	17	5
392	16	5
393	24	5
394	26	5
395	38	5
396	12	5
397	6	5
398	24	5
399	24	5
400	46	5
401	29	5
402	26	5
403	8	5
404	10	5
405	6	5
406	15	5
407	22	5
408	27	5
409	23	5
410	23	5
411	8	5
412	14	5
413	20	5
414	28	5
415	23	5
418	8	5
419	10	5
421	12	5
422	2	5
423	29	5
424	10	5
426	20	5
427	13	5
428	24	5
429	18	5
430	19	5
431	12	5
432	16	5
433	16	5
434	17	5
435	24	5
436	16	5
437	22	5
438	8	5
439	19	5
442	22	5
443	24	5
444	13	5
445	42	5
446	21	5
447	10	5
449	10	5
450	13	5
451	29	5
452	4	5
454	8	5
456	7	5
457	11	5
460	19	5
461	3	5
462	3	5
464	30	5
465	30	5
467	27	5
468	12	5
469	13	5
470	11	5
471	23	5
473	34	5
474	6	5
476	17	5
477	13	5
479	12	5
480	24	5
481	17	5
482	6	5
483	32	5
484	27	5
485	25	5
487	34	5
488	21	5
490	11	5
491	20	5
492	22	5
494	10	5
495	26	5
496	11	5
497	29	5
498	7	5
499	22	5
500	10	5
501	6	5
502	34	5
503	26	5
504	23	5
505	11	5
506	19	5
508	2	5
509	14	5
510	17	5
513	16	5
515	43	5
516	19	5
517	21	5
518	9	5
519	20	5
520	24	5
521	19	5
522	14	5
523	9	5
524	16	5
525	10	5
526	15	5
527	12	5
529	7	5
530	5	5
531	15	5
533	24	5
534	8	5
535	13	5
536	29	5
537	14	5
538	17	5
539	20	5
540	41	5
541	13	5
542	9	5
543	23	5
545	2	5
546	13	5
547	22	5
549	9	5
550	18	5
551	6	5
552	29	5
553	26	5
554	25	5
555	8	5
556	21	5
557	14	5
558	8	5
561	7	5
562	7	5
563	11	5
564	9	5
565	21	5
566	17	5
568	8	5
569	30	5
570	2	5
571	10	5
572	21	5
573	4	5
574	40	5
575	22	5
576	43	5
578	12	5
579	14	5
580	10	5
581	14	5
583	23	5
584	24	5
585	11	5
586	1	5
587	1	5
588	8	5
589	20	5
591	14	5
592	5	5
593	15	5
595	19	5
596	10	5
598	17	5
599	21	5
603	16	5
604	15	5
605	13	5
606	45	5
607	18	5
610	7	5
611	38	5
612	20	5
613	14	5
614	3	5
615	20	5
616	23	5
617	39	5
618	16	5
619	20	5
620	17	5
621	17	5
622	11	5
623	26	5
624	15	5
626	11	5
628	41	5
629	17	5
630	22	5
631	22	5
632	29	5
633	15	5
634	17	5
635	22	5
636	5	5
637	11	5
638	4	5
639	19	5
641	5	5
642	14	5
643	6	5
644	7	5
645	7	5
647	19	5
649	22	5
651	24	5
652	17	5
653	11	5
654	10	5
655	4	5
656	0	5
657	5	5
658	17	5
659	37	5
660	8	5
661	32	5
662	24	5
663	33	5
664	3	5
666	20	5
667	10	5
668	2	5
669	17	5
670	38	5
671	23	5
672	31	5
673	5	5
675	7	5
676	22	5
677	11	5
678	30	5
679	11	5
680	7	5
681	9	5
682	17	5
683	5	5
684	15	5
685	38	5
686	11	5
687	8	5
688	41	5
689	22	5
690	8	5
691	13	5
694	35	5
695	11	5
696	10	5
697	9	5
698	8	5
699	21	5
700	14	5
701	9	5
702	8	5
703	8	5
704	12	5
705	5	5
706	10	5
707	8	5
708	24	5
709	18	5
712	15	5
713	10	5
715	6	5
716	26	5
717	10	5
718	43	5
720	9	5
721	12	5
722	36	5
723	17	5
724	39	5
725	35	5
726	21	5
727	7	5
728	12	5
729	12	5
730	13	5
731	51	5
732	26	5
734	25	5
736	15	5
737	1	5
738	22	5
739	21	5
740	15	5
741	4	5
742	12	5
744	35	5
747	15	5
748	10	5
749	14	5
750	17	5
751	21	5
752	15	5
754	15	5
755	10	5
757	31	5
758	46	5
759	29	5
760	6	5
761	11	5
762	34	5
764	2	5
765	8	5
766	11	5
768	8	5
769	11	5
771	17	5
772	18	5
773	9	5
774	3	5
775	11	5
776	31	5
777	4	5
778	15	5
779	5	5
780	21	5
781	34	5
782	11	5
783	2	5
784	24	5
785	12	5
786	19	5
787	3	5
789	27	5
790	11	5
791	6	5
792	22	5
793	6	5
794	15	5
796	11	5
798	11	5
799	16	5
800	20	5
801	6	5
802	17	5
803	6	5
804	6	5
805	20	5
806	7	5
807	21	5
808	22	5
809	21	5
810	20	5
811	16	5
812	13	5
814	2	5
816	35	5
817	9	5
818	20	5
819	4	5
820	10	5
821	14	5
823	16	5
824	5	5
826	11	5
828	4	5
829	7	5
830	25	5
831	18	5
832	5	5
833	39	5
834	20	5
835	13	5
836	4	5
837	20	5
839	15	5
840	15	5
841	25	5
843	22	5
844	34	5
845	43	5
846	6	5
847	12	5
848	15	5
849	17	5
850	29	5
851	10	5
852	26	5
854	28	5
857	18	5
858	18	5
859	19	5
860	0	5
861	7	5
862	15	5
863	35	5
865	24	5
866	10	5
867	15	5
869	36	5
870	9	5
871	23	5
873	10	5
874	10	5
876	6	5
877	22	5
878	7	5
879	15	5
881	14	5
882	11	5
883	35	5
884	4	5
885	11	5
886	31	5
887	32	5
888	13	5
889	22	5
890	15	5
891	33	5
892	22	5
893	40	5
894	7	5
895	39	5
896	18	5
897	14	5
898	14	5
899	16	5
900	7	5
903	5	5
904	24	5
905	17	5
906	32	5
907	25	5
908	14	5
909	13	5
910	14	5
911	6	5
912	12	5
913	5	5
914	11	5
916	24	5
918	17	5
919	19	5
920	15	5
921	23	5
922	24	5
923	18	5
925	2	5
926	4	5
927	15	5
928	7	5
929	15	5
930	16	5
931	23	5
932	30	5
933	21	5
934	13	5
935	17	5
937	20	5
938	18	5
939	27	5
941	13	5
942	17	5
943	45	5
944	23	5
945	21	5
946	19	5
947	22	5
948	19	5
949	13	5
950	4	5
951	11	5
952	6	5
953	35	5
954	12	5
955	15	5
956	27	5
957	4	5
958	16	5
960	15	5
962	6	5
964	9	5
965	22	5
966	8	5
967	17	5
968	15	5
970	14	5
971	37	5
973	27	5
974	17	5
975	8	5
976	12	5
978	9	5
979	6	5
980	7	5
982	25	5
983	40	5
984	23	5
985	12	5
986	12	5
987	11	5
988	29	5
989	22	5
991	24	5
992	18	5
993	9	5
995	5	5
996	29	5
997	12	5
998	20	5
999	11	5
1001	0	5
1003	39	5
1005	11	5
1006	16	5
1007	40	5
1008	16	5
1010	11	5
1011	34	5
1012	14	5
1013	18	5
1014	28	5
1015	29	5
1016	24	5
1017	11	5
1018	22	5
1019	14	5
1020	5	5
1024	13	5
1025	7	5
1026	15	5
1027	24	5
1028	12	5
1029	7	5
1031	19	5
1032	11	5
1033	22	5
1034	22	5
1035	26	5
1038	5	5
1040	6	5
1042	6	5
1043	7	5
1044	37	5
1045	11	5
1048	4	5
1049	18	5
1050	11	5
1052	23	5
1053	13	5
1054	27	5
1055	27	5
1057	20	5
1058	3	5
1059	4	5
1061	19	5
1062	6	5
1063	34	5
1065	6	5
1066	14	5
1067	16	5
1068	19	5
1069	5	5
1070	12	5
1071	9	5
1072	10	5
1073	9	5
1074	7	5
1075	19	5
1077	21	5
1078	9	5
1079	20	5
1081	14	5
1082	9	5
1083	22	5
1084	15	5
1085	23	5
1086	30	5
1087	27	5
1088	5	5
1090	42	5
1091	4	5
1092	28	5
1093	13	5
1094	25	5
1095	25	5
1096	13	5
1097	11	5
1098	27	5
1099	7	5
1100	16	5
1101	8	5
1103	16	5
1104	19	5
1105	14	5
1106	18	5
1107	16	5
1109	7	5
1110	26	5
1111	35	5
1112	20	5
1113	47	5
1114	5	5
1115	4	5
1116	29	5
1117	13	5
1118	6	5
1119	6	5
1121	28	5
1122	23	5
1123	10	5
1124	9	5
1125	6	5
1126	0	5
1128	39	5
1129	24	5
1130	13	5
1131	22	5
1132	33	5
1133	4	5
1134	19	5
1135	21	5
1136	31	5
1137	10	5
1138	5	5
1140	38	5
1141	11	5
1142	2	5
1143	15	5
1144	24	5
1145	11	5
1146	30	5
1148	7	5
1149	27	5
1150	15	5
1151	18	5
1153	8	5
1154	2	5
1155	6	5
1156	1	5
1157	13	5
1158	18	5
1159	28	5
1160	45	5
1164	12	5
1165	23	5
1166	19	5
1167	12	5
1168	28	5
1169	14	5
1170	2	5
1171	2	5
1172	26	5
1173	30	5
1174	12	5
1175	7	5
1176	10	5
1178	10	5
1179	13	5
1180	11	5
1181	33	5
1182	13	5
1183	12	5
1184	13	5
1185	9	5
1186	30	5
1187	23	5
1189	21	5
1191	14	5
1192	10	5
1193	39	5
1194	10	5
1195	3	5
1197	11	5
1198	19	5
1199	20	5
1201	9	5
1202	49	5
1203	29	5
1204	14	5
1206	4	5
1209	16	5
1210	26	5
1211	11	5
1212	14	5
1213	20	5
1214	14	5
1215	4	5
1217	36	5
1218	12	5
1219	9	5
1220	10	5
1222	17	5
1223	21	5
1224	14	5
1225	26	5
1226	18	5
1227	7	5
1228	7	5
1229	10	5
1230	8	5
1231	28	5
1233	7	5
1235	34	5
1236	23	5
1237	32	5
1238	10	5
1239	11	5
1240	17	5
1241	18	5
1242	9	5
1243	8	5
1244	11	5
1245	20	5
1246	7	5
1247	12	5
1248	24	5
1249	3	5
1250	11	5
1252	14	5
1253	5	5
1254	14	5
1255	16	5
1256	16	5
1257	16	5
1258	20	5
1259	6	5
1260	15	5
1261	10	5
1262	14	5
1263	20	5
1264	4	5
1266	3	5
1267	11	5
1268	15	5
1269	9	5
1270	7	5
1272	16	5
1273	5	5
1274	20	5
1275	4	5
1276	1	5
1277	9	5
1279	25	5
1280	27	5
1281	2	5
1282	15	5
1283	17	5
1284	23	5
1285	15	5
1286	7	5
1287	10	5
1288	15	5
1289	18	5
1290	14	5
1292	4	5
1293	22	5
1294	22	5
1295	3	5
1296	14	5
1297	7	5
1298	21	5
1299	12	5
1300	1	5
1301	2	5
1302	9	5
1303	4	5
1304	14	5
1305	15	5
1307	19	5
1308	19	5
1309	21	5
1310	8	5
1311	12	5
1312	19	5
1313	6	5
1314	10	5
1315	7	5
1316	19	5
1317	52	5
1318	11	5
1319	7	5
1320	21	5
1321	17	5
1322	28	5
1323	9	5
1324	19	5
1325	17	5
1326	17	5
1327	10	5
1328	11	5
1329	11	5
1330	18	5
1331	32	5
1333	26	5
1334	12	5
1335	13	5
1336	16	5
1338	37	5
1340	23	5
1341	10	5
1342	22	5
1343	14	5
1344	20	5
1345	12	5
1346	15	5
1347	17	5
1348	8	5
1349	15	5
1350	1	5
1351	12	5
1352	49	5
1354	22	5
1355	3	5
1356	7	5
1357	7	5
1358	4	5
1361	1	5
1363	15	5
1364	11	5
1365	41	5
1366	16	5
1367	19	5
1368	7	5
1369	6	5
1370	7	5
1371	29	5
1372	4	5
1373	10	5
1374	11	5
1375	36	5
1376	24	5
1377	28	5
1378	26	5
1379	32	5
1380	21	5
1383	11	5
1384	13	5
1385	11	5
1386	6	5
1387	18	5
1389	21	5
1390	4	5
1391	7	5
1393	18	5
1394	19	5
1395	14	5
1397	16	5
1398	12	5
1401	36	5
1402	17	5
1403	33	5
1404	9	5
1406	35	5
1408	13	5
1409	4	5
1410	20	5
1411	7	5
1413	14	5
1415	39	5
1416	23	5
1417	20	5
1418	13	5
1420	22	5
1421	22	5
1423	8	5
1424	8	5
1425	8	5
1426	25	5
1427	10	5
1428	20	5
1429	4	5
1430	2	5
1431	41	5
1432	6	5
1434	17	5
1436	12	5
1437	3	5
1438	27	5
1440	11	5
1441	14	5
1442	19	5
1443	29	5
1444	12	5
1445	28	5
1446	7	5
1447	25	5
1448	21	5
1449	5	5
1450	6	5
1451	5	5
1452	6	5
1453	16	5
1454	8	5
1455	17	5
1457	8	5
1458	16	5
1459	13	5
1460	14	5
1461	24	5
1462	9	5
1463	5	5
1466	23	5
1468	31	5
1469	6	5
1470	5	5
1472	23	5
1473	10	5
1474	22	5
1475	9	5
1476	19	5
1477	17	5
1478	21	5
1479	12	5
1480	12	5
1481	24	5
1482	16	5
1483	18	5
1484	24	5
1485	36	5
1487	8	5
1488	18	5
1489	16	5
1490	14	5
1492	2	5
1493	7	5
1494	28	5
1495	17	5
1496	27	5
1497	21	5
1498	36	5
1499	5	5
1500	31	5
1501	8	5
1502	5	5
1504	13	5
1505	21	5
1506	4	5
1507	14	5
1509	14	5
1511	6	5
1512	4	5
1513	14	5
1514	13	5
1515	19	5
1516	7	5
1517	34	5
1518	20	5
1519	11	5
1520	10	5
1521	16	5
1522	23	5
1523	14	5
1524	29	5
1526	21	5
1527	31	5
1528	35	5
1529	13	5
1530	21	5
1531	14	5
1533	10	5
1534	13	5
1535	24	5
1536	26	5
1537	9	5
1538	2	5
1539	19	5
1540	29	5
1541	5	5
1543	15	5
1544	30	5
1545	2	5
1546	7	5
1547	35	5
1548	20	5
1549	17	5
1550	14	5
1551	4	5
1553	15	5
1554	12	5
1555	2	5
1556	13	5
1557	15	5
1558	5	5
1559	4	5
1560	14	5
1561	15	5
1562	21	5
1563	27	5
1564	12	5
1565	11	5
1567	22	5
1568	17	5
1569	14	5
1570	12	5
1571	13	5
1572	14	5
1574	11	5
1575	24	5
1576	35	5
1577	6	5
1579	9	5
1580	13	5
1581	29	5
1582	3	5
1583	16	5
1584	13	5
1585	6	5
1586	17	5
1587	19	5
1588	12	5
1589	13	5
1590	16	5
1591	4	5
1592	5	5
1593	12	5
1594	14	5
1595	39	5
1597	11	5
1598	11	5
1599	6	5
1601	23	5
1602	32	5
1603	21	5
1604	20	5
1605	21	5
1608	13	5
1609	9	5
1610	8	5
1611	23	5
1612	18	5
1613	12	5
1614	14	5
1615	6	5
1616	31	5
1617	9	5
1619	21	5
1620	11	5
1621	15	5
1622	5	5
1623	23	5
1624	20	5
1625	22	5
1626	8	5
1627	36	5
1628	31	5
1629	15	5
1630	24	5
1631	33	5
1632	8	5
1633	28	5
1634	7	5
1635	5	5
1636	7	5
1637	15	5
1639	19	5
1640	10	5
1641	11	5
1642	24	5
1643	21	5
1644	14	5
1645	13	5
1646	8	5
1647	6	5
1649	9	5
1650	16	5
1651	22	5
1652	22	5
1653	7	5
1654	14	5
1655	20	5
1656	24	5
1657	14	5
1658	21	5
1659	42	5
1660	21	5
1661	26	5
1662	37	5
1663	17	5
1664	7	5
1665	14	5
1666	3	5
1667	11	5
1668	15	5
1669	3	5
1670	18	5
1672	32	5
1674	16	5
1675	8	5
1677	2	5
1678	9	5
1679	13	5
1680	8	5
1681	7	5
1682	1	5
1683	11	5
1684	12	5
1685	22	5
1687	7	5
1688	11	5
1689	20	5
1690	28	5
1692	26	5
1693	45	5
1694	18	5
1695	19	5
1696	35	5
1697	27	5
1698	13	5
1699	15	5
1700	17	5
1701	10	5
1702	30	5
1703	16	5
1704	31	5
1705	13	5
1706	11	5
1707	7	5
1708	18	5
1709	3	5
1711	48	5
1712	15	5
1713	33	5
1714	20	5
1715	10	5
1716	18	5
1717	8	5
1719	2	5
1720	25	5
1721	10	5
1723	7	5
1726	5	5
1727	10	5
1728	4	5
1729	5	5
1732	18	5
1733	15	5
1734	10	5
1735	24	5
1736	22	5
1738	8	5
1739	19	5
1740	15	5
1741	27	5
1742	22	5
1743	11	5
1744	11	5
1745	27	5
1746	43	5
1747	13	5
1748	27	5
1749	20	5
1750	2	5
1751	18	5
1752	16	5
1753	10	5
1755	9	5
1756	11	5
1757	20	5
1760	28	5
1761	23	5
1762	19	5
1763	33	5
1765	12	5
1767	11	5
1768	2	5
1769	0	5
1770	19	5
1771	14	5
1772	14	5
1773	18	5
1774	27	5
1775	6	5
1776	16	5
1777	13	5
1778	13	5
1779	20	5
1780	22	5
1781	26	5
1784	18	5
1787	11	5
1788	7	5
1789	8	5
1790	45	5
1791	28	5
1792	19	5
1793	7	5
1794	10	5
1795	12	5
1796	26	5
1797	27	5
1798	15	5
1799	14	5
1800	27	5
1801	5	5
1802	28	5
1803	25	5
1804	9	5
1805	4	5
1806	16	5
1807	33	5
1808	11	5
1810	24	5
1811	52	5
1812	17	5
1813	23	5
1814	13	5
1815	35	5
1816	9	5
1817	39	5
1818	20	5
1821	7	5
1822	42	5
1823	26	5
1824	27	5
1825	19	5
1826	3	5
1827	36	5
1829	29	5
1830	20	5
1831	20	5
1833	25	5
1834	11	5
1835	10	5
1836	16	5
1837	10	5
1839	8	5
1841	9	5
1842	14	5
1843	26	5
1844	13	5
1845	25	5
1846	9	5
1847	20	5
1848	6	5
1849	8	5
1851	16	5
1852	21	5
1853	10	5
1854	22	5
1855	16	5
1856	17	5
1857	42	5
1858	27	5
1859	18	5
1860	8	5
1861	6	5
1862	18	5
1863	5	5
1864	1	5
1865	25	5
1866	5	5
1868	8	5
1869	23	5
1870	6	5
1871	14	5
1872	22	5
1873	27	5
1874	19	5
1875	33	5
1876	14	5
1877	21	5
1879	24	5
1880	15	5
1881	18	5
1882	21	5
1883	9	5
1884	11	5
1885	3	5
1886	25	5
1888	5	5
1889	20	5
1890	24	5
1891	35	5
1892	26	5
1893	3	5
1894	13	5
1895	12	5
1896	13	5
1897	30	5
1898	8	5
1899	26	5
1900	19	5
1901	14	5
1902	17	5
1903	28	5
1904	12	5
1905	20	5
1906	3	5
1907	9	5
1908	39	5
1909	21	5
1910	7	5
1911	27	5
1912	8	5
1913	42	5
1914	11	5
1915	12	5
1916	16	5
1917	30	5
1918	24	5
1919	27	5
1921	32	5
1922	7	5
1923	8	5
1924	30	5
1925	23	5
1926	20	5
1927	12	5
1929	14	5
1930	40	5
1931	12	5
1932	20	5
1933	27	5
1934	16	5
1935	6	5
1936	14	5
1937	17	5
1938	16	5
1939	30	5
1940	17	5
1941	25	5
1942	19	5
1943	5	5
1944	9	5
1946	5	5
1947	14	5
1948	1	5
1949	22	5
1951	1	5
1952	1	5
1953	5	5
1954	5	5
1956	9	5
1957	4	5
1958	11	5
1960	17	5
1961	28	5
1963	8	5
1964	6	5
1965	25	5
1966	19	5
1967	20	5
1968	12	5
1969	9	5
1970	15	5
1972	19	5
1973	18	5
1974	22	5
1975	18	5
1976	21	5
1977	21	5
1978	33	5
1979	10	5
1981	24	5
1982	9	5
1983	13	5
1984	10	5
1985	4	5
1986	20	5
1987	25	5
1988	11	5
1989	3	5
1990	20	5
1991	19	5
1992	25	5
1993	21	5
1994	11	5
1996	10	5
1997	9	5
1998	12	5
1999	1	5
2000	36	5
2001	20	5
2002	13	5
2003	18	5
2004	16	5
2005	22	5
2006	4	5
2008	28	5
2009	13	5
2010	25	5
2011	11	5
2012	27	5
2013	14	5
2015	34	5
2016	9	5
2017	28	5
2018	14	5
2019	8	5
2020	35	5
2021	15	5
2022	6	5
2023	6	5
2024	10	5
2025	26	5
2026	7	5
2027	8	5
2028	6	5
2029	11	5
2030	10	5
2031	22	5
2032	9	5
2033	8	5
2035	6	5
2037	7	5
2038	9	5
2039	14	5
2040	35	5
2041	4	5
2043	15	5
2044	25	5
2045	36	5
2046	0	5
2047	8	5
2048	12	5
2049	18	5
2050	23	5
2051	11	5
2052	5	5
2053	2	5
2054	12	5
2055	25	5
2056	6	5
2057	18	5
2058	18	5
2059	13	5
2061	12	5
2062	17	5
2063	10	5
2064	10	5
2065	19	5
2066	20	5
2067	26	5
2068	4	5
2069	2	5
2070	20	5
2071	24	5
2073	37	5
2074	29	5
2076	9	5
2077	35	5
2078	11	5
2079	15	5
2080	20	5
2081	9	5
2082	34	5
2085	20	5
2086	11	5
2087	8	5
2088	3	5
2089	13	5
2090	15	5
2091	5	5
2092	6	5
2093	25	5
2094	17	5
2095	25	5
2096	19	5
2097	15	5
2098	7	5
2099	8	5
2100	21	5
2102	30	5
2103	13	5
2105	22	5
2106	14	5
2107	5	5
2108	10	5
2110	18	5
2111	32	5
2113	5	5
2114	28	5
2115	12	5
2117	8	5
2118	15	5
2119	11	5
2120	6	5
2121	14	5
2122	7	5
2123	3	5
2124	27	5
2125	29	5
2126	3	5
2127	11	5
2128	38	5
2129	22	5
2130	35	5
2131	3	5
2132	25	5
2133	14	5
2134	12	5
2135	42	5
2136	25	5
2137	22	5
2139	8	5
2142	13	5
2143	11	5
2144	6	5
2145	5	5
2146	25	5
2147	22	5
2148	37	5
2150	17	5
2151	28	5
2152	1	5
2153	8	5
2154	19	5
2156	10	5
2157	17	5
2158	3	5
2159	19	5
2161	28	5
2163	18	5
2164	14	5
2165	11	5
2166	30	5
2167	6	5
2168	5	5
2169	15	5
2170	19	5
2171	13	5
2172	3	5
2173	23	5
2174	14	5
2175	3	5
2176	14	5
2178	10	5
2179	9	5
2180	8	5
2181	2	5
2182	12	5
2183	24	5
2184	18	5
2185	6	5
2186	15	5
2187	18	5
2188	16	5
2189	15	5
2190	17	5
2191	5	5
2193	6	5
2194	17	5
2195	18	5
2196	44	5
2198	12	5
2199	17	5
2200	12	5
2201	14	5
2202	7	5
2203	23	5
2204	2	5
2205	3	5
2206	8	5
2207	25	5
2209	17	5
2210	27	5
2211	22	5
2212	9	5
2215	7	5
2216	22	5
2217	6	5
2218	16	5
2219	25	5
2220	17	5
2222	14	5
2223	15	5
2224	23	5
2225	15	5
2226	11	5
2227	4	5
2228	24	5
2229	52	5
2231	11	5
2232	23	5
2234	10	5
2235	17	5
2236	13	5
2237	15	5
2238	24	5
2239	6	5
2240	14	5
2241	6	5
2242	14	5
2243	26	5
2244	29	5
2245	31	5
2246	28	5
2247	8	5
2248	12	5
2249	23	5
2253	16	5
2254	13	5
2255	8	5
2256	18	5
2257	11	5
2258	4	5
2259	12	5
2260	9	5
2261	23	5
2262	24	5
2263	12	5
2264	27	5
2266	17	5
2267	33	5
2268	14	5
2269	6	5
2270	11	5
2271	18	5
2272	15	5
2274	43	5
2275	17	5
2276	12	5
2278	9	5
2280	13	5
2281	11	5
2282	30	5
2283	10	5
2284	8	5
2285	8	5
2286	10	5
2288	41	5
2289	10	5
2290	18	5
2291	22	5
2292	11	5
2293	9	5
2294	18	5
2297	7	5
2298	21	5
2299	28	5
2300	8	5
2301	6	5
2302	37	5
2303	53	5
2304	15	5
2305	14	5
2306	23	5
2307	5	5
2309	11	5
2310	13	5
2311	8	5
2312	12	5
2313	6	5
2314	27	5
2315	7	5
2316	14	5
2320	7	5
2321	20	5
2322	16	5
2323	26	5
2324	14	5
2325	15	5
2326	4	5
2328	15	5
2329	18	5
2330	22	5
2331	24	5
2332	21	5
2334	7	5
2335	5	5
2336	22	5
2337	11	5
2339	27	5
2340	15	5
2341	32	5
2342	16	5
2343	0	5
2344	7	5
2346	36	5
2347	20	5
2348	6	5
2349	15	5
2352	24	5
2353	21	5
2354	14	5
2355	6	5
2356	9	5
2357	14	5
2358	35	5
2360	19	5
2362	17	5
2363	13	5
2364	16	5
2365	16	5
2366	23	5
2367	18	5
2368	3	5
2369	13	5
2370	18	5
2371	26	5
2375	17	5
2378	10	5
2379	16	5
2380	10	5
2382	9	5
2383	16	5
2385	22	5
2386	9	5
2387	8	5
2388	52	5
2389	32	5
2390	12	5
2391	11	5
2393	20	5
2394	32	5
2395	12	5
2396	9	5
2398	0	5
2401	17	5
2403	9	5
2404	5	5
2405	18	5
2406	5	5
2408	24	5
2409	3	5
2410	9	5
2411	9	5
2412	12	5
2413	16	5
2414	31	5
2415	10	5
2416	35	5
2417	17	5
2418	4	5
2419	27	5
2420	0	5
2421	21	5
2423	16	5
2426	28	5
2428	26	5
2429	23	5
2430	7	5
2431	10	5
2432	7	5
2433	0	5
2434	6	5
2435	9	5
2436	16	5
2437	32	5
2438	14	5
2439	10	5
2440	8	5
2441	5	5
2442	13	5
2443	18	5
2444	12	5
2445	15	5
2446	7	5
2447	29	5
2449	29	5
2450	11	5
2451	12	5
2453	4	5
2454	2	5
2455	3	5
2456	8	5
2457	9	5
2458	5	5
2459	8	5
2460	7	5
2461	16	5
2462	4	5
2463	36	5
2464	9	5
2465	54	5
2466	8	5
2467	22	5
2468	12	5
2469	12	5
2470	1	5
2471	10	5
2472	23	5
2473	22	5
2474	35	5
2475	14	5
2478	17	5
2479	19	5
2480	18	5
2481	5	5
2483	27	5
2484	22	5
2485	18	5
2486	21	5
2487	19	5
2488	5	5
2490	5	5
2491	11	5
2492	26	5
2493	2	5
2494	10	5
2495	11	5
2496	14	5
2497	18	5
2499	27	5
2500	12	5
2501	12	5
2502	8	5
2504	13	5
2505	23	5
2506	12	5
2507	19	5
2509	45	5
2510	10	5
2511	18	5
2512	31	5
2513	16	5
2514	13	5
2515	24	5
2516	24	5
2517	13	5
2518	5	5
2519	13	5
2520	8	5
2521	21	5
2523	8	5
2524	6	5
2526	10	5
2527	6	5
2528	28	5
2530	24	5
2533	23	5
2534	28	5
2535	26	5
2536	33	5
2537	29	5
2538	29	5
2539	13	5
2540	13	5
2541	1	5
2542	5	5
2543	25	5
2544	11	5
2545	21	5
2546	19	5
2547	9	5
2549	18	5
2550	12	5
2551	11	5
2552	6	5
2553	17	5
2555	11	5
2556	33	5
2557	18	5
2558	1	5
2559	27	5
2560	27	5
2561	18	5
2562	7	5
2563	6	5
2564	16	5
2565	20	5
2566	25	5
2567	32	5
2568	39	5
2571	26	5
2572	28	5
2573	14	5
2575	29	5
2576	6	5
2577	9	5
2578	11	5
2580	9	5
2581	16	5
2582	27	5
2583	14	5
2584	19	5
2585	20	5
2586	40	5
2587	11	5
2588	27	5
2589	20	5
2591	10	5
2593	2	5
2595	6	5
2596	34	5
2597	7	5
2598	13	5
2599	22	5
2600	2	5
2601	26	5
2602	20	5
2603	3	5
2604	30	5
2605	17	5
2607	7	5
2608	14	5
2609	32	5
2610	24	5
2611	26	5
2612	4	5
2613	33	5
2614	11	5
2615	10	5
2616	13	5
2617	7	5
2619	8	5
2620	9	5
2621	16	5
2622	39	5
2623	20	5
2624	31	5
2625	19	5
2627	4	5
2628	11	5
2629	14	5
2631	6	5
2632	8	5
2633	8	5
2635	4	5
2636	8	5
2638	9	5
2639	14	5
2640	38	5
2641	11	5
2642	16	5
2643	26	5
2644	0	5
2645	7	5
2647	15	5
2648	31	5
2649	9	5
2650	5	5
2651	36	5
2652	4	5
2654	30	5
2656	24	5
2657	5	5
2658	20	5
2659	17	5
2660	3	5
2661	16	5
2662	17	5
2664	7	5
2665	22	5
2666	9	5
2667	16	5
2668	36	5
2669	12	5
2670	17	5
2672	5	5
2673	19	5
2674	17	5
2676	37	5
2678	12	5
2679	14	5
2680	24	5
2681	23	5
2682	13	5
2683	3	5
2684	22	5
2685	10	5
2686	19	5
2687	20	5
2688	22	5
2690	13	5
2691	23	5
2692	11	5
2693	13	5
2694	31	5
2695	12	5
2697	20	5
2698	8	5
2699	22	5
2700	8	5
2701	10	5
2702	22	5
2703	18	5
2704	19	5
2706	18	5
2708	23	5
2709	12	5
2710	18	5
2711	21	5
2713	26	5
2714	6	5
2715	21	5
2718	10	5
2719	9	5
2720	22	5
2722	56	5
2723	28	5
2724	30	5
2725	22	5
2726	7	5
2727	32	5
2728	10	5
2729	9	5
2730	38	5
2731	32	5
2732	16	5
2733	22	5
2734	22	5
2736	19	5
2737	7	5
2738	9	5
2740	35	5
2741	31	5
2742	7	5
2743	17	5
2744	25	5
2745	14	5
2746	7	5
2749	6	5
2750	4	5
2751	14	5
2752	9	5
2753	15	5
2754	4	5
2756	15	5
2757	26	5
2758	19	5
2759	20	5
2760	9	5
2761	21	5
2762	26	5
2763	22	5
2764	22	5
2765	8	5
2766	10	5
2767	29	5
2768	12	5
2769	31	5
2770	13	5
2772	12	5
2773	20	5
2775	14	5
2776	15	5
2777	15	5
2778	19	5
2779	28	5
2780	6	5
2781	22	5
2782	4	5
2783	26	5
2784	8	5
2785	13	5
2786	15	5
2787	37	5
2790	4	5
2791	11	5
2792	13	5
2793	19	5
2794	11	5
2795	4	5
2796	45	5
2797	9	5
2798	23	5
2799	30	5
2800	14	5
2801	6	5
2804	37	5
2805	26	5
2806	10	5
2807	5	5
2808	26	5
2809	4	5
2810	39	5
2811	21	5
2812	14	5
2814	1	5
2815	20	5
2816	13	5
2817	8	5
2819	14	5
2820	14	5
2821	39	5
2823	42	5
2824	23	5
2825	11	5
2826	23	5
2828	4	5
2830	28	5
2831	5	5
2832	18	5
2833	35	5
2834	10	5
2835	11	5
2836	46	5
2837	16	5
2839	27	5
2840	2	5
2841	22	5
2842	33	5
2843	12	5
2844	4	5
2845	27	5
2846	12	5
2847	12	5
2848	4	5
2850	10	5
2851	7	5
2852	0	5
2853	18	5
2854	11	5
2855	24	5
2856	19	5
2857	50	5
2858	5	5
2859	17	5
2860	15	5
2861	19	5
2862	1	5
2863	34	5
2864	21	5
2865	23	5
2866	13	5
2867	13	5
2868	11	5
2869	13	5
2870	23	5
2871	25	5
2873	38	5
2874	19	5
2875	10	5
2877	12	5
2878	10	5
2879	14	5
2880	33	5
2881	10	5
2882	17	5
2883	21	5
2884	19	5
2885	18	5
2886	12	5
2887	17	5
2888	8	5
2889	23	5
2890	3	5
2892	12	5
2893	19	5
2895	12	5
2896	26	5
2897	9	5
2898	13	5
2899	6	5
2900	9	5
2901	21	5
2902	9	5
2903	3	5
2904	7	5
2905	14	5
2906	7	5
2908	12	5
2910	39	5
2911	7	5
2913	8	5
2914	11	5
2915	40	5
2916	19	5
2917	9	5
2918	17	5
2919	9	5
2921	34	5
2922	18	5
2923	10	5
2924	25	5
2926	19	5
2927	17	5
2928	10	5
2929	39	5
2930	12	5
2931	12	5
2932	10	5
2933	9	5
2935	12	5
2936	7	5
2937	17	5
2939	30	5
2940	19	5
2941	19	5
2942	9	5
2943	27	5
2944	7	5
2945	19	5
2946	13	5
2947	17	5
2948	7	5
2949	7	5
2950	9	5
2951	32	5
2952	2	5
2953	35	5
2954	13	5
2955	15	5
2957	12	5
2958	5	5
2959	13	5
2961	20	5
2962	25	5
2963	12	5
2964	27	5
2966	5	5
2967	21	5
2968	22	5
2969	9	5
2970	17	5
2971	5	5
2972	12	5
2975	2	5
2976	9	5
2977	29	5
2978	11	5
2979	6	5
2980	15	5
2981	9	5
2982	11	5
2983	11	5
2985	12	5
2986	16	5
2988	9	5
2989	11	5
2990	11	5
2991	28	5
2993	9	5
2994	26	5
2995	18	5
2996	29	5
2998	13	5
2999	19	5
3000	3	5
3001	15	5
3002	13	5
3003	32	5
3005	17	5
3006	9	5
3007	19	5
3008	2	5
3009	7	5
3010	8	5
3011	14	5
3012	5	5
3014	22	5
3015	15	5
3016	11	5
3017	10	5
3018	27	5
3020	21	5
3021	5	5
3022	15	5
3023	9	5
3024	11	5
3025	35	5
3026	6	5
3027	13	5
3028	3	5
3029	22	5
3030	8	5
3032	7	5
3033	24	5
3034	12	5
3035	10	5
3036	14	5
3037	29	5
3038	18	5
3040	21	5
3041	9	5
3042	16	5
3043	31	5
3044	22	5
3045	2	5
3046	26	5
3047	10	5
3049	7	5
3050	26	5
3051	9	5
3052	19	5
3053	20	5
3054	1	5
3056	14	5
3057	17	5
3058	11	5
3059	46	5
3060	24	5
3061	15	5
3062	35	5
3064	18	5
3065	12	5
3066	12	5
3067	9	5
3068	30	5
3069	28	5
3071	19	5
3072	9	5
3073	25	5
3074	23	5
3075	11	5
3076	9	5
3077	13	5
3078	13	5
3079	20	5
3081	6	5
3082	10	5
3083	14	5
3085	47	5
3086	20	5
3087	27	5
3088	24	5
3089	23	5
3090	4	5
3091	30	5
3092	21	5
3093	16	5
3094	34	5
3095	20	5
3096	11	5
3097	17	5
3098	39	5
3099	10	5
3100	13	5
3101	18	5
3102	9	5
3103	13	5
3104	14	5
3106	63	5
3107	11	5
3108	23	5
3109	16	5
3110	5	5
3111	11	5
3112	4	5
3113	49	5
3114	16	5
3115	7	5
3116	19	5
3117	14	5
3118	14	5
3119	24	5
3120	14	5
3121	22	5
3123	33	5
3124	16	5
3125	16	5
3127	26	5
3128	34	5
3129	11	5
3130	11	5
3131	24	5
3132	1	5
3133	22	5
3134	13	5
3136	18	5
3137	3	5
3138	29	5
3139	8	5
3141	19	5
3142	11	5
3143	12	5
3144	21	5
3145	18	5
3146	19	5
3147	24	5
3149	26	5
3150	24	5
3152	11	5
3153	16	5
3154	29	5
3155	31	5
3156	13	5
3157	23	5
3158	13	5
3159	13	5
3160	5	5
3161	4	5
3163	6	5
3164	26	5
3165	6	5
3167	29	5
3169	12	5
3170	22	5
3172	28	5
3173	5	5
3174	27	5
3175	8	5
3176	22	5
3177	38	5
3178	18	5
3179	4	5
3180	25	5
3181	29	5
3182	16	5
3183	39	5
3184	21	5
3185	9	5
3186	25	5
3187	2	5
3188	11	5
3189	17	5
3190	14	5
3191	23	5
3192	13	5
3193	12	5
3194	18	5
3195	25	5
3196	16	5
3197	11	5
3198	9	5
3199	21	5
3200	6	5
3201	15	5
3202	22	5
3203	14	5
3205	14	5
3206	8	5
3207	3	5
3209	7	5
3210	12	5
3211	9	5
3212	15	5
3213	9	5
3214	23	5
3215	21	5
3216	25	5
3217	14	5
3218	15	5
3219	9	5
3220	24	5
3221	6	5
3222	5	5
3223	4	5
3224	5	5
3225	0	5
3226	5	5
3228	7	5
3229	34	5
3230	30	5
3231	19	5
3232	13	5
3233	21	5
3234	21	5
3235	16	5
3237	21	5
3238	12	5
3239	14	5
3240	8	5
3241	2	5
3243	12	5
3244	11	5
3245	28	5
3246	35	5
3247	7	5
3248	20	5
3249	21	5
3250	12	5
3251	17	5
3252	12	5
3253	12	5
3254	1	5
3255	10	5
3256	22	5
3257	16	5
3258	11	5
3259	12	5
3260	13	5
3261	11	5
3262	13	5
3263	3	5
3264	32	5
3265	4	5
3266	6	5
3267	23	5
3268	10	5
3269	20	5
3270	0	5
3271	17	5
3273	9	5
3274	12	5
3275	28	5
3276	26	5
3277	6	5
3278	10	5
3279	6	5
3280	13	5
3281	10	5
3282	21	5
3283	31	5
3285	5	5
3286	21	5
3287	16	5
3288	17	5
3289	26	5
3290	15	5
3291	29	5
3292	17	5
3293	9	5
3295	33	5
3296	18	5
3297	5	5
3298	12	5
3299	5	5
3300	16	5
3301	13	5
3302	4	5
3303	16	5
3304	20	5
3305	32	5
3306	16	5
3307	19	5
3308	20	5
3310	13	5
3311	22	5
3312	39	5
3313	19	5
3314	10	5
3315	27	5
3316	18	5
3318	0	5
3319	11	5
3320	7	5
3321	5	5
3323	4	5
3325	20	5
3326	4	5
3327	7	5
3328	21	5
3329	5	5
3330	11	5
3331	10	5
3332	3	5
3333	19	5
3334	16	5
3335	23	5
3336	31	5
3337	27	5
3338	16	5
3339	24	5
3340	27	5
3341	11	5
3342	27	5
3344	18	5
3345	19	5
3347	31	5
3348	10	5
3349	13	5
3350	11	5
3351	31	5
3352	15	5
3353	14	5
3354	5	5
3355	11	5
3356	11	5
3357	12	5
3358	7	5
3360	5	5
3361	19	5
3362	2	5
3363	20	5
3364	6	5
3365	8	5
3366	13	5
3367	35	5
3368	12	5
3370	12	5
3371	12	5
3372	16	5
3373	18	5
3374	11	5
3375	22	5
3377	34	5
3378	19	5
3379	8	5
3380	31	5
3381	11	5
3382	7	5
3383	14	5
3384	10	5
3385	5	5
3387	13	5
3388	11	5
3389	7	5
3390	32	5
3391	12	5
3392	7	5
3393	20	5
3394	13	5
3395	19	5
3396	27	5
3397	15	5
3398	16	5
3399	36	5
3400	18	5
3401	11	5
3402	17	5
3403	7	5
3404	11	5
3405	20	5
3406	29	5
3407	20	5
3408	10	5
3409	7	5
3410	13	5
3411	21	5
3412	29	5
3413	14	5
3414	42	5
3415	12	5
3416	15	5
3417	4	5
3418	15	5
3419	1	5
3420	31	5
3421	22	5
3422	10	5
3423	11	5
3424	7	5
3425	2	5
3426	20	5
3427	10	5
3428	17	5
3430	30	5
3431	8	5
3432	12	5
3433	11	5
3434	12	5
3437	16	5
3438	31	5
3439	16	5
3440	9	5
3441	11	5
3442	9	5
3443	28	5
3444	8	5
3445	3	5
3446	22	5
3447	17	5
3448	7	5
3450	25	5
3451	17	5
3452	15	5
3453	2	5
3454	11	5
3455	4	5
3456	38	5
3457	25	5
3458	22	5
3459	19	5
3460	9	5
3461	21	5
3462	13	5
3463	21	5
3464	32	5
3465	6	5
3466	22	5
3467	5	5
3468	15	5
3469	19	5
3470	23	5
3471	25	5
3472	9	5
3473	6	5
3474	10	5
3475	4	5
3476	28	5
3477	16	5
3478	23	5
3479	8	5
3481	10	5
3482	13	5
3483	6	5
3486	9	5
3487	20	5
3488	15	5
3489	8	5
3490	20	5
3491	11	5
3492	0	5
3493	25	5
3494	6	5
3495	15	5
3496	4	5
3498	20	5
3499	33	5
3500	9	5
3501	12	5
3502	17	5
3503	14	5
3504	13	5
3505	43	5
3506	13	5
3508	28	5
3509	27	5
3510	20	5
3511	30	5
3512	19	5
3513	29	5
3514	12	5
3515	16	5
3516	17	5
3517	12	5
3519	25	5
3520	13	5
3523	10	5
3525	9	5
3526	12	5
3527	13	5
3528	45	5
3529	15	5
3530	8	5
3531	1	5
3532	7	5
3533	35	5
3534	8	5
3535	7	5
3536	13	5
3537	21	5
3538	12	5
3539	13	5
3541	25	5
3542	18	5
3543	5	5
3544	21	5
3545	21	5
3546	13	5
3549	19	5
3550	14	5
3551	24	5
3552	18	5
3553	23	5
3554	7	5
3555	0	5
3556	22	5
3557	14	5
3558	12	5
3560	20	5
3562	19	5
3563	11	5
3564	11	5
3565	15	5
3566	4	5
3567	33	5
3568	33	5
3569	26	5
3570	14	5
3572	5	5
3573	5	5
3574	24	5
3575	4	5
3576	1	5
3577	10	5
3578	10	5
3579	15	5
3580	22	5
3581	6	5
3582	18	5
3583	19	5
3584	7	5
3585	18	5
3586	26	5
3587	6	5
3588	46	5
3589	4	5
3590	6	5
3591	15	5
3592	12	5
3593	22	5
3594	12	5
3596	11	5
3597	3	5
3598	12	5
3599	13	5
3600	21	5
3602	12	5
3603	5	5
3604	32	5
3605	27	5
3606	19	5
3608	6	5
3610	14	5
3611	26	5
3612	8	5
3613	21	5
3614	17	5
3615	5	5
3616	9	5
3617	17	5
3618	18	5
3620	8	5
3621	17	5
3622	13	5
3623	20	5
3624	17	5
3625	12	5
3626	26	5
3627	38	5
3630	20	5
3631	13	5
3632	2	5
3633	23	5
3634	6	5
3636	15	5
3637	43	5
3638	3	5
3639	16	5
3640	10	5
3643	27	5
3644	43	5
3646	25	5
3647	11	5
3648	4	5
3649	11	5
3650	25	5
3651	4	5
3652	24	5
3653	12	5
3654	6	5
3655	13	5
3656	20	5
3657	18	5
3660	3	5
3661	8	5
3663	16	5
3664	11	5
3665	13	5
3667	30	5
3668	24	5
3669	31	5
3670	18	5
3672	27	5
3674	17	5
3675	5	5
3677	14	5
3678	8	5
3679	1	5
3680	21	5
3681	6	5
3682	19	5
3683	11	5
3684	9	5
3685	23	5
3686	16	5
3687	23	5
3688	9	5
3690	13	5
3691	13	5
3692	31	5
3693	15	5
3694	22	5
3695	14	5
3696	11	5
3697	4	5
3698	23	5
3699	13	5
3700	35	5
3701	61	5
3702	14	5
3703	7	5
3704	34	5
3705	11	5
3706	12	5
3707	13	5
3708	5	5
3709	23	5
3710	15	5
3712	20	5
3713	9	5
3714	21	5
3715	19	5
3717	35	5
3718	12	5
3719	3	5
3720	15	5
3721	17	5
3722	14	5
3723	21	5
3724	30	5
3725	15	5
3726	6	5
3727	4	5
3729	3	5
3730	53	5
3731	9	5
3732	3	5
3733	15	5
3734	20	5
3736	13	5
3737	1	5
3738	6	5
3739	16	5
3740	14	5
3741	8	5
3742	8	5
3743	4	5
3744	15	5
3745	2	5
3746	15	5
3749	22	5
3750	26	5
3751	8	5
3752	22	5
3753	11	5
3755	5	5
3756	3	5
3757	34	5
3758	16	5
3759	21	5
3760	11	5
3761	3	5
3762	11	5
3763	14	5
3764	23	5
3765	3	5
3766	27	5
3767	27	5
3768	30	5
3769	15	5
3770	6	5
3771	24	5
3772	15	5
3774	5	5
3775	31	5
3776	9	5
3777	23	5
3778	13	5
3779	7	5
3781	13	5
3782	13	5
3783	14	5
3785	17	5
3786	22	5
3787	6	5
3789	28	5
3790	19	5
3792	14	5
3793	22	5
3794	6	5
3795	3	5
3796	31	5
3797	22	5
3798	16	5
3799	6	5
3800	17	5
3801	15	5
3803	29	5
3804	6	5
3805	9	5
3806	6	5
3807	13	5
3808	35	5
3809	0	5
3810	3	5
3811	14	5
3812	5	5
3813	24	5
3815	10	5
3816	12	5
3817	12	5
3818	25	5
3819	8	5
3820	12	5
3822	11	5
3823	37	5
3824	21	5
3825	20	5
3827	13	5
3828	33	5
3829	12	5
3830	12	5
3831	15	5
3832	18	5
3833	22	5
3834	12	5
3835	6	5
3836	17	5
3838	16	5
3839	7	5
3840	10	5
3841	13	5
3842	9	5
3843	32	5
3844	16	5
3845	14	5
3847	4	5
3848	26	5
3849	14	5
3850	23	5
3852	16	5
3854	18	5
3855	5	5
3857	12	5
3858	32	5
3859	7	5
3861	0	5
3862	9	5
3863	10	5
3864	15	5
3865	4	5
3866	17	5
3867	18	5
3868	17	5
3869	15	5
3870	5	5
3871	21	5
3872	12	5
3873	22	5
3874	4	5
3875	21	5
3876	14	5
3877	0	5
3878	8	5
3879	2	5
3880	18	5
3882	9	5
3883	21	5
3884	19	5
3886	2	5
3887	21	5
3888	14	5
3889	23	5
3890	10	5
3892	7	5
3893	20	5
3895	22	5
3896	13	5
3898	15	5
3900	21	5
3901	23	5
3902	24	5
3903	17	5
3904	31	5
3906	17	5
3907	5	5
3908	12	5
3909	10	5
3910	15	5
3912	21	5
3913	17	5
3916	27	5
3917	8	5
3918	33	5
3919	14	5
3920	11	5
3921	9	5
3922	21	5
3924	10	5
3925	53	5
3926	7	5
3927	16	5
3928	35	5
3929	24	5
3930	20	5
3931	32	5
3932	25	5
3933	10	5
3934	9	5
3936	28	5
3937	13	5
3938	5	5
3941	9	5
3942	12	5
3943	7	5
3944	44	5
3946	17	5
3947	7	5
3948	18	5
3949	18	5
3950	24	5
3951	5	5
3952	21	5
3953	4	5
3955	54	5
3956	1	5
3957	18	5
3958	26	5
3960	13	5
3962	13	5
3963	10	5
3964	7	5
3965	15	5
3966	15	5
3967	7	5
3968	6	5
3969	3	5
3970	13	5
3971	33	5
3973	25	5
3974	45	5
3975	23	5
3977	13	5
3980	19	5
3981	22	5
3983	10	5
3985	32	5
3986	35	5
3987	22	5
3988	25	5
3989	18	5
3990	21	5
3991	21	5
3992	8	5
3993	8	5
3994	15	5
3995	24	5
3996	20	5
3997	21	5
3998	10	5
3999	12	5
4000	8	5
4001	10	5
4002	17	5
4003	17	5
4004	19	5
4005	21	5
4006	15	5
4007	8	5
4009	12	5
4010	16	5
4011	5	5
4012	12	5
4013	44	5
4014	16	5
4015	8	5
4016	10	5
4017	35	5
4018	10	5
4019	20	5
4020	23	5
4022	1	5
4023	12	5
4024	16	5
4025	22	5
4026	11	5
4027	24	5
4028	18	5
4029	8	5
4030	11	5
4031	18	5
4033	27	5
4034	38	5
4035	12	5
4036	22	5
4037	24	5
4038	10	5
4039	17	5
4040	26	5
4041	2	5
4042	19	5
4043	7	5
4044	29	5
4045	5	5
4046	15	5
4047	14	5
4048	7	5
4049	28	5
4050	13	5
4051	5	5
4052	17	5
4053	11	5
4056	6	5
4057	16	5
4058	20	5
4060	41	5
4061	13	5
4062	11	5
4063	23	5
4064	13	5
4065	26	5
4066	26	5
4068	12	5
4069	13	5
4070	12	5
4071	13	5
4073	11	5
4074	26	5
4075	10	5
4076	22	5
4079	5	5
4080	14	5
4081	18	5
4082	7	5
4083	23	5
4084	9	5
4086	29	5
4087	6	5
4088	1	5
4089	15	5
4091	18	5
4092	6	5
4097	14	5
4098	24	5
4099	6	5
4100	5	5
4101	18	5
4102	17	5
4103	9	5
4104	12	5
4105	49	5
4106	15	5
4107	20	5
4108	32	5
4109	16	5
4110	16	5
4111	32	5
4113	8	5
4114	30	5
4116	5	5
4117	23	5
4118	11	5
4120	17	5
4121	8	5
4122	21	5
4125	16	5
4126	24	5
4127	12	5
4128	29	5
4129	13	5
4131	29	5
4132	15	5
4133	19	5
4134	4	5
4138	15	5
4140	14	5
4141	22	5
4142	14	5
4143	15	5
4144	8	5
4145	10	5
4146	4	5
4147	12	5
4148	11	5
4149	15	5
4151	12	5
4152	17	5
4153	4	5
4154	7	5
4155	12	5
4156	6	5
4157	11	5
4158	13	5
4161	29	5
4162	14	5
4163	13	5
4164	31	5
4165	15	5
4166	11	5
4167	45	5
4168	6	5
4169	17	5
4170	3	5
4171	26	5
4172	6	5
4173	14	5
4174	30	5
4175	14	5
4176	9	5
4177	29	5
4178	7	5
4179	30	5
4181	13	5
4182	7	5
4183	2	5
4184	20	5
4185	39	5
4186	3	5
4187	18	5
4190	11	5
4191	9	5
4192	26	5
4194	12	5
4195	7	5
4196	3	5
4197	41	5
4198	11	5
4199	15	5
4200	28	5
4201	35	5
4202	14	5
4203	22	5
4204	0	5
4205	19	5
4206	15	5
4207	26	5
4208	27	5
4209	7	5
4212	23	5
4213	20	5
4214	14	5
4215	33	5
4217	9	5
4218	15	5
4221	17	5
4222	31	5
4223	25	5
4224	8	5
4225	40	5
4226	19	5
4227	12	5
4228	19	5
4229	25	5
4230	29	5
4231	12	5
4233	34	5
4234	16	5
4237	18	5
4238	19	5
4239	15	5
4240	17	5
4241	18	5
4242	15	5
4243	32	5
4244	13	5
4245	39	5
4246	33	5
4247	7	5
4248	18	5
4249	9	5
4250	15	5
4251	9	5
4252	22	5
4253	12	5
4254	8	5
4255	21	5
4256	46	5
4257	24	5
4258	20	5
4259	29	5
4260	15	5
4261	11	5
4263	3	5
4264	28	5
4265	5	5
4266	21	5
4267	18	5
4268	18	5
4270	9	5
4272	12	5
4273	29	5
4274	18	5
4275	34	5
4276	23	5
4277	21	5
4278	10	5
4279	17	5
4280	8	5
4281	18	5
4282	26	5
4283	16	5
4284	18	5
4285	0	5
4286	12	5
4287	51	5
4288	32	5
4289	14	5
4290	2	5
4291	4	5
4292	6	5
4294	10	5
4295	12	5
4296	12	5
4297	10	5
4298	20	5
4299	12	5
4300	13	5
4301	20	5
4303	13	5
4304	30	5
4305	17	5
4306	15	5
4307	45	5
4308	25	5
4309	20	5
4310	11	5
4312	17	5
4314	24	5
4315	17	5
4316	8	5
4318	24	5
4319	13	5
4320	8	5
4321	7	5
4323	23	5
4324	6	5
4325	15	5
4326	22	5
4328	35	5
4329	7	5
4330	13	5
4332	23	5
4333	29	5
4335	9	5
4337	24	5
4338	2	5
4339	21	5
4341	16	5
4342	6	5
4343	22	5
4345	22	5
4346	5	5
4348	8	5
4349	15	5
4350	7	5
4351	15	5
4353	28	5
4354	33	5
4355	12	5
4356	20	5
4357	14	5
4358	20	5
4359	26	5
4360	11	5
4361	12	5
4362	17	5
4363	4	5
4364	39	5
4365	11	5
4366	22	5
4367	17	5
4368	21	5
4369	22	5
4370	19	5
4372	20	5
4373	8	5
4374	11	5
4375	23	5
4377	15	5
4378	14	5
4379	11	5
4380	23	5
4381	20	5
4382	32	5
4383	11	5
4384	35	5
4385	3	5
4386	23	5
4387	10	5
4388	8	5
4389	9	5
4390	16	5
4391	4	5
4392	1	5
4393	24	5
4394	41	5
4395	2	5
4397	32	5
4398	6	5
4400	6	5
4401	21	5
4403	39	5
4404	26	5
4405	8	5
4406	10	5
4407	33	5
4408	19	5
4409	5	5
4410	22	5
4411	14	5
4412	31	5
4413	14	5
4414	6	5
4415	21	5
4417	15	5
4419	23	5
4420	15	5
4421	6	5
4422	23	5
4423	20	5
4424	16	5
4425	20	5
4426	32	5
4427	13	5
4428	4	5
4429	39	5
4430	11	5
4431	11	5
4432	28	5
4433	10	5
4434	34	5
4437	9	5
4438	8	5
4440	20	5
4441	14	5
4442	15	5
4443	6	5
4445	14	5
4446	9	5
4447	9	5
4448	16	5
4449	15	5
4451	16	5
4452	45	5
4453	12	5
4454	15	5
4455	25	5
4456	13	5
4457	13	5
4458	11	5
4459	29	5
4460	19	5
4462	10	5
4464	10	5
4466	17	5
4467	16	5
4468	3	5
4469	23	5
4471	14	5
4472	48	5
4473	20	5
4474	7	5
4475	7	5
4476	17	5
4477	11	5
4478	9	5
4479	8	5
4480	14	5
4481	19	5
4482	21	5
4483	14	5
4484	4	5
4485	3	5
4486	17	5
4487	14	5
4488	27	5
4489	4	5
4490	26	5
4491	41	5
4492	27	5
4493	11	5
4494	18	5
4495	33	5
4496	11	5
4497	8	5
4498	16	5
4499	6	5
4500	23	5
4501	32	5
4502	13	5
4503	17	5
4504	32	5
4505	32	5
4507	6	5
4509	21	5
4510	33	5
4512	32	5
4513	6	5
4514	24	5
4515	10	5
4516	9	5
4517	3	5
4518	14	5
4519	17	5
4520	16	5
4521	13	5
4522	34	5
4523	6	5
4524	10	5
4525	11	5
4526	21	5
4527	20	5
4528	18	5
4529	17	5
4530	13	5
4531	6	5
4532	29	5
4534	8	5
4535	29	5
4536	8	5
4537	9	5
4539	24	5
4540	0	5
4541	7	5
4542	8	5
4543	20	5
4544	33	5
4545	10	5
4546	33	5
4547	26	5
4548	3	5
4550	23	5
4551	33	5
4552	23	5
4553	8	5
4554	10	5
4555	32	5
4556	9	5
4557	9	5
4559	10	5
4560	12	5
4561	18	5
4562	32	5
4563	6	5
4565	7	5
4566	19	5
4567	0	5
4568	13	5
4569	2	5
4570	15	5
4571	15	5
4572	18	5
4573	19	5
4574	17	5
4576	15	5
4577	2	5
4578	10	5
4581	22	5
4582	28	5
4583	21	5
4584	12	5
4585	5	5
4587	15	5
4588	15	5
4589	12	5
4590	12	5
4591	34	5
4592	9	5
4593	25	5
4595	18	5
4596	8	5
4597	12	5
4598	8	5
4599	6	5
4601	10	5
4602	12	5
4603	18	5
4604	24	5
4605	14	5
4606	9	5
4607	24	5
4608	19	5
4610	16	5
4611	19	5
4613	11	5
4614	10	5
4615	22	5
4616	5	5
4617	43	5
4618	12	5
4619	5	5
4620	10	5
4621	12	5
4622	3	5
4623	23	5
4624	10	5
4625	25	5
4626	18	5
4627	28	5
4628	4	5
4629	14	5
4630	6	5
4631	25	5
4632	25	5
4633	19	5
4635	25	5
4636	21	5
4637	5	5
4638	14	5
4639	28	5
4640	3	5
4641	42	5
4642	12	5
4643	8	5
4645	9	5
4646	11	5
4649	8	5
4650	14	5
4651	22	5
4652	16	5
4653	5	5
4656	10	5
4657	20	5
4659	13	5
4660	5	5
4661	30	5
4662	20	5
4663	27	5
4666	7	5
4667	10	5
4668	25	5
4669	4	5
4670	17	5
4672	20	5
4673	15	5
4674	25	5
4675	16	5
4676	20	5
4677	8	5
4680	0	5
4681	4	5
4683	9	5
4684	12	5
4686	43	5
4687	10	5
4688	35	5
4689	18	5
4690	17	5
4691	20	5
4692	24	5
4693	30	5
4694	18	5
4695	11	5
4697	12	5
4698	40	5
4699	16	5
4700	17	5
4701	15	5
4703	10	5
4704	18	5
4705	24	5
4706	34	5
4707	14	5
4709	9	5
4710	21	5
4711	34	5
4712	29	5
4713	11	5
4714	12	5
4715	15	5
4716	28	5
4717	22	5
4718	16	5
4719	13	5
4720	11	5
4721	11	5
4722	13	5
4723	6	5
4724	11	5
4725	0	5
4726	36	5
4727	32	5
4728	21	5
4729	21	5
4730	14	5
4731	24	5
4732	20	5
4733	15	5
4734	27	5
4735	24	5
4736	14	5
4737	36	5
4738	22	5
4739	13	5
4740	23	5
4741	29	5
4742	13	5
4743	11	5
4744	11	5
4745	14	5
4746	16	5
4747	30	5
4748	10	5
4749	6	5
4750	19	5
4753	4	5
4754	3	5
4756	10	5
4757	25	5
4758	5	5
4760	18	5
4761	29	5
4762	7	5
4763	9	5
4764	7	5
4765	8	5
4766	4	5
4767	7	5
4768	19	5
4769	17	5
4770	15	5
4771	4	5
4773	6	5
4774	10	5
4775	27	5
4776	11	5
4777	1	5
4778	17	5
4779	12	5
4781	38	5
4782	37	5
4783	6	5
4784	23	5
4785	29	5
4786	24	5
4787	12	5
4788	42	5
4789	13	5
4790	20	5
4791	17	5
4792	13	5
4793	2	5
4794	14	5
4795	6	5
4796	10	5
4798	8	5
4800	24	5
4801	21	5
4802	20	5
4803	8	5
4807	14	5
4809	5	5
4810	16	5
4811	19	5
4813	43	5
4814	22	5
4815	32	5
4817	12	5
4819	1	5
4820	13	5
4821	9	5
4822	11	5
4823	21	5
4824	50	5
4825	5	5
4826	3	5
4828	14	5
4830	9	5
4831	18	5
4832	5	5
4833	20	5
4835	7	5
4836	17	5
4837	27	5
4839	23	5
4840	6	5
4842	15	5
4843	2	5
4844	14	5
4845	9	5
4847	9	5
4848	9	5
4850	9	5
4851	10	5
4852	50	5
4853	25	5
4854	25	5
4855	4	5
4857	26	5
4858	38	5
4859	16	5
4860	18	5
4861	7	5
4862	27	5
4864	22	5
4865	30	5
4866	15	5
4867	10	5
4868	22	5
4869	14	5
4870	4	5
4871	20	5
4872	7	5
4873	28	5
4874	16	5
4875	9	5
4876	22	5
4877	5	5
4878	27	5
4879	15	5
4880	5	5
4881	13	5
4882	3	5
4883	4	5
4884	25	5
4885	18	5
4887	27	5
4888	28	5
4889	11	5
4890	14	5
4891	39	5
4893	4	5
4894	5	5
4895	7	5
4896	16	5
4897	16	5
4898	13	5
4899	53	5
4900	12	5
4901	17	5
4902	15	5
4903	15	5
4904	32	5
4905	13	5
4907	19	5
4908	7	5
4910	14	5
4911	12	5
4912	20	5
4913	25	5
4914	15	5
4915	20	5
4916	14	5
4917	11	5
4918	17	5
4919	19	5
4920	13	5
4921	27	5
4922	10	5
4923	18	5
4924	27	5
4925	13	5
4927	27	5
4928	15	5
4930	20	5
4931	28	5
4932	11	5
4933	17	5
4934	20	5
4935	7	5
4936	24	5
4937	19	5
4938	25	5
4940	36	5
4941	25	5
4942	35	5
4943	55	5
4944	18	5
4946	17	5
4947	20	5
4948	9	5
4950	6	5
4951	26	5
4952	11	5
4953	19	5
4954	28	5
4955	13	5
4956	15	5
4957	7	5
4958	27	5
4959	30	5
4960	7	5
4961	20	5
4965	29	5
4966	25	5
4967	12	5
4968	11	5
4970	21	5
4971	28	5
4972	12	5
4973	17	5
4975	8	5
4976	16	5
4978	22	5
4979	20	5
4980	12	5
4981	10	5
4982	19	5
4983	9	5
4984	14	5
4985	30	5
4987	8	5
4989	26	5
4990	24	5
4991	21	5
4992	26	5
4993	5	5
4994	13	5
4995	6	5
4996	33	5
4997	26	5
4999	8	5
5000	11	5
5002	29	5
5003	21	5
5004	18	5
5005	11	5
5006	14	5
5007	22	5
5008	42	5
5009	3	5
5010	29	5
5011	11	5
5012	20	5
5013	9	5
5014	18	5
5015	20	5
5016	0	5
5017	23	5
5018	26	5
5019	13	5
5021	12	5
5022	18	5
5023	19	5
5024	13	5
5025	22	5
5026	18	5
5027	11	5
5028	18	5
5029	16	5
5030	24	5
5031	13	5
5032	10	5
5033	22	5
5035	13	5
5036	18	5
5037	8	5
5038	22	5
5039	9	5
5040	13	5
5041	23	5
5042	23	5
5043	17	5
5044	15	5
5045	14	5
5046	6	5
5047	11	5
5048	9	5
5050	15	5
5051	13	5
5052	9	5
5053	44	5
5054	4	5
5055	20	5
5056	8	5
5057	23	5
5060	2	5
5062	8	5
5064	13	5
5065	14	5
5066	14	5
5067	26	5
5068	3	5
5070	8	5
5071	1	5
5072	6	5
5073	15	5
5074	8	5
5075	16	5
5076	12	5
5077	14	5
5078	40	5
5079	19	5
5080	43	5
5083	6	5
5084	5	5
5085	9	5
5086	17	5
5087	2	5
5088	2	5
5089	38	5
5090	13	5
5091	19	5
5092	10	5
5093	5	5
5094	20	5
5095	14	5
5096	5	5
5097	17	5
5098	13	5
5099	7	5
5100	20	5
5101	5	5
5102	13	5
5103	10	5
5104	0	5
5105	19	5
5106	6	5
5107	22	5
5108	13	5
5109	7	5
5110	15	5
5111	8	5
5112	21	5
5113	32	5
5114	43	5
5115	14	5
5119	18	5
5120	28	5
5121	10	5
5122	19	5
5123	12	5
5124	13	5
5125	33	5
5126	5	5
5127	19	5
5128	23	5
5129	12	5
5130	9	5
5131	51	5
5132	13	5
5133	11	5
5134	7	5
5135	27	5
5136	12	5
5137	18	5
5138	20	5
5139	26	5
5140	8	5
5141	13	5
5142	8	5
5143	23	5
5145	32	5
5146	20	5
5147	22	5
5149	16	5
5151	24	5
5153	25	5
5154	7	5
5155	2	5
5156	9	5
5157	9	5
5159	7	5
5160	18	5
5161	11	5
5162	11	5
5163	7	5
5165	16	5
5166	17	5
5167	14	5
5169	14	5
5170	14	5
5172	7	5
5173	21	5
5174	23	5
5175	28	5
5176	8	5
5177	3	5
5178	26	5
5179	22	5
5180	7	5
5181	13	5
5182	6	5
5183	29	5
5185	10	5
5186	13	5
5187	14	5
5188	17	5
5189	31	5
5190	22	5
5191	20	5
5192	11	5
5193	9	5
5194	14	5
5195	16	5
5196	24	5
5197	12	5
5198	18	5
5199	42	5
5200	19	5
5201	20	5
5202	10	5
5203	20	5
5204	0	5
5205	11	5
5206	8	5
5209	25	5
5210	17	5
5211	21	5
5212	20	5
5213	23	5
5214	10	5
5215	12	5
5216	10	5
5217	8	5
5219	13	5
5220	10	5
5221	18	5
5223	4	5
5224	21	5
5225	26	5
5227	16	5
5228	32	5
5230	25	5
5231	15	5
5233	16	5
5234	30	5
5235	7	5
5236	39	5
5237	18	5
5238	5	5
5239	16	5
5240	7	5
5241	24	5
5242	24	5
5243	29	5
5244	27	5
5245	23	5
5246	16	5
5249	37	5
5250	28	5
5251	22	5
5252	22	5
5253	4	5
5254	13	5
5255	14	5
5256	33	5
5257	21	5
5258	42	5
5259	15	5
5260	22	5
5261	39	5
5262	26	5
5263	5	5
5264	3	5
5265	19	5
5266	25	5
5267	13	5
5268	1	5
5269	16	5
5270	17	5
5271	6	5
5272	8	5
5273	6	5
5275	9	5
5276	33	5
5277	11	5
5278	4	5
5279	27	5
5280	1	5
5281	29	5
5282	20	5
5283	9	5
5284	14	5
5285	7	5
5286	9	5
5287	4	5
5288	15	5
5289	11	5
5290	19	5
5292	5	5
5293	23	5
5294	15	5
5295	6	5
5296	3	5
5297	5	5
5298	8	5
5300	46	5
5301	10	5
5302	15	5
5303	26	5
5304	13	5
5305	14	5
5306	26	5
5307	0	5
5308	13	5
5309	9	5
5312	25	5
5313	6	5
5314	7	5
5315	40	5
5317	21	5
5318	10	5
5319	25	5
5320	15	5
5321	17	5
5322	16	5
5323	11	5
5326	6	5
5327	22	5
5328	3	5
5329	33	5
5330	0	5
5331	17	5
5332	9	5
5334	9	5
5335	26	5
5336	28	5
5337	8	5
5338	3	5
5339	2	5
5340	11	5
5342	23	5
5343	10	5
5344	8	5
5345	12	5
5346	12	5
5348	27	5
5349	6	5
5350	18	5
5351	14	5
5352	31	5
5354	20	5
5355	10	5
5356	13	5
5358	10	5
5359	25	5
5360	21	5
5361	13	5
5362	16	5
5363	21	5
5364	28	5
5365	11	5
5366	21	5
5367	8	5
5368	25	5
5369	16	5
5372	25	5
5373	10	5
5374	16	5
5375	31	5
5376	39	5
5377	30	5
5379	8	5
5380	25	5
5381	16	5
5382	34	5
5383	9	5
5385	30	5
5386	18	5
5387	18	5
5388	11	5
5389	13	5
5390	5	5
5392	21	5
5393	48	5
5394	10	5
5395	21	5
5396	7	5
5397	13	5
5398	11	5
5400	5	5
5401	28	5
5402	18	5
5403	4	5
5404	11	5
5406	20	5
5408	28	5
5410	26	5
5411	8	5
5412	10	5
5413	8	5
5414	6	5
5415	6	5
5416	10	5
5417	1	5
5418	10	5
5419	24	5
5420	23	5
5421	19	5
5422	17	5
5423	3	5
5424	32	5
5425	29	5
5426	25	5
5427	18	5
5429	10	5
5430	24	5
5431	12	5
5432	6	5
5433	10	5
5435	20	5
5436	20	5
5437	7	5
5438	9	5
5439	11	5
5440	8	5
5441	5	5
5442	20	5
5443	22	5
5445	10	5
5446	18	5
5448	14	5
5449	16	5
5450	14	5
5451	16	5
5452	6	5
5453	10	5
5454	16	5
5455	12	5
5456	41	5
5458	7	5
5459	0	5
5460	21	5
5461	11	5
5463	22	5
5464	11	5
5465	19	5
5466	8	5
5467	6	5
5469	17	5
5470	17	5
5471	15	5
5473	17	5
5474	14	5
5475	3	5
5476	7	5
5477	3	5
5478	22	5
5479	6	5
5481	25	5
5482	41	5
5483	11	5
5484	29	5
5485	27	5
5486	10	5
5487	8	5
5488	28	5
5490	36	5
5491	18	5
5492	14	5
5494	9	5
5495	18	5
5496	14	5
5497	27	5
5498	23	5
5499	12	5
5500	34	5
5501	6	5
5502	12	5
5503	25	5
5504	16	5
5505	9	5
5507	9	5
5508	17	5
5509	15	5
5510	8	5
5511	9	5
5512	40	5
5513	34	5
5515	20	5
5516	6	5
5517	5	5
5518	2	5
5519	34	5
5521	8	5
5522	14	5
5523	16	5
5524	10	5
5525	37	5
5527	7	5
5528	19	5
5529	24	5
5530	34	5
5531	30	5
5532	10	5
5533	39	5
5535	8	5
5536	7	5
5537	15	5
5538	34	5
5539	23	5
5540	20	5
5542	8	5
5543	29	5
5544	14	5
5545	7	5
5546	17	5
5547	22	5
5548	11	5
5549	11	5
5550	29	5
5551	9	5
5552	49	5
5553	12	5
5554	13	5
5555	9	5
5556	15	5
5557	12	5
5558	14	5
5560	18	5
5561	18	5
5562	33	5
5563	21	5
5565	10	5
5566	22	5
5567	11	5
5568	23	5
5569	23	5
5570	26	5
5571	17	5
5572	25	5
5573	27	5
5574	10	5
5575	9	5
5576	2	5
5577	9	5
5578	23	5
5579	18	5
5580	5	5
5581	26	5
5582	23	5
5583	29	5
5584	7	5
5585	3	5
5586	17	5
5587	18	5
5588	18	5
5589	12	5
5591	12	5
5592	8	5
5593	10	5
5594	15	5
5595	1	5
5596	11	5
5598	24	5
5599	21	5
5600	12	5
5601	7	5
5602	13	5
5603	23	5
5605	10	5
5606	9	5
5607	19	5
5608	14	5
5609	6	5
5610	19	5
5611	6	5
5612	30	5
5613	39	5
5614	12	5
5615	2	5
5616	12	5
5617	3	5
5618	8	5
5619	24	5
5620	14	5
5621	15	5
5622	8	5
5623	27	5
5624	4	5
5625	20	5
5626	9	5
5627	15	5
5629	18	5
5632	15	5
5633	33	5
5634	24	5
5635	7	5
5636	29	5
5637	14	5
5638	3	5
5639	7	5
5640	22	5
5641	25	5
5642	12	5
5643	14	5
5644	13	5
5645	22	5
5646	11	5
5648	12	5
5649	8	5
5651	22	5
5652	10	5
5653	5	5
5654	10	5
5655	2	5
5656	33	5
5657	33	5
5658	2	5
5659	7	5
5661	19	5
5662	11	5
5664	4	5
5665	11	5
5666	16	5
5667	9	5
5668	12	5
5669	14	5
5670	17	5
5671	32	5
5672	44	5
5673	47	5
5674	9	5
5675	22	5
5677	38	5
5678	12	5
5679	21	5
5680	18	5
5681	13	5
5683	14	5
5685	21	5
5686	32	5
5687	5	5
5688	26	5
5689	12	5
5690	18	5
5691	11	5
5692	11	5
5693	17	5
5694	23	5
5695	21	5
5697	20	5
5698	4	5
5700	31	5
5701	7	5
5702	20	5
5703	2	5
5704	24	5
5706	29	5
5707	23	5
5708	13	5
5709	15	5
5711	15	5
5712	5	5
5713	27	5
5714	28	5
5715	6	5
5716	12	5
5717	0	5
5718	4	5
5719	17	5
5720	11	5
5721	9	5
5722	4	5
5723	19	5
5724	16	5
5725	7	5
5726	17	5
5727	10	5
5728	29	5
5729	20	5
5730	4	5
5731	32	5
5732	14	5
5734	17	5
5735	5	5
5736	4	5
5737	9	5
5738	6	5
5740	8	5
5741	28	5
5742	15	5
5743	9	5
5744	6	5
5745	29	5
5746	6	5
5747	13	5
5748	20	5
5749	12	5
5750	22	5
5752	23	5
5753	19	5
5754	26	5
5755	33	5
5756	15	5
5757	6	5
5758	24	5
5759	24	5
5761	1	5
5762	21	5
5763	24	5
5764	34	5
5765	34	5
5766	23	5
5767	5	5
5768	17	5
5769	16	5
5771	15	5
5772	4	5
5773	14	5
5774	7	5
5775	9	5
5776	2	5
5777	11	5
5778	12	5
5779	11	5
5780	18	5
5781	11	5
5782	10	5
5783	13	5
5784	38	5
5785	10	5
5786	3	5
5787	2	5
5789	17	5
5790	14	5
5791	8	5
5792	3	5
5794	10	5
5795	24	5
5797	5	5
5798	6	5
5800	17	5
5801	27	5
5802	14	5
5803	28	5
5804	29	5
5805	43	5
5806	0	5
5807	10	5
5808	10	5
5810	9	5
5813	4	5
5815	18	5
5816	34	5
5817	15	5
5818	9	5
5819	14	5
5820	10	5
5821	11	5
5822	4	5
5824	6	5
5825	12	5
5826	13	5
5827	32	5
5828	10	5
5829	12	5
5830	42	5
5831	47	5
5832	12	5
5833	19	5
5834	14	5
5835	25	5
5836	11	5
5837	13	5
5838	6	5
5839	20	5
5840	12	5
5841	12	5
5842	14	5
5843	10	5
5844	21	5
5845	7	5
5846	7	5
5847	7	5
5848	25	5
5849	10	5
5850	18	5
5851	15	5
5852	23	5
5853	23	5
5854	12	5
5855	12	5
5856	17	5
5857	9	5
5858	6	5
5860	27	5
5861	10	5
5862	28	5
5863	17	5
5866	29	5
5867	21	5
5868	6	5
5869	6	5
5870	5	5
5871	16	5
5874	49	5
5875	17	5
5876	25	5
5877	26	5
5878	9	5
5880	15	5
5881	13	5
5882	24	5
5883	10	5
5888	19	5
5889	10	5
5890	31	5
5892	1	5
5893	9	5
5894	2	5
5896	31	5
5897	19	5
5898	30	5
5900	15	5
5901	7	5
5902	6	5
5903	17	5
5904	18	5
5905	12	5
5907	8	5
5908	15	5
5909	24	5
5910	7	5
5912	8	5
5913	0	5
5914	36	5
5915	15	5
5916	25	5
5917	19	5
5919	11	5
5920	37	5
5921	35	5
5922	24	5
5923	7	5
5924	3	5
5925	10	5
5926	3	5
5928	10	5
5929	17	5
5930	52	5
5931	5	5
5933	27	5
5934	17	5
5935	27	5
5936	19	5
5937	3	5
5938	14	5
5939	14	5
5940	11	5
5941	19	5
5942	31	5
5943	19	5
5944	20	5
5945	11	5
5946	19	5
5947	10	5
5948	6	5
5949	17	5
5951	17	5
5952	12	5
5953	9	5
5954	28	5
5955	44	5
5958	29	5
5959	3	5
5960	15	5
5961	0	5
5962	17	5
5963	30	5
5964	18	5
5965	36	5
5968	10	5
5969	13	5
5970	8	5
5971	22	5
5972	4	5
5973	8	5
5974	2	5
5975	15	5
5976	7	5
5977	8	5
5978	26	5
5979	10	5
5980	14	5
5981	21	5
5982	14	5
5983	27	5
5984	28	5
5985	24	5
5986	9	5
5987	16	5
5988	9	5
5990	8	5
5991	29	5
5993	26	5
5994	17	5
5995	24	5
5996	32	5
5998	7	5
5999	22	5
6000	26	5
6001	17	5
6002	10	5
6003	19	5
6004	36	5
6005	13	5
6009	22	5
6010	28	5
6011	9	5
6012	32	5
6013	14	5
6014	2	5
6015	9	5
6016	30	5
6017	14	5
6018	31	5
6019	24	5
6020	7	5
6021	6	5
6023	21	5
6025	36	5
6026	21	5
6027	15	5
6028	20	5
6029	3	5
6030	11	5
6031	8	5
6032	17	5
6034	18	5
6035	11	5
6036	8	5
6037	15	5
6038	15	5
6039	27	5
6040	54	5
6041	15	5
6042	6	5
6043	26	5
6044	30	5
6045	11	5
6046	3	5
6047	14	5
6048	28	5
6049	30	5
6050	21	5
6052	18	5
6053	19	5
6054	7	5
6055	33	5
6056	12	5
6057	16	5
6058	38	5
6059	44	5
6060	10	5
6062	17	5
6063	18	5
6064	28	5
6065	14	5
6067	16	5
6070	7	5
6071	38	5
6072	35	5
6073	3	5
6074	13	5
6075	8	5
6076	9	5
6077	17	5
6078	15	5
6079	29	5
6080	7	5
6081	21	5
6082	10	5
6083	2	5
6084	29	5
6085	8	5
6086	16	5
6087	18	5
6088	22	5
6089	5	5
6090	7	5
6091	17	5
6092	8	5
6093	12	5
6094	11	5
6095	39	5
6097	36	5
6098	16	5
6099	8	5
6100	5	5
6102	13	5
6103	8	5
6104	12	5
6105	20	5
6106	20	5
6107	42	5
6108	19	5
6109	27	5
6110	10	5
6111	13	5
6112	6	5
6113	39	5
6115	8	5
6117	16	5
6118	25	5
6119	3	5
6120	13	5
6121	12	5
6122	15	5
6123	3	5
6124	26	5
6125	38	5
6126	8	5
6127	2	5
6128	16	5
6129	11	5
6130	4	5
6132	14	5
6134	14	5
6135	34	5
6136	7	5
6137	9	5
6138	42	5
6139	5	5
6140	4	5
6141	1	5
6142	10	5
6144	18	5
6145	20	5
6146	26	5
6147	12	5
6148	9	5
6149	18	5
6150	25	5
6151	18	5
6152	8	5
6153	10	5
6154	25	5
6155	9	5
6157	7	5
6158	19	5
6159	8	5
6160	8	5
6161	8	5
6164	15	5
6165	21	5
6166	11	5
6168	3	5
6169	3	5
6170	23	5
6171	8	5
6172	6	5
6173	10	5
6174	27	5
6175	1	5
6176	9	5
6177	10	5
6178	31	5
6180	43	5
6181	5	5
6182	11	5
6183	17	5
6184	8	5
6185	23	5
6186	23	5
6187	7	5
6188	11	5
6189	22	5
6190	16	5
6191	14	5
6192	11	5
6193	44	5
6194	28	5
6196	19	5
6197	4	5
6199	17	5
6200	19	5
6201	9	5
6204	10	5
6205	51	5
6206	10	5
6207	13	5
6208	2	5
6209	22	5
6211	12	5
6213	29	5
6214	19	5
6215	5	5
6217	6	5
6218	9	5
6219	26	5
6220	6	5
6222	29	5
6223	6	5
6224	23	5
6225	19	5
6226	10	5
6227	13	5
6230	33	5
6231	5	5
6232	16	5
6233	18	5
6234	29	5
6235	5	5
6236	14	5
6238	4	5
6240	8	5
6241	11	5
6242	22	5
6243	8	5
6245	13	5
6246	21	5
6247	52	5
6248	20	5
6249	29	5
6251	26	5
6252	13	5
6253	15	5
6254	26	5
6255	10	5
6257	8	5
6258	2	5
6259	20	5
6260	2	5
6261	12	5
6262	3	5
6263	39	5
6264	13	5
6265	11	5
6266	58	5
6267	34	5
6268	20	5
6270	11	5
6271	6	5
6272	6	5
6273	25	5
6274	30	5
6275	5	5
6276	31	5
6278	23	5
6279	14	5
6281	10	5
6282	9	5
6283	58	5
6284	2	5
6287	17	5
6288	14	5
6289	12	5
6290	14	5
6291	35	5
6292	25	5
6293	13	5
6295	7	5
6297	12	5
6298	8	5
6299	15	5
6301	6	5
6302	16	5
6303	14	5
6304	9	5
6305	8	5
6306	12	5
6307	18	5
6308	28	5
6309	13	5
6310	32	5
6311	13	5
6313	15	5
6314	7	5
6315	12	5
6317	16	5
6318	26	5
6319	8	5
6320	0	5
6321	16	5
6322	16	5
6323	7	5
6324	24	5
6325	20	5
6326	7	5
6327	23	5
6329	22	5
6330	30	5
6331	31	5
6332	17	5
6333	32	5
6334	9	5
6335	16	5
6336	21	5
6337	9	5
6338	20	5
6339	20	5
6340	23	5
6341	7	5
6343	18	5
6344	4	5
6346	19	5
6347	5	5
6348	30	5
6349	35	5
6350	15	5
6351	9	5
6352	6	5
6353	8	5
6354	20	5
6355	32	5
6356	7	5
6357	18	5
6358	18	5
6360	17	5
6361	32	5
6362	30	5
6363	3	5
6364	15	5
6365	12	5
6366	12	5
6367	3	5
6368	12	5
6369	13	5
6370	23	5
6371	24	5
6372	25	5
6373	22	5
6374	19	5
6376	17	5
6378	15	5
6379	29	5
6380	18	5
6381	25	5
6382	7	5
6383	12	5
6384	15	5
6385	6	5
6386	0	5
6388	12	5
6389	11	5
6390	4	5
6392	19	5
6393	9	5
6395	13	5
6396	11	5
6399	40	5
6400	28	5
6401	13	5
6402	8	5
6403	15	5
6404	28	5
6406	7	5
6408	7	5
6409	5	5
6410	14	5
6411	1	5
6413	11	5
6414	12	5
6415	19	5
6416	21	5
6418	15	5
6419	34	5
6421	2	5
6422	9	5
6423	13	5
6424	18	5
6426	10	5
6427	9	5
6428	35	5
6429	19	5
6430	7	5
6431	18	5
6432	15	5
6433	13	5
6435	8	5
6436	27	5
6437	8	5
6438	17	5
6439	8	5
6440	4	5
6441	29	5
6442	6	5
6443	8	5
6445	27	5
6446	12	5
6447	27	5
6450	18	5
6451	10	5
6452	19	5
6453	10	5
6454	34	5
6455	38	5
6456	15	5
6457	10	5
6458	14	5
6459	8	5
6460	13	5
6461	5	5
6462	8	5
6463	20	5
6464	11	5
6465	3	5
6466	43	5
6467	28	5
6468	30	5
6469	4	5
6470	12	5
6471	6	5
6472	11	5
6473	18	5
6474	11	5
6475	23	5
6476	13	5
6477	12	5
6479	11	5
6480	13	5
6481	5	5
6482	14	5
6483	25	5
6484	13	5
6485	9	5
6486	8	5
6487	19	5
6488	26	5
6489	41	5
6490	6	5
6491	18	5
6492	27	5
6493	0	5
6494	12	5
6495	17	5
6497	23	5
6498	17	5
6499	12	5
6500	25	5
6501	15	5
6502	12	5
6503	12	5
6504	18	5
6505	22	5
6507	30	5
6508	10	5
6509	11	5
6510	3	5
6511	14	5
6512	36	5
6514	33	5
6515	14	5
6516	35	5
6517	23	5
6518	13	5
6519	11	5
6521	8	5
6522	22	5
6523	8	5
6524	27	5
6525	38	5
6526	24	5
6527	10	5
6529	9	5
6530	11	5
6531	7	5
6532	7	5
6533	5	5
6534	2	5
6535	15	5
6536	20	5
6537	42	5
6538	24	5
6539	14	5
6540	4	5
6541	30	5
6543	24	5
6544	33	5
6545	8	5
6546	4	5
6547	4	5
6548	9	5
6549	19	5
6550	14	5
6551	18	5
6552	7	5
6554	21	5
6555	14	5
6556	21	5
6557	22	5
6559	8	5
6560	8	5
6561	9	5
6562	20	5
6563	11	5
6564	8	5
6565	2	5
6566	15	5
6569	18	5
6570	14	5
6571	22	5
6572	0	5
6574	17	5
6575	16	5
6576	16	5
6577	21	5
6578	6	5
6579	15	5
6580	34	5
6581	35	5
6583	7	5
6584	18	5
6585	11	5
6586	12	5
6587	10	5
6588	25	5
6589	20	5
6591	7	5
6594	37	5
6595	21	5
6596	17	5
6599	22	5
6601	12	5
6602	9	5
6603	6	5
6604	12	5
6605	16	5
6606	40	5
6607	18	5
6608	22	5
6610	18	5
6612	21	5
6613	25	5
6614	11	5
6615	12	5
6616	7	5
6618	3	5
6619	15	5
6620	9	5
6621	12	5
6622	9	5
6623	28	5
6624	6	5
6625	4	5
6626	27	5
6628	32	5
6630	22	5
6632	11	5
6633	23	5
6634	18	5
6635	28	5
6637	3	5
6639	6	5
6640	9	5
6641	48	5
6643	2	5
6644	14	5
6645	9	5
6646	8	5
6647	8	5
6648	7	5
6649	43	5
6650	11	5
6651	10	5
6653	45	5
6654	14	5
6655	17	5
6656	15	5
6657	7	5
6658	13	5
6659	25	5
6660	19	5
6661	9	5
6663	17	5
6664	38	5
6665	6	5
6666	28	5
6668	12	5
6669	13	5
6670	10	5
6671	13	5
6672	9	5
6673	38	5
6674	5	5
6675	8	5
6676	21	5
6677	17	5
6678	18	5
6680	30	5
6682	30	5
6683	7	5
6684	25	5
6685	21	5
6686	15	5
6687	18	5
6688	14	5
6690	7	5
6691	5	5
6692	9	5
6693	15	5
6694	38	5
6695	28	5
6697	4	5
6698	4	5
6699	8	5
6700	20	5
6701	5	5
6704	13	5
6706	7	5
6709	5	5
6711	8	5
6712	10	5
6713	12	5
6714	9	5
6715	28	5
6716	24	5
6717	17	5
6718	5	5
6719	15	5
6720	28	5
6721	41	5
6722	12	5
6723	8	5
6724	50	5
6725	6	5
6726	7	5
6727	3	5
6728	8	5
6729	35	5
6730	16	5
6731	32	5
6732	9	5
6733	22	5
6734	5	5
6735	12	5
6736	19	5
6737	16	5
6738	14	5
6740	22	5
6741	5	5
6742	18	5
6743	19	5
6744	38	5
6745	22	5
6746	2	5
6747	21	5
6748	19	5
6749	22	5
6750	9	5
6751	16	5
6752	4	5
6753	26	5
6754	15	5
6755	28	5
6756	8	5
6757	12	5
6758	25	5
6759	22	5
6760	15	5
6761	10	5
6763	17	5
6765	11	5
6767	11	5
6768	5	5
6769	18	5
6771	22	5
6772	14	5
6774	6	5
6775	21	5
6776	17	5
6778	11	5
6779	14	5
6780	13	5
6781	12	5
6782	13	5
6783	10	5
6784	23	5
6786	14	5
6788	16	5
6789	19	5
6790	9	5
6791	18	5
6792	7	5
6793	12	5
6794	12	5
6796	27	5
6797	47	5
6798	25	5
6799	9	5
6800	18	5
6801	27	5
6802	30	5
6803	9	5
6804	3	5
6805	14	5
6806	13	5
6807	24	5
6808	26	5
6809	14	5
6811	31	5
6812	11	5
6815	14	5
6816	13	5
6817	16	5
6818	16	5
6821	16	5
6822	16	5
6823	35	5
6824	17	5
6825	14	5
6826	11	5
6827	10	5
6828	3	5
6829	18	5
6830	15	5
6831	33	5
6832	12	5
6833	21	5
6834	16	5
6835	8	5
6836	11	5
6838	18	5
6839	15	5
6840	14	5
6841	28	5
6842	7	5
6843	15	5
6844	15	5
6845	30	5
6846	16	5
6847	12	5
6848	9	5
6849	14	5
6850	19	5
6852	11	5
6853	9	5
6855	8	5
6856	14	5
6857	5	5
6859	5	5
6860	8	5
6862	22	5
6863	25	5
6864	16	5
6865	0	5
6866	2	5
6867	7	5
6868	15	5
6869	26	5
6870	0	5
6871	31	5
6872	16	5
6873	18	5
6874	8	5
6875	13	5
6877	15	5
6878	24	5
6879	19	5
6880	11	5
6881	13	5
6882	18	5
6883	37	5
6884	25	5
6885	13	5
6886	19	5
6887	23	5
6888	10	5
6889	25	5
6890	20	5
6891	36	5
6893	9	5
6894	21	5
6895	7	5
6896	14	5
6897	13	5
6898	6	5
6899	12	5
6900	15	5
6901	12	5
6902	20	5
6903	25	5
6904	25	5
6905	18	5
6906	50	5
6907	6	5
6908	15	5
6909	14	5
6910	19	5
6911	11	5
6912	14	5
6913	12	5
6914	9	5
6915	33	5
6916	17	5
6917	19	5
6918	12	5
6919	3	5
6921	23	5
6922	21	5
6923	14	5
6925	50	5
6926	4	5
6927	8	5
6928	15	5
6929	22	5
6930	10	5
6931	16	5
6932	30	5
6933	12	5
6934	6	5
6935	13	5
6936	3	5
6938	20	5
6939	38	5
6940	5	5
6942	22	5
6943	15	5
6944	16	5
6945	14	5
6946	11	5
6947	14	5
6948	11	5
6949	15	5
6950	17	5
6952	11	5
6953	1	5
6955	16	5
6956	21	5
6958	14	5
6959	39	5
6960	13	5
6961	24	5
6962	11	5
6964	27	5
6966	10	5
6967	2	5
6968	7	5
6969	10	5
6970	18	5
6971	8	5
6972	7	5
6973	23	5
6974	25	5
6975	5	5
6977	12	5
6978	30	5
6979	11	5
6980	16	5
6981	42	5
6984	17	5
6985	10	5
6986	10	5
6987	26	5
6988	15	5
6989	3	5
6990	7	5
6991	14	5
6992	2	5
6994	2	5
6995	4	5
6996	24	5
6998	6	5
7000	17	5
7001	10	5
7002	11	5
7004	34	5
7005	23	5
7007	13	5
7009	48	5
7012	8	5
7013	20	5
7014	21	5
7015	18	5
7016	11	5
7017	40	5
7020	31	5
7021	40	5
7022	28	5
7023	12	5
7024	40	5
7025	28	5
7026	10	5
7027	3	5
7029	31	5
7030	9	5
7031	23	5
7032	10	5
7033	51	5
7034	23	5
7035	3	5
7037	10	5
7038	5	5
7039	28	5
7041	12	5
7042	8	5
7043	18	5
7044	18	5
7045	5	5
7046	11	5
7048	20	5
7049	18	5
7050	19	5
7051	40	5
7052	9	5
7054	40	5
7056	12	5
7057	4	5
7058	19	5
7060	20	5
7061	6	5
7062	22	5
7063	31	5
7064	21	5
7065	20	5
7066	23	5
7067	9	5
7068	15	5
7069	36	5
7071	30	5
7072	18	5
7073	11	5
7074	33	5
7075	31	5
7076	4	5
7078	13	5
7079	32	5
7080	19	5
7082	8	5
7083	1	5
7085	28	5
7086	35	5
7087	20	5
7088	11	5
7089	6	5
7090	17	5
7091	12	5
7092	16	5
7093	5	5
7094	8	5
7095	17	5
7096	11	5
7097	13	5
7098	19	5
7099	10	5
7100	35	5
7101	7	5
7102	12	5
7104	9	5
7105	7	5
7106	10	5
7107	17	5
7109	14	5
7110	23	5
7111	15	5
7112	15	5
7113	1	5
7114	6	5
7115	20	5
7116	9	5
7117	7	5
7118	18	5
7119	24	5
7122	32	5
7123	16	5
7124	20	5
7125	8	5
7126	37	5
7127	4	5
7128	16	5
7129	11	5
7130	26	5
7131	13	5
7133	4	5
7134	20	5
7135	7	5
7136	18	5
7138	29	5
7139	21	5
7140	17	5
7141	26	5
7142	11	5
7143	44	5
7144	4	5
7145	19	5
7147	12	5
7149	7	5
7150	9	5
7151	22	5
7152	25	5
7157	28	5
7158	13	5
7159	5	5
7160	22	5
7161	18	5
7162	18	5
7163	18	5
7164	4	5
7165	12	5
7166	12	5
7167	0	5
7168	29	5
7169	25	5
7170	17	5
7171	9	5
7172	6	5
7173	13	5
7175	25	5
7176	25	5
7177	13	5
7179	24	5
7180	6	5
7181	32	5
7182	5	5
7183	28	5
7184	8	5
7185	40	5
7186	14	5
7187	21	5
7188	23	5
7190	5	5
7191	24	5
7192	2	5
7193	18	5
7194	12	5
7195	4	5
7196	20	5
7197	27	5
7200	9	5
7201	5	5
7202	7	5
7203	17	5
7205	27	5
7206	26	5
7209	6	5
7210	26	5
7211	16	5
7212	12	5
7213	15	5
7214	7	5
7215	33	5
7216	2	5
7218	6	5
7219	9	5
7220	27	5
7221	30	5
7222	21	5
7224	46	5
7227	29	5
7228	16	5
7230	13	5
7231	10	5
7232	11	5
7233	16	5
7234	8	5
7235	29	5
7236	8	5
7237	20	5
7238	6	5
7239	32	5
7240	17	5
7241	15	5
7242	44	5
7244	17	5
7245	23	5
7246	17	5
7247	15	5
7248	4	5
7249	26	5
7250	4	5
7251	5	5
7252	21	5
7253	16	5
7254	5	5
7255	11	5
7256	37	5
7257	18	5
7259	17	5
7261	7	5
7262	4	5
7263	18	5
7264	25	5
7265	10	5
7266	30	5
7267	21	5
7268	5	5
7269	25	5
7270	26	5
7271	9	5
7272	16	5
7273	17	5
7275	16	5
7276	12	5
7277	11	5
7278	1	5
7279	22	5
7280	5	5
7281	2	5
7283	30	5
7284	21	5
7285	11	5
7286	29	5
7287	30	5
7288	34	5
7289	23	5
7290	24	5
7291	11	5
7292	29	5
7294	4	5
7295	32	5
7296	13	5
7297	6	5
7298	16	5
7299	9	5
7300	7	5
7302	12	5
7303	11	5
7304	11	5
7305	23	5
7306	8	5
7307	39	5
7308	1	5
7309	9	5
7310	12	5
7311	14	5
7312	20	5
7313	18	5
7314	23	5
7315	16	5
7316	28	5
7317	13	5
7318	13	5
7319	13	5
7320	23	5
7321	17	5
7322	24	5
7323	7	5
7324	6	5
7325	2	5
7326	7	5
7327	15	5
7328	14	5
7329	40	5
7331	10	5
7332	29	5
7333	20	5
7334	5	5
7335	7	5
7336	9	5
7337	17	5
7340	32	5
7341	21	5
7342	20	5
7344	14	5
7345	9	5
7348	27	5
7349	16	5
7350	13	5
7351	6	5
7352	15	5
7353	3	5
7354	16	5
7355	22	5
7356	13	5
7357	7	5
7358	9	5
7359	2	5
7360	7	5
7361	23	5
7362	14	5
7363	35	5
7364	4	5
7365	4	5
7366	19	5
7367	12	5
7368	9	5
7370	10	5
7371	8	5
7372	4	5
7373	2	5
7374	6	5
7375	26	5
7376	8	5
7378	5	5
7379	26	5
7380	26	5
7381	9	5
7382	28	5
7384	15	5
7385	20	5
7386	10	5
7387	18	5
7388	48	5
7389	1	5
7390	17	5
7391	9	5
7393	7	5
7394	15	5
7395	13	5
7396	10	5
7397	29	5
7398	22	5
7399	10	5
7400	16	5
7402	18	5
7404	18	5
7405	18	5
7407	18	5
7408	9	5
7409	13	5
7411	31	5
7413	6	5
7414	12	5
7415	15	5
7417	7	5
7418	12	5
7419	11	5
7420	15	5
7421	7	5
7422	34	5
7423	20	5
7424	9	5
7426	10	5
7427	11	5
7428	23	5
7430	3	5
7431	2	5
7432	14	5
7433	5	5
7434	21	5
7435	2	5
7437	21	5
7438	9	5
7439	9	5
7440	20	5
7442	13	5
7443	7	5
7444	10	5
7446	11	5
7447	26	5
7448	23	5
7449	12	5
7450	6	5
7451	9	5
7452	7	5
7453	3	5
7454	11	5
7455	23	5
7456	5	5
7457	29	5
7458	27	5
7460	11	5
7462	15	5
7463	8	5
7464	27	5
7465	7	5
7466	7	5
7467	32	5
7468	11	5
7469	20	5
7470	5	5
7472	13	5
7473	10	5
7475	21	5
7476	18	5
7477	22	5
7478	20	5
7480	26	5
7481	20	5
7482	27	5
7483	6	5
7485	11	5
7486	19	5
7487	15	5
7488	20	5
7489	22	5
7490	11	5
7491	13	5
7492	11	5
7493	25	5
7495	19	5
7497	43	5
7498	4	5
7499	31	5
7500	11	5
7501	8	5
7502	16	5
7503	28	5
7504	47	5
7505	29	5
7506	10	5
7507	27	5
7508	9	5
7509	33	5
7510	4	5
7511	29	5
7512	26	5
7513	10	5
7516	10	5
7517	14	5
7518	11	5
7519	2	5
7520	19	5
7521	35	5
7522	16	5
7524	31	5
7526	5	5
7527	7	5
7528	22	5
7529	17	5
7530	7	5
7532	3	5
7533	11	5
7535	14	5
7536	2	5
7538	1	5
7539	21	5
7540	33	5
7541	6	5
7542	16	5
7544	10	5
7545	11	5
7546	18	5
7547	35	5
7548	47	5
7550	48	5
7551	13	5
7552	27	5
7553	53	5
7554	18	5
7555	1	5
7557	4	5
7558	20	5
7559	11	5
7560	27	5
7561	4	5
7562	16	5
7563	42	5
7565	5	5
7566	6	5
7568	7	5
7569	12	5
7570	1	5
7571	11	5
7573	12	5
7574	16	5
7575	8	5
7576	7	5
7578	20	5
7579	8	5
7580	15	5
7581	7	5
7582	23	5
7583	6	5
7584	26	5
7585	16	5
7586	5	5
7587	20	5
7588	37	5
7589	21	5
7590	4	5
7591	4	5
7592	18	5
7594	13	5
7595	17	5
7596	10	5
7597	18	5
7598	5	5
7599	45	5
7600	8	5
7601	11	5
7602	8	5
7603	0	5
7604	24	5
7606	16	5
7607	7	5
7608	19	5
7609	24	5
7610	5	5
7611	17	5
7612	34	5
7613	12	5
7614	30	5
7615	8	5
7616	13	5
7617	12	5
7618	12	5
7619	24	5
7620	30	5
7621	19	5
7622	4	5
7623	11	5
7624	13	5
7625	11	5
7626	31	5
7628	12	5
7629	12	5
7630	27	5
7631	14	5
7632	23	5
7633	4	5
7634	20	5
7635	17	5
7636	6	5
7637	19	5
7638	19	5
7639	10	5
7640	14	5
7641	15	5
7642	15	5
7644	28	5
7645	15	5
7646	4	5
7647	3	5
7648	4	5
7650	22	5
7651	13	5
7653	28	5
7654	19	5
7655	12	5
7656	35	5
7657	12	5
7658	26	5
7661	20	5
7662	14	5
7663	1	5
7664	20	5
7665	13	5
7666	11	5
7667	5	5
7670	3	5
7671	16	5
7672	5	5
7673	11	5
7674	9	5
7675	14	5
7677	17	5
7678	22	5
7679	9	5
7681	15	5
7682	18	5
7683	15	5
7684	7	5
7685	24	5
7686	8	5
7687	11	5
7688	8	5
7690	6	5
7691	16	5
7693	10	5
7695	27	5
7696	17	5
7698	24	5
7699	15	5
7700	17	5
7701	6	5
7702	36	5
7703	31	5
7704	33	5
7706	19	5
7707	12	5
7708	16	5
7709	17	5
7710	16	5
7711	14	5
7712	13	5
7713	8	5
7714	21	5
7715	12	5
7716	17	5
7717	19	5
7718	7	5
7719	18	5
7720	21	5
7721	20	5
7724	10	5
7725	5	5
7726	17	5
7727	19	5
7728	17	5
7729	17	5
7730	16	5
7731	22	5
7732	19	5
7734	16	5
7735	13	5
7736	12	5
7738	16	5
7739	8	5
7740	7	5
7741	8	5
7742	6	5
7743	11	5
7744	6	5
7745	25	5
7748	44	5
7749	50	5
7750	15	5
7752	13	5
7753	18	5
7754	18	5
7755	11	5
7756	9	5
7757	15	5
7758	22	5
7759	16	5
7760	16	5
7761	6	5
7762	22	5
7763	8	5
7764	8	5
7765	33	5
7766	20	5
7767	39	5
7768	22	5
7769	17	5
7771	29	5
7773	7	5
7774	6	5
7775	15	5
7776	20	5
7777	13	5
7778	9	5
7779	3	5
7780	27	5
7781	12	5
7782	16	5
7783	8	5
7784	8	5
7785	8	5
7786	9	5
7787	16	5
7788	20	5
7789	16	5
7790	11	5
7791	24	5
7792	11	5
7793	25	5
7794	20	5
7795	12	5
7797	21	5
7798	14	5
7799	17	5
7800	26	5
7801	2	5
7802	40	5
7803	16	5
7804	2	5
7805	18	5
7806	26	5
7807	18	5
7808	30	5
7809	19	5
7810	24	5
7811	12	5
7814	12	5
7815	18	5
7816	19	5
7820	42	5
7821	20	5
7822	13	5
7823	2	5
7824	20	5
7825	11	5
7826	9	5
7827	12	5
7828	10	5
7829	13	5
7830	31	5
7831	15	5
7832	27	5
7833	7	5
7834	21	5
7835	12	5
7836	8	5
7837	39	5
7838	15	5
7839	3	5
7840	2	5
7841	21	5
7842	12	5
7843	14	5
7844	16	5
7845	14	5
7846	6	5
7847	20	5
7848	19	5
7850	28	5
7851	13	5
7852	4	5
7853	6	5
7854	10	5
7855	16	5
7856	29	5
7857	26	5
7859	4	5
7860	8	5
7861	14	5
7862	7	5
7865	6	5
7866	4	5
7867	9	5
7869	10	5
7870	2	5
7871	41	5
7873	18	5
7874	18	5
7876	12	5
7877	3	5
7879	8	5
7881	10	5
7882	30	5
7884	14	5
7885	6	5
7886	8	5
7887	5	5
7888	13	5
7889	17	5
7890	16	5
7891	18	5
7892	21	5
7893	18	5
7894	14	5
7895	14	5
7896	13	5
7898	23	5
7900	5	5
7901	8	5
7902	7	5
7903	11	5
7904	19	5
7905	9	5
7906	14	5
7907	7	5
7909	20	5
7910	12	5
7911	7	5
7912	15	5
7913	42	5
7914	11	5
7915	20	5
7916	21	5
7917	5	5
7918	14	5
7919	30	5
7920	4	5
7921	14	5
7923	12	5
7924	14	5
7926	15	5
7928	27	5
7929	2	5
7930	33	5
7931	6	5
7932	11	5
7934	24	5
7935	34	5
7936	15	5
7937	16	5
7938	12	5
7939	8	5
7940	1	5
7941	9	5
7942	8	5
7944	13	5
7945	11	5
7946	7	5
7948	5	5
7949	18	5
7950	17	5
7951	27	5
7952	16	5
7954	22	5
7958	3	5
7959	0	5
7960	25	5
7961	10	5
7962	6	5
7963	6	5
7964	5	5
7965	7	5
7966	6	5
7967	16	5
7968	2	5
7969	16	5
7970	18	5
7971	5	5
7973	5	5
7975	11	5
7976	27	5
7977	5	5
7978	24	5
7979	14	5
7980	3	5
7981	23	5
7982	8	5
7983	24	5
7984	35	5
7985	18	5
7986	34	5
7987	5	5
7988	11	5
7989	26	5
7990	10	5
7991	8	5
7992	4	5
7993	53	5
7995	27	5
7996	24	5
7997	29	5
7998	13	5
7999	15	5
8000	21	5
8001	16	5
8002	7	5
8003	9	5
8004	37	5
8005	22	5
8006	10	5
8007	10	5
8008	21	5
8010	2	5
8011	12	5
8012	45	5
8014	28	5
8015	20	5
8016	7	5
8017	9	5
8018	3	5
8019	4	5
8020	27	5
8023	8	5
8024	22	5
8025	16	5
8026	22	5
8027	7	5
8028	19	5
8029	18	5
8030	17	5
8031	18	5
8032	16	5
8033	5	5
8034	38	5
8035	9	5
8036	23	5
8037	15	5
8038	21	5
8039	19	5
8040	29	5
8041	5	5
8042	8	5
8043	28	5
8044	16	5
8045	5	5
8046	4	5
8047	2	5
8048	18	5
8051	5	5
8054	14	5
8055	9	5
8056	20	5
8057	25	5
8060	8	5
8062	10	5
8063	7	5
8064	22	5
8065	6	5
8066	43	5
8067	22	5
8068	23	5
8069	21	5
8070	36	5
8071	11	5
8072	14	5
8073	11	5
8074	9	5
8075	5	5
8076	29	5
8077	26	5
8078	8	5
8080	9	5
8081	12	5
8083	14	5
8084	38	5
8085	13	5
8086	13	5
8087	3	5
8088	16	5
8089	12	5
8090	16	5
8091	24	5
8092	25	5
8093	4	5
8094	18	5
8095	11	5
8096	9	5
8098	0	5
8099	38	5
8100	8	5
8101	13	5
8102	41	5
8103	5	5
8104	13	5
8106	16	5
8108	11	5
8109	7	5
8110	24	5
8111	20	5
8112	15	5
8113	11	5
8115	7	5
8116	5	5
8117	21	5
8118	16	5
8119	19	5
8120	28	5
8121	24	5
8122	22	5
8123	13	5
8124	31	5
8125	24	5
8126	20	5
8127	36	5
8128	10	5
8129	5	5
8132	33	5
8135	2	5
8136	14	5
8137	2	5
8138	6	5
8139	13	5
8140	27	5
8142	17	5
8143	34	5
8145	14	5
8146	15	5
8147	19	5
8148	10	5
8149	18	5
8150	11	5
8151	5	5
8152	15	5
8153	1	5
8154	9	5
8156	7	5
8157	22	5
8158	17	5
8159	2	5
8160	11	5
8161	34	5
8162	24	5
8163	45	5
8164	20	5
8165	33	5
8166	18	5
8167	6	5
8168	13	5
8169	5	5
8170	9	5
8171	15	5
8172	13	5
8173	15	5
8175	8	5
8176	14	5
8177	11	5
8178	10	5
8179	19	5
8180	10	5
8181	4	5
8182	4	5
8183	11	5
8184	11	5
8185	20	5
8187	11	5
8188	34	5
8189	25	5
8190	21	5
8191	19	5
8192	10	5
8193	26	5
8194	0	5
8196	15	5
8197	16	5
8198	19	5
8200	27	5
8201	55	5
8202	16	5
8203	14	5
8204	16	5
8205	20	5
8206	20	5
8208	10	5
8209	21	5
8210	19	5
8211	6	5
8212	3	5
8213	14	5
8214	18	5
8215	11	5
8216	15	5
8217	8	5
8218	1	5
8219	33	5
8220	25	5
8221	15	5
8222	34	5
8223	13	5
8224	22	5
8225	14	5
8226	21	5
8227	16	5
8228	3	5
8229	21	5
8230	19	5
8231	44	5
8232	4	5
8233	9	5
8234	20	5
8235	12	5
8236	29	5
8238	14	5
8239	9	5
8240	16	5
8241	9	5
8242	27	5
8243	13	5
8244	7	5
8245	13	5
8246	18	5
8247	20	5
8248	4	5
8249	13	5
8250	5	5
8251	17	5
8255	10	5
8256	13	5
8257	14	5
8258	4	5
8260	6	5
8261	29	5
8262	39	5
8264	15	5
8266	11	5
8268	46	5
8269	15	5
8270	17	5
8272	16	5
8273	35	5
8274	23	5
8275	12	5
8276	27	5
8277	8	5
8278	7	5
8279	8	5
8280	21	5
8281	13	5
8282	14	5
8283	18	5
8284	16	5
8285	28	5
8286	7	5
8287	8	5
8288	29	5
8291	15	5
8292	18	5
8293	3	5
8294	28	5
8295	5	5
8296	10	5
8298	16	5
8299	25	5
8300	3	5
8302	10	5
8303	31	5
8304	17	5
8306	15	5
8307	12	5
8308	37	5
8309	14	5
8310	21	5
8312	2	5
8313	12	5
8314	17	5
8315	11	5
8316	20	5
8317	17	5
8318	26	5
8320	5	5
8321	10	5
8322	11	5
8323	15	5
8324	8	5
8325	14	5
8326	36	5
8327	16	5
8329	13	5
8330	23	5
8331	13	5
8332	4	5
8333	23	5
8334	3	5
8335	13	5
8336	19	5
8337	9	5
8338	6	5
8339	4	5
8340	14	5
8341	37	5
8342	19	5
8343	23	5
8344	21	5
8345	3	5
8346	5	5
8347	10	5
8348	25	5
8349	14	5
8350	10	5
8351	14	5
8352	3	5
8353	13	5
8354	28	5
8355	35	5
8356	21	5
8358	19	5
8359	16	5
8360	10	5
8362	20	5
8363	9	5
8364	30	5
8365	18	5
8366	7	5
8367	14	5
8368	12	5
8369	10	5
8370	14	5
8371	0	5
8372	18	5
8373	11	5
8374	9	5
8375	37	5
8376	9	5
8377	12	5
8378	21	5
8379	14	5
8380	26	5
8381	30	5
8382	11	5
8383	27	5
8384	16	5
8385	28	5
8387	4	5
8388	8	5
8390	20	5
8391	29	5
8392	13	5
8393	9	5
8394	0	5
8395	14	5
8396	14	5
8397	8	5
8398	1	5
8399	35	5
8400	8	5
8401	22	5
8402	11	5
8403	27	5
8404	25	5
8406	23	5
8407	23	5
8410	24	5
8411	17	5
8412	15	5
8413	10	5
8414	14	5
8415	24	5
8416	17	5
8417	17	5
8418	17	5
8419	9	5
8420	12	5
8421	15	5
8422	22	5
8423	17	5
8425	29	5
8426	26	5
8427	22	5
8428	10	5
8429	31	5
8430	44	5
8432	11	5
8433	23	5
8434	6	5
8435	4	5
8436	25	5
8437	32	5
8439	16	5
8441	33	5
8442	20	5
8443	25	5
8444	6	5
8445	18	5
8447	11	5
8448	32	5
8449	3	5
8450	23	5
8451	18	5
8452	7	5
8453	22	5
8455	12	5
8456	24	5
8457	33	5
8458	24	5
8459	7	5
8460	0	5
8461	18	5
8462	23	5
8464	17	5
8465	29	5
8466	18	5
8468	26	5
8469	12	5
8470	7	5
8471	20	5
8472	14	5
8473	2	5
8474	11	5
8475	1	5
8476	7	5
8477	32	5
8478	4	5
8479	27	5
8480	7	5
8481	30	5
8482	17	5
8483	10	5
8484	7	5
8485	4	5
8486	3	5
8488	27	5
8489	4	5
8491	20	5
8492	41	5
8494	19	5
8495	11	5
8496	18	5
8497	24	5
8498	14	5
8499	30	5
8500	11	5
8501	27	5
8502	2	5
8503	12	5
8505	23	5
8506	4	5
8507	0	5
8508	15	5
8509	29	5
8511	31	5
8512	18	5
8513	14	5
8514	24	5
8515	14	5
8516	14	5
8517	5	5
8518	13	5
8519	6	5
8520	4	5
8521	7	5
8522	7	5
8523	6	5
8524	17	5
8525	13	5
8526	9	5
8527	12	5
8528	38	5
8530	14	5
8531	5	5
8532	8	5
8533	43	5
8534	24	5
8535	37	5
8536	27	5
8539	44	5
8540	19	5
8541	22	5
8542	0	5
8543	23	5
8544	24	5
8545	20	5
8546	8	5
8547	11	5
8548	19	5
8549	15	5
8550	18	5
8551	7	5
8552	6	5
8553	53	5
8554	6	5
8555	37	5
8556	13	5
8557	25	5
8558	10	5
8559	6	5
8560	23	5
8562	33	5
8563	36	5
8564	20	5
8566	15	5
8567	17	5
8568	4	5
8569	23	5
8570	7	5
8571	32	5
8572	8	5
8573	10	5
8574	32	5
8575	44	5
8576	19	5
8577	19	5
8578	22	5
8579	12	5
8581	21	5
8582	11	5
8583	7	5
8584	32	5
8586	35	5
8587	10	5
8588	23	5
8590	17	5
8591	12	5
8592	22	5
8593	21	5
8594	17	5
8595	17	5
8597	7	5
8598	28	5
8599	12	5
8600	8	5
8601	18	5
8602	3	5
8603	8	5
8604	7	5
8605	3	5
8606	10	5
8609	7	5
8610	11	5
8611	7	5
8612	26	5
8614	17	5
8615	26	5
8616	16	5
8617	10	5
8618	20	5
8620	17	5
8621	13	5
8622	23	5
8624	18	5
8625	12	5
8627	11	5
8628	3	5
8629	4	5
8631	8	5
8632	33	5
8633	25	5
8634	7	5
8635	10	5
8636	6	5
8637	30	5
8638	30	5
8639	2	5
8640	9	5
8641	7	5
8642	7	5
8643	11	5
8644	9	5
8645	17	5
8646	10	5
8647	13	5
8648	33	5
8649	9	5
8650	23	5
8651	1	5
8652	17	5
8653	12	5
8654	7	5
8655	7	5
8656	8	5
8657	21	5
8658	23	5
8659	5	5
8660	10	5
8661	18	5
8662	18	5
8663	21	5
8664	7	5
8666	17	5
8667	22	5
8668	5	5
8669	7	5
8672	34	5
8674	14	5
8676	3	5
8677	3	5
8679	15	5
8680	21	5
8681	15	5
8682	16	5
8683	18	5
8684	8	5
8685	15	5
8686	21	5
8688	8	5
8689	19	5
8690	22	5
8691	16	5
8693	8	5
8694	9	5
8696	9	5
8697	26	5
8698	16	5
8699	13	5
8700	12	5
8701	20	5
8702	12	5
8703	11	5
8704	19	5
8705	2	5
8706	6	5
8707	11	5
8708	9	5
8709	36	5
8710	10	5
8712	9	5
8713	28	5
8714	17	5
8715	6	5
8717	9	5
8719	22	5
8720	17	5
8722	9	5
8723	6	5
8724	12	5
8725	24	5
8727	16	5
8729	10	5
8730	16	5
8731	2	5
8732	22	5
8733	29	5
8735	14	5
8736	5	5
8737	16	5
8738	14	5
8739	23	5
8743	14	5
8744	21	5
8745	15	5
8746	27	5
8747	20	5
8748	12	5
8749	6	5
8750	17	5
8751	5	5
8752	18	5
8753	15	5
8754	28	5
8755	24	5
8756	9	5
8757	18	5
8759	8	5
8761	3	5
8762	16	5
8763	25	5
8764	15	5
8765	32	5
8767	17	5
8768	4	5
8769	28	5
8770	34	5
8771	8	5
8772	10	5
8774	11	5
8775	7	5
8776	12	5
8777	1	5
8779	18	5
8780	45	5
8781	30	5
8782	24	5
8783	13	5
8786	14	5
8787	7	5
8788	14	5
8789	9	5
8790	24	5
8791	41	5
8792	3	5
8793	15	5
8794	12	5
8795	12	5
8796	27	5
8797	21	5
8799	20	5
8801	15	5
8803	16	5
8804	16	5
8805	18	5
8806	21	5
8807	5	5
8808	18	5
8809	20	5
8810	28	5
8811	18	5
8812	37	5
8813	18	5
8814	11	5
8815	17	5
8816	17	5
8817	11	5
8818	21	5
8819	12	5
8820	8	5
8821	33	5
8822	23	5
8823	24	5
8824	22	5
8825	14	5
8826	18	5
8827	6	5
8828	20	5
8829	26	5
8830	25	5
8831	12	5
8833	7	5
8834	20	5
8836	15	5
8837	21	5
8838	32	5
8839	26	5
8840	14	5
8841	13	5
8842	27	5
8844	12	5
8845	14	5
8846	40	5
8847	8	5
8848	31	5
8849	10	5
8850	17	5
8851	21	5
8852	18	5
8853	4	5
8854	19	5
8855	4	5
8856	35	5
8858	17	5
8859	19	5
8860	14	5
8861	7	5
8862	13	5
8863	19	5
8864	10	5
8865	2	5
8866	39	5
8867	25	5
8869	21	5
8871	6	5
8872	10	5
8873	7	5
8874	15	5
8875	18	5
8876	3	5
8877	27	5
8878	10	5
8879	8	5
8880	12	5
8881	13	5
8882	13	5
8883	9	5
8885	15	5
8886	18	5
8888	3	5
8889	18	5
8890	22	5
8891	10	5
8892	5	5
8893	13	5
8895	25	5
8896	47	5
8897	15	5
8898	18	5
8899	36	5
8900	6	5
8901	6	5
8902	8	5
8903	25	5
8904	24	5
8906	33	5
8907	18	5
8908	29	5
8909	13	5
8911	13	5
8912	2	5
8913	11	5
8914	5	5
8915	14	5
8916	7	5
8918	27	5
8919	31	5
8920	19	5
8921	16	5
8922	12	5
8923	8	5
8924	22	5
8925	24	5
8927	12	5
8928	19	5
8930	12	5
8931	25	5
8933	11	5
8934	8	5
8935	10	5
8937	13	5
8939	20	5
8941	27	5
8942	9	5
8943	8	5
8944	3	5
8945	15	5
8946	7	5
8947	29	5
8948	34	5
8949	19	5
8950	0	5
8951	12	5
8952	11	5
8953	14	5
8954	13	5
8955	13	5
8957	14	5
8958	11	5
8959	11	5
8960	0	5
8961	12	5
8962	18	5
8963	17	5
8965	21	5
8966	1	5
8967	20	5
8969	2	5
8970	31	5
8971	18	5
8972	14	5
8973	17	5
8974	12	5
8975	1	5
8977	36	5
8978	3	5
8979	18	5
8980	20	5
8981	11	5
8982	15	5
8984	12	5
8985	8	5
8987	13	5
8988	21	5
8989	0	5
8990	16	5
8992	5	5
8993	12	5
8995	13	5
8996	19	5
8997	24	5
8998	1	5
8999	12	5
9000	53	5
9003	3	5
9004	28	5
9005	30	5
9006	5	5
9007	12	5
9008	27	5
9010	6	5
9011	14	5
9012	8	5
9013	8	5
9015	19	5
9016	11	5
9017	14	5
9018	29	5
9020	9	5
9021	24	5
9022	11	5
9023	10	5
9024	26	5
9025	26	5
9026	25	5
9027	30	5
9028	15	5
9030	3	5
9031	16	5
9032	30	5
9033	7	5
9036	22	5
9037	8	5
9038	0	5
9039	15	5
9040	31	5
9041	23	5
9042	31	5
9043	22	5
9044	16	5
9047	8	5
9048	31	5
9049	17	5
9050	13	5
9051	29	5
9052	2	5
9053	5	5
9054	27	5
9055	18	5
9056	16	5
9057	28	5
9058	28	5
9059	1	5
9060	25	5
9061	6	5
9062	6	5
9063	26	5
9064	12	5
9065	17	5
9066	22	5
9067	15	5
9069	9	5
9070	14	5
9071	3	5
9072	22	5
9073	20	5
9075	28	5
9076	15	5
9077	5	5
9079	27	5
9080	16	5
9081	15	5
9083	25	5
9084	4	5
9085	7	5
9086	22	5
9087	17	5
9089	14	5
9090	15	5
9091	29	5
9092	8	5
9094	13	5
9095	0	5
9096	5	5
9097	10	5
9098	4	5
9099	11	5
9100	17	5
9101	8	5
9102	3	5
9103	14	5
9104	22	5
9105	33	5
9106	39	5
9107	9	5
9108	25	5
9110	22	5
9111	12	5
9112	32	5
9113	18	5
9114	24	5
9116	14	5
9118	18	5
9119	21	5
9120	14	5
9121	8	5
9122	8	5
9123	8	5
9124	16	5
9125	42	5
9126	16	5
9127	24	5
9128	16	5
9129	5	5
9130	16	5
9131	25	5
9133	8	5
9134	21	5
9135	3	5
9136	19	5
9137	18	5
9139	15	5
9140	7	5
9141	17	5
9142	10	5
9143	5	5
9144	11	5
9145	8	5
9147	22	5
9148	19	5
9149	30	5
9150	19	5
9151	20	5
9153	7	5
9154	6	5
9155	3	5
9156	10	5
9158	26	5
9159	27	5
9160	9	5
9161	6	5
9162	0	5
9163	4	5
9164	20	5
9165	20	5
9166	25	5
9167	0	5
9168	4	5
9169	9	5
9171	9	5
9172	21	5
9173	7	5
9174	27	5
9175	4	5
9176	30	5
9177	9	5
9178	32	5
9179	16	5
9181	1	5
9184	10	5
9185	6	5
9187	12	5
9188	25	5
9189	5	5
9190	11	5
9193	13	5
9195	17	5
9196	27	5
9198	5	5
9199	8	5
9200	37	5
9201	24	5
9203	3	5
9204	19	5
9205	15	5
9206	7	5
9207	3	5
9208	6	5
9209	4	5
9210	23	5
9211	25	5
9212	17	5
9213	6	5
9214	21	5
9215	8	5
9218	27	5
9219	8	5
9220	3	5
9221	25	5
9222	37	5
9223	11	5
9224	14	5
9225	7	5
9226	5	5
9227	17	5
9228	8	5
9229	6	5
9230	10	5
9232	25	5
9233	30	5
9235	12	5
9236	5	5
9237	24	5
9238	28	5
9239	26	5
9240	16	5
9241	9	5
9242	3	5
9243	19	5
9244	26	5
9245	10	5
9246	9	5
9247	19	5
9248	16	5
9249	21	5
9250	10	5
9251	10	5
9253	12	5
9254	6	5
9256	5	5
9257	12	5
9258	17	5
9259	4	5
9260	20	5
9261	12	5
9263	17	5
9264	14	5
9265	39	5
9266	13	5
9267	13	5
9268	28	5
9269	28	5
9270	11	5
9271	2	5
9272	34	5
9274	7	5
9275	7	5
9276	2	5
9277	27	5
9278	35	5
9279	20	5
9282	9	5
9283	6	5
9284	26	5
9285	14	5
9286	35	5
9287	21	5
9288	18	5
9289	40	5
9290	15	5
9291	15	5
9292	26	5
9293	12	5
9294	26	5
9295	28	5
9296	9	5
9297	10	5
9298	58	5
9300	27	5
9301	14	5
9302	2	5
9303	17	5
9304	25	5
9305	28	5
9306	7	5
9307	7	5
9308	8	5
9309	11	5
9310	3	5
9311	16	5
9314	15	5
9315	16	5
9316	25	5
9317	23	5
9319	29	5
9320	13	5
9321	2	5
9322	14	5
9324	27	5
9325	28	5
9326	11	5
9327	4	5
9329	14	5
9330	14	5
9331	24	5
9332	21	5
9333	28	5
9334	13	5
9335	9	5
9337	32	5
9338	7	5
9340	6	5
9341	41	5
9343	5	5
9344	18	5
9345	12	5
9346	11	5
9348	24	5
9349	11	5
9350	23	5
9351	18	5
9352	13	5
9353	28	5
9354	38	5
9355	15	5
9356	9	5
9357	10	5
9358	6	5
9359	18	5
9360	7	5
9361	14	5
9362	11	5
9363	5	5
9364	6	5
9365	12	5
9366	13	5
9369	23	5
9370	18	5
9371	24	5
9372	5	5
9373	19	5
9376	41	5
9377	29	5
9378	12	5
9379	5	5
9380	12	5
9381	12	5
9382	25	5
9383	12	5
9384	11	5
9385	7	5
9386	35	5
9388	30	5
9389	10	5
9390	4	5
9391	5	5
9392	6	5
9393	10	5
9394	12	5
9395	14	5
9397	12	5
9398	11	5
9399	15	5
9400	5	5
9401	8	5
9402	18	5
9403	22	5
9404	14	5
9406	9	5
9407	19	5
9409	27	5
9411	5	5
9412	13	5
9413	12	5
9414	13	5
9415	9	5
9416	12	5
9417	3	5
9418	4	5
9419	10	5
9420	12	5
9421	20	5
9422	9	5
9423	10	5
9424	16	5
9426	9	5
9427	16	5
9428	29	5
9429	2	5
9431	13	5
9432	6	5
9433	11	5
9435	51	5
9437	10	5
9438	22	5
9440	10	5
9442	28	5
9443	9	5
9444	11	5
9445	10	5
9446	8	5
9447	17	5
9449	11	5
9450	22	5
9452	8	5
9453	21	5
9454	17	5
9455	24	5
9456	14	5
9458	19	5
9460	16	5
9461	19	5
9462	15	5
9463	2	5
9464	18	5
9465	6	5
9466	20	5
9467	24	5
9468	4	5
9469	15	5
9470	14	5
9471	17	5
9472	19	5
9473	6	5
9474	8	5
9475	17	5
9476	7	5
9477	17	5
9478	25	5
9479	13	5
9480	15	5
9481	32	5
9482	8	5
9483	13	5
9484	4	5
9485	4	5
9486	27	5
9487	23	5
9488	3	5
9489	3	5
9491	15	5
9492	3	5
9493	13	5
9494	17	5
9495	7	5
9496	9	5
9498	16	5
9499	21	5
9500	11	5
9501	7	5
9503	15	5
9504	5	5
9505	15	5
9506	1	5
9508	2	5
9510	18	5
9511	29	5
9513	8	5
9515	9	5
9517	19	5
9518	7	5
9519	19	5
9520	5	5
9521	6	5
9522	15	5
9523	16	5
9525	21	5
9527	6	5
9529	15	5
9530	9	5
9531	15	5
9532	8	5
9533	11	5
9534	11	5
9535	30	5
9536	17	5
9537	34	5
9539	30	5
9540	18	5
9544	11	5
9545	9	5
9546	16	5
9547	10	5
9549	19	5
9551	9	5
9552	23	5
9553	27	5
9554	10	5
9555	3	5
9556	7	5
9557	60	5
9558	14	5
9559	32	5
9560	2	5
9561	16	5
9563	11	5
9566	22	5
9567	16	5
9568	15	5
9569	15	5
9571	23	5
9572	13	5
9573	19	5
9575	30	5
9576	6	5
9577	15	5
9578	5	5
9579	15	5
9580	7	5
9581	16	5
9582	22	5
9584	15	5
9585	10	5
9588	8	5
9589	13	5
9590	31	5
9591	19	5
9592	13	5
9593	11	5
9594	9	5
9595	14	5
9597	4	5
9598	16	5
9599	31	5
9600	39	5
9601	9	5
9602	38	5
9603	4	5
9604	12	5
9605	26	5
9606	11	5
9607	16	5
9608	8	5
9609	14	5
9610	5	5
9612	25	5
9613	27	5
9614	17	5
9615	33	5
9616	16	5
9617	25	5
9618	9	5
9619	17	5
9621	25	5
9623	2	5
9624	10	5
9625	35	5
9626	17	5
9628	14	5
9629	1	5
9630	10	5
9631	15	5
9632	23	5
9633	9	5
9634	10	5
9635	9	5
9636	31	5
9637	10	5
9638	22	5
9639	9	5
9640	16	5
9641	10	5
9642	13	5
9643	40	5
9644	17	5
9645	3	5
9646	22	5
9648	3	5
9649	7	5
9651	11	5
9653	18	5
9654	30	5
9655	24	5
9656	19	5
9657	10	5
9658	19	5
9659	8	5
9660	27	5
9661	19	5
9663	16	5
9664	19	5
9665	2	5
9666	0	5
9667	13	5
9669	3	5
9670	33	5
9671	16	5
9672	23	5
9673	29	5
9674	16	5
9675	5	5
9676	27	5
9678	8	5
9679	23	5
9680	24	5
9681	7	5
9683	11	5
9684	9	5
9685	24	5
9687	22	5
9688	9	5
9689	15	5
9690	6	5
9691	16	5
9692	32	5
9693	10	5
9694	10	5
9695	2	5
9696	12	5
9697	12	5
9698	7	5
9699	0	5
9700	25	5
9701	4	5
9702	15	5
9703	25	5
9704	31	5
9705	13	5
9706	23	5
9708	5	5
9709	21	5
9710	22	5
9711	24	5
9712	19	5
9713	16	5
9716	29	5
9717	8	5
9718	19	5
9719	17	5
9721	23	5
9722	12	5
9723	5	5
9724	10	5
9725	38	5
9728	19	5
9729	7	5
9730	7	5
9731	18	5
9733	13	5
9734	34	5
9735	18	5
9736	11	5
9737	11	5
9738	12	5
9739	31	5
9740	25	5
9741	13	5
9742	10	5
9744	10	5
9747	11	5
9748	16	5
9749	17	5
9750	16	5
9752	24	5
9753	14	5
9754	26	5
9755	7	5
9756	21	5
9757	23	5
9758	12	5
9759	21	5
9761	30	5
9762	7	5
9763	6	5
9764	22	5
9765	28	5
9766	33	5
9768	21	5
9769	8	5
9770	14	5
9771	4	5
9773	13	5
9775	32	5
9776	21	5
9777	16	5
9779	28	5
9781	4	5
9782	14	5
9783	6	5
9784	11	5
9785	41	5
9786	34	5
9787	28	5
9789	13	5
9790	18	5
9791	8	5
9792	12	5
9793	8	5
9794	33	5
9796	18	5
9797	6	5
9798	19	5
9799	21	5
9800	23	5
9801	14	5
9802	7	5
9804	13	5
9805	12	5
9806	8	5
9807	13	5
9808	26	5
9809	30	5
9810	17	5
9811	20	5
9812	17	5
9814	4	5
9816	21	5
9817	31	5
9819	5	5
9820	12	5
9821	15	5
9822	41	5
9824	17	5
9825	32	5
9826	32	5
9827	26	5
9828	19	5
9830	16	5
9831	18	5
9832	26	5
9833	23	5
9834	17	5
9835	34	5
9836	17	5
9837	14	5
9838	13	5
9839	12	5
9840	16	5
9841	5	5
9842	31	5
9843	5	5
9844	2	5
9845	13	5
9846	21	5
9847	34	5
9849	22	5
9851	12	5
9852	32	5
9853	5	5
9854	9	5
9855	13	5
9856	16	5
9857	16	5
9858	14	5
9860	26	5
9861	21	5
9862	9	5
9863	16	5
9864	11	5
9865	49	5
9866	2	5
9867	6	5
9868	3	5
9869	11	5
9871	13	5
9872	22	5
9873	11	5
9875	5	5
9876	27	5
9877	19	5
9878	11	5
9879	7	5
9880	18	5
9881	19	5
9882	7	5
9883	24	5
9884	30	5
9885	19	5
9886	21	5
9887	14	5
9888	12	5
9889	14	5
9890	24	5
9891	14	5
9892	19	5
9894	34	5
9895	6	5
9896	17	5
9897	10	5
9898	22	5
9899	8	5
9900	25	5
9901	3	5
9902	9	5
9903	20	5
9904	15	5
9905	29	5
9906	30	5
9907	23	5
9908	20	5
9909	17	5
9910	15	5
9911	23	5
9912	5	5
9913	15	5
9914	9	5
9915	9	5
9916	7	5
9918	14	5
9920	41	5
9921	13	5
9922	11	5
9923	36	5
9924	37	5
9925	9	5
9926	17	5
9927	14	5
9928	11	5
9929	16	5
9930	16	5
9932	9	5
9933	32	5
9934	8	5
9935	9	5
9936	12	5
9937	10	5
9938	22	5
9939	7	5
9940	8	5
9941	19	5
9942	31	5
9943	15	5
9944	8	5
9945	21	5
9947	34	5
9948	23	5
9949	4	5
9950	12	5
9951	7	5
9952	2	5
9953	21	5
9954	15	5
9955	38	5
9956	25	5
9957	24	5
9958	22	5
9959	22	5
9960	11	5
9961	9	5
9962	18	5
9963	5	5
9964	15	5
9966	8	5
9967	3	5
9969	23	5
9970	3	5
9971	8	5
9972	33	5
9973	13	5
9974	21	5
9975	28	5
9976	14	5
9977	22	5
9979	16	5
9980	4	5
9981	15	5
9982	4	5
9983	7	5
9984	30	5
9986	18	5
9987	10	5
9989	6	5
9991	38	5
9993	19	5
9994	21	5
9996	8	5
9997	13	5
9998	13	5
9999	11	5
10000	5	5
