Total_runs	Turns
1	19
2	15
3	6
4	20
5	24
6	41
7	12
8	27
9	5
10	12
11	9
12	8
13	8
14	18
15	15
16	18
17	11
18	31
19	15
20	29
21	0
22	13
23	5
24	28
25	16
26	2
27	20
30	26
31	26
34	13
35	8
36	9
37	26
38	22
39	19
40	26
41	5
42	13
43	20
45	12
46	18
48	24
49	8
50	12
51	21
52	18
54	1
55	44
58	11
59	8
60	6
61	29
62	4
63	3
65	15
67	6
68	14
69	41
71	36
72	23
73	11
74	13
75	21
76	0
77	23
78	11
79	13
81	9
82	1
83	6
84	9
85	7
86	19
88	13
90	21
91	23
92	10
93	9
94	10
95	16
96	3
98	24
99	11
100	29
101	5
102	21
106	41
107	18
108	13
109	7
110	32
111	5
112	17
113	43
114	12
115	19
116	16
118	25
119	8
121	16
122	31
124	4
125	20
126	11
128	13
129	26
130	9
131	4
132	17
133	22
134	21
135	10
136	8
137	16
138	15
141	0
142	2
143	5
144	16
145	12
146	18
147	7
148	33
149	4
150	5
151	36
152	6
153	30
154	10
155	10
156	18
157	42
158	31
159	39
160	8
161	5
162	5
163	28
164	11
165	21
166	12
167	6
168	3
169	13
170	14
171	12
172	12
173	19
174	19
175	11
176	4
177	17
178	24
179	10
180	5
181	27
182	34
183	66
184	14
185	25
186	18
187	24
188	19
190	5
191	13
193	9
194	10
195	14
196	39
197	32
198	16
199	18
200	26
201	0
202	26
203	18
204	33
205	11
206	21
207	14
208	8
209	15
210	8
211	21
212	6
213	15
214	22
215	31
216	1
217	19
218	9
219	13
220	9
221	28
223	9
224	14
225	20
226	3
227	21
228	15
229	9
230	14
231	24
232	30
233	12
234	2
235	6
236	9
237	0
238	22
239	12
241	15
242	28
243	44
244	9
245	18
246	35
247	20
248	9
249	20
250	41
251	10
252	20
253	11
254	21
255	38
256	10
257	3
259	29
260	29
261	6
262	23
263	25
264	21
265	11
266	19
267	44
270	8
271	17
272	16
273	17
275	7
276	4
277	6
278	10
279	39
281	10
282	5
283	10
284	31
285	19
287	11
288	10
289	13
290	12
291	2
292	18
293	10
294	17
295	22
296	16
298	51
299	8
300	6
301	9
302	6
303	14
304	19
305	15
306	25
307	10
308	16
310	18
311	11
312	17
313	19
314	10
315	7
316	10
317	21
318	26
319	17
320	10
321	4
322	13
323	18
326	0
327	14
328	26
329	1
330	47
331	11
332	16
333	16
334	10
335	7
336	24
337	13
339	5
340	20
341	5
342	8
343	13
344	12
345	14
346	4
347	10
349	12
350	22
351	0
352	38
356	42
358	25
359	39
360	8
364	49
365	11
366	12
367	21
368	4
369	31
370	8
371	15
372	8
373	14
374	28
375	3
376	13
377	20
378	9
380	19
381	22
382	10
383	24
385	8
386	28
387	20
388	19
389	3
390	23
391	15
392	22
393	17
394	39
395	24
396	40
397	43
398	15
401	20
402	8
403	12
404	11
407	6
408	11
409	4
410	2
411	13
412	3
413	17
415	6
416	22
417	17
418	11
419	3
420	19
421	10
422	15
423	26
424	8
426	15
427	14
428	13
429	26
430	34
431	9
432	17
433	16
434	11
435	4
436	46
437	15
438	23
439	20
440	38
441	17
443	18
444	3
445	9
446	38
447	19
448	16
449	17
450	11
451	23
452	20
453	1
454	7
455	10
457	18
458	12
460	21
461	18
462	16
463	7
464	17
465	19
466	15
467	15
469	10
470	1
471	29
473	11
474	8
475	12
476	15
477	12
478	5
479	9
480	24
481	27
482	6
483	18
484	12
485	11
486	22
487	16
488	6
491	11
493	16
494	10
496	11
498	15
499	10
500	41
501	15
502	15
503	9
504	5
505	20
506	13
507	18
508	11
509	27
511	23
514	5
515	8
516	11
517	30
518	15
522	33
523	15
524	3
525	1
526	17
527	17
528	29
529	13
530	15
531	5
532	10
533	23
535	31
536	7
537	5
539	11
540	13
541	17
542	20
544	19
545	26
546	10
547	25
548	22
549	21
551	12
552	8
553	17
554	17
555	5
556	29
558	19
559	10
560	6
561	16
562	15
563	15
564	5
565	12
566	10
567	8
570	27
571	22
572	17
573	17
574	14
575	18
578	12
579	32
580	19
581	27
583	21
584	7
585	12
586	10
587	17
588	16
589	29
590	14
594	26
595	23
596	25
597	10
598	31
599	39
600	17
601	22
602	11
603	12
604	8
605	14
606	11
607	19
608	11
610	21
611	12
612	19
613	30
614	44
615	13
616	9
617	7
619	13
620	17
621	11
622	1
623	12
625	5
626	28
627	17
628	29
629	15
630	8
632	15
633	17
634	19
635	12
636	6
637	5
638	35
639	29
640	33
641	39
642	10
643	14
644	24
646	14
647	18
648	16
649	13
652	13
653	29
654	22
655	20
657	21
658	3
659	20
660	29
661	15
662	6
664	11
665	12
666	8
667	6
670	20
671	7
673	4
674	19
675	15
676	17
677	12
678	22
679	15
680	36
681	6
682	13
683	1
684	6
685	23
686	8
688	12
689	19
690	12
691	23
693	15
694	11
695	29
697	9
698	10
699	21
700	15
702	11
703	17
704	8
707	43
708	16
709	13
710	11
711	10
712	17
714	9
715	15
717	13
718	21
719	23
721	18
722	24
723	25
725	14
726	15
727	18
728	23
729	21
730	10
732	7
733	32
734	12
735	28
736	14
737	28
738	9
739	38
740	21
741	4
742	5
743	15
744	13
745	16
746	26
747	34
749	26
750	35
751	33
752	35
754	5
755	26
756	19
757	20
758	15
759	20
761	17
764	9
765	23
766	58
767	10
769	6
770	10
771	7
772	4
773	29
774	17
775	9
776	6
778	9
779	19
780	25
783	6
784	29
785	14
786	15
787	18
788	6
789	10
790	6
791	31
792	31
793	10
794	23
795	30
796	10
799	11
800	6
802	24
803	11
805	4
806	17
807	11
808	34
809	14
810	15
811	16
813	9
815	24
817	36
818	30
819	13
822	21
823	13
825	30
826	10
827	10
829	8
830	30
831	26
832	4
833	18
834	15
835	8
836	13
837	12
838	11
839	9
841	17
842	18
844	26
845	13
847	14
848	17
849	3
850	17
851	19
852	19
854	8
855	9
856	8
857	8
858	14
859	20
860	9
861	14
862	16
863	35
864	12
865	19
866	29
867	12
868	20
869	10
870	15
873	29
875	38
876	7
877	11
878	5
879	12
880	14
881	0
882	8
883	26
885	22
886	8
887	9
888	30
889	17
890	7
891	7
892	22
893	19
894	22
895	26
897	18
898	10
899	29
900	10
901	5
903	26
904	13
905	11
906	23
907	33
909	15
910	3
911	42
912	2
913	0
914	10
915	9
916	34
917	13
918	15
919	8
921	21
922	10
923	9
925	14
926	10
928	7
929	9
930	15
931	9
932	13
933	16
934	16
936	5
937	16
938	21
939	22
940	19
941	22
942	19
943	12
944	9
945	16
946	22
947	21
948	24
949	7
950	27
951	15
952	14
953	15
954	16
955	21
956	9
957	12
958	7
959	0
960	12
961	19
962	10
963	36
964	4
965	13
968	10
969	9
970	15
971	21
972	28
973	16
974	7
975	21
976	11
977	33
978	11
979	20
980	18
981	29
982	18
983	34
986	51
987	12
988	14
989	16
990	14
991	42
992	23
993	38
995	5
996	19
998	19
1000	20
1001	5
1002	20
1003	13
1005	15
1006	13
1007	23
1009	23
1010	10
1011	8
1012	14
1013	13
1014	22
1016	3
1017	10
1018	48
1019	7
1020	23
1021	28
1022	24
1023	6
1025	25
1027	21
1028	19
1029	10
1030	29
1031	37
1032	24
1033	2
1034	23
1035	19
1036	21
1037	22
1038	22
1040	17
1041	16
1042	10
1043	14
1044	17
1045	19
1046	14
1047	9
1049	28
1050	16
1051	7
1052	38
1053	32
1054	12
1055	13
1056	13
1057	8
1058	26
1059	9
1060	8
1061	9
1062	27
1063	6
1064	17
1066	1
1067	22
1068	37
1069	10
1070	22
1071	6
1072	32
1073	32
1074	13
1075	8
1076	35
1077	8
1078	8
1080	12
1082	10
1084	7
1085	5
1087	38
1088	15
1090	9
1091	35
1092	4
1093	15
1094	10
1095	32
1096	27
1097	26
1098	14
1100	31
1101	6
1102	15
1103	21
1104	32
1105	8
1106	40
1107	22
1108	21
1109	22
1110	11
1112	20
1113	17
1114	11
1115	4
1116	4
1117	9
1118	9
1119	17
1120	6
1122	4
1124	6
1125	22
1126	10
1127	30
1128	13
1129	22
1130	13
1131	6
1132	12
1133	27
1134	9
1135	36
1136	28
1138	12
1139	19
1140	19
1141	15
1142	13
1143	29
1144	16
1145	23
1146	19
1147	13
1148	16
1149	18
1150	26
1151	12
1152	31
1153	2
1155	6
1156	18
1158	7
1159	25
1160	19
1161	18
1162	11
1163	7
1164	16
1165	23
1167	17
1168	20
1169	10
1170	36
1171	9
1172	22
1173	19
1174	36
1175	10
1176	6
1177	19
1178	15
1179	15
1180	15
1181	28
1182	28
1186	7
1187	18
1188	24
1189	17
1190	9
1191	1
1192	9
1193	17
1194	19
1195	10
1196	17
1197	29
1198	12
1199	4
1200	5
1201	31
1203	34
1204	12
1205	3
1206	29
1207	24
1208	17
1209	22
1210	19
1211	30
1212	8
1214	10
1216	19
1217	2
1218	10
1219	14
1221	35
1222	13
1223	15
1224	2
1225	7
1227	9
1228	8
1229	19
1230	5
1231	18
1232	27
1233	4
1234	0
1235	29
1236	11
1238	18
1240	32
1241	1
1242	24
1243	29
1244	0
1245	13
1246	9
1247	11
1248	13
1249	11
1250	8
1251	19
1252	20
1254	20
1256	10
1257	16
1258	14
1259	11
1260	5
1261	14
1262	11
1263	7
1264	14
1265	4
1267	15
1268	16
1269	13
1270	4
1271	10
1272	10
1274	4
1275	26
1276	11
1279	6
1283	9
1284	6
1286	29
1287	16
1288	7
1289	39
1291	35
1292	17
1293	8
1294	15
1295	20
1296	20
1297	11
1299	0
1300	16
1301	11
1302	24
1303	5
1304	10
1305	0
1306	3
1307	5
1308	13
1309	8
1310	26
1311	24
1312	22
1314	24
1317	8
1318	8
1319	28
1320	14
1321	20
1322	10
1324	19
1325	2
1326	5
1328	20
1329	32
1330	14
1331	17
1332	2
1333	16
1334	1
1335	11
1338	7
1339	15
1340	18
1341	21
1342	12
1343	33
1344	13
1346	19
1347	10
1348	7
1350	19
1351	15
1352	25
1354	27
1355	12
1356	18
1357	12
1360	9
1361	8
1364	33
1365	6
1367	15
1369	37
1370	9
1371	17
1373	6
1374	17
1375	14
1376	20
1377	25
1378	14
1379	29
1380	15
1381	9
1382	39
1383	7
1384	0
1385	17
1386	24
1387	9
1388	12
1389	8
1390	23
1391	7
1392	17
1393	15
1394	5
1395	11
1396	17
1397	13
1398	17
1399	18
1400	11
1402	19
1403	2
1404	50
1405	18
1406	9
1407	23
1408	4
1409	18
1410	13
1411	5
1412	12
1414	6
1415	7
1416	27
1417	8
1419	23
1421	22
1422	14
1423	21
1424	15
1425	17
1426	16
1427	18
1428	17
1429	31
1430	14
1431	29
1432	32
1433	12
1434	32
1435	27
1436	21
1437	25
1438	8
1439	14
1440	11
1441	27
1442	22
1443	37
1444	12
1445	15
1446	6
1447	11
1449	19
1450	12
1451	8
1452	34
1454	4
1455	17
1456	8
1457	16
1458	7
1459	14
1462	6
1463	30
1464	27
1465	17
1466	7
1467	9
1469	29
1470	15
1471	34
1472	7
1473	18
1474	1
1476	5
1477	29
1479	10
1480	11
1481	15
1482	7
1483	9
1484	7
1485	18
1487	9
1488	16
1489	4
1490	22
1491	8
1492	20
1493	35
1494	10
1496	39
1497	22
1498	4
1499	18
1500	10
1503	3
1504	16
1506	17
1507	10
1508	21
1509	15
1510	6
1512	13
1513	40
1514	23
1515	18
1516	8
1517	27
1518	16
1520	11
1521	29
1522	32
1523	6
1525	9
1526	23
1527	23
1528	21
1529	12
1531	19
1532	0
1533	22
1534	23
1535	5
1536	7
1537	8
1538	13
1539	16
1540	31
1541	13
1542	25
1543	22
1544	13
1545	10
1546	33
1547	8
1549	12
1550	12
1551	30
1552	19
1553	48
1556	21
1557	33
1558	9
1559	5
1560	23
1561	17
1562	14
1563	42
1567	11
1568	4
1570	7
1571	11
1572	10
1573	62
1574	37
1576	31
1577	20
1578	25
1579	16
1580	14
1583	8
1584	5
1587	4
1588	31
1589	18
1590	17
1591	19
1592	9
1593	10
1594	14
1595	8
1596	7
1598	16
1599	27
1600	7
1601	12
1603	18
1604	7
1605	14
1607	16
1608	20
1609	10
1611	19
1612	3
1613	9
1614	2
1617	13
1618	28
1619	38
1620	25
1621	17
1622	18
1623	20
1624	13
1625	28
1626	9
1627	29
1628	7
1629	35
1630	17
1631	19
1632	5
1633	29
1634	22
1635	34
1637	19
1638	36
1639	23
1641	19
1642	3
1643	4
1644	12
1645	23
1647	28
1648	11
1649	7
1650	10
1651	13
1652	30
1653	9
1655	5
1656	6
1658	12
1659	28
1660	17
1661	44
1662	21
1663	12
1664	23
1665	16
1666	9
1667	20
1668	27
1669	37
1670	6
1671	8
1672	17
1673	26
1674	23
1675	1
1676	17
1678	22
1679	15
1681	37
1682	10
1683	30
1684	19
1685	6
1686	39
1687	16
1688	11
1689	46
1690	8
1691	48
1692	11
1693	13
1694	12
1695	11
1696	1
1697	19
1698	4
1699	0
1700	7
1701	7
1702	12
1703	14
1704	9
1705	9
1706	4
1707	17
1708	33
1709	30
1710	10
1711	16
1712	25
1713	30
1714	35
1715	2
1716	15
1717	21
1718	2
1719	23
1723	31
1724	43
1726	0
1727	28
1728	11
1730	18
1731	23
1732	28
1733	21
1734	26
1735	6
1736	4
1737	25
1738	28
1739	53
1741	7
1742	9
1743	24
1745	20
1746	11
1747	16
1748	9
1751	11
1752	22
1753	20
1754	20
1755	13
1756	11
1757	16
1759	8
1760	4
1761	29
1762	36
1764	9
1766	17
1767	31
1768	30
1770	9
1771	31
1772	15
1773	23
1774	17
1775	16
1776	24
1777	17
1778	11
1779	6
1780	10
1782	13
1783	12
1784	4
1785	6
1786	14
1788	8
1789	16
1790	6
1792	24
1793	3
1794	3
1795	10
1797	9
1798	29
1799	13
1800	22
1801	28
1802	17
1803	22
1804	33
1805	25
1806	10
1807	27
1808	48
1809	13
1810	6
1811	14
1812	10
1813	9
1814	5
1815	14
1817	26
1818	20
1820	34
1821	24
1822	12
1823	22
1824	12
1826	5
1827	21
1828	9
1829	9
1830	9
1832	14
1833	5
1834	16
1837	7
1838	21
1840	22
1841	27
1842	7
1844	24
1845	19
1846	18
1847	16
1848	9
1849	10
1850	14
1851	27
1853	17
1855	6
1856	11
1858	68
1859	5
1860	8
1861	13
1862	25
1863	10
1864	18
1865	8
1867	27
1868	9
1869	13
1870	24
1871	6
1872	20
1873	42
1874	39
1876	27
1877	5
1878	14
1879	14
1880	13
1881	13
1882	32
1883	19
1885	12
1887	8
1888	9
1889	12
1891	41
1892	13
1893	27
1894	17
1895	16
1897	24
1898	44
1899	18
1900	13
1901	16
1902	32
1903	9
1904	25
1905	21
1906	3
1907	13
1908	18
1909	19
1910	11
1911	5
1912	32
1913	8
1914	3
1915	21
1916	15
1917	33
1919	9
1921	19
1922	13
1923	8
1925	33
1928	23
1929	2
1930	11
1931	18
1932	20
1933	8
1934	13
1935	16
1936	23
1939	19
1941	9
1942	18
1943	10
1944	26
1945	13
1948	20
1949	6
1950	14
1951	8
1952	24
1953	13
1954	14
1955	25
1956	18
1957	8
1959	22
1960	5
1962	29
1964	7
1965	25
1966	7
1967	21
1968	14
1969	5
1971	17
1972	4
1973	7
1974	11
1975	7
1977	3
1978	10
1979	11
1980	7
1981	5
1982	18
1983	13
1984	27
1985	17
1986	24
1989	16
1990	20
1991	5
1992	2
1993	8
1994	27
1996	17
1997	1
1998	11
1999	7
2000	7
2001	10
2002	10
2004	13
2005	11
2006	29
2008	18
2009	32
2010	13
2011	12
2012	7
2013	19
2014	8
2015	19
2016	21
2017	35
2018	33
2019	12
2021	16
2022	22
2023	34
2024	34
2025	16
2026	3
2027	23
2028	13
2029	7
2030	12
2031	21
2032	16
2033	18
2034	14
2035	10
2037	14
2039	14
2040	9
2041	23
2042	12
2043	12
2044	6
2045	13
2046	10
2047	20
2048	8
2049	26
2050	5
2051	8
2052	16
2053	3
2054	12
2055	12
2057	11
2058	12
2059	35
2060	18
2061	10
2062	14
2063	16
2064	7
2066	7
2067	19
2069	18
2070	11
2071	6
2073	10
2075	19
2076	10
2078	23
2079	10
2080	17
2081	12
2082	18
2083	46
2084	26
2086	27
2087	4
2088	13
2089	32
2091	22
2092	1
2093	20
2095	23
2096	12
2097	39
2098	4
2099	8
2100	31
2101	17
2102	10
2103	2
2104	10
2105	31
2106	8
2107	26
2109	6
2110	13
2111	13
2112	9
2113	15
2114	12
2115	6
2116	34
2117	11
2118	22
2119	23
2120	6
2121	5
2123	7
2124	7
2125	18
2126	11
2127	26
2128	13
2131	16
2132	28
2133	13
2134	18
2135	6
2136	12
2137	24
2138	4
2139	12
2140	26
2141	39
2142	10
2144	18
2146	11
2147	15
2148	19
2149	6
2150	28
2151	14
2152	38
2153	3
2154	18
2155	11
2156	19
2157	20
2158	34
2160	10
2161	24
2162	27
2163	15
2164	4
2165	46
2166	10
2167	21
2168	12
2169	10
2170	9
2171	19
2172	4
2174	20
2175	30
2176	15
2177	8
2178	15
2179	16
2181	21
2183	15
2184	21
2185	11
2186	32
2189	31
2190	1
2191	37
2192	27
2193	15
2194	14
2195	9
2196	20
2197	9
2198	2
2199	29
2200	27
2201	15
2202	12
2204	21
2205	16
2206	7
2207	4
2208	15
2209	34
2210	9
2211	34
2212	39
2213	27
2214	6
2215	8
2216	41
2218	17
2219	17
2220	15
2221	39
2222	4
2223	15
2225	7
2226	4
2227	11
2228	9
2229	24
2230	49
2231	14
2232	15
2233	7
2234	29
2235	11
2236	8
2237	16
2238	15
2239	8
2240	22
2241	10
2242	4
2243	33
2244	24
2245	17
2246	31
2247	62
2248	12
2249	5
2250	17
2251	7
2252	12
2253	23
2254	17
2255	11
2256	16
2257	23
2258	15
2259	11
2260	8
2261	2
2265	15
2266	9
2268	15
2270	24
2271	19
2272	16
2273	28
2274	17
2275	0
2276	8
2277	33
2278	5
2279	28
2280	36
2281	10
2282	11
2283	11
2284	17
2285	17
2287	7
2288	31
2289	17
2290	47
2291	14
2292	24
2293	1
2294	1
2295	7
2296	8
2297	12
2298	4
2299	12
2300	25
2301	10
2302	20
2303	24
2304	6
2306	25
2307	4
2309	32
2310	23
2311	27
2313	15
2314	19
2315	3
2316	8
2318	50
2319	26
2320	15
2321	24
2322	38
2324	13
2325	15
2326	31
2327	10
2328	7
2329	8
2331	10
2332	3
2334	39
2335	29
2338	8
2339	28
2340	10
2341	28
2342	17
2343	29
2344	0
2345	21
2346	32
2347	6
2348	16
2349	30
2350	20
2352	18
2354	8
2355	21
2356	18
2357	9
2358	5
2359	54
2360	17
2361	4
2362	8
2363	24
2364	15
2365	37
2366	17
2368	15
2369	34
2371	18
2372	15
2373	36
2374	22
2375	46
2376	21
2377	20
2379	16
2380	11
2381	4
2382	15
2383	21
2384	15
2385	29
2386	16
2387	27
2388	2
2389	0
2390	12
2391	11
2392	20
2393	19
2394	32
2395	32
2397	25
2398	5
2399	18
2400	19
2401	10
2402	24
2403	28
2404	18
2405	9
2406	0
2407	8
2409	13
2412	11
2414	12
2415	9
2416	20
2417	6
2418	27
2419	23
2420	16
2423	25
2424	12
2425	43
2426	9
2427	26
2428	15
2429	15
2432	17
2433	21
2434	15
2435	25
2436	9
2437	26
2438	15
2439	3
2440	10
2441	6
2442	8
2443	11
2444	26
2445	6
2446	8
2447	30
2448	10
2449	3
2450	15
2451	4
2453	20
2454	7
2455	14
2456	21
2457	12
2458	4
2459	18
2460	20
2461	13
2462	2
2463	14
2466	21
2467	13
2468	20
2469	18
2470	11
2471	16
2472	26
2473	19
2474	4
2475	23
2476	16
2477	8
2478	28
2479	18
2480	16
2481	16
2482	11
2484	13
2485	22
2486	10
2487	7
2488	12
2489	21
2491	22
2492	19
2493	8
2494	5
2496	11
2498	25
2499	1
2500	7
2501	25
2502	13
2505	4
2506	7
2507	6
2508	6
2510	11
2511	22
2512	18
2513	20
2514	2
2515	16
2516	7
2517	17
2518	10
2519	19
2521	19
2523	15
2524	20
2525	46
2526	38
2527	19
2528	3
2529	21
2531	11
2533	13
2534	26
2536	18
2537	51
2538	28
2539	9
2541	28
2542	37
2543	19
2545	9
2547	8
2549	6
2550	2
2552	11
2553	38
2554	3
2556	14
2557	7
2558	35
2559	19
2560	17
2561	14
2562	13
2563	13
2564	6
2565	11
2566	11
2567	6
2568	19
2569	2
2570	10
2571	16
2572	20
2573	0
2574	37
2575	8
2576	15
2577	34
2578	16
2579	3
2580	14
2581	9
2582	28
2583	14
2584	22
2585	30
2586	17
2587	29
2588	19
2589	2
2590	27
2591	14
2592	12
2593	10
2594	3
2595	21
2597	9
2599	11
2600	7
2602	10
2603	22
2604	13
2605	14
2606	21
2607	12
2608	23
2609	18
2610	13
2611	36
2612	8
2613	22
2615	7
2616	21
2617	20
2618	14
2620	10
2622	18
2623	7
2624	7
2625	13
2626	5
2627	14
2628	24
2629	5
2630	5
2631	12
2632	9
2634	18
2636	29
2637	19
2638	9
2639	22
2640	34
2641	6
2642	17
2643	19
2644	34
2645	34
2646	7
2647	21
2648	4
2649	30
2650	20
2651	3
2652	13
2653	8
2654	16
2655	20
2658	38
2659	22
2661	12
2662	15
2663	14
2664	25
2665	7
2666	20
2667	26
2668	14
2669	21
2673	10
2674	17
2675	37
2676	6
2677	14
2678	24
2679	17
2680	14
2681	22
2682	5
2683	5
2684	9
2685	22
2688	30
2690	17
2692	9
2693	9
2694	17
2695	7
2696	22
2697	29
2698	5
2699	25
2700	12
2701	14
2702	28
2703	25
2704	12
2705	10
2706	19
2707	30
2709	14
2710	15
2711	25
2712	25
2713	10
2714	13
2716	15
2717	8
2718	3
2719	7
2721	17
2722	15
2723	8
2724	10
2725	19
2726	1
2727	19
2728	17
2729	15
2730	9
2731	6
2732	18
2733	40
2734	23
2735	11
2736	24
2737	20
2738	3
2739	6
2740	6
2741	41
2742	22
2743	12
2745	39
2746	28
2747	13
2748	7
2749	40
2750	10
2752	18
2753	18
2754	15
2755	20
2756	31
2757	13
2758	37
2759	25
2761	14
2763	12
2764	18
2769	15
2770	26
2771	14
2772	15
2774	6
2775	19
2776	15
2777	6
2779	2
2780	9
2781	22
2782	20
2783	6
2784	17
2785	17
2786	9
2788	29
2789	11
2790	21
2791	7
2792	20
2793	26
2794	15
2795	13
2796	11
2798	5
2799	15
2800	3
2801	17
2802	10
2803	13
2804	14
2806	18
2807	19
2809	15
2810	24
2811	10
2812	31
2813	13
2814	4
2815	19
2816	13
2817	33
2818	16
2819	9
2821	11
2822	17
2823	13
2824	2
2825	26
2826	20
2828	31
2829	24
2830	13
2831	15
2832	19
2833	37
2834	5
2835	4
2836	19
2838	12
2839	13
2840	33
2841	11
2842	19
2843	10
2844	17
2846	3
2847	18
2848	26
2849	18
2850	8
2851	22
2852	22
2853	18
2854	5
2857	4
2858	16
2860	36
2861	8
2862	7
2863	10
2865	31
2866	12
2868	35
2870	22
2871	7
2873	25
2874	11
2875	16
2876	29
2877	26
2878	17
2880	29
2881	11
2882	21
2883	11
2884	8
2885	7
2886	9
2887	37
2888	15
2889	6
2890	15
2891	10
2893	40
2894	13
2895	5
2896	15
2897	13
2898	24
2900	16
2901	31
2902	35
2904	5
2905	14
2906	20
2907	15
2908	10
2909	13
2910	16
2911	15
2912	12
2913	17
2914	33
2915	10
2916	14
2917	6
2918	3
2919	32
2920	26
2921	11
2922	27
2923	7
2925	8
2926	4
2927	1
2928	28
2931	14
2932	20
2933	6
2934	12
2935	3
2936	22
2937	7
2938	10
2939	22
2940	15
2941	12
2942	14
2943	1
2944	16
2945	13
2946	19
2947	11
2948	21
2949	5
2950	21
2951	33
2952	24
2953	8
2955	21
2956	30
2957	35
2958	20
2959	21
2960	6
2961	21
2962	17
2963	22
2965	19
2966	14
2968	22
2971	28
2972	4
2974	20
2975	20
2976	7
2977	12
2978	33
2979	30
2980	4
2981	11
2982	24
2983	8
2984	10
2985	21
2986	35
2987	4
2988	8
2989	19
2990	35
2991	3
2992	36
2994	23
2995	19
2996	15
2997	8
2999	21
3000	3
3001	30
3002	39
3003	23
3004	13
3005	14
3006	21
3008	11
3009	19
3011	14
3012	10
3013	23
3014	21
3015	8
3016	13
3017	15
3018	8
3019	13
3020	15
3022	1
3023	7
3024	18
3025	20
3026	12
3027	31
3028	18
3029	20
3031	20
3032	16
3033	24
3035	18
3036	23
3037	13
3038	25
3040	34
3041	17
3042	14
3043	8
3044	1
3045	11
3046	9
3047	15
3048	7
3049	8
3050	8
3051	12
3052	9
3053	6
3054	19
3055	13
3057	22
3058	18
3059	15
3060	11
3061	20
3062	23
3063	6
3064	14
3065	18
3066	3
3068	21
3069	11
3071	26
3072	38
3073	14
3074	19
3075	7
3076	17
3077	17
3078	23
3079	28
3080	22
3081	43
3082	25
3083	5
3084	11
3085	20
3086	20
3087	23
3088	6
3089	20
3090	5
3091	5
3092	16
3093	8
3094	11
3096	5
3097	27
3098	15
3099	35
3100	8
3102	22
3104	16
3105	25
3106	23
3107	8
3108	35
3109	15
3110	21
3111	5
3112	19
3113	32
3114	6
3115	10
3116	17
3117	57
3118	13
3119	9
3123	24
3124	22
3126	21
3127	32
3128	11
3129	8
3130	27
3131	11
3132	18
3133	10
3134	5
3135	6
3136	8
3137	7
3138	13
3139	44
3140	19
3141	27
3142	17
3143	8
3144	7
3145	20
3146	32
3147	10
3148	10
3149	4
3150	10
3152	12
3153	10
3154	25
3155	30
3156	23
3157	29
3158	9
3159	11
3160	19
3161	38
3162	16
3163	10
3164	23
3165	10
3166	27
3167	20
3169	27
3170	15
3171	5
3172	16
3174	15
3175	2
3176	4
3177	12
3178	4
3179	23
3180	13
3181	11
3183	3
3184	11
3185	34
3186	9
3187	11
3189	18
3190	15
3191	28
3192	25
3194	10
3195	14
3197	12
3198	21
3199	15
3200	12
3201	3
3202	6
3203	27
3204	12
3205	14
3206	18
3207	11
3208	15
3212	24
3213	9
3214	29
3215	7
3216	25
3218	19
3219	18
3220	16
3221	20
3222	16
3223	9
3224	13
3225	26
3227	12
3228	23
3230	10
3232	38
3233	21
3234	38
3235	11
3236	7
3237	3
3238	4
3239	12
3240	2
3241	8
3242	16
3243	28
3244	22
3247	27
3248	15
3249	9
3252	28
3253	20
3254	15
3255	12
3258	2
3259	37
3261	9
3262	16
3263	3
3264	0
3265	18
3266	7
3267	14
3268	18
3269	15
3270	17
3271	20
3272	34
3273	13
3274	9
3275	23
3276	24
3277	14
3279	30
3280	21
3281	22
3283	39
3284	33
3285	12
3286	14
3289	11
3291	26
3293	8
3294	11
3295	27
3296	19
3297	16
3299	14
3300	17
3301	12
3302	5
3303	20
3304	28
3305	20
3306	3
3308	7
3310	9
3311	3
3312	2
3313	14
3314	16
3317	24
3318	11
3319	15
3320	13
3321	14
3323	5
3324	6
3325	7
3326	12
3327	11
3328	9
3329	18
3330	3
3332	10
3333	18
3334	4
3335	19
3337	0
3338	24
3339	42
3340	13
3341	21
3342	26
3343	5
3344	16
3345	5
3346	29
3347	30
3348	16
3349	22
3350	4
3351	17
3352	14
3355	13
3356	24
3357	24
3358	38
3359	13
3360	6
3361	28
3363	43
3364	24
3366	23
3367	10
3368	9
3369	18
3370	15
3371	25
3373	16
3374	20
3375	17
3376	10
3377	27
3379	16
3381	0
3382	21
3385	20
3386	16
3387	8
3388	10
3389	29
3390	6
3391	44
3393	8
3394	21
3395	9
3396	27
3397	6
3398	1
3399	26
3400	8
3401	13
3402	9
3403	8
3404	22
3405	21
3406	2
3407	20
3408	11
3409	20
3410	42
3412	43
3413	13
3414	5
3416	30
3417	19
3418	10
3419	16
3420	5
3421	1
3422	7
3423	4
3424	17
3426	3
3428	22
3429	22
3430	11
3431	40
3432	27
3433	16
3434	10
3435	21
3436	12
3437	18
3439	22
3440	8
3442	33
3443	14
3444	6
3445	22
3446	26
3448	40
3450	53
3451	7
3452	7
3453	19
3454	11
3455	3
3456	17
3457	6
3458	23
3459	7
3460	17
3461	12
3462	14
3463	9
3465	31
3466	9
3467	26
3468	14
3469	21
3470	7
3471	19
3472	25
3473	11
3474	14
3476	26
3477	31
3478	49
3479	14
3480	17
3482	21
3483	8
3484	16
3485	32
3486	10
3487	7
3488	18
3489	26
3490	4
3491	9
3492	13
3493	12
3494	16
3495	11
3496	13
3497	13
3498	29
3499	31
3500	1
3501	20
3502	48
3503	15
3504	24
3505	31
3507	18
3508	37
3509	15
3510	5
3511	12
3512	5
3513	16
3514	12
3516	14
3517	13
3518	10
3519	32
3520	2
3521	3
3522	4
3523	13
3524	41
3525	25
3526	15
3527	26
3528	10
3529	8
3530	27
3531	21
3532	18
3533	17
3534	12
3535	23
3536	17
3537	9
3538	47
3539	15
3540	7
3541	11
3542	29
3543	9
3544	20
3545	16
3547	1
3548	34
3549	14
3550	11
3551	34
3552	4
3553	15
3554	7
3556	14
3557	17
3558	31
3559	37
3560	29
3561	5
3562	17
3563	13
3565	14
3566	17
3567	26
3568	11
3569	40
3570	17
3572	23
3573	6
3574	10
3575	11
3576	47
3579	8
3580	27
3582	22
3584	30
3585	17
3586	14
3587	14
3588	10
3589	24
3590	29
3591	20
3592	26
3595	6
3597	17
3598	8
3599	7
3600	30
3601	31
3602	3
3604	5
3605	20
3606	10
3607	11
3608	10
3609	17
3610	19
3611	24
3612	9
3614	12
3616	19
3617	42
3618	5
3619	40
3620	5
3621	5
3622	26
3623	9
3624	28
3625	25
3626	31
3627	18
3628	17
3629	17
3630	9
3631	22
3632	7
3633	22
3634	18
3637	23
3640	30
3643	16
3645	9
3646	21
3647	17
3648	14
3650	12
3651	22
3652	26
3653	2
3654	17
3655	28
3657	24
3658	12
3660	19
3661	3
3663	10
3664	12
3666	25
3667	16
3668	13
3669	14
3670	16
3672	21
3673	5
3674	13
3675	3
3676	7
3677	26
3678	18
3679	39
3680	29
3681	14
3682	44
3683	15
3684	23
3685	13
3686	12
3687	19
3688	10
3689	24
3690	13
3691	47
3692	7
3693	15
3696	8
3697	10
3699	38
3700	36
3701	4
3702	10
3703	3
3704	4
3705	5
3706	15
3707	24
3708	45
3709	22
3710	21
3711	35
3712	7
3713	25
3714	26
3715	14
3716	11
3717	22
3718	16
3719	10
3720	5
3721	16
3723	5
3724	16
3725	4
3726	9
3728	15
3729	32
3730	9
3731	19
3732	9
3733	20
3734	34
3735	27
3736	12
3737	18
3738	13
3739	5
3740	14
3742	20
3743	31
3744	5
3746	31
3747	13
3748	7
3749	38
3750	22
3751	25
3752	15
3753	16
3754	35
3755	19
3757	22
3758	24
3759	18
3760	18
3761	9
3762	4
3763	8
3764	10
3765	27
3766	39
3767	8
3768	10
3769	24
3770	12
3771	11
3772	28
3773	15
3774	14
3775	25
3776	15
3777	15
3778	22
3779	20
3780	10
3781	22
3783	18
3785	26
3786	14
3787	6
3788	36
3789	16
3790	13
3792	20
3793	6
3794	26
3795	12
3796	9
3798	3
3799	27
3800	15
3801	27
3802	12
3803	31
3804	27
3805	10
3806	7
3807	23
3809	15
3810	7
3812	5
3814	17
3816	2
3817	28
3818	31
3819	20
3820	39
3821	16
3822	29
3823	35
3824	9
3825	10
3826	23
3827	16
3828	11
3829	21
3830	18
3832	38
3833	5
3835	11
3836	4
3837	27
3838	35
3839	13
3843	61
3844	19
3845	11
3846	17
3847	3
3848	8
3849	26
3850	33
3851	6
3852	16
3853	13
3854	6
3855	12
3856	16
3858	14
3859	19
3861	13
3862	13
3863	11
3864	12
3865	11
3866	10
3868	28
3870	9
3871	3
3872	17
3873	4
3874	16
3875	13
3876	23
3877	9
3879	15
3880	6
3881	13
3882	13
3883	25
3884	24
3885	23
3886	4
3887	18
3888	15
3889	9
3890	12
3891	4
3892	12
3893	7
3895	22
3896	6
3897	13
3898	21
3899	9
3900	26
3901	29
3902	22
3903	6
3904	23
3905	25
3906	2
3907	33
3908	12
3909	4
3911	3
3912	16
3913	4
3914	8
3915	12
3916	35
3917	22
3918	7
3919	5
3920	14
3921	26
3922	43
3923	5
3925	19
3926	13
3927	47
3928	3
3929	11
3930	15
3931	30
3932	48
3933	12
3934	9
3935	11
3936	7
3937	17
3938	18
3939	19
3940	8
3941	18
3942	19
3943	9
3944	18
3945	20
3946	26
3947	6
3948	15
3949	31
3950	13
3951	32
3952	11
3954	8
3958	14
3959	18
3961	1
3962	21
3963	25
3964	6
3966	10
3967	15
3968	15
3969	7
3970	11
3971	8
3972	14
3973	22
3974	15
3975	17
3977	5
3980	13
3981	7
3982	11
3983	6
3984	2
3985	16
3987	10
3988	13
3989	16
3990	8
3991	22
3992	7
3993	3
3994	15
3995	15
3996	2
3997	9
3998	17
3999	8
4000	12
4001	46
4002	7
4004	14
4005	2
4007	42
4008	37
4009	4
4010	12
4011	12
4013	19
4014	22
4015	33
4016	22
4017	31
4018	8
4019	25
4020	19
4021	11
4022	28
4023	6
4024	9
4026	5
4028	17
4029	14
4030	21
4031	10
4032	10
4033	12
4034	27
4035	27
4036	24
4037	6
4038	7
4039	7
4040	9
4041	9
4042	13
4043	11
4044	25
4045	9
4046	10
4048	27
4049	23
4050	10
4051	4
4052	23
4053	8
4054	36
4055	7
4056	6
4057	5
4058	10
4059	27
4060	11
4061	21
4062	16
4063	20
4064	16
4066	6
4067	33
4068	7
4069	15
4070	23
4071	13
4072	11
4073	16
4074	24
4075	22
4077	12
4078	16
4079	21
4080	13
4081	11
4082	35
4083	7
4085	12
4086	1
4087	5
4090	22
4092	19
4093	9
4094	9
4095	30
4096	8
4097	6
4098	16
4099	13
4100	8
4101	9
4102	15
4103	30
4104	3
4105	30
4107	23
4108	19
4109	16
4110	33
4111	17
4112	6
4113	5
4114	10
4115	8
4116	8
4117	11
4118	27
4119	21
4121	23
4122	5
4123	17
4124	48
4125	31
4126	5
4127	19
4128	17
4129	16
4130	4
4132	27
4133	6
4134	12
4136	18
4137	21
4138	17
4139	9
4140	23
4141	12
4142	1
4143	27
4144	20
4146	14
4148	15
4149	18
4150	3
4151	12
4152	15
4153	12
4154	37
4155	12
4156	21
4157	31
4158	19
4160	7
4161	10
4162	39
4163	19
4164	1
4165	23
4166	8
4167	30
4168	22
4169	19
4170	36
4171	12
4172	15
4173	15
4175	18
4176	2
4178	5
4180	33
4181	7
4182	18
4183	22
4184	6
4186	19
4187	10
4188	21
4189	20
4190	13
4191	20
4192	9
4193	17
4195	11
4196	13
4197	34
4198	21
4200	13
4201	7
4202	30
4204	12
4207	23
4208	17
4209	4
4210	17
4211	20
4213	8
4215	17
4216	7
4217	10
4219	30
4220	16
4221	30
4222	5
4223	16
4224	0
4225	4
4226	43
4227	18
4228	21
4229	16
4230	7
4231	20
4233	29
4234	18
4235	10
4236	17
4237	18
4238	5
4239	16
4240	37
4241	12
4242	8
4243	8
4244	5
4245	25
4246	31
4247	11
4248	10
4249	7
4250	12
4251	3
4252	17
4253	0
4254	8
4255	20
4256	7
4257	20
4258	10
4261	11
4263	18
4264	26
4265	27
4266	12
4267	5
4268	21
4269	21
4270	20
4271	16
4272	15
4273	27
4274	18
4275	26
4276	9
4277	5
4278	1
4279	15
4280	2
4281	10
4283	16
4284	21
4285	25
4286	43
4287	21
4288	4
4289	14
4290	25
4291	14
4292	27
4293	31
4295	4
4296	41
4299	12
4300	22
4301	38
4302	3
4303	11
4304	10
4305	12
4306	22
4307	10
4308	23
4309	51
4310	12
4312	23
4313	11
4314	39
4316	11
4317	11
4318	12
4321	9
4322	11
4323	2
4324	21
4326	13
4327	28
4328	15
4329	18
4330	10
4331	7
4332	20
4333	26
4334	3
4335	12
4336	11
4337	6
4338	17
4340	25
4341	10
4342	35
4343	21
4344	24
4346	5
4347	35
4348	21
4351	15
4352	10
4353	14
4354	26
4355	7
4356	10
4357	7
4358	10
4359	1
4360	18
4362	6
4363	21
4364	6
4365	10
4366	16
4367	17
4368	2
4369	7
4371	16
4372	6
4373	25
4375	30
4376	12
4377	11
4379	21
4380	16
4381	7
4382	0
4383	15
4384	21
4385	11
4386	24
4387	0
4388	18
4389	8
4390	26
4391	13
4392	19
4393	14
4394	7
4395	13
4396	16
4397	14
4398	21
4399	19
4400	24
4402	14
4403	5
4404	11
4405	14
4406	6
4407	15
4408	38
4409	28
4410	12
4411	16
4413	25
4414	18
4415	20
4416	26
4418	17
4419	9
4420	9
4421	9
4422	16
4424	10
4425	15
4427	24
4428	19
4429	14
4430	3
4431	10
4432	15
4433	16
4435	18
4437	21
4438	11
4439	9
4441	16
4443	19
4444	14
4445	10
4447	29
4448	28
4449	24
4450	9
4451	12
4453	37
4454	27
4455	23
4456	25
4457	19
4458	29
4459	22
4460	31
4461	28
4462	2
4463	21
4466	12
4467	13
4468	15
4469	2
4470	31
4471	18
4472	10
4473	13
4474	4
4476	7
4477	8
4478	15
4479	2
4480	2
4481	14
4483	6
4484	41
4485	24
4487	6
4488	19
4489	18
4490	13
4491	8
4492	14
4493	8
4494	17
4495	17
4496	19
4497	27
4498	13
4499	29
4500	18
4501	13
4502	15
4503	44
4504	29
4505	21
4508	3
4509	11
4511	8
4514	9
4515	11
4516	17
4517	33
4518	1
4519	30
4521	23
4523	11
4524	31
4525	13
4526	27
4527	20
4529	14
4530	25
4531	46
4533	5
4534	9
4535	36
4536	14
4537	11
4538	6
4539	21
4540	18
4541	19
4543	26
4544	36
4545	16
4546	20
4547	29
4548	27
4549	6
4550	39
4551	9
4552	8
4553	28
4554	0
4555	10
4556	4
4557	18
4558	14
4560	22
4561	9
4563	22
4564	1
4565	15
4567	15
4568	2
4569	25
4570	11
4571	14
4572	10
4573	20
4575	11
4576	16
4577	16
4578	23
4579	24
4580	32
4581	6
4583	13
4584	10
4585	5
4586	7
4587	7
4588	8
4589	30
4590	12
4591	19
4592	14
4594	16
4595	12
4596	20
4597	9
4599	24
4602	31
4603	17
4604	16
4605	22
4606	7
4607	17
4608	17
4609	7
4610	10
4611	13
4613	23
4614	14
4615	7
4616	27
4617	15
4618	18
4619	13
4620	18
4621	31
4622	15
4623	6
4624	12
4625	12
4626	13
4627	18
4628	29
4629	11
4630	28
4631	19
4632	16
4633	8
4634	13
4635	28
4636	12
4637	22
4638	19
4639	12
4640	22
4641	32
4642	4
4643	21
4644	15
4645	27
4646	21
4647	9
4648	19
4649	23
4650	23
4651	26
4652	18
4653	12
4654	7
4655	5
4656	10
4657	5
4660	12
4661	6
4662	24
4663	22
4664	16
4665	14
4666	4
4667	34
4669	20
4671	28
4672	4
4673	0
4674	15
4675	5
4677	14
4678	14
4679	14
4682	6
4683	50
4684	14
4685	14
4686	23
4688	34
4689	38
4690	23
4691	15
4692	50
4694	12
4695	13
4696	13
4697	2
4698	17
4699	19
4700	7
4701	21
4702	3
4703	22
4704	9
4705	13
4706	12
4707	14
4708	13
4709	14
4710	18
4711	13
4712	26
4713	7
4714	25
4716	7
4717	17
4718	12
4719	0
4720	36
4721	16
4723	16
4724	18
4725	9
4726	36
4727	15
4728	21
4729	35
4730	11
4731	9
4733	11
4734	10
4735	11
4736	18
4737	31
4739	16
4740	1
4741	35
4743	19
4744	34
4745	7
4746	18
4747	4
4748	5
4749	12
4750	16
4751	2
4753	16
4754	11
4755	5
4756	17
4757	9
4758	12
4759	11
4760	4
4761	12
4762	8
4763	19
4764	13
4765	22
4766	12
4767	16
4768	15
4769	9
4771	5
4772	29
4773	27
4774	10
4775	9
4776	10
4777	18
4779	8
4780	13
4781	13
4782	25
4783	15
4784	21
4786	6
4787	7
4788	11
4789	9
4790	55
4791	11
4793	12
4794	9
4795	19
4796	36
4797	17
4798	17
4799	13
4800	34
4801	29
4802	7
4803	9
4804	13
4805	17
4806	21
4807	46
4808	6
4809	6
4810	27
4811	7
4812	19
4814	15
4815	35
4817	8
4818	22
4819	29
4820	16
4821	9
4823	16
4824	2
4825	9
4826	9
4828	26
4829	14
4830	13
4831	36
4832	23
4834	19
4836	4
4837	6
4838	16
4839	21
4840	7
4841	12
4842	15
4843	1
4844	24
4845	10
4846	36
4847	10
4848	8
4849	20
4850	11
4852	33
4853	6
4854	11
4855	16
4856	14
4857	12
4858	27
4859	20
4860	10
4861	13
4863	18
4864	16
4865	8
4866	25
4868	20
4869	19
4870	34
4871	21
4873	34
4874	28
4875	16
4876	16
4877	16
4878	34
4880	3
4881	21
4882	56
4883	46
4885	19
4886	22
4887	4
4888	14
4889	25
4891	15
4893	9
4894	28
4895	9
4896	24
4897	36
4898	6
4899	21
4900	5
4902	10
4903	20
4904	48
4905	7
4906	24
4908	3
4909	12
4910	14
4911	8
4912	3
4913	8
4914	20
4917	12
4918	6
4919	42
4920	11
4921	13
4922	8
4923	27
4924	12
4925	12
4926	34
4927	9
4928	4
4929	6
4930	9
4931	9
4932	7
4933	17
4934	34
4935	12
4936	21
4937	12
4938	15
4939	15
4940	27
4941	18
4942	29
4944	13
4945	29
4946	5
4947	12
4948	12
4950	1
4951	18
4952	4
4954	14
4955	7
4957	15
4958	24
4959	21
4961	16
4962	13
4963	19
4965	22
4966	34
4967	30
4968	4
4969	18
4970	21
4971	11
4974	18
4975	15
4976	19
4977	14
4978	6
4979	27
4980	9
4982	10
4984	6
4985	9
4986	6
4987	14
4988	10
4991	12
4992	10
4993	29
4994	8
4995	27
4996	16
4997	10
4998	19
4999	7
5000	18
5001	8
5002	4
5003	2
5004	21
5005	16
5006	5
5007	12
5008	36
5009	39
5010	11
5011	0
5012	13
5013	34
5014	6
5015	1
5017	14
5018	6
5019	10
5020	21
5022	7
5023	8
5024	14
5026	8
5027	16
5029	21
5030	19
5031	5
5032	35
5033	18
5034	15
5035	12
5036	34
5037	22
5040	10
5041	33
5042	13
5043	15
5044	32
5045	20
5046	5
5048	19
5050	7
5052	21
5053	15
5054	15
5055	3
5057	12
5058	15
5059	13
5060	23
5061	27
5063	25
5064	22
5065	26
5066	9
5067	15
5069	2
5070	13
5071	7
5072	28
5073	12
5074	11
5077	26
5079	12
5081	12
5082	15
5083	25
5084	9
5085	30
5086	19
5088	38
5089	16
5090	20
5091	5
5092	6
5093	10
5096	16
5097	25
5098	37
5100	24
5101	9
5102	24
5103	31
5104	11
5106	8
5107	3
5108	14
5109	7
5110	11
5111	11
5112	36
5113	8
5114	32
5116	22
5118	16
5119	17
5120	11
5121	4
5123	3
5124	13
5125	10
5126	14
5127	18
5129	6
5130	33
5131	17
5132	9
5133	25
5134	15
5135	23
5136	10
5137	10
5138	15
5139	15
5140	17
5141	34
5142	20
5143	16
5144	16
5145	16
5146	15
5147	31
5150	12
5152	4
5154	19
5155	12
5156	10
5157	26
5158	6
5159	28
5160	18
5161	7
5162	28
5163	32
5164	1
5165	11
5167	6
5168	13
5169	22
5170	26
5171	12
5172	13
5173	19
5175	13
5177	21
5179	12
5180	21
5181	12
5182	30
5183	31
5184	3
5185	6
5186	18
5187	7
5188	3
5189	8
5190	16
5191	5
5192	15
5194	25
5195	16
5196	23
5197	14
5198	22
5201	6
5202	15
5204	30
5207	13
5208	24
5209	15
5210	22
5211	20
5212	11
5213	17
5214	14
5216	9
5217	24
5218	11
5219	6
5220	8
5221	16
5222	12
5223	23
5224	16
5225	49
5226	20
5227	8
5228	16
5231	13
5232	3
5235	10
5236	11
5237	18
5238	7
5239	23
5240	5
5241	15
5242	14
5243	4
5245	40
5246	12
5247	11
5249	7
5250	25
5251	19
5252	25
5253	10
5254	13
5255	10
5256	16
5257	35
5258	33
5259	13
5260	3
5261	9
5264	14
5265	15
5266	18
5267	12
5268	15
5269	22
5270	18
5271	21
5272	38
5273	17
5274	48
5275	6
5276	3
5277	33
5278	19
5279	8
5280	15
5281	11
5282	20
5283	9
5284	13
5285	11
5289	16
5290	21
5292	45
5293	3
5294	8
5295	11
5296	10
5297	2
5298	5
5299	7
5300	13
5301	19
5302	23
5303	20
5304	2
5307	12
5308	9
5309	10
5311	9
5312	19
5313	11
5314	22
5315	4
5316	20
5318	16
5319	4
5321	4
5322	23
5323	26
5324	39
5325	28
5326	4
5328	31
5329	22
5330	5
5331	12
5332	37
5333	4
5334	9
5335	18
5336	11
5337	10
5338	29
5339	23
5340	20
5342	7
5343	18
5344	14
5345	19
5346	18
5347	23
5348	12
5349	20
5350	16
5351	4
5353	19
5354	18
5355	13
5356	9
5357	25
5358	13
5359	28
5360	21
5361	31
5362	22
5363	9
5364	16
5365	5
5366	41
5367	24
5368	5
5369	20
5370	8
5371	5
5372	7
5373	17
5374	13
5376	30
5379	18
5381	20
5382	6
5383	6
5385	15
5386	6
5387	31
5388	22
5389	9
5390	17
5391	19
5393	10
5394	4
5395	7
5396	37
5397	7
5398	24
5399	31
5400	21
5401	13
5402	9
5403	20
5404	6
5405	11
5406	8
5407	25
5408	7
5409	22
5410	7
5411	15
5412	8
5413	13
5415	10
5417	17
5418	5
5419	9
5420	17
5421	12
5422	10
5423	15
5424	8
5425	15
5426	36
5428	0
5429	22
5430	13
5431	5
5432	29
5433	30
5434	5
5435	24
5436	17
5437	11
5438	13
5439	2
5440	13
5442	12
5444	0
5445	43
5447	8
5448	24
5449	7
5451	19
5453	13
5455	12
5456	25
5457	45
5458	25
5459	7
5460	10
5461	3
5462	12
5463	20
5464	16
5467	19
5468	4
5469	17
5470	14
5472	17
5474	4
5475	16
5476	24
5477	21
5478	13
5479	30
5480	8
5481	21
5482	22
5483	15
5484	16
5487	26
5488	50
5489	14
5490	14
5491	17
5492	11
5494	18
5495	29
5496	20
5497	10
5498	10
5500	6
5501	31
5502	6
5504	12
5505	1
5506	29
5507	7
5508	10
5509	21
5510	6
5511	12
5513	9
5514	28
5515	26
5516	17
5517	29
5519	5
5520	21
5521	12
5522	25
5523	33
5524	9
5525	24
5527	14
5528	9
5530	20
5531	14
5532	24
5533	7
5535	20
5536	25
5537	7
5538	5
5539	13
5541	15
5542	22
5543	7
5544	23
5545	12
5547	7
5548	0
5549	10
5550	3
5552	32
5553	1
5555	16
5556	2
5558	13
5559	5
5561	14
5562	14
5563	8
5564	22
5566	25
5568	21
5569	18
5570	9
5571	13
5572	33
5573	23
5574	14
5575	8
5577	21
5578	31
5579	24
5581	39
5582	35
5583	9
5584	23
5585	36
5586	17
5587	19
5589	14
5590	17
5591	22
5592	11
5593	18
5594	15
5595	5
5596	23
5597	24
5598	8
5599	20
5600	2
5601	8
5602	40
5603	21
5604	0
5605	26
5606	12
5607	18
5608	3
5609	22
5610	26
5611	25
5612	14
5613	25
5614	10
5617	0
5618	10
5619	10
5621	17
5622	17
5623	34
5624	24
5625	13
5626	26
5627	27
5628	33
5629	30
5630	9
5631	7
5632	13
5633	23
5635	24
5636	20
5637	10
5638	6
5639	8
5640	14
5641	22
5642	13
5644	23
5645	0
5647	16
5648	38
5649	9
5651	8
5652	9
5654	28
5655	25
5656	13
5658	13
5659	17
5660	4
5661	14
5662	15
5663	5
5664	36
5665	23
5666	6
5667	7
5668	12
5669	16
5671	22
5672	21
5673	36
5675	11
5676	5
5677	36
5678	25
5679	28
5681	6
5682	15
5683	11
5684	12
5685	20
5688	9
5689	9
5691	26
5692	35
5693	9
5694	21
5695	42
5696	11
5698	12
5699	3
5700	9
5701	27
5702	20
5704	16
5705	41
5706	5
5707	28
5709	21
5710	5
5711	16
5712	13
5713	15
5714	1
5716	8
5717	17
5718	17
5719	4
5720	15
5721	12
5722	21
5723	17
5724	16
5726	20
5727	17
5728	16
5729	9
5730	32
5731	17
5733	17
5734	38
5737	13
5738	15
5740	2
5741	14
5742	32
5743	6
5745	15
5746	15
5747	27
5748	14
5749	27
5750	24
5751	20
5752	14
5753	9
5754	6
5755	24
5756	29
5757	12
5758	4
5760	3
5762	18
5763	22
5765	9
5766	44
5767	29
5768	14
5769	17
5771	17
5772	5
5773	5
5774	6
5775	1
5776	8
5777	6
5778	14
5779	0
5780	1
5781	25
5782	8
5783	7
5784	9
5785	4
5786	28
5787	9
5788	19
5790	17
5791	14
5792	7
5793	4
5794	8
5798	13
5799	17
5801	16
5802	7
5803	11
5804	18
5805	15
5806	29
5807	6
5808	12
5809	7
5810	12
5811	26
5812	28
5813	33
5814	29
5815	13
5816	29
5817	14
5818	8
5819	19
5820	5
5821	3
5822	9
5823	9
5824	21
5826	12
5827	28
5828	21
5829	33
5830	12
5831	10
5832	17
5833	22
5835	15
5837	25
5838	12
5839	17
5841	33
5842	9
5844	28
5845	28
5848	34
5850	9
5852	22
5853	24
5854	11
5855	12
5856	13
5857	10
5858	24
5859	20
5860	25
5862	10
5863	8
5864	22
5865	8
5866	15
5867	6
5868	6
5869	4
5870	13
5871	11
5872	9
5873	17
5874	12
5875	2
5876	20
5877	4
5878	24
5879	9
5880	11
5881	19
5884	28
5885	34
5886	7
5888	33
5890	27
5891	18
5892	28
5894	17
5895	4
5896	12
5897	12
5898	9
5899	19
5900	17
5901	31
5902	16
5904	6
5905	14
5906	13
5907	18
5908	7
5909	10
5910	12
5911	11
5912	50
5913	4
5914	22
5915	4
5916	7
5918	15
5919	38
5920	14
5921	9
5922	5
5923	8
5924	5
5925	13
5926	16
5927	12
5928	18
5929	21
5930	43
5931	18
5932	13
5933	10
5936	12
5937	15
5938	8
5939	7
5940	10
5941	5
5942	4
5943	16
5944	32
5945	10
5946	25
5947	22
5949	8
5950	56
5952	14
5953	14
5954	28
5955	33
5956	11
5958	36
5959	3
5961	44
5962	30
5963	7
5964	30
5965	28
5966	16
5967	20
5968	27
5969	19
5970	22
5972	22
5973	13
5975	17
5976	14
5977	11
5979	17
5980	35
5981	8
5982	20
5983	20
5984	25
5985	40
5986	2
5987	6
5988	15
5989	12
5990	5
5991	10
5992	7
5993	21
5994	12
5995	4
5997	18
5998	23
5999	27
6000	15
6001	16
6002	7
6003	13
6004	12
6005	10
6006	19
6007	24
6008	16
6009	21
6010	20
6011	7
6012	26
6016	18
6017	14
6018	18
6019	16
6020	4
6021	9
6022	11
6023	10
6024	15
6026	12
6027	22
6028	19
6029	19
6030	15
6031	16
6033	13
6034	16
6035	12
6036	16
6037	8
6038	11
6039	31
6040	7
6041	4
6042	14
6043	26
6044	14
6045	14
6046	17
6047	13
6049	25
6050	23
6051	25
6052	2
6053	19
6054	12
6056	13
6057	20
6059	9
6060	18
6061	19
6062	13
6063	11
6064	3
6065	4
6066	5
6067	20
6068	15
6069	6
6072	14
6074	22
6079	0
6080	16
6081	15
6082	31
6083	16
6085	9
6088	14
6089	8
6090	23
6091	6
6092	22
6093	28
6094	23
6095	3
6096	6
6097	27
6098	29
6099	11
6100	34
6101	21
6102	15
6104	25
6105	5
6106	26
6107	14
6108	17
6109	9
6110	18
6111	51
6112	25
6113	8
6114	11
6116	20
6117	5
6119	19
6121	10
6122	19
6123	7
6124	18
6128	9
6129	5
6130	11
6131	15
6132	8
6133	14
6134	10
6135	24
6136	42
6138	23
6139	14
6140	27
6141	18
6142	24
6143	24
6144	15
6145	18
6146	9
6147	6
6148	9
6149	32
6153	11
6154	14
6155	18
6156	7
6157	11
6158	4
6159	10
6160	15
6161	14
6163	19
6164	15
6165	15
6166	10
6167	18
6168	11
6169	16
6172	10
6173	7
6175	51
6176	5
6177	12
6179	8
6180	26
6182	22
6183	16
6184	15
6185	15
6186	30
6187	18
6188	20
6189	3
6190	34
6191	23
6192	14
6193	19
6194	10
6195	2
6196	10
6197	30
6198	24
6199	41
6200	12
6201	42
6202	16
6204	7
6205	5
6206	10
6207	23
6208	5
6209	13
6211	22
6212	18
6214	13
6215	12
6216	19
6217	15
6218	15
6219	18
6221	8
6222	9
6223	23
6224	50
6225	15
6226	12
6227	22
6228	29
6229	15
6230	5
6231	5
6232	21
6233	14
6234	9
6235	9
6236	25
6237	12
6238	11
6239	25
6241	18
6242	39
6243	41
6244	19
6245	13
6246	18
6247	32
6248	22
6249	32
6250	2
6251	24
6252	22
6253	24
6254	8
6255	12
6256	44
6257	15
6258	38
6259	17
6261	5
6262	14
6263	23
6264	11
6265	26
6266	12
6267	7
6268	8
6269	28
6270	16
6271	4
6272	16
6273	26
6274	23
6275	14
6276	19
6277	24
6278	5
6279	19
6280	33
6281	7
6282	13
6283	14
6284	26
6285	17
6286	0
6288	25
6289	20
6290	11
6291	12
6292	22
6293	33
6294	2
6295	33
6296	14
6297	44
6300	26
6301	23
6302	16
6304	5
6305	9
6306	7
6307	7
6308	57
6309	22
6310	8
6311	21
6312	24
6313	15
6314	25
6316	13
6318	4
6319	3
6320	23
6322	14
6324	11
6325	17
6326	25
6327	7
6328	17
6329	5
6330	14
6331	15
6332	26
6333	8
6334	15
6335	33
6336	15
6337	14
6339	30
6341	25
6343	4
6344	7
6345	23
6346	25
6347	21
6348	19
6349	32
6350	25
6351	22
6352	30
6353	8
6354	5
6355	30
6356	25
6357	20
6358	24
6359	4
6360	23
6361	9
6362	2
6363	22
6365	10
6366	17
6367	23
6368	8
6370	8
6371	25
6372	43
6373	32
6375	7
6376	12
6377	21
6378	12
6379	16
6382	12
6383	9
6384	22
6385	14
6386	5
6387	23
6388	21
6389	45
6391	21
6392	5
6393	14
6394	20
6395	12
6396	13
6397	30
6398	10
6400	7
6401	12
6403	24
6404	20
6405	13
6406	5
6407	20
6408	16
6409	35
6410	11
6411	19
6412	24
6413	34
6414	23
6415	39
6416	29
6417	10
6420	14
6421	5
6422	22
6423	2
6425	10
6426	9
6427	7
6428	10
6429	34
6431	18
6432	6
6433	0
6435	18
6437	16
6438	6
6439	7
6440	0
6441	44
6442	38
6443	13
6444	13
6445	10
6446	17
6447	18
6448	8
6450	17
6451	8
6452	23
6453	5
6454	35
6455	11
6456	16
6457	20
6458	23
6459	2
6460	13
6461	10
6462	7
6463	5
6464	4
6465	14
6466	34
6467	11
6468	27
6469	6
6471	12
6472	7
6474	11
6475	13
6476	15
6477	13
6478	27
6479	49
6480	11
6482	23
6483	5
6484	50
6485	28
6486	10
6487	50
6488	17
6489	33
6490	5
6491	26
6492	23
6493	14
6494	10
6495	5
6497	21
6498	10
6499	34
6500	18
6501	13
6502	22
6503	21
6504	9
6505	21
6506	34
6507	13
6508	16
6513	11
6514	18
6515	9
6519	30
6520	10
6521	9
6523	17
6524	15
6525	16
6526	18
6527	20
6528	17
6529	36
6530	32
6531	19
6532	30
6533	9
6534	8
6535	16
6536	8
6537	18
6538	13
6539	22
6540	1
6541	12
6542	25
6543	26
6544	19
6545	20
6546	16
6547	10
6548	9
6550	22
6551	31
6552	12
6553	22
6554	27
6555	3
6556	15
6557	17
6558	10
6559	8
6560	9
6561	9
6563	18
6564	25
6566	17
6567	10
6568	12
6569	11
6570	11
6571	23
6572	16
6573	23
6574	16
6575	9
6576	19
6577	36
6578	13
6579	7
6580	36
6581	33
6582	14
6583	12
6584	17
6585	12
6586	6
6587	12
6588	23
6589	13
6590	20
6591	18
6593	6
6594	15
6595	21
6596	7
6598	14
6599	3
6600	6
6601	3
6603	19
6604	7
6605	13
6606	15
6607	35
6608	27
6609	20
6610	17
6611	24
6612	28
6613	6
6614	17
6615	13
6616	28
6617	25
6618	19
6619	22
6620	20
6621	13
6622	30
6624	17
6626	20
6627	17
6629	14
6630	19
6631	19
6632	22
6633	9
6634	9
6635	32
6636	13
6637	9
6638	35
6639	30
6641	9
6642	15
6643	22
6644	4
6646	11
6647	1
6648	9
6649	9
6650	10
6652	1
6655	13
6656	21
6659	13
6660	7
6661	21
6663	18
6664	15
6665	16
6666	16
6667	35
6668	14
6669	25
6670	16
6672	12
6673	29
6675	45
6676	29
6677	25
6678	7
6679	9
6680	23
6681	21
6682	27
6683	16
6684	44
6685	9
6686	27
6689	25
6690	37
6691	20
6692	22
6693	33
6694	25
6696	32
6698	10
6699	28
6700	31
6701	29
6703	20
6704	9
6705	24
6706	6
6707	12
6708	21
6709	28
6710	9
6712	8
6713	12
6714	10
6715	12
6716	22
6717	26
6718	16
6720	30
6721	26
6722	7
6723	40
6724	4
6725	31
6726	17
6727	4
6729	11
6730	18
6731	26
6732	9
6733	29
6734	11
6735	11
6736	22
6738	8
6739	27
6740	21
6741	11
6742	6
6743	14
6744	17
6746	11
6748	16
6749	7
6750	12
6751	20
6753	50
6754	4
6755	21
6756	17
6757	24
6758	22
6759	22
6760	7
6761	39
6762	6
6763	39
6765	7
6766	15
6767	14
6768	10
6769	0
6770	30
6772	17
6773	9
6774	27
6775	19
6776	8
6777	28
6778	3
6779	29
6780	31
6781	25
6782	12
6783	17
6784	15
6785	8
6786	3
6788	41
6790	9
6791	4
6792	7
6793	11
6794	15
6795	13
6796	16
6797	14
6798	12
6799	15
6800	22
6801	8
6802	8
6803	7
6804	23
6805	46
6806	17
6807	16
6808	6
6809	33
6810	17
6811	17
6812	19
6813	3
6814	12
6815	13
6816	16
6818	10
6819	20
6820	8
6821	3
6822	14
6823	4
6824	14
6825	24
6826	8
6827	14
6829	13
6830	14
6831	10
6832	30
6833	15
6834	14
6835	16
6836	26
6837	1
6839	10
6840	5
6841	31
6842	7
6843	15
6844	16
6845	13
6846	16
6847	18
6848	10
6849	9
6850	28
6851	25
6853	18
6854	9
6855	5
6856	17
6857	26
6858	28
6859	15
6860	7
6861	28
6862	1
6863	11
6864	27
6865	3
6866	14
6867	13
6869	35
6870	27
6871	3
6872	18
6873	34
6874	15
6875	6
6876	26
6878	3
6879	31
6880	8
6881	7
6882	13
6883	12
6884	10
6886	15
6889	3
6890	10
6891	15
6892	12
6893	16
6895	14
6896	0
6897	12
6898	11
6899	8
6900	19
6901	13
6902	11
6903	17
6905	24
6907	16
6908	24
6909	25
6910	39
6911	12
6912	18
6913	9
6914	4
6915	7
6916	14
6917	20
6918	7
6919	23
6920	8
6921	10
6922	27
6923	22
6924	14
6925	21
6926	11
6927	2
6928	19
6929	20
6930	9
6931	19
6932	31
6933	28
6934	20
6935	31
6938	10
6939	18
6940	23
6943	6
6944	18
6946	24
6947	28
6948	10
6949	10
6950	10
6951	11
6952	10
6953	8
6954	16
6955	5
6956	8
6957	18
6958	10
6959	19
6960	7
6961	4
6962	21
6963	20
6965	14
6966	25
6967	17
6968	27
6969	19
6970	13
6971	10
6972	9
6973	27
6974	10
6975	6
6976	18
6977	12
6978	25
6979	20
6981	23
6983	24
6984	5
6985	27
6986	7
6988	35
6989	4
6990	27
6991	9
6992	17
6993	12
6995	11
6996	10
6998	13
6999	27
7000	31
7001	30
7002	11
7003	12
7004	11
7005	15
7008	15
7009	10
7010	26
7011	2
7012	0
7013	21
7015	13
7016	35
7017	7
7018	6
7019	19
7020	8
7021	27
7022	23
7023	28
7024	18
7025	25
7027	22
7028	11
7029	12
7030	36
7031	30
7033	26
7034	13
7035	5
7037	34
7038	12
7040	11
7041	9
7043	3
7044	22
7046	28
7047	26
7048	25
7049	17
7050	9
7051	12
7052	32
7053	14
7054	16
7055	33
7056	4
7057	20
7058	32
7059	28
7060	9
7061	7
7062	33
7063	7
7064	27
7065	7
7066	10
7067	12
7068	11
7070	18
7073	22
7074	16
7075	17
7076	23
7077	10
7078	9
7080	9
7081	28
7083	19
7084	20
7085	36
7086	7
7087	34
7088	5
7090	6
7091	28
7093	16
7094	32
7095	4
7096	7
7097	8
7098	29
7099	14
7100	35
7101	4
7102	14
7103	25
7105	6
7106	21
7108	22
7109	10
7111	13
7112	12
7113	3
7114	21
7115	11
7116	21
7117	36
7118	23
7119	13
7120	33
7121	15
7122	6
7123	18
7124	12
7125	22
7126	3
7127	5
7128	9
7129	14
7130	25
7131	5
7132	32
7133	24
7134	21
7135	34
7136	4
7137	8
7138	4
7139	14
7140	41
7144	11
7145	13
7146	18
7147	3
7148	7
7149	18
7150	3
7151	9
7153	40
7154	36
7156	1
7157	32
7158	12
7160	11
7161	4
7162	17
7163	11
7164	16
7165	13
7170	5
7173	7
7174	14
7175	18
7176	25
7177	6
7178	20
7179	43
7180	14
7181	12
7182	29
7183	23
7185	9
7186	35
7187	19
7188	0
7189	10
7190	30
7191	5
7193	9
7194	28
7196	4
7197	5
7198	9
7199	10
7200	7
7201	15
7202	14
7203	19
7204	33
7205	2
7206	19
7208	19
7209	4
7210	11
7211	22
7212	6
7213	27
7214	19
7215	15
7216	10
7217	32
7218	38
7219	26
7222	10
7223	7
7224	19
7225	25
7226	11
7227	12
7228	13
7230	21
7231	25
7232	21
7233	3
7234	5
7235	14
7236	16
7237	14
7238	19
7239	14
7240	13
7241	37
7242	12
7243	22
7244	9
7245	12
7246	2
7247	2
7248	6
7249	16
7250	5
7251	9
7253	18
7254	4
7255	28
7256	20
7257	25
7259	12
7261	10
7262	11
7263	16
7264	14
7265	15
7267	8
7268	16
7269	5
7270	22
7271	11
7272	5
7273	23
7274	21
7275	25
7276	9
7277	17
7278	29
7279	5
7280	1
7282	11
7283	9
7284	30
7285	10
7287	15
7288	12
7289	16
7290	24
7291	32
7292	13
7293	25
7294	14
7295	8
7296	15
7297	13
7299	24
7300	22
7301	3
7302	44
7303	7
7304	25
7305	10
7306	18
7307	4
7308	4
7310	9
7311	9
7312	10
7313	12
7314	5
7315	9
7316	20
7317	13
7318	18
7319	13
7320	23
7321	4
7322	10
7323	22
7324	21
7325	24
7326	24
7327	10
7328	29
7329	11
7331	12
7333	7
7334	14
7335	9
7336	14
7337	15
7338	23
7339	19
7340	41
7341	13
7342	9
7343	19
7344	4
7345	30
7346	6
7347	30
7348	15
7349	15
7350	3
7351	23
7352	15
7353	30
7354	29
7355	5
7356	32
7357	2
7358	5
7359	13
7360	12
7361	5
7362	31
7363	9
7364	15
7366	18
7367	56
7368	10
7369	15
7370	24
7371	0
7372	11
7373	0
7374	17
7376	15
7379	24
7380	46
7381	7
7382	8
7383	20
7384	19
7385	21
7386	16
7387	4
7388	12
7389	5
7390	20
7391	18
7392	10
7393	8
7394	31
7395	10
7396	19
7398	24
7400	29
7401	12
7402	19
7405	0
7406	14
7407	2
7408	11
7409	3
7410	25
7411	25
7413	13
7415	19
7416	1
7418	12
7420	11
7421	7
7422	6
7423	29
7424	18
7425	24
7426	19
7427	3
7429	13
7430	13
7431	2
7432	13
7433	8
7434	13
7435	15
7436	26
7437	5
7438	31
7439	14
7440	7
7441	25
7442	12
7443	39
7444	27
7445	15
7446	19
7447	27
7448	13
7449	7
7450	7
7451	27
7452	10
7453	12
7455	7
7456	19
7457	12
7458	13
7460	22
7461	14
7462	25
7463	5
7464	5
7465	10
7466	48
7467	8
7468	18
7469	15
7471	20
7472	7
7473	13
7474	17
7475	7
7476	15
7477	35
7478	20
7479	2
7480	31
7481	0
7482	16
7483	9
7484	6
7485	7
7486	36
7487	9
7488	8
7489	28
7490	4
7491	9
7492	9
7493	14
7494	14
7495	34
7496	15
7497	13
7499	4
7500	7
7501	14
7502	14
7503	24
7504	13
7505	8
7506	7
7507	34
7508	17
7510	21
7511	27
7512	11
7513	18
7514	18
7515	15
7516	5
7517	16
7518	9
7519	33
7521	9
7522	11
7523	15
7525	16
7526	21
7527	13
7528	13
7529	2
7530	6
7532	28
7533	20
7535	42
7536	13
7537	13
7538	7
7539	24
7540	20
7541	5
7542	2
7543	19
7544	25
7548	7
7549	31
7550	46
7551	9
7552	39
7556	17
7557	14
7558	18
7559	7
7560	28
7562	25
7564	18
7565	11
7566	10
7568	25
7569	26
7570	13
7571	4
7572	8
7573	35
7574	19
7576	8
7577	8
7578	13
7579	21
7580	10
7581	16
7582	35
7583	3
7584	17
7585	2
7586	15
7587	13
7588	1
7589	7
7591	19
7594	7
7595	12
7596	4
7597	15
7598	8
7599	8
7600	11
7601	17
7602	2
7604	14
7607	5
7609	15
7610	18
7611	0
7612	13
7613	26
7614	17
7615	6
7616	3
7617	17
7618	8
7619	15
7620	18
7621	10
7622	15
7624	11
7625	7
7626	22
7627	9
7628	23
7630	15
7631	15
7632	26
7633	29
7634	17
7636	32
7637	41
7638	18
7639	12
7640	35
7641	11
7642	27
7643	18
7645	21
7646	6
7647	13
7648	19
7650	15
7651	11
7652	17
7653	19
7655	30
7657	27
7658	12
7659	31
7660	11
7661	21
7662	14
7663	12
7664	31
7665	9
7666	51
7667	19
7668	17
7669	25
7670	7
7671	38
7672	7
7673	15
7674	14
7675	19
7676	25
7678	13
7679	20
7680	19
7681	13
7682	9
7683	14
7684	12
7686	32
7687	8
7688	17
7689	23
7690	10
7691	14
7692	45
7693	13
7694	17
7695	35
7696	7
7698	11
7699	11
7700	5
7702	23
7703	13
7704	15
7705	9
7706	7
7708	2
7709	23
7710	21
7711	5
7712	20
7713	5
7714	9
7715	45
7717	17
7718	29
7719	5
7720	30
7721	7
7722	20
7723	9
7724	30
7725	16
7726	29
7727	17
7729	21
7730	15
7731	7
7732	23
7733	15
7734	4
7735	44
7736	10
7737	6
7738	39
7740	34
7742	10
7745	18
7746	24
7747	34
7749	11
7750	27
7752	19
7753	8
7754	8
7755	6
7756	21
7757	8
7759	7
7760	9
7761	9
7762	4
7764	14
7765	33
7766	10
7767	23
7768	9
7769	11
7771	15
7772	15
7773	55
7774	7
7777	24
7778	4
7779	15
7782	9
7784	20
7785	6
7786	12
7787	21
7788	14
7789	28
7790	18
7791	20
7793	24
7794	12
7795	14
7796	9
7797	24
7798	11
7799	34
7800	21
7801	17
7803	28
7804	12
7805	19
7806	12
7807	32
7808	10
7809	29
7810	7
7812	2
7814	15
7815	24
7817	28
7818	40
7819	10
7820	11
7822	6
7823	2
7825	9
7826	41
7827	9
7828	23
7829	12
7830	27
7831	28
7835	6
7836	11
7837	26
7839	13
7840	28
7842	1
7843	30
7844	20
7845	7
7846	5
7847	5
7848	10
7850	6
7851	20
7852	4
7853	19
7854	11
7855	17
7856	16
7857	18
7858	11
7859	19
7860	5
7861	4
7862	19
7864	24
7865	19
7866	12
7867	16
7869	8
7870	16
7871	15
7872	4
7873	7
7874	19
7875	28
7876	21
7877	11
7878	1
7880	14
7883	11
7884	14
7885	27
7886	6
7887	1
7888	20
7889	28
7890	21
7891	3
7892	22
7893	8
7896	21
7897	3
7898	37
7899	22
7900	14
7901	21
7902	21
7904	22
7905	8
7906	22
7907	11
7908	7
7909	12
7910	11
7911	1
7912	35
7913	33
7914	11
7917	11
7918	9
7919	0
7920	10
7921	3
7922	20
7923	7
7925	8
7926	14
7927	22
7928	9
7929	24
7930	16
7931	8
7932	7
7933	19
7934	7
7936	17
7938	9
7939	24
7940	50
7941	43
7942	26
7943	4
7944	33
7945	18
7946	19
7947	2
7948	22
7949	14
7950	17
7951	2
7952	8
7953	11
7954	13
7955	21
7957	2
7958	7
7959	7
7960	9
7962	24
7963	15
7964	27
7965	23
7966	2
7967	16
7969	23
7970	10
7971	29
7972	32
7973	25
7974	10
7975	21
7976	22
7977	16
7978	22
7979	13
7980	46
7981	16
7982	16
7983	3
7984	8
7985	15
7986	39
7987	13
7989	43
7991	40
7993	11
7994	32
7995	15
7996	4
7997	12
7998	19
7999	20
8000	14
8001	17
8002	32
8003	19
8004	12
8005	14
8006	22
8007	2
8008	18
8009	21
8010	10
8011	17
8012	19
8013	9
8014	15
8015	57
8016	13
8017	6
8018	14
8019	23
8020	16
8021	3
8022	18
8023	8
8024	0
8025	12
8026	42
8028	19
8029	12
8030	13
8031	9
8033	33
8034	11
8035	2
8037	22
8038	6
8040	16
8041	11
8042	5
8043	8
8044	5
8045	33
8046	11
8047	18
8048	19
8049	15
8050	15
8051	19
8052	13
8053	24
8055	18
8057	4
8058	9
8059	11
8060	1
8061	9
8062	9
8063	15
8064	18
8065	26
8066	9
8067	16
8069	15
8070	22
8071	26
8073	10
8074	30
8075	34
8076	22
8077	7
8078	11
8079	12
8081	11
8082	6
8083	5
8084	23
8085	18
8086	5
8087	14
8088	24
8089	8
8091	16
8092	18
8093	12
8094	11
8095	19
8096	10
8097	9
8098	33
8099	9
8100	30
8101	29
8103	45
8104	22
8105	16
8106	20
8107	21
8108	36
8109	5
8110	17
8113	16
8114	5
8116	7
8117	23
8118	6
8119	6
8120	10
8121	19
8122	0
8123	19
8124	1
8125	14
8127	7
8128	6
8129	16
8130	17
8131	13
8132	6
8133	22
8134	24
8136	17
8137	13
8138	36
8139	14
8140	7
8142	6
8143	13
8144	6
8146	17
8148	46
8149	21
8151	18
8154	20
8155	10
8156	27
8157	4
8160	25
8161	13
8165	18
8166	11
8168	7
8169	32
8170	11
8171	15
8172	17
8173	25
8176	25
8178	13
8180	17
8181	16
8182	49
8183	0
8184	18
8185	28
8186	14
8187	26
8188	26
8189	39
8190	9
8191	4
8192	22
8194	2
8195	2
8196	9
8197	37
8198	9
8199	38
8200	4
8201	24
8202	4
8203	37
8205	8
8206	12
8208	34
8209	12
8210	16
8211	20
8213	6
8215	18
8216	31
8217	11
8220	16
8221	15
8222	33
8223	9
8224	4
8225	31
8227	16
8228	20
8230	7
8231	17
8232	7
8233	16
8234	22
8236	25
8237	13
8238	1
8239	9
8240	9
8241	5
8242	3
8243	15
8244	19
8245	4
8246	9
8247	33
8248	22
8249	10
8250	3
8251	19
8252	14
8253	25
8254	5
8257	8
8258	18
8259	40
8260	7
8261	1
8263	31
8264	1
8265	10
8266	7
8267	6
8269	23
8270	11
8272	21
8273	11
8274	20
8275	29
8276	15
8278	23
8279	7
8280	30
8282	14
8283	17
8284	26
8285	3
8286	13
8287	38
8288	12
8289	14
8290	13
8292	25
8295	3
8296	32
8297	15
8298	15
8299	11
8300	11
8301	4
8302	4
8303	24
8304	32
8305	21
8306	15
8308	11
8311	14
8313	13
8314	11
8315	35
8316	11
8317	20
8318	25
8320	12
8321	15
8322	17
8323	19
8324	21
8325	3
8326	9
8327	32
8328	15
8329	8
8330	18
8331	12
8332	14
8333	3
8334	9
8335	9
8336	15
8337	14
8339	3
8340	14
8341	3
8343	17
8344	26
8345	17
8346	5
8348	5
8349	28
8350	50
8351	8
8352	18
8353	9
8354	4
8355	9
8357	11
8358	3
8359	24
8360	16
8361	37
8362	17
8363	9
8364	25
8365	10
8366	17
8367	9
8368	18
8369	14
8370	32
8372	8
8373	36
8374	18
8375	14
8376	20
8377	32
8378	9
8379	5
8380	19
8381	13
8382	19
8383	14
8384	14
8385	11
8386	3
8387	7
8388	20
8389	13
8392	9
8393	16
8394	6
8395	23
8396	3
8397	17
8398	14
8399	9
8400	21
8401	14
8402	12
8403	10
8404	24
8405	19
8406	16
8409	8
8410	7
8411	9
8412	20
8413	7
8414	11
8415	25
8416	23
8418	4
8419	12
8420	33
8421	5
8422	12
8424	23
8425	18
8427	11
8428	15
8429	34
8430	12
8432	3
8433	22
8434	21
8435	13
8436	12
8438	12
8439	10
8440	2
8441	6
8442	33
8443	21
8444	10
8445	36
8447	9
8448	33
8449	9
8450	8
8451	4
8452	13
8453	21
8454	29
8455	19
8456	18
8457	11
8459	38
8461	16
8462	11
8463	14
8464	5
8465	1
8467	18
8468	22
8469	32
8470	26
8471	15
8472	38
8473	13
8474	17
8475	3
8476	21
8477	12
8478	0
8479	17
8480	5
8481	3
8482	16
8483	13
8484	7
8485	8
8486	14
8487	8
8488	26
8489	24
8492	3
8496	35
8497	5
8498	26
8499	12
8500	16
8501	15
8502	11
8503	23
8504	7
8505	25
8506	15
8508	17
8511	18
8512	15
8514	24
8517	15
8518	14
8519	12
8520	11
8521	18
8522	31
8524	21
8526	33
8527	17
8528	7
8529	13
8530	33
8532	5
8533	14
8534	46
8535	13
8536	6
8541	11
8542	9
8544	18
8545	12
8546	10
8547	3
8548	34
8550	22
8551	12
8554	12
8555	7
8556	8
8557	23
8558	9
8559	12
8560	26
8561	11
8562	13
8564	13
8565	32
8566	23
8567	7
8568	12
8570	26
8571	11
8573	32
8575	11
8576	31
8577	27
8578	18
8579	20
8580	3
8581	12
8582	8
8583	18
8584	0
8585	3
8586	3
8587	11
8588	10
8589	13
8590	5
8591	36
8592	14
8593	26
8595	11
8596	10
8597	1
8598	30
8599	4
8601	5
8602	12
8603	44
8604	6
8605	15
8607	18
8608	18
8609	26
8610	15
8611	14
8612	4
8613	3
8614	29
8615	29
8616	27
8618	17
8619	7
8620	27
8621	7
8623	18
8625	8
8626	10
8627	29
8628	18
8630	46
8631	16
8632	21
8633	18
8634	25
8635	44
8636	14
8637	38
8638	12
8639	14
8640	25
8641	10
8642	14
8643	4
8644	9
8645	4
8646	9
8647	26
8648	10
8649	14
8650	20
8651	7
8652	7
8654	31
8655	2
8656	34
8657	29
8658	8
8659	6
8661	6
8663	21
8664	25
8665	46
8666	22
8667	16
8668	8
8669	5
8670	5
8671	15
8672	22
8673	34
8675	4
8676	6
8677	15
8678	33
8679	1
8680	37
8681	16
8683	15
8684	15
8685	18
8686	4
8688	15
8689	26
8690	30
8691	14
8692	21
8693	20
8694	18
8695	22
8696	15
8697	14
8698	8
8699	20
8700	36
8701	13
8702	7
8704	12
8705	7
8706	3
8707	31
8708	24
8709	16
8710	12
8711	38
8712	20
8713	25
8714	9
8715	5
8716	10
8717	13
8718	14
8719	4
8720	13
8721	3
8722	8
8723	21
8724	24
8725	49
8726	38
8728	14
8729	10
8730	6
8733	19
8734	12
8735	17
8736	25
8737	23
8738	5
8739	9
8740	7
8741	19
8743	16
8744	20
8745	18
8747	23
8749	12
8750	4
8751	19
8752	23
8754	14
8755	24
8758	19
8759	9
8760	25
8761	10
8762	20
8763	9
8764	20
8765	13
8766	16
8767	15
8769	1
8770	23
8771	23
8772	16
8773	7
8774	5
8775	11
8776	14
8777	13
8778	5
8779	16
8780	7
8781	24
8783	17
8784	18
8785	15
8786	19
8788	5
8789	11
8790	7
8791	29
8793	32
8795	6
8796	8
8797	25
8798	18
8799	32
8800	24
8801	8
8802	25
8803	16
8804	5
8805	36
8806	24
8807	25
8808	20
8809	15
8811	14
8812	16
8813	10
8814	29
8815	20
8816	12
8817	13
8819	16
8820	18
8821	10
8822	34
8824	31
8825	17
8826	14
8827	32
8828	8
8829	10
8831	17
8832	10
8833	4
8834	26
8835	14
8836	17
8837	27
8838	14
8839	9
8840	25
8841	11
8842	40
8843	6
8844	35
8846	14
8847	12
8848	14
8849	10
8850	18
8851	21
8853	22
8854	5
8856	22
8857	31
8858	33
8859	31
8861	14
8862	17
8864	29
8865	11
8866	11
8867	3
8868	27
8870	22
8871	4
8872	46
8873	13
8874	24
8875	16
8876	11
8877	22
8878	26
8879	12
8881	35
8882	34
8883	14
8884	13
8885	12
8886	5
8887	16
8888	2
8889	3
8890	13
8891	46
8892	22
8893	20
8894	6
8895	28
8896	27
8897	8
8898	10
8899	10
8900	26
8902	11
8904	14
8905	21
8907	9
8908	5
8909	17
8910	4
8911	9
8913	22
8914	36
8915	29
8916	16
8917	43
8918	18
8919	43
8920	25
8922	28
8924	43
8925	18
8926	36
8927	15
8928	6
8929	17
8930	5
8931	13
8932	24
8933	6
8934	19
8936	40
8937	7
8940	4
8941	32
8942	9
8943	12
8944	20
8945	9
8946	25
8947	45
8949	10
8950	3
8951	24
8952	21
8953	14
8954	14
8955	10
8956	14
8957	27
8958	11
8959	18
8960	14
8961	24
8962	10
8963	11
8964	12
8965	49
8966	8
8967	21
8968	8
8969	19
8970	14
8972	7
8973	12
8975	23
8976	18
8978	15
8979	16
8980	37
8982	9
8983	14
8984	20
8985	15
8986	37
8987	23
8988	12
8990	22
8991	19
8992	4
8993	3
8994	39
8995	17
8996	33
8997	17
8998	6
9000	24
9002	16
9003	11
9004	19
9005	30
9007	26
9009	12
9010	9
9011	11
9012	21
9013	13
9015	9
9016	22
9017	28
9018	11
9019	13
9020	6
9021	10
9022	6
9023	14
9024	38
9025	18
9026	19
9027	5
9028	8
9029	7
9030	4
9031	0
9032	14
9034	15
9035	9
9036	28
9037	19
9038	7
9039	17
9040	16
9041	32
9042	32
9043	11
9044	22
9045	15
9047	21
9049	21
9050	22
9051	23
9052	8
9053	11
9054	9
9055	14
9056	16
9057	22
9058	12
9059	1
9060	30
9062	10
9063	9
9064	28
9065	4
9066	29
9067	2
9068	18
9069	7
9070	17
9071	11
9072	23
9073	9
9074	11
9075	30
9076	8
9077	12
9078	18
9079	21
9080	11
9082	16
9083	44
9084	17
9086	2
9087	5
9088	11
9089	11
9091	14
9092	22
9093	15
9094	12
9096	19
9097	20
9098	13
9099	41
9100	11
9101	15
9102	25
9105	17
9106	15
9107	5
9108	24
9109	6
9110	24
9111	3
9112	13
9113	18
9114	11
9116	18
9117	8
9118	43
9119	31
9120	11
9122	8
9123	10
9124	19
9125	11
9126	8
9127	6
9128	4
9129	8
9131	4
9132	25
9136	18
9137	5
9138	31
9139	13
9140	14
9141	36
9143	45
9144	17
9145	14
9146	14
9147	20
9148	26
9149	42
9150	14
9151	12
9152	12
9153	6
9154	18
9155	29
9156	10
9157	20
9158	9
9159	26
9160	13
9161	17
9162	8
9163	6
9166	2
9167	19
9168	24
9169	15
9170	20
9171	16
9172	18
9174	19
9175	11
9176	21
9177	15
9178	15
9179	9
9180	14
9181	13
9182	10
9183	17
9184	3
9185	26
9186	22
9187	6
9188	25
9189	16
9190	20
9191	13
9193	23
9194	30
9195	29
9196	9
9197	16
9198	15
9199	8
9201	14
9202	8
9203	13
9204	7
9205	31
9207	13
9208	17
9209	17
9210	24
9211	10
9212	6
9213	28
9214	22
9215	14
9216	24
9217	10
9218	10
9219	15
9221	5
9222	8
9223	5
9224	17
9226	4
9227	39
9228	13
9229	10
9231	9
9232	21
9233	13
9234	7
9235	12
9237	16
9238	13
9239	34
9240	18
9241	10
9242	24
9243	21
9244	33
9245	20
9246	11
9247	2
9248	10
9249	16
9250	24
9251	12
9252	4
9253	15
9254	12
9255	10
9256	24
9257	13
9258	12
9259	20
9261	13
9262	35
9263	21
9264	23
9265	14
9266	29
9267	14
9268	25
9269	6
9270	13
9271	7
9272	15
9273	11
9274	30
9275	17
9276	13
9277	24
9278	17
9280	21
9281	14
9282	11
9283	12
9284	19
9286	35
9287	28
9288	20
9289	21
9290	19
9291	19
9292	17
9293	17
9294	17
9295	17
9296	16
9297	4
9298	15
9300	13
9301	14
9302	24
9303	8
9305	16
9306	22
9307	15
9308	34
9309	12
9311	12
9312	25
9314	11
9315	13
9316	14
9318	10
9319	15
9320	18
9321	18
9322	10
9323	17
9324	20
9325	5
9326	28
9327	11
9328	19
9329	24
9330	13
9331	24
9332	9
9334	11
9335	1
9336	17
9337	4
9338	27
9339	3
9340	20
9341	7
9342	4
9344	16
9345	8
9346	6
9348	33
9349	19
9351	14
9352	3
9353	13
9354	11
9355	5
9356	15
9358	15
9362	20
9363	11
9364	10
9365	13
9366	6
9368	13
9369	10
9370	9
9371	4
9372	3
9373	17
9374	18
9375	14
9376	34
9377	20
9378	25
9380	7
9381	22
9382	20
9383	16
9384	23
9387	15
9388	23
9389	14
9390	26
9391	8
9392	18
9393	5
9394	25
9395	1
9396	10
9397	5
9398	9
9399	33
9400	24
9401	14
9402	33
9403	1
9404	20
9405	14
9406	18
9407	25
9408	18
9409	8
9410	3
9411	6
9412	9
9413	10
9414	20
9415	19
9416	28
9417	16
9418	37
9419	8
9420	20
9421	7
9422	5
9423	22
9424	7
9425	8
9426	18
9427	25
9428	16
9429	13
9430	14
9431	18
9432	21
9433	22
9434	11
9435	20
9436	30
9437	12
9438	24
9439	16
9440	20
9443	6
9444	14
9445	17
9446	16
9447	2
9448	11
9449	7
9450	11
9451	8
9452	7
9454	23
9455	11
9456	10
9458	28
9459	12
9460	6
9461	25
9462	31
9463	21
9464	14
9466	12
9467	4
9468	11
9469	8
9470	29
9471	22
9472	13
9473	15
9475	10
9476	26
9477	14
9478	26
9479	10
9480	20
9481	33
9482	5
9483	25
9484	3
9485	12
9488	33
9489	17
9490	17
9491	22
9492	13
9493	30
9494	11
9495	14
9496	33
9497	7
9498	16
9499	22
9500	17
9501	4
9503	21
9504	27
9505	10
9506	9
9507	18
9508	4
9509	5
9510	12
9512	4
9513	6
9514	21
9515	16
9516	18
9517	41
9518	43
9519	22
9520	12
9521	13
9522	37
9523	11
9524	6
9526	37
9527	5
9530	6
9531	31
9532	35
9533	10
9534	10
9535	9
9536	16
9537	12
9538	9
9539	10
9540	10
9541	12
9542	7
9543	9
9544	12
9545	9
9546	15
9547	6
9548	29
9549	24
9550	27
9551	5
9552	21
9554	17
9555	42
9556	6
9557	11
9558	21
9560	18
9561	24
9562	15
9564	23
9565	22
9567	16
9569	12
9570	17
9571	21
9572	0
9573	26
9574	6
9575	17
9576	19
9577	11
9579	31
9580	13
9581	9
9584	12
9585	33
9588	27
9590	10
9591	27
9592	27
9593	38
9594	11
9595	10
9596	5
9597	12
9599	22
9600	41
9601	12
9602	8
9603	4
9604	18
9605	23
9606	6
9608	14
9609	18
9610	3
9611	20
9613	20
9614	15
9615	21
9616	16
9617	19
9618	24
9620	18
9621	26
9622	16
9623	0
9624	0
9625	14
9626	12
9627	26
9628	16
9630	8
9631	1
9632	44
9633	11
9634	9
9635	26
9636	17
9637	20
9638	7
9639	29
9640	40
9642	4
9643	21
9644	13
9645	24
9646	34
9647	21
9648	32
9649	6
9650	14
9651	1
9652	13
9654	13
9655	8
9656	12
9657	20
9659	17
9660	9
9661	0
9662	10
9663	9
9664	12
9666	13
9667	44
9668	3
9669	21
9670	26
9671	17
9673	18
9674	2
9675	14
9676	4
9679	4
9680	2
9681	17
9682	9
9683	27
9684	12
9685	10
9686	10
9687	4
9688	8
9690	14
9691	28
9694	6
9697	24
9698	23
9699	35
9700	6
9702	24
9703	50
9704	26
9705	13
9706	14
9707	27
9708	44
9710	14
9712	16
9713	10
9714	12
9715	9
9716	23
9717	15
9718	4
9719	13
9720	3
9721	3
9722	7
9723	17
9724	12
9726	9
9727	12
9728	18
9729	18
9731	37
9732	15
9733	39
9734	9
9735	22
9736	8
9737	22
9738	3
9739	7
9741	39
9743	18
9745	7
9746	24
9747	36
9748	4
9750	2
9751	7
9752	18
9753	19
9754	12
9755	34
9756	8
9757	34
9758	16
9759	12
9760	8
9762	8
9764	18
9765	9
9766	5
9767	25
9768	37
9769	11
9770	9
9771	46
9772	10
9773	10
9775	17
9776	1
9777	11
9779	10
9780	8
9781	20
9783	8
9784	15
9785	9
9786	26
9787	16
9789	15
9790	11
9791	5
9792	4
9794	22
9795	20
9796	34
9797	12
9800	9
9801	26
9802	14
9803	25
9804	21
9805	6
9806	0
9807	8
9808	15
9810	6
9812	17
9813	22
9814	34
9817	10
9819	4
9820	17
9822	12
9823	37
9824	12
9825	29
9826	21
9827	13
9828	25
9829	4
9830	45
9831	19
9832	6
9833	7
9834	23
9835	16
9836	21
9837	5
9838	6
9840	8
9841	14
9842	5
9843	22
9844	10
9845	2
9846	8
9847	7
9848	13
9849	13
9850	18
9851	19
9852	21
9853	17
9854	23
9855	5
9856	13
9857	15
9858	20
9859	3
9860	9
9861	17
9862	20
9863	17
9864	8
9866	33
9868	4
9869	27
9870	7
9871	15
9872	24
9873	17
9874	5
9875	19
9876	17
9877	8
9878	5
9880	12
9881	21
9882	35
9883	12
9884	16
9885	7
9887	20
9889	20
9890	11
9891	20
9892	13
9893	16
9894	19
9896	0
9897	33
9898	15
9900	21
9901	7
9902	19
9903	8
9904	11
9905	9
9906	24
9907	5
9908	13
9909	15
9910	5
9911	14
9912	28
9913	24
9915	18
9916	24
9917	34
9918	14
9920	20
9921	17
9922	16
9923	20
9924	17
9925	9
9926	9
9927	3
9928	20
9929	7
9930	9
9931	16
9932	17
9933	6
9934	6
9935	21
9936	14
9940	25
9942	3
9944	34
9945	7
9946	2
9947	17
9948	16
9949	7
9950	21
9951	27
9952	19
9953	16
9954	37
9955	11
9958	18
9960	6
9961	13
9963	10
9964	12
9965	16
9966	24
9967	34
9968	7
9969	12
9970	20
9971	9
9972	15
9973	1
9974	8
9975	19
9976	9
9977	11
9979	4
9980	13
9981	15
9982	18
9983	16
9984	9
9985	13
9986	9
9987	14
9988	1
9989	13
9990	14
9991	30
9993	25
9994	18
9995	8
9996	18
9997	17
9999	16
10000	37
10001	8
10002	32
10003	23
10004	32
10005	5
10006	22
10007	16
10008	26
10011	12
10012	9
10014	18
10015	8
10016	34
10017	1
10018	13
10019	36
10020	16
10021	13
10022	9
10023	19
10024	8
10025	38
10026	11
10027	14
10028	12
10030	43
10031	30
10032	10
10033	46
10034	34
10035	37
10036	11
10037	20
10038	34
10041	11
10042	18
10043	7
10044	40
10045	8
10046	50
10047	7
10048	10
10050	7
10051	39
10052	6
10054	29
10055	15
10056	12
10057	5
10058	23
10059	13
10060	14
10063	24
10064	5
10065	10
10066	25
10067	9
10068	23
10069	22
10070	26
10071	7
10072	34
10073	22
10074	18
10075	13
10076	4
10077	35
10078	11
10079	5
10080	9
10081	10
10082	20
10084	31
10085	13
10087	8
10088	26
10089	7
10090	11
10091	8
10092	10
10093	15
10094	23
10095	3
10096	6
10097	11
10098	17
10099	4
10100	17
10101	35
10103	3
10104	13
10105	21
10106	7
10107	7
10108	14
10109	10
10110	8
10111	5
10112	9
10113	33
10114	10
10115	30
10116	16
10117	5
10118	13
10119	27
10120	25
10121	15
10122	18
10123	18
10124	0
10125	4
10127	9
10128	9
10129	7
10130	14
10131	23
10132	20
10133	22
10134	29
10136	29
10137	18
10138	28
10139	15
10140	16
10141	28
10142	32
10143	14
10144	10
10148	2
10149	6
10150	23
10151	7
10152	19
10153	0
10154	17
10155	17
10156	15
10157	23
10158	42
10159	10
10161	24
10162	28
10163	10
10164	1
10165	32
10166	12
10167	2
10168	10
10169	12
10170	43
10171	30
10172	21
10173	28
10175	18
10176	9
10177	19
10178	7
10179	3
10180	15
10181	5
10182	10
10183	32
10184	38
10185	7
10186	5
10188	9
10189	6
10190	35
10191	13
10192	16
10193	8
10194	17
10195	5
10196	3
10197	29
10198	17
10199	7
10200	19
10201	33
10202	40
10204	23
10206	13
10207	6
10208	4
10209	17
10210	6
10211	15
10212	18
10214	23
10216	27
10217	24
10218	12
10219	13
10221	16
10222	19
10223	13
10224	14
10225	12
10226	25
10227	33
10229	2
10230	39
10231	28
10232	15
10233	28
10234	32
10235	27
10236	5
10237	20
10238	8
10239	10
10240	9
10241	14
10242	18
10244	10
10245	12
10246	12
10247	14
10249	15
10250	0
10251	19
10252	23
10253	8
10254	19
10256	1
10257	23
10258	9
10259	10
10260	21
10261	14
10262	10
10264	18
10266	21
10267	11
10268	9
10269	20
10270	26
10271	9
10272	10
10273	21
10274	11
10275	1
10276	8
10277	12
10278	27
10279	13
10280	12
10281	13
10282	30
10283	21
10284	9
10285	7
10286	1
10287	23
10289	16
10290	17
10291	9
10292	39
10293	12
10294	19
10295	28
10297	0
10299	13
10300	26
10301	0
10302	11
10303	24
10304	13
10305	3
10307	7
10309	13
10311	18
10312	11
10315	6
10316	10
10317	31
10318	20
10319	21
10320	27
10321	4
10322	7
10323	19
10324	13
10325	33
10326	15
10327	15
10328	15
10329	1
10330	16
10331	3
10333	20
10334	16
10335	26
10336	8
10339	16
10340	7
10341	8
10342	10
10344	18
10345	13
10346	26
10347	10
10348	10
10349	6
10350	11
10351	23
10352	12
10353	32
10354	11
10355	22
10356	12
10359	23
10360	27
10361	15
10362	17
10363	19
10364	20
10366	18
10367	13
10368	14
10369	23
10370	29
10371	18
10372	15
10374	20
10375	13
10377	29
10378	23
10379	25
10380	6
10381	27
10382	17
10383	9
10384	18
10385	10
10386	9
10387	1
10388	11
10389	10
10390	15
10391	7
10392	15
10393	12
10395	11
10396	20
10397	26
10398	9
10401	2
10402	11
10403	14
10405	8
10406	16
10408	18
10409	21
10410	17
10411	23
10412	27
10415	18
10416	25
10418	21
10419	13
10420	28
10421	4
10422	19
10423	10
10424	8
10425	18
10426	15
10427	14
10428	23
10429	33
10430	13
10431	16
10432	10
10433	3
10434	13
10436	6
10437	11
10438	35
10439	24
10442	7
10443	7
10444	6
10445	14
10446	7
10447	11
10448	19
10449	18
10450	14
10452	9
10453	16
10454	20
10456	21
10457	28
10458	26
10459	19
10460	4
10461	12
10462	18
10463	23
10465	19
10466	16
10467	14
10468	19
10469	43
10470	21
10471	12
10472	16
10473	24
10475	15
10476	5
10478	32
10479	14
10481	25
10482	19
10483	14
10484	28
10485	1
10486	10
10487	28
10488	11
10489	18
10490	12
10493	2
10494	27
10495	21
10497	19
10498	25
10500	22
10502	22
10503	24
10504	20
10505	23
10506	16
10507	28
10508	9
10509	1
10510	15
10512	12
10514	16
10515	6
10516	9
10517	25
10518	5
10519	36
10520	22
10521	19
10522	17
10523	21
10524	27
10525	11
10526	17
10527	16
10528	7
10529	23
10530	27
10531	13
10533	35
10534	27
10535	17
10536	27
10537	18
10538	11
10539	6
10540	18
10543	9
10545	14
10546	15
10547	22
10549	7
10550	13
10551	12
10554	33
10555	11
10556	8
10557	31
10558	22
10559	23
10560	12
10561	31
10562	9
10563	16
10564	6
10565	23
10566	26
10567	45
10568	40
10569	12
10570	20
10572	20
10573	45
10574	17
10575	9
10576	18
10577	31
10578	16
10579	12
10580	22
10581	15
10582	38
10583	24
10585	12
10586	19
10587	18
10588	19
10589	6
10590	9
10591	19
10592	14
10593	13
10594	12
10595	11
10596	50
10597	7
10598	17
10599	17
10600	9
10601	0
10603	9
10604	10
10605	17
10606	13
10607	8
10608	20
10610	9
10611	23
10612	5
10613	12
10614	8
10615	40
10618	10
10619	28
10621	40
10622	25
10623	1
10624	16
10625	28
10627	9
10628	13
10629	21
10630	12
10631	30
10632	17
10633	14
10634	7
10635	38
10636	21
10637	7
10638	21
10639	16
10640	25
10641	15
10642	11
10643	14
10645	9
10646	8
10647	12
10648	24
10649	14
10650	10
10651	31
10652	37
10653	10
10654	14
10656	14
10657	7
10658	15
10659	9
10660	9
10661	11
10662	20
10664	28
10665	18
10667	25
10668	13
10670	39
10671	11
10672	23
10673	5
10674	5
10675	42
10676	19
10677	15
10678	19
10679	17
10680	15
10681	17
10682	14
10683	15
10684	18
10686	41
10687	16
10688	31
10689	11
10690	26
10691	33
10693	3
10694	22
10695	25
10696	11
10697	36
10699	11
10701	10
10702	11
10703	23
10704	13
10705	15
10706	18
10707	28
10708	13
10709	29
10710	12
10711	13
10712	28
10713	35
10714	1
10715	6
10716	10
10717	14
10718	28
10719	14
10720	1
10721	3
10722	17
10724	19
10725	29
10726	11
10727	21
10728	17
10730	13
10731	12
10732	9
10733	26
10734	19
10735	22
10737	22
10738	6
10739	33
10740	33
10741	10
10742	25
10743	27
10745	12
10746	6
10747	14
10748	27
10749	27
10750	25
10751	27
10752	7
10753	11
10755	10
10756	24
10757	28
10758	10
10761	15
10762	19
10763	23
10764	12
10765	41
10766	9
10767	7
10768	9
10769	13
10772	25
10773	27
10774	2
10775	0
10776	10
10777	10
10778	13
10780	29
10781	18
10782	11
10785	16
10786	12
10788	6
10789	13
10791	26
10793	11
10794	19
10795	2
10796	24
10797	13
10798	21
10799	16
10800	14
10801	10
10804	26
10805	9
10806	11
10807	16
10808	22
10809	19
10810	21
10811	15
10812	10
10813	7
10814	24
10815	32
10817	43
10818	15
10821	18
10822	13
10823	30
10825	10
10827	6
10828	7
10829	6
10830	19
10832	27
10833	15
10834	48
10835	0
10836	15
10837	13
10838	28
10839	32
10840	23
10841	16
10842	6
10843	20
10844	30
10845	24
10846	11
10847	9
10849	11
10850	12
10851	14
10852	16
10853	24
10854	3
10855	12
10856	9
10857	31
10859	6
10860	9
10861	18
10862	7
10863	10
10864	10
10865	6
10866	15
10868	18
10869	7
10870	29
10871	20
10872	8
10873	4
10875	25
10876	10
10878	10
10879	6
10880	12
10881	17
10882	18
10883	10
10884	33
10885	15
10887	16
10888	17
10889	25
10890	37
10891	12
10892	40
10893	7
10894	18
10895	21
10897	18
10898	35
10899	27
10900	7
10902	11
10903	9
10904	23
10905	49
10906	10
10907	13
10908	11
10909	18
10910	27
10911	10
10912	13
10913	6
10914	3
10915	5
10916	10
10917	5
10918	8
10919	10
10920	13
10921	14
10922	18
10924	35
10925	10
10926	5
10927	3
10928	25
10929	5
10930	43
10931	19
10933	4
10934	11
10935	9
10936	21
10937	12
10938	13
10941	6
10944	8
10945	15
10946	17
10949	15
10950	22
10951	10
10952	10
10953	13
10954	20
10955	10
10956	23
10957	19
10958	9
10959	32
10965	27
10966	3
10967	19
10968	28
10969	16
10970	17
10971	15
10972	15
10973	5
10974	16
10975	12
10976	17
10979	28
10980	10
10981	8
10982	15
10983	12
10984	1
10985	13
10987	10
10988	14
10990	9
10991	24
10992	10
10993	11
10995	5
10996	7
10997	9
10998	4
10999	15
11000	18
11001	10
11002	31
11003	9
11004	12
11005	8
11006	14
11007	9
11008	13
11010	16
11011	4
11012	6
11013	19
11014	15
11015	12
11016	18
11017	12
11018	6
11019	18
11020	5
11021	38
11022	16
11023	12
11024	12
11025	23
11026	14
11027	20
11028	11
11030	14
11031	31
11032	7
11033	14
11034	9
11036	13
11037	2
11039	10
11040	22
11041	28
11042	17
11043	9
11044	4
11045	1
11046	16
11047	15
11048	11
11049	32
11051	7
11052	24
11054	6
11055	12
11056	17
11057	8
11058	2
11059	19
11060	28
11061	6
11062	0
11063	10
11065	8
11066	11
11067	11
11068	12
11069	13
11071	6
11072	36
11073	49
11074	11
11076	11
11078	7
11081	25
11082	11
11083	13
11084	11
11085	20
11086	34
11087	44
11088	7
11089	16
11090	18
11091	9
11092	13
11093	16
11094	21
11095	22
11097	14
11098	19
11099	23
11100	31
11101	12
11102	10
11103	17
11104	19
11106	14
11107	26
11108	9
11109	8
11110	11
11111	12
11113	11
11114	14
11115	11
11116	7
11118	12
11119	20
11120	41
11121	17
11122	11
11123	19
11124	18
11125	19
11126	16
11129	25
11130	16
11131	17
11132	17
11133	18
11135	7
11136	15
11137	17
11139	14
11141	11
11142	18
11143	15
11145	25
11146	33
11147	14
11148	25
11149	1
11150	10
11151	6
11152	6
11153	23
11154	39
11155	14
11156	17
11157	28
11158	8
11159	15
11160	6
11161	13
11162	29
11163	12
11164	27
11165	31
11166	45
11167	20
11168	3
11169	21
11170	38
11171	9
11172	15
11173	7
11174	15
11175	9
11176	23
11178	10
11179	27
11180	4
11181	12
11182	18
11183	29
11186	22
11187	36
11188	16
11190	30
11191	22
11192	27
11193	4
11194	24
11195	25
11196	32
11198	12
11199	6
11200	24
11201	19
11202	15
11203	24
11204	20
11205	28
11206	7
11207	7
11208	8
11209	31
11210	8
11211	4
11212	11
11214	27
11215	12
11216	44
11217	10
11218	21
11221	34
11222	16
11224	19
11225	24
11226	12
11227	3
11229	37
11230	13
11232	8
11233	10
11234	13
11237	21
11238	13
11239	13
11240	20
11241	4
11244	15
11245	23
11246	10
11247	10
11248	10
11249	2
11250	9
11251	26
11252	20
11254	16
11255	16
11257	8
11258	15
11259	8
11260	5
11261	0
11262	10
11263	14
11264	11
11265	19
11269	11
11270	4
11271	27
11272	9
11273	43
11274	24
11276	21
11277	13
11278	22
11279	40
11280	19
11281	43
11282	15
11283	19
11286	8
11289	27
11290	2
11291	16
11292	19
11293	15
11296	20
11297	1
11298	21
11300	37
11301	21
11302	23
11303	10
11304	20
11305	9
11306	20
11307	6
11308	15
11309	2
11311	21
11313	26
11314	9
11315	19
11316	7
11317	45
11318	17
11319	10
11320	21
11321	22
11322	9
11323	13
11324	18
11325	2
11326	33
11327	13
11328	17
11329	37
11330	25
11331	9
11332	5
11334	18
11335	4
11336	7
11337	36
11338	13
11339	21
11341	14
11342	27
11343	8
11345	14
11346	3
11348	43
11349	1
11350	14
11351	18
11352	39
11353	36
11354	14
11355	9
11356	28
11357	21
11360	10
11361	28
11364	38
11365	12
11366	24
11367	5
11368	27
11369	24
11370	9
11372	12
11373	17
11374	17
11376	20
11377	25
11378	5
11379	20
11380	17
11381	10
11382	41
11383	16
11384	7
11385	7
11386	36
11388	17
11389	17
11390	7
11391	5
11392	5
11393	50
11394	6
11395	7
11396	11
11397	27
11398	6
11400	12
11402	28
11403	14
11404	14
11405	18
11406	14
11407	14
11408	19
11409	7
11410	3
11411	6
11412	19
11413	18
11414	36
11416	11
11417	11
11418	17
11419	16
11420	11
11421	6
11423	3
11424	26
11425	19
11426	7
11427	15
11428	0
11429	16
11431	4
11432	10
11433	21
11434	9
11435	21
11436	26
11437	15
11438	7
11439	13
11440	18
11442	6
11443	20
11444	3
11445	20
11446	6
11447	21
11448	23
11449	8
11450	20
11451	16
11452	19
11453	11
11455	25
11457	26
11459	7
11460	15
11461	13
11462	11
11463	20
11464	12
11465	11
11468	9
11469	8
11470	21
11471	11
11472	13
11473	29
11474	24
11475	24
11477	10
11478	20
11479	12
11481	5
11482	23
11483	11
11484	39
11485	18
11486	27
11488	37
11489	6
11490	1
11491	6
11492	28
11493	16
11495	19
11496	16
11497	20
11498	34
11501	14
11502	40
11503	13
11504	6
11505	5
11506	30
11507	30
11508	4
11509	22
11510	25
11511	14
11512	21
11514	41
11515	27
11516	40
11517	46
11518	22
11519	3
11521	23
11522	7
11523	12
11524	5
11525	6
11526	3
11527	23
11528	19
11529	25
11530	19
11531	4
11532	10
11533	9
11535	13
11536	43
11537	7
11538	5
11539	4
11540	24
11541	20
11542	27
11544	34
11545	8
11546	22
11548	17
11549	22
11550	15
11551	12
11552	24
11553	30
11554	7
11555	3
11556	17
11557	0
11558	11
11559	29
11560	16
11561	27
11562	9
11563	20
11564	25
11565	10
11566	14
11567	17
11568	2
11569	9
11571	30
11573	44
11574	11
11575	13
11577	8
11579	19
11581	14
11582	4
11583	14
11586	13
11587	15
11588	26
11589	24
11590	37
11591	15
11592	29
11593	17
11594	13
11596	23
11597	8
11598	7
11599	16
11600	11
11601	43
11602	20
11603	43
11604	14
11606	34
11607	5
11608	7
11609	23
11610	13
11611	21
11612	13
11614	30
11615	25
11616	26
11617	20
11618	24
11619	11
11620	13
11621	7
11622	19
11623	4
11624	15
11625	31
11626	13
11627	12
11628	11
11629	10
11630	9
11631	17
11632	14
11633	18
11634	2
11635	30
11636	22
11637	16
11638	11
11639	11
11640	28
11641	7
11642	4
11643	15
11644	20
11645	48
11646	29
11647	29
11648	23
11649	13
11652	17
11653	6
11654	9
11655	26
11656	4
11657	29
11658	17
11659	20
11660	25
11661	4
11663	24
11665	22
11666	24
11667	14
11668	18
11669	22
11670	29
11671	20
11672	23
11674	11
11675	24
11676	11
11677	18
11678	26
11679	15
11680	5
11681	34
11682	26
11684	21
11685	24
11688	21
11689	13
11690	32
11691	7
11692	15
11694	13
11696	6
11697	19
11699	9
11700	28
11701	7
11704	21
11705	32
11706	26
11707	14
11708	7
11709	13
11710	4
11711	13
11712	12
11713	12
11714	3
11715	21
11716	7
11717	1
11718	6
11720	27
11721	12
11722	27
11723	34
11724	9
11725	16
11726	20
11727	5
11728	18
11729	8
11730	17
11731	23
11732	20
11733	32
11735	21
11737	11
11738	7
11739	5
11740	18
11741	7
11742	17
11743	16
11744	9
11746	20
11747	17
11748	18
11749	24
11751	2
11752	10
11753	14
11754	19
11755	27
11756	17
11757	19
11758	12
11759	19
11760	28
11761	19
11762	17
11763	12
11764	12
11765	8
11766	15
11767	3
11768	4
11769	24
11770	9
11771	22
11772	19
11774	12
11775	14
11776	25
11778	5
11779	20
11780	14
11781	12
11782	19
11783	37
11784	34
11785	7
11786	10
11787	41
11788	11
11789	18
11790	15
11791	37
11792	33
11793	5
11794	17
11795	11
11796	8
11798	37
11799	14
11800	3
11801	2
11802	24
11803	27
11804	34
11805	5
11806	19
11808	9
11809	4
11810	14
11812	49
11813	24
11814	4
11815	12
11816	16
11817	4
11818	9
11819	9
11820	7
11821	13
11822	13
11823	9
11826	20
11827	3
11828	3
11829	30
11831	13
11832	26
11833	3
11834	31
11835	8
11836	11
11837	5
11838	22
11839	55
11840	18
11841	18
11843	31
11846	17
11847	20
11848	19
11850	2
11851	16
11852	4
11853	32
11854	4
11855	5
11856	40
11857	20
11859	11
11860	30
11861	3
11863	17
11864	27
11865	23
11866	18
11867	5
11868	7
11869	21
11870	24
11872	27
11873	2
11874	13
11875	6
11877	16
11878	17
11879	19
11880	19
11881	27
11882	14
11883	5
11884	19
11885	15
11886	11
11887	27
11889	31
11890	35
11891	15
11892	14
11894	30
11895	18
11896	28
11897	20
11898	36
11899	5
11900	19
11901	4
11903	48
11904	25
11905	25
11908	15
11910	7
11911	20
11912	3
11913	14
11914	4
11915	11
11916	28
11918	15
11920	25
11921	16
11922	37
11924	27
11925	18
11926	24
11927	18
11928	25
11929	4
11930	10
11931	21
11932	41
11933	17
11936	17
11937	10
11938	12
11939	13
11940	26
11941	10
11942	22
11943	30
11944	20
11945	9
11946	14
11947	1
11948	21
11950	15
11951	32
11952	11
11953	19
11954	6
11955	16
11956	7
11957	41
11959	12
11960	9
11961	17
11964	9
11965	11
11966	19
11967	11
11968	11
11969	16
11970	9
11971	16
11972	24
11973	20
11974	53
11975	14
11976	8
11977	4
11979	11
11980	10
11981	29
11982	5
11984	8
11985	17
11986	8
11987	12
11988	12
11989	14
11990	8
11991	16
11992	8
11993	17
11994	13
11995	13
11997	25
11998	5
11999	6
12000	38
12002	5
12003	23
12006	12
12007	36
12008	14
12009	27
12010	18
12011	21
12012	4
12013	15
12014	12
12015	3
12016	3
12017	27
12018	9
12019	15
12020	14
12021	24
12022	34
12023	11
12024	15
12025	16
12027	17
12028	32
12029	24
12030	8
12031	24
12032	14
12033	9
12034	7
12035	8
12037	17
12039	7
12040	5
12041	25
12042	34
12043	7
12044	33
12046	18
12047	6
12048	3
12049	18
12050	12
12051	13
12052	9
12053	12
12055	13
12056	20
12057	4
12058	12
12059	22
12060	8
12061	15
12062	11
12063	10
12064	11
12065	12
12066	3
12067	10
12069	34
12070	8
12071	14
12072	15
12073	12
12075	12
12076	18
12077	25
12078	5
12079	20
12080	21
12081	30
12083	17
12084	14
12085	19
12086	17
12087	49
12088	13
12089	20
12090	22
12091	10
12092	8
12093	7
12094	15
12095	20
12097	12
12098	28
12099	11
12100	22
12103	21
12104	11
12106	23
12108	7
12109	20
12110	10
12111	3
12113	13
12114	6
12115	24
12116	13
12118	8
12119	9
12120	14
12121	1
12123	14
12124	22
12125	13
12126	13
12127	9
12128	21
12129	13
12130	16
12131	17
12132	2
12133	7
12134	5
12135	15
12137	11
12138	16
12139	5
12140	17
12141	12
12143	30
12144	4
12145	21
12146	20
12148	16
12150	14
12151	19
12153	6
12154	15
12155	25
12156	25
12157	28
12158	7
12159	31
12160	18
12161	9
12162	22
12163	10
12164	9
12165	1
12167	13
12168	4
12169	8
12170	11
12172	10
12173	19
12174	10
12175	10
12176	33
12177	13
12178	13
12179	7
12180	23
12181	19
12182	11
12184	4
12185	37
12190	19
12191	34
12193	37
12194	30
12195	34
12196	13
12197	7
12198	23
12199	6
12200	27
12201	18
12202	26
12203	11
12205	8
12207	16
12208	20
12209	22
12210	3
12211	3
12212	21
12213	10
12214	39
12215	13
12216	1
12217	25
12219	5
12220	32
12221	13
12223	26
12224	6
12225	19
12226	14
12227	5
12228	37
12229	7
12230	10
12232	6
12233	16
12234	9
12235	12
12236	14
12237	26
12238	14
12239	17
12240	20
12241	5
12242	22
12243	17
12244	30
12245	14
12246	15
12247	21
12248	3
12249	12
12250	11
12251	8
12252	13
12253	15
12254	17
12255	21
12256	28
12257	17
12258	17
12259	8
12262	22
12263	38
12264	19
12265	34
12266	17
12267	51
12268	13
12269	15
12270	15
12271	6
12272	8
12273	23
12274	31
12275	14
12276	15
12277	17
12279	19
12280	7
12281	18
12282	10
12284	15
12286	17
12287	10
12289	31
12290	17
12291	7
12292	19
12293	4
12294	24
12295	21
12298	14
12299	27
12300	18
12301	14
12304	27
12305	0
12307	16
12308	27
12309	27
12310	19
12312	2
12313	18
12314	25
12315	9
12316	31
12317	18
12318	12
12320	13
12321	11
12322	12
12323	6
12324	23
12325	10
12326	9
12327	17
12328	21
12329	14
12331	20
12333	1
12334	18
12335	8
12337	6
12338	9
12339	20
12340	25
12341	38
12343	14
12344	43
12345	22
12346	27
12347	13
12348	34
12349	17
12351	11
12352	17
12353	26
12354	9
12355	13
12356	40
12358	13
12359	17
12360	17
12361	8
12363	19
12364	10
12366	22
12367	26
12368	22
12369	20
12370	9
12371	10
12373	5
12374	49
12375	39
12376	22
12377	8
12378	13
12379	9
12380	18
12381	25
12382	8
12383	5
12386	0
12387	15
12388	22
12389	36
12390	39
12391	37
12392	14
12393	4
12394	12
12395	12
12396	15
12397	16
12398	46
12399	12
12401	23
12402	10
12404	19
12405	9
12406	31
12407	13
12408	8
12409	16
12410	12
12411	27
12412	10
12413	19
12414	13
12415	11
12416	11
12418	31
12419	23
12421	20
12422	11
12423	2
12424	18
12426	16
12428	9
12429	11
12430	6
12431	6
12432	18
12433	17
12434	7
12436	12
12438	19
12439	27
12440	20
12441	18
12443	21
12445	42
12446	13
12447	12
12448	19
12449	8
12450	23
12451	31
12452	10
12453	13
12454	13
12455	16
12456	41
12458	12
12459	19
12460	11
12461	18
12462	9
12463	45
12464	50
12465	19
12466	9
12467	21
12469	34
12470	23
12471	21
12472	10
12473	12
12474	23
12475	23
12476	9
12477	24
12478	14
12479	19
12480	3
12481	25
12482	28
12483	13
12484	13
12485	13
12487	25
12488	33
12491	10
12493	5
12494	8
12495	26
12496	0
12497	36
12499	19
12500	15
12501	10
12502	23
12503	10
12504	29
12506	19
12507	31
12509	12
12510	11
12511	16
12512	5
12513	26
12514	27
12515	13
12516	57
12517	19
12518	19
12519	18
12520	13
12521	19
12522	26
12523	11
12524	2
12525	13
12526	13
12527	14
12528	6
12529	17
12530	13
12531	12
12532	18
12533	18
12534	15
12535	14
12536	40
12538	8
12539	11
12540	14
12542	20
12543	11
12544	23
12545	6
12546	25
12547	10
12549	5
12550	22
12551	10
12552	8
12553	21
12554	5
12555	8
12557	21
12558	17
12559	8
12560	4
12561	7
12562	2
12563	3
12564	15
12566	23
12567	1
12568	19
12569	34
12570	6
12571	13
12572	5
12573	16
12574	5
12575	24
12576	41
12577	12
12578	13
12579	23
12580	4
12581	39
12582	23
12583	4
12584	7
12586	9
12587	17
12588	32
12589	20
12590	17
12592	19
12593	9
12595	24
12596	9
12598	27
12599	29
12601	22
12602	38
12603	0
12604	9
12605	11
12606	9
12608	15
12609	28
12611	12
12613	16
12614	4
12615	29
12616	17
12617	7
12618	27
12619	9
12620	15
12621	3
12622	19
12624	13
12625	5
12627	9
12628	24
12630	3
12631	22
12632	15
12633	15
12635	16
12636	11
12637	7
12638	25
12640	0
12641	14
12642	8
12643	8
12644	14
12645	22
12646	7
12648	3
12649	26
12651	38
12652	21
12654	17
12655	25
12657	10
12659	25
12660	16
12661	9
12663	10
12664	11
12666	28
12667	17
12668	28
12670	6
12671	12
12672	24
12673	21
12674	15
12675	16
12677	7
12678	9
12679	11
12681	19
12682	32
12683	24
12684	25
12686	7
12687	7
12688	42
12689	32
12690	9
12691	21
12692	13
12693	25
12694	7
12695	7
12696	41
12698	13
12699	9
12700	10
12701	17
12702	23
12703	11
12704	21
12705	16
12707	19
12708	11
12709	9
12710	20
12711	11
12712	25
12714	36
12715	35
12716	21
12717	12
12718	3
12719	31
12720	9
12721	5
12722	12
12724	3
12725	26
12726	14
12727	17
12728	13
12729	3
12730	13
12731	12
12732	8
12733	18
12736	45
12739	2
12740	17
12741	17
12742	17
12743	12
12744	20
12745	12
12746	23
12747	23
12748	12
12749	31
12750	30
12751	12
12752	9
12753	5
12754	8
12755	14
12756	13
12758	5
12759	15
12760	5
12761	28
12762	12
12764	11
12766	13
12767	6
12768	11
12769	22
12770	12
12771	25
12773	17
12775	17
12776	17
12779	22
12780	26
12782	25
12784	17
12785	5
12787	2
12788	28
12790	13
12791	2
12792	12
12793	6
12794	21
12796	21
12797	12
12798	17
12799	19
12800	8
12801	9
12802	6
12806	25
12807	17
12809	7
12810	9
12811	44
12812	14
12813	10
12814	36
12815	21
12816	2
12817	27
12818	43
12819	13
12820	17
12821	26
12822	4
12823	16
12824	27
12826	9
12827	17
12828	4
12829	28
12831	10
12832	17
12833	24
12834	7
12835	8
12836	14
12837	13
12839	10
12840	41
12841	8
12842	17
12843	14
12844	10
12845	17
12846	5
12847	11
12848	12
12849	27
12851	29
12852	8
12853	7
12854	7
12855	8
12856	11
12857	34
12858	21
12860	12
12861	18
12862	30
12863	27
12864	4
12865	15
12866	24
12869	16
12870	8
12871	7
12872	10
12873	16
12874	18
12876	29
12877	14
12878	6
12880	13
12881	26
12882	21
12883	11
12884	27
12886	22
12888	11
12889	10
12890	18
12891	31
12892	19
12893	5
12894	13
12895	2
12896	13
12897	29
12898	29
12899	8
12900	15
12901	31
12902	17
12903	26
12904	13
12905	20
12906	3
12907	6
12908	5
12909	22
12911	17
12912	18
12913	8
12914	9
12915	12
12916	10
12917	18
12918	15
12919	13
12920	20
12921	14
12922	22
12923	4
12924	16
12925	9
12926	9
12927	11
12928	25
12929	17
12931	19
12932	19
12933	21
12934	8
12935	8
12937	45
12939	22
12941	8
12942	39
12943	14
12944	12
12945	6
12946	12
12948	1
12949	7
12950	20
12951	39
12952	14
12953	18
12954	5
12956	26
12957	36
12958	9
12959	12
12960	29
12961	16
12962	16
12963	7
12964	42
12965	4
12966	27
12967	13
12968	16
12969	23
12970	6
12971	24
12972	2
12973	15
12974	7
12975	25
12976	22
12977	24
12978	18
12980	19
12981	21
12982	18
12983	13
12986	29
12987	14
12988	22
12989	24
12990	2
12991	30
12992	14
12993	1
12994	10
12995	8
12996	4
12997	14
12998	6
12999	18
13000	17
13001	5
13002	1
13003	6
13005	16
13006	7
13007	25
13008	2
13009	32
13010	9
13011	12
13012	4
13013	26
13014	4
13015	14
13016	14
13017	12
13018	17
13019	26
13020	10
13021	15
13022	8
13023	29
13024	10
13025	11
13026	19
13028	26
13029	21
13030	10
13031	15
13032	3
13033	7
13034	9
13035	12
13036	9
13037	29
13038	6
13039	13
13040	23
13041	22
13042	7
13043	12
13044	12
13046	3
13048	3
13049	33
13050	24
13051	13
13052	19
13054	0
13055	8
13056	0
13057	12
13058	6
13060	11
13061	21
13062	30
13063	7
13064	30
13065	4
13066	22
13070	20
13071	35
13072	10
13073	16
13074	2
13075	10
13076	15
13077	11
13078	14
13079	7
13080	5
13081	6
13082	23
13083	20
13084	10
13085	25
13086	15
13088	13
13089	20
13090	13
13092	14
13094	23
13095	16
13096	17
13098	11
13099	13
13100	29
13101	17
13102	9
13103	1
13104	1
13105	14
13106	6
13107	15
13108	25
13109	1
13111	23
13112	3
13113	10
13115	8
13116	23
13117	6
13118	8
13119	8
13120	8
13121	20
13122	34
13123	35
13124	14
13125	8
13126	5
13127	16
13128	9
13129	55
13131	26
13132	26
13133	3
13134	10
13135	15
13136	24
13137	23
13138	3
13139	12
13140	27
13141	30
13142	21
13143	19
13144	6
13145	20
13146	10
13147	11
13149	12
13150	6
13151	15
13152	23
13154	2
13155	9
13156	8
13157	33
13158	14
13159	34
13160	8
13162	11
13163	25
13164	32
13165	15
13167	18
13168	19
13169	9
13170	20
13171	22
13172	12
13173	10
13174	16
13175	10
13176	21
13177	22
13178	19
13179	10
13180	22
13181	23
13182	34
13183	25
13184	7
13185	9
13186	5
13187	15
13188	15
13189	0
13190	18
13191	22
13192	4
13194	28
13195	23
13196	8
13198	20
13199	8
13200	8
13201	6
13202	13
13204	10
13205	19
13206	11
13207	19
13208	13
13209	18
13210	17
13211	34
13212	24
13213	19
13214	22
13215	26
13216	44
13217	17
13218	15
13219	9
13221	12
13222	16
13223	4
13224	17
13225	35
13226	14
13227	11
13228	21
13229	18
13230	1
13231	9
13233	13
13234	19
13235	29
13236	18
13237	13
13238	23
13239	16
13241	24
13242	13
13243	6
13244	9
13245	8
13247	7
13248	37
13249	8
13250	40
13251	6
13252	34
13253	12
13254	23
13255	7
13256	15
13257	18
13258	37
13259	32
13261	25
13262	13
13263	28
13264	2
13266	19
13267	10
13268	34
13269	6
13270	3
13271	22
13272	11
13273	8
13274	25
13275	24
13276	11
13277	15
13278	23
13279	11
13280	9
13283	11
13284	15
13285	21
13286	9
13287	4
13288	44
13289	7
13290	22
13291	2
13293	11
13296	10
13297	5
13298	7
13299	7
13300	7
13301	11
13302	21
13304	5
13305	7
13306	20
13308	7
13309	30
13310	6
13311	13
13312	14
13313	21
13315	4
13316	15
13317	36
13318	22
13319	27
13320	13
13321	3
13322	40
13323	4
13324	13
13326	14
13328	5
13329	14
13330	16
13334	10
13335	25
13337	8
13338	30
13340	3
13341	46
13342	12
13343	39
13344	18
13345	19
13346	23
13347	36
13348	9
13350	14
13351	29
13352	11
13354	11
13355	11
13356	20
13357	19
13358	35
13360	19
13361	13
13362	23
13363	26
13365	13
13366	27
13367	2
13368	14
13369	10
13370	22
13371	12
13372	7
13373	22
13374	10
13375	14
13376	15
13377	2
13378	21
13379	7
13381	8
13382	43
13383	36
13384	10
13386	10
13387	11
13388	9
13389	16
13390	18
13391	12
13392	10
13393	9
13394	23
13395	20
13396	18
13398	20
13399	27
13400	11
13401	13
13402	6
13404	53
13405	5
13406	13
13407	4
13408	7
13409	14
13410	12
13411	13
13412	10
13413	26
13414	28
13415	7
13416	38
13417	18
13418	25
13419	7
13420	22
13421	14
13422	31
13424	11
13425	22
13426	5
13427	6
13428	2
13430	24
13431	23
13432	16
13433	4
13434	7
13435	10
13437	8
13438	42
13439	30
13440	28
13441	28
13442	13
13443	3
13444	20
13445	14
13446	26
13447	9
13448	34
13449	14
13451	21
13452	17
13453	30
13454	22
13455	10
13456	43
13457	9
13458	3
13459	8
13460	44
13461	34
13462	13
13463	20
13464	25
13465	17
13466	13
13467	7
13468	28
13469	18
13470	15
13471	21
13473	27
13474	8
13475	14
13476	19
13477	8
13478	16
13479	31
13480	14
13481	32
13482	13
13483	5
13484	16
13485	16
13486	25
13487	15
13488	23
13489	25
13490	17
13491	10
13492	12
13496	8
13497	9
13498	7
13499	18
13500	12
13501	10
13503	17
13505	25
13506	14
13508	10
13509	9
13510	6
13511	23
13512	14
13513	6
13514	30
13515	9
13516	16
13517	23
13518	20
13519	0
13520	14
13521	12
13522	22
13523	10
13524	6
13525	26
13526	15
13527	18
13528	22
13529	13
13530	19
13531	16
13533	33
13535	11
13536	21
13537	13
13538	20
13539	6
13540	36
13541	22
13542	19
13543	17
13544	24
13545	21
13546	22
13548	15
13549	9
13551	7
13552	3
13553	37
13554	12
13555	19
13557	5
13558	30
13560	31
13562	13
13563	7
13564	10
13566	8
13567	19
13568	34
13569	15
13570	10
13571	10
13572	14
13573	18
13574	6
13576	11
13577	14
13578	21
13579	30
13580	20
13581	6
13582	20
13584	17
13585	0
13586	10
13587	42
13588	9
13589	23
13590	11
13591	10
13593	7
13594	9
13595	17
13596	19
13597	21
13598	14
13599	7
13601	10
13602	21
13603	24
13604	12
13605	6
13606	9
13607	17
13608	7
13610	36
13611	6
13612	4
13613	26
13614	17
13615	11
13616	17
13617	11
13618	36
13619	26
13621	14
13622	10
13623	32
13624	15
13625	40
13626	32
13627	14
13628	7
13629	7
13630	17
13631	17
13632	7
13633	0
13634	27
13636	6
13638	26
13639	3
13640	5
13642	13
13643	9
13644	19
13645	17
13647	7
13648	11
13649	26
13650	15
13651	6
13652	8
13653	21
13654	8
13655	0
13656	25
13657	17
13658	18
13659	16
13660	26
13661	17
13662	10
13663	26
13664	8
13666	9
13667	11
13668	1
13669	17
13670	4
13671	33
13672	37
13673	31
13674	10
13675	16
13676	7
13677	6
13678	22
13679	29
13680	6
13681	6
13682	30
13683	29
13684	18
13685	15
13686	21
13687	7
13688	3
13689	38
13690	14
13691	25
13692	33
13693	27
13694	26
13695	34
13696	6
13697	4
13698	17
13699	39
13700	15
13701	10
13702	30
13703	25
13704	15
13707	25
13708	26
13709	32
13710	14
13711	7
13712	11
13713	14
13715	14
13716	34
13717	22
13718	5
13719	34
13720	20
13721	5
13722	16
13723	17
13724	6
13725	11
13726	24
13729	11
13730	33
13731	5
13732	1
13733	16
13734	17
13735	36
13736	3
13737	14
13738	15
13739	23
13740	14
13741	8
13742	19
13743	9
13744	8
13745	21
13748	12
13749	28
13750	15
13751	11
13752	27
13753	17
13754	11
13755	7
13756	2
13757	5
13759	18
13760	11
13761	21
13762	26
13763	8
13764	12
13765	35
13766	15
13767	8
13768	11
13769	22
13770	22
13771	21
13772	13
13774	6
13775	19
13776	6
13777	5
13778	10
13779	8
13780	9
13781	34
13782	14
13784	47
13785	9
13786	14
13787	14
13788	14
13789	7
13790	3
13791	12
13792	5
13793	15
13795	11
13796	16
13797	36
13798	13
13801	24
13802	22
13803	13
13804	4
13805	4
13807	42
13808	6
13809	3
13812	12
13814	26
13815	8
13816	23
13817	3
13818	10
13820	4
13821	23
13822	8
13823	0
13824	12
13826	10
13827	19
13828	17
13829	10
13830	17
13831	16
13832	6
13833	15
13835	41
13836	13
13838	17
13840	3
13842	21
13843	15
13845	15
13846	11
13847	8
13848	20
13849	15
13850	13
13851	7
13852	10
13853	26
13854	8
13855	23
13856	4
13857	14
13858	24
13859	19
13860	19
13861	19
13862	11
13863	7
13864	9
13865	14
13866	9
13867	7
13868	21
13870	3
13871	1
13873	8
13874	11
13875	11
13876	10
13877	13
13878	7
13881	13
13882	25
13883	19
13884	33
13885	8
13886	28
13887	24
13888	23
13889	3
13891	14
13892	18
13893	18
13894	30
13896	3
13899	19
13900	11
13901	12
13902	10
13903	18
13904	14
13905	19
13906	3
13907	12
13909	14
13910	14
13911	25
13912	6
13913	7
13914	8
13915	16
13917	8
13918	11
13919	10
13920	13
13921	18
13922	11
13924	7
13925	10
13926	22
13927	23
13928	25
13929	12
13930	13
13931	21
13932	7
13933	30
13936	5
13937	26
13938	15
13939	7
13940	2
13941	4
13942	22
13944	18
13945	10
13946	8
13947	11
13948	6
13949	17
13950	10
13951	7
13952	13
13953	13
13954	6
13956	23
13957	17
13958	10
13960	16
13962	11
13963	17
13964	12
13965	9
13966	29
13968	53
13969	15
13970	25
13971	10
13972	7
13973	16
13974	27
13975	26
13976	20
13977	14
13978	8
13979	22
13980	29
13981	39
13982	29
13983	20
13984	6
13985	22
13986	10
13987	9
13988	7
13989	12
13990	9
13992	8
13993	13
13994	17
13995	12
13997	29
13998	20
13999	17
14000	10
14001	10
14002	4
14003	6
14004	28
14005	13
14007	4
14008	8
14009	18
14010	7
14011	15
14012	24
14013	11
14015	8
14016	11
14017	26
14018	18
14019	19
14020	49
14021	23
14023	23
14025	14
14026	42
14028	7
14029	24
14030	11
14031	18
14032	15
14033	23
14034	9
14035	19
14036	14
14037	10
14039	12
14043	22
14044	21
14046	17
14047	48
14048	23
14049	3
14050	10
14051	3
14052	16
14053	24
14054	3
14055	13
14056	11
14058	17
14059	8
14060	11
14061	20
14062	55
14063	9
14065	15
14066	7
14067	29
14068	18
14069	23
14070	10
14071	18
14072	6
14073	24
14074	27
14075	20
14076	17
14078	32
14079	14
14081	3
14082	24
14083	14
14085	11
14086	11
14087	21
14088	32
14089	15
14090	6
14091	13
14092	8
14093	3
14094	6
14095	11
14096	16
14097	20
14098	19
14099	9
14100	29
14101	13
14103	41
14104	22
14105	26
14108	4
14109	10
14111	21
14112	16
14113	19
14114	8
14115	19
14116	8
14117	16
14118	30
14120	24
14121	25
14123	13
14124	3
14125	3
14126	11
14127	7
14129	24
14130	14
14133	13
14134	18
14135	12
14137	27
14138	11
14139	4
14140	34
14141	21
14142	18
14143	25
14144	34
14145	15
14146	22
14147	18
14148	18
14150	15
14152	10
14153	24
14154	28
14155	7
14156	19
14157	10
14158	19
14159	15
14160	53
14161	7
14163	23
14164	20
14165	38
14166	13
14168	18
14169	1
14170	8
14171	15
14172	16
14173	5
14174	38
14175	19
14176	6
14177	10
14178	16
14179	21
14180	10
14181	18
14182	40
14184	15
14185	17
14186	23
14189	38
14190	3
14191	11
14192	23
14193	19
14194	36
14195	19
14196	12
14197	20
14198	14
14199	12
14200	22
14201	23
14203	18
14204	7
14206	17
14207	5
14209	16
14210	11
14211	28
14212	13
14213	8
14214	11
14216	5
14217	33
14218	20
14219	15
14220	2
14221	11
14222	35
14223	3
14225	20
14226	8
14227	7
14228	8
14229	35
14230	16
14231	12
14232	15
14233	9
14235	19
14236	26
14237	11
14238	2
14240	10
14241	5
14242	15
14243	21
14244	12
14245	25
14247	29
14249	19
14250	14
14251	7
14252	11
14253	17
14254	15
14255	26
14256	25
14257	11
14258	22
14259	10
14261	22
14262	27
14263	12
14264	20
14265	15
14266	13
14267	2
14269	19
14270	12
14271	26
14272	32
14273	34
14274	42
14275	17
14276	0
14277	16
14279	12
14280	24
14281	11
14282	17
14283	14
14284	22
14285	5
14286	7
14287	5
14288	5
14290	27
14291	16
14292	16
14293	27
14294	23
14295	22
14296	22
14297	5
14298	8
14300	18
14301	20
14302	19
14304	3
14305	31
14306	21
14307	9
14308	14
14309	8
14310	12
14311	2
14312	1
14313	17
14314	39
14316	25
14317	9
14318	1
14319	7
14321	11
14322	17
14323	8
14324	15
14325	26
14326	10
14327	21
14328	6
14329	16
14330	16
14331	43
14332	10
14333	20
14334	8
14335	5
14336	22
14337	8
14338	8
14339	11
14340	6
14341	18
14344	18
14347	6
14348	9
14349	32
14350	5
14351	2
14352	19
14353	19
14355	18
14356	6
14357	13
14358	24
14359	10
14360	2
14361	30
14362	10
14363	17
14364	3
14365	30
14366	4
14367	5
14368	12
14369	1
14370	25
14371	23
14372	32
14373	11
14374	28
14375	39
14377	20
14378	5
14379	17
14380	24
14381	11
14382	25
14383	32
14384	19
14386	10
14387	17
14388	3
14389	13
14390	4
14392	5
14393	35
14394	14
14396	30
14397	13
14398	3
14399	26
14401	16
14402	15
14403	12
14404	8
14405	15
14407	3
14408	27
14412	11
14413	3
14414	14
14415	1
14416	6
14417	10
14419	24
14420	15
14421	4
14422	41
14424	9
14425	16
14426	5
14428	5
14429	20
14432	22
14433	12
14435	0
14436	17
14438	15
14439	10
14441	20
14442	6
14443	20
14444	18
14445	37
14446	35
14447	12
14448	44
14449	0
14450	4
14451	15
14452	14
14454	20
14455	1
14456	6
14457	11
14460	27
14461	11
14462	25
14463	6
14464	9
14465	23
14466	26
14467	13
14468	29
14469	24
14470	29
14471	31
14472	33
14473	14
14474	30
14475	24
14476	4
14477	24
14479	17
14480	6
14482	14
14483	16
14484	10
14485	12
14486	10
14487	12
14488	41
14489	16
14490	11
14491	12
14492	9
14493	14
14494	7
14495	19
14496	14
14497	24
14498	30
14499	12
14500	8
14501	9
14502	7
14503	16
14504	2
14505	7
14506	9
14507	24
14509	28
14511	27
14513	13
14514	11
14515	8
14516	7
14517	18
14518	24
14519	15
14520	16
14521	13
14522	14
14523	14
14524	25
14525	10
14528	4
14529	12
14530	17
14531	28
14532	20
14533	10
14534	10
14535	17
14536	9
14537	28
14538	10
14541	36
14542	28
14543	13
14545	12
14546	20
14548	15
14549	9
14550	10
14551	14
14553	15
14554	4
14555	32
14556	6
14557	4
14558	21
14559	7
14560	16
14562	10
14563	4
14564	10
14565	26
14566	11
14567	12
14568	11
14569	13
14570	8
14571	32
14572	7
14573	14
14574	30
14575	20
14577	17
14578	17
14580	6
14581	32
14582	13
14583	15
14584	9
14585	31
14588	13
14589	31
14590	13
14591	19
14593	5
14594	24
14595	14
14596	7
14597	12
14598	19
14599	9
14600	9
14601	9
14602	6
14603	32
14604	2
14605	17
14606	6
14607	7
14608	5
14609	30
14610	13
14611	28
14612	32
14613	7
14614	36
14615	5
14616	10
14617	20
14618	6
14619	32
14620	11
14621	12
14622	22
14623	31
14624	29
14625	27
14626	11
14627	30
14628	12
14629	9
14630	20
14631	11
14632	6
14633	19
14634	2
14635	21
14636	19
14637	27
14638	12
14639	28
14640	8
14641	21
14642	8
14643	29
14644	30
14645	24
14646	6
14647	16
14648	12
14649	7
14650	17
14651	8
14652	17
14653	32
14654	5
14655	14
14656	8
14657	18
14658	9
14659	10
14660	19
14661	22
14662	26
14663	42
14664	22
14665	13
14666	15
14667	19
14668	21
14669	12
14670	15
14672	9
14674	11
14675	10
14676	21
14679	6
14681	14
14682	7
14683	20
14684	6
14685	24
14686	12
14687	28
14688	23
14689	15
14690	27
14691	39
14692	22
14694	36
14695	14
14696	12
14697	7
14698	6
14699	26
14700	14
14701	2
14702	17
14703	5
14704	16
14705	18
14706	12
14707	12
14708	30
14709	53
14710	20
14712	2
14713	42
14714	22
14715	11
14716	11
14717	5
14718	7
14719	18
14720	18
14721	27
14722	21
14723	12
14724	19
14725	26
14726	31
14727	20
14728	9
14730	44
14731	32
14733	0
14734	29
14735	16
14736	8
14737	25
14738	35
14739	23
14740	34
14741	24
14742	20
14743	34
14744	16
14745	13
14746	18
14748	31
14749	12
14750	8
14751	8
14752	47
14753	12
14754	16
14755	16
14756	13
14757	5
14758	29
14759	16
14760	29
14761	26
14762	3
14763	7
14765	26
14766	5
14767	12
14769	17
14770	22
14772	16
14773	20
14774	30
14775	23
14776	9
14778	2
14779	15
14780	32
14781	9
14782	16
14783	14
14784	18
14785	20
14786	5
14787	9
14788	11
14789	30
14790	26
14791	12
14792	7
14793	23
14794	14
14795	48
14796	13
14797	13
14798	23
14800	12
14801	23
14802	16
14803	9
14804	31
14805	18
14806	15
14807	12
14808	23
14809	24
14810	24
14813	5
14814	12
14815	19
14816	12
14817	25
14818	23
14820	8
14821	16
14822	14
14823	8
14824	14
14827	11
14828	3
14829	20
14830	28
14831	39
14832	18
14833	22
14834	12
14835	14
14836	3
14837	6
14838	12
14841	6
14842	1
14844	25
14845	22
14846	9
14847	19
14848	5
14849	12
14850	30
14851	23
14852	21
14853	22
14854	15
14855	14
14856	5
14858	20
14860	23
14861	16
14862	6
14863	33
14864	15
14865	11
14866	8
14867	2
14868	32
14869	18
14870	31
14871	20
14872	21
14873	17
14874	6
14875	10
14876	11
14877	2
14878	12
14879	10
14880	20
14881	17
14882	7
14883	18
14885	19
14886	26
14887	34
14889	14
14890	7
14891	38
14892	11
14893	20
14894	2
14895	18
14896	15
14897	6
14898	6
14899	10
14901	6
14902	3
14903	13
14904	26
14905	18
14906	10
14907	18
14908	18
14909	30
14910	7
14911	22
14913	1
14915	28
14916	38
14917	45
14919	7
14920	30
14921	12
14922	23
14923	10
14924	7
14925	17
14926	10
14928	18
14929	7
14930	31
14931	6
14932	5
14933	13
14934	8
14935	16
14936	17
14937	5
14938	9
14939	44
14940	5
14941	24
14942	28
14943	9
14944	16
14945	9
14946	10
14947	2
14948	5
14949	11
14950	11
14951	23
14952	16
14955	8
14957	18
14958	6
14960	2
14961	13
14963	19
14964	11
14965	14
14967	31
14968	22
14969	16
14970	13
14971	16
14972	6
14973	8
14974	26
14975	31
14976	14
14977	22
14978	29
14979	10
14980	15
14982	19
14983	14
14984	6
14985	30
14986	15
14987	10
14989	15
14993	5
14994	25
14995	18
14996	34
14997	8
14998	24
15001	14
15002	17
15003	13
15004	28
15005	8
15006	12
15007	10
15008	9
15009	12
15010	18
15011	0
15013	6
15014	16
15016	8
15017	20
15018	16
15019	33
15020	22
15021	7
15022	14
15023	23
15025	8
15026	8
15027	11
15028	30
15030	11
15031	6
15032	17
15033	14
15034	14
15036	10
15037	22
15040	22
15041	16
15042	6
15044	6
15045	14
15046	18
15047	16
15048	9
15049	38
15050	9
15051	12
15052	13
15053	24
15054	18
15055	12
15056	29
15057	18
15058	33
15059	10
15060	9
15061	6
15062	11
15063	25
15064	10
15065	2
15066	19
15067	11
15068	8
15069	8
15071	19
15074	19
15076	2
15077	15
15078	21
15081	33
15082	18
15084	42
15085	15
15086	6
15087	14
15089	12
15090	2
15091	14
15093	24
15094	14
15095	22
15096	4
15097	3
15098	28
15099	7
15101	18
15102	9
15103	11
15104	5
15106	28
15107	22
15108	16
15109	33
15110	18
15111	20
15113	26
15115	15
15116	18
15117	24
15118	14
15119	8
15120	6
15121	17
15123	8
15124	22
15125	16
15126	10
15127	24
15128	17
15129	15
15130	17
15131	6
15132	26
15133	8
15134	24
15135	8
15136	5
15138	24
15139	12
15140	30
15141	8
15142	5
15143	7
15144	17
15145	23
15146	10
15147	15
15148	12
15149	19
15150	10
15151	8
15152	37
15153	17
15154	24
15155	14
15156	20
15157	8
15158	33
15159	3
15160	3
15161	9
15162	15
15165	43
15168	21
15169	13
15170	2
15171	32
15172	9
15173	19
15174	20
15175	30
15176	44
15177	8
15179	39
15180	5
15181	0
15182	45
15183	15
15186	22
15187	21
15188	23
15190	11
15191	19
15192	16
15193	27
15194	14
15195	17
15197	9
15198	18
15199	18
15201	13
15202	20
15204	13
15207	16
15208	22
15209	13
15211	7
15212	8
15213	20
15214	6
15215	28
15216	8
15217	40
15218	18
15219	24
15220	5
15222	0
15223	32
15224	30
15225	34
15226	24
15227	18
15228	8
15229	29
15230	19
15232	16
15233	11
15235	12
15236	15
15237	7
15238	13
15239	15
15240	8
15241	24
15242	9
15243	18
15244	32
15245	0
15246	4
15247	14
15248	12
15249	27
15250	50
15251	14
15252	32
15253	7
15255	12
15256	23
15257	17
15258	28
15259	11
15260	10
15262	13
15263	15
15264	10
15265	9
15266	32
15267	13
15268	25
15270	24
15271	7
15272	11
15273	11
15274	47
15275	16
15276	10
15277	7
15278	21
15279	14
15280	10
15281	17
15282	13
15283	22
15284	15
15285	18
15286	15
15287	14
15288	34
15289	18
15290	34
15291	21
15292	32
15293	17
15294	12
15295	20
15296	37
15297	17
15298	22
15299	38
15300	19
15301	23
15302	5
15303	7
15304	20
15305	14
15307	12
15308	18
15309	8
15311	10
15313	29
15314	3
15315	38
15316	10
15317	11
15318	11
15319	11
15320	32
15321	22
15323	20
15324	43
15326	40
15327	15
15328	9
15330	12
15331	7
15332	19
15333	7
15334	8
15336	26
15337	22
15338	11
15339	17
15340	14
15341	6
15342	19
15343	11
15344	19
15345	6
15346	16
15347	30
15348	7
15349	19
15350	19
15351	14
15352	14
15353	18
15354	44
15355	8
15356	20
15357	9
15358	39
15359	22
15360	9
15361	13
15362	14
15363	17
15364	0
15366	16
15368	26
15369	17
15370	13
15371	28
15372	39
15374	13
15375	17
15376	16
15377	16
15378	24
15379	16
15380	23
15381	20
15382	2
15383	37
15384	5
15385	9
15386	3
15387	20
15388	30
15389	8
15390	21
15391	18
15392	5
15393	1
15395	27
15396	8
15398	7
15399	10
15401	16
15402	9
15403	32
15404	11
15405	15
15406	30
15407	18
15408	11
15409	5
15411	13
15412	10
15413	11
15415	14
15416	6
15417	10
15418	27
15419	29
15420	4
15421	27
15422	23
15423	1
15424	13
15425	8
15426	16
15427	17
15428	13
15429	8
15430	12
15432	18
15433	11
15435	30
15436	28
15437	14
15438	12
15439	20
15440	26
15441	22
15442	4
15443	11
15444	14
15445	34
15447	10
15448	18
15449	10
15450	7
15451	12
15452	13
15453	10
15454	10
15455	29
15456	31
15457	13
15458	13
15459	7
15460	6
15462	26
15464	11
15465	35
15467	7
15468	21
15470	27
15472	24
15473	4
15474	20
15476	12
15477	15
15478	25
15479	34
15480	8
15481	21
15482	7
15483	15
15484	9
15485	19
15487	29
15488	17
15490	18
15491	4
15492	38
15493	16
15494	45
15495	4
15496	6
15497	15
15498	27
15499	22
15500	11
15501	8
15502	14
15503	3
15504	13
15506	25
15507	29
15508	12
15509	10
15510	12
15511	36
15512	22
15513	20
15514	11
15515	17
15516	13
15517	21
15520	4
15522	45
15523	18
15524	16
15525	7
15526	26
15528	13
15529	24
15530	31
15531	10
15532	29
15533	8
15534	18
15536	19
15537	20
15538	8
15539	9
15540	4
15541	9
15542	7
15543	12
15544	7
15545	1
15546	22
15547	7
15548	34
15549	19
15550	17
15551	11
15552	17
15553	7
15554	19
15555	21
15556	45
15557	4
15558	22
15560	4
15561	14
15562	9
15564	7
15565	8
15566	13
15568	11
15569	7
15570	19
15572	10
15573	17
15574	14
15575	8
15576	27
15577	18
15578	9
15579	17
15580	18
15581	5
15582	15
15584	10
15585	9
15586	2
15587	10
15588	9
15589	6
15590	15
15591	17
15592	22
15593	14
15594	23
15595	22
15596	22
15597	14
15601	31
15602	28
15603	20
15604	13
15605	20
15607	5
15608	14
15609	10
15610	6
15611	9
15612	12
15613	7
15616	1
15617	12
15618	35
15619	13
15620	31
15621	30
15622	10
15623	1
15627	7
15628	23
15629	13
15630	14
15631	10
15632	4
15633	21
15634	20
15635	22
15636	19
15637	12
15638	9
15639	13
15641	22
15642	9
15643	0
15645	19
15646	16
15647	27
15650	33
15651	12
15653	14
15654	20
15655	21
15656	9
15657	7
15658	6
15659	33
15660	8
15661	35
15662	11
15663	8
15664	15
15665	11
15666	20
15667	12
15669	18
15670	10
15671	24
15672	18
15673	12
15674	15
15675	29
15676	2
15677	11
15678	8
15679	9
15680	4
15681	11
15682	13
15683	30
15684	17
15685	12
15687	21
15688	18
15689	11
15692	13
15693	5
15694	26
15695	15
15696	3
15697	11
15699	2
15700	41
15701	35
15702	23
15703	28
15704	18
15705	15
15706	9
15710	9
15711	4
15712	29
15713	8
15714	9
15715	23
15716	10
15717	14
15718	5
15719	12
15720	5
15721	10
15722	17
15724	5
15726	25
15728	20
15729	5
15730	5
15733	15
15734	9
15735	18
15736	25
15738	17
15739	26
15741	32
15742	17
15744	13
15745	9
15746	4
15747	32
15748	19
15749	18
15750	39
15751	8
15752	7
15753	4
15754	8
15755	5
15756	14
15757	17
15758	12
15759	19
15760	21
15761	13
15765	22
15766	24
15767	21
15768	18
15769	12
15770	13
15771	10
15772	10
15773	25
15776	21
15777	9
15778	15
15779	13
15780	16
15781	20
15782	23
15783	8
15784	23
15785	16
15786	3
15787	8
15788	36
15789	18
15790	20
15791	19
15792	36
15793	32
15794	23
15795	14
15796	9
15797	11
15798	9
15799	23
15800	14
15801	1
15802	21
15803	1
15804	24
15805	21
15807	10
15808	14
15809	36
15810	17
15811	15
15812	13
15813	6
15814	17
15815	14
15816	15
15817	15
15818	10
15819	10
15820	26
15821	26
15822	36
15823	17
15824	13
15825	9
15826	17
15827	16
15829	24
15830	14
15831	9
15832	17
15833	14
15834	17
15835	10
15836	8
15837	18
15838	33
15839	11
15840	13
15841	13
15842	15
15843	16
15844	27
15845	29
15846	28
15848	3
15849	33
15850	9
15851	23
15852	18
15853	25
15854	33
15856	18
15857	13
15858	2
15860	14
15861	21
15862	5
15863	7
15866	25
15868	7
15869	28
15870	12
15871	25
15872	11
15873	16
15874	6
15875	7
15876	7
15877	30
15880	39
15881	7
15882	28
15883	43
15884	10
15885	3
15886	29
15887	7
15888	25
15890	5
15891	11
15893	38
15894	19
15895	5
15896	4
15897	7
15898	11
15899	46
15900	19
15901	8
15902	11
15903	11
15904	6
15905	30
15906	15
15907	9
15908	16
15909	30
15910	26
15911	28
15912	11
15913	15
15914	18
15915	21
15916	6
15917	5
15918	12
15919	19
15921	21
15922	31
15923	14
15925	22
15928	30
15931	9
15932	16
15933	19
15934	0
15936	5
15937	15
15938	37
15939	26
15941	12
15945	17
15946	28
15947	23
15948	15
15949	20
15951	30
15952	50
15953	7
15954	10
15957	13
15958	17
15959	19
15960	31
15961	12
15963	8
15964	18
15965	3
15967	21
15968	26
15969	16
15970	2
15971	6
15972	19
15973	19
15975	4
15976	15
15977	20
15978	23
15979	17
15980	4
15981	9
15982	11
15983	16
15984	19
15985	6
15986	30
15987	17
15988	16
15989	10
15990	11
15991	3
15992	12
15993	12
15994	8
15995	19
15996	9
15997	27
15998	2
15999	7
16000	40
16001	10
16002	1
16003	51
16004	29
16007	16
16009	25
16010	6
16011	10
16012	17
16013	36
16014	5
16015	31
16016	14
16017	5
16019	31
16020	37
16022	2
16023	16
16024	25
16025	32
16026	15
16028	40
16029	16
16030	24
16031	4
16032	2
16033	27
16035	9
16036	33
16037	9
16038	8
16039	17
16042	14
16043	11
16044	23
16045	24
16046	11
16048	29
16049	38
16050	16
16051	39
16052	19
16053	24
16054	31
16055	15
16056	9
16057	13
16058	17
16059	19
16060	18
16061	15
16062	21
16063	9
16064	9
16065	4
16066	12
16067	16
16068	10
16069	5
16070	21
16071	12
16072	20
16073	1
16074	15
16075	21
16077	8
16078	23
16079	27
16081	8
16082	17
16083	10
16084	19
16085	19
16086	4
16087	18
16088	19
16089	8
16090	19
16091	10
16092	22
16093	16
16094	17
16095	28
16096	12
16097	24
16098	2
16099	11
16101	15
16102	6
16103	5
16104	9
16105	6
16106	20
16107	12
16108	15
16109	27
16110	16
16111	7
16112	12
16113	15
16114	12
16118	5
16119	8
16120	1
16121	7
16122	17
16123	12
16124	39
16125	9
16126	10
16127	3
16128	5
16129	16
16130	24
16132	10
16133	25
16134	17
16135	6
16136	20
16137	9
16138	25
16139	17
16140	14
16141	6
16142	16
16143	34
16144	7
16146	4
16147	9
16149	16
16150	29
16151	23
16152	32
16154	6
16156	21
16157	36
16158	15
16160	13
16161	7
16162	19
16164	16
16165	11
16166	41
16167	7
16168	25
16169	14
16170	9
16171	11
16172	4
16175	19
16176	11
16178	33
16180	16
16181	42
16182	15
16183	26
16185	8
16186	31
16187	29
16188	2
16190	23
16192	7
16193	10
16194	10
16195	17
16196	12
16197	14
16198	15
16199	23
16200	7
16201	32
16202	4
16203	28
16204	14
16205	18
16206	4
16207	5
16208	24
16209	15
16211	12
16212	11
16213	33
16214	3
16215	28
16217	14
16218	14
16219	20
16220	39
16221	9
16222	32
16224	8
16225	11
16226	20
16228	2
16229	11
16230	11
16232	23
16233	8
16234	5
16236	7
16237	25
16238	5
16239	21
16241	41
16243	23
16244	15
16245	8
16246	14
16247	8
16248	26
16249	24
16250	29
16252	7
16253	14
16254	7
16255	20
16256	0
16257	26
16258	17
16261	16
16262	13
16263	13
16264	11
16265	25
16266	18
16269	16
16270	19
16271	45
16272	23
16273	23
16274	19
16275	27
16277	15
16280	17
16281	26
16282	17
16283	7
16284	6
16285	29
16286	17
16287	9
16288	19
16290	13
16292	12
16293	16
16294	21
16295	10
16296	3
16297	22
16298	1
16300	12
16303	10
16304	19
16305	16
16307	14
16308	33
16309	13
16310	3
16312	30
16313	24
16314	17
16316	17
16317	12
16318	13
16319	9
16320	21
16321	15
16322	14
16323	9
16324	7
16325	27
16326	23
16327	4
16328	17
16329	18
16330	17
16331	20
16332	11
16333	2
16334	6
16335	23
16336	8
16338	5
16339	24
16340	41
16341	19
16342	20
16343	2
16344	15
16345	16
16346	21
16347	2
16348	11
16349	22
16350	16
16351	17
16353	8
16354	44
16355	14
16356	12
16357	14
16358	10
16359	2
16360	9
16361	13
16363	20
16364	14
16365	26
16366	47
16367	18
16368	30
16369	23
16370	27
16372	10
16373	11
16374	8
16375	23
16376	20
16377	19
16378	13
16379	8
16380	16
16382	27
16383	7
16384	15
16385	14
16386	3
16388	6
16390	22
16392	14
16393	11
16394	35
16395	19
16396	20
16397	27
16398	6
16399	8
16400	22
16401	21
16402	12
16403	5
16405	15
16406	4
16407	17
16408	9
16410	18
16411	2
16412	13
16414	30
16416	7
16417	24
16418	36
16419	14
16420	4
16421	6
16423	35
16424	20
16425	23
16426	15
16427	16
16428	40
16429	7
16430	23
16432	17
16433	12
16434	13
16435	4
16436	6
16437	18
16438	44
16440	18
16441	4
16442	39
16443	16
16444	13
16445	20
16446	1
16447	21
16449	27
16450	14
16451	38
16452	40
16453	7
16454	31
16455	12
16456	17
16457	12
16458	25
16459	14
16460	4
16461	24
16462	10
16463	29
16464	16
16465	4
16466	11
16467	15
16469	39
16470	26
16471	36
16473	24
16474	13
16476	28
16477	15
16478	17
16479	13
16480	18
16481	52
16482	21
16483	11
16484	12
16485	20
16486	7
16487	12
16488	15
16489	16
16490	14
16491	8
16492	8
16493	16
16494	14
16496	8
16498	26
16499	20
16500	35
16501	9
16502	2
16503	9
16504	4
16505	14
16506	16
16507	18
16508	9
16509	14
16510	12
16511	13
16513	20
16514	26
16515	13
16516	32
16517	14
16518	19
16521	6
16522	8
16524	18
16525	20
16527	23
16528	21
16530	23
16531	14
16532	15
16533	9
16534	7
16535	13
16537	20
16538	26
16539	10
16540	30
16541	21
16542	6
16543	13
16544	19
16545	32
16546	11
16547	14
16548	32
16549	44
16550	28
16551	8
16552	28
16553	19
16555	14
16556	12
16557	10
16558	14
16559	23
16561	13
16562	28
16563	10
16564	31
16566	32
16568	20
16569	10
16570	3
16571	27
16572	16
16573	13
16574	8
16577	21
16578	11
16579	11
16581	27
16583	30
16584	29
16585	12
16586	6
16588	9
16590	9
16591	13
16592	18
16594	8
16595	10
16596	10
16597	13
16598	5
16599	6
16600	10
16603	13
16604	12
16605	29
16606	9
16607	12
16608	17
16609	19
16610	21
16611	7
16612	8
16613	26
16614	16
16615	32
16616	4
16617	8
16619	57
16620	15
16622	8
16623	11
16624	25
16625	15
16626	19
16627	19
16628	11
16629	10
16630	18
16631	14
16632	17
16633	29
16634	6
16636	14
16638	30
16639	28
16640	34
16641	9
16642	24
16643	15
16644	8
16645	18
16646	12
16647	17
16649	45
16650	16
16651	8
16652	11
16653	6
16654	35
16656	34
16657	18
16658	11
16660	26
16661	7
16662	10
16663	31
16665	22
16666	6
16668	11
16669	23
16670	14
16671	5
16672	9
16673	18
16674	31
16675	6
16676	10
16677	14
16678	28
16679	21
16680	27
16683	39
16684	28
16685	17
16687	14
16688	14
16689	30
16691	29
16692	20
16694	11
16695	7
16696	14
16697	1
16700	12
16701	3
16702	17
16703	5
16705	31
16706	34
16707	38
16708	12
16709	19
16710	1
16713	21
16715	39
16716	9
16717	31
16718	2
16719	31
16720	28
16721	20
16722	6
16724	20
16726	17
16727	12
16728	10
16729	31
16730	27
16731	13
16732	13
16733	16
16734	16
16735	43
16736	27
16737	14
16738	11
16741	6
16742	15
16743	2
16744	14
16745	15
16746	12
16748	12
16750	13
16751	6
16752	38
16753	18
16756	26
16757	16
16759	12
16760	14
16761	17
16762	31
16763	0
16765	16
16767	11
16768	5
16769	11
16770	14
16772	9
16773	33
16774	4
16775	7
16776	18
16778	18
16780	6
16782	27
16783	31
16784	12
16785	17
16786	16
16787	21
16788	8
16789	19
16790	21
16791	3
16792	7
16794	13
16795	10
16796	14
16797	16
16798	11
16799	6
16800	22
16801	49
16802	11
16804	13
16805	2
16806	14
16807	23
16808	12
16809	26
16810	7
16811	26
16812	11
16813	9
16814	9
16815	19
16816	14
16817	27
16818	7
16820	9
16821	29
16822	21
16823	10
16824	19
16826	10
16827	6
16828	9
16829	19
16830	2
16833	14
16834	11
16835	25
16837	16
16838	17
16839	11
16840	24
16842	11
16843	12
16844	35
16845	9
16846	16
16847	4
16848	10
16849	4
16850	24
16851	15
16852	39
16853	5
16854	5
16855	24
16856	18
16857	17
16858	9
16859	8
16860	18
16861	11
16862	28
16863	6
16864	14
16865	19
16866	10
16867	11
16868	12
16869	10
16870	2
16871	8
16872	20
16873	10
16874	13
16875	33
16876	26
16877	9
16878	9
16879	11
16880	7
16881	4
16882	4
16883	5
16885	7
16886	17
16887	22
16888	5
16889	32
16890	17
16891	29
16892	5
16893	12
16894	26
16895	8
16896	6
16897	18
16898	20
16899	6
16900	6
16901	15
16902	26
16903	17
16904	13
16905	1
16906	13
16907	13
16908	35
16909	14
16911	15
16912	28
16914	16
16915	12
16916	7
16917	49
16918	9
16919	27
16920	28
16921	6
16922	19
16923	8
16924	24
16925	32
16926	21
16927	12
16929	24
16930	8
16931	32
16932	16
16933	15
16934	29
16935	25
16936	13
16937	8
16938	14
16939	5
16940	10
16941	11
16942	25
16943	15
16944	17
16945	14
16946	28
16947	12
16948	25
16949	10
16950	14
16952	45
16953	20
16955	44
16956	8
16957	32
16958	7
16959	25
16961	14
16962	9
16963	18
16964	28
16965	14
16966	40
16967	6
16968	14
16969	18
16970	11
16971	28
16972	17
16974	24
16978	26
16979	2
16980	6
16981	23
16982	15
16983	18
16984	27
16985	14
16986	31
16987	22
16988	6
16990	13
16991	7
16992	9
16993	12
16994	5
16995	14
16996	2
16997	13
16998	24
16999	15
17000	8
17002	14
17003	15
17004	24
17005	39
17006	29
17008	30
17009	32
17010	6
17011	10
17013	22
17014	15
17016	17
17017	17
17018	11
17019	22
17020	8
17023	7
17024	27
17025	30
17026	8
17027	7
17028	8
17029	14
17032	5
17033	6
17034	5
17035	13
17036	4
17037	3
17038	25
17039	11
17041	17
17042	18
17043	14
17044	11
17045	18
17046	13
17047	31
17048	14
17049	13
17050	7
17051	11
17052	7
17053	16
17054	15
17055	12
17056	8
17057	7
17059	11
17062	21
17063	21
17064	27
17065	34
17066	9
17067	27
17068	8
17069	6
17070	6
17071	14
17072	24
17073	8
17074	20
17075	9
17076	17
17077	21
17078	27
17079	25
17080	2
17081	17
17083	20
17084	10
17085	24
17088	13
17089	9
17090	30
17091	6
17092	14
17093	20
17094	21
17095	13
17096	24
17097	7
17098	17
17099	53
17100	22
17101	12
17102	25
17103	20
17104	6
17105	25
17106	10
17107	5
17108	25
17110	14
17112	38
17113	12
17114	10
17116	22
17117	17
17118	7
17120	9
17121	22
17122	23
17123	20
17124	14
17125	10
17126	17
17127	18
17128	13
17129	9
17130	10
17131	39
17132	11
17133	16
17134	15
17135	19
17136	13
17137	26
17138	20
17139	10
17140	7
17141	16
17142	4
17143	17
17144	6
17145	3
17146	33
17147	35
17148	8
17149	38
17150	18
17151	23
17152	11
17153	26
17154	45
17155	16
17156	4
17157	10
17158	14
17159	10
17160	17
17161	14
17162	8
17163	25
17164	9
17165	24
17166	30
17167	13
17168	5
17169	39
17171	5
17172	4
17173	10
17174	21
17175	21
17176	5
17177	10
17178	24
17179	33
17181	26
17183	11
17184	21
17186	15
17190	2
17191	6
17192	27
17194	5
17197	12
17199	17
17201	22
17202	8
17203	21
17204	16
17205	17
17206	19
17207	10
17208	1
17211	14
17212	14
17213	32
17214	27
17215	20
17216	24
17218	15
17219	22
17220	5
17221	12
17222	13
17223	12
17224	13
17225	16
17226	1
17227	3
17228	10
17229	21
17230	8
17231	20
17232	13
17233	25
17235	26
17236	4
17237	29
17239	10
17240	13
17242	23
17243	6
17245	10
17246	10
17248	0
17250	16
17251	19
17252	13
17254	8
17255	25
17256	7
17257	14
17259	13
17260	15
17261	9
17262	21
17263	23
17264	0
17265	28
17267	6
17268	7
17269	15
17270	23
17271	5
17272	14
17273	10
17274	3
17275	33
17276	18
17277	7
17278	32
17279	7
17280	14
17281	39
17283	16
17284	2
17285	24
17286	20
17287	7
17288	4
17289	24
17290	19
17291	11
17292	11
17293	13
17295	13
17296	26
17297	33
17298	25
17299	2
17300	25
17301	8
17302	9
17307	28
17309	17
17310	28
17311	19
17312	19
17313	0
17314	27
17315	14
17316	10
17317	7
17318	9
17319	32
17320	13
17321	9
17322	19
17323	14
17325	7
17326	11
17328	23
17329	10
17330	12
17331	8
17332	9
17335	28
17336	8
17337	28
17338	8
17340	9
17341	17
17343	25
17344	11
17345	15
17346	14
17347	8
17348	5
17349	25
17350	6
17352	21
17353	18
17354	18
17355	13
17356	9
17357	11
17358	2
17359	19
17360	14
17361	22
17362	26
17363	16
17364	7
17365	19
17366	28
17367	14
17368	20
17371	24
17372	13
17373	17
17374	35
17376	25
17377	11
17378	9
17379	7
17380	24
17381	13
17382	21
17383	16
17384	25
17385	13
17386	15
17387	28
17388	35
17390	7
17391	17
17392	20
17393	23
17394	29
17395	17
17396	10
17397	11
17398	28
17399	7
17400	21
17402	22
17403	24
17404	19
17405	31
17406	10
17407	19
17408	16
17410	8
17411	29
17412	6
17413	16
17415	26
17416	2
17417	12
17418	7
17419	11
17420	26
17421	18
17422	12
17423	16
17424	3
17425	19
17426	15
17427	25
17428	2
17429	26
17430	15
17431	33
17433	11
17434	29
17435	20
17436	13
17437	16
17439	12
17440	9
17441	19
17442	23
17443	6
17444	10
17446	21
17447	27
17448	13
17449	14
17450	15
17451	26
17452	31
17453	40
17454	11
17455	7
17456	11
17457	8
17458	45
17459	7
17460	12
17461	10
17464	5
17465	22
17466	7
17467	3
17469	8
17470	5
17471	5
17472	4
17473	32
17474	24
17475	3
17476	27
17477	24
17479	14
17480	6
17481	10
17482	10
17483	26
17484	17
17485	18
17487	15
17488	26
17489	23
17490	32
17491	4
17492	16
17493	19
17494	9
17496	10
17497	23
17498	20
17499	21
17500	16
17502	17
17503	13
17504	8
17505	11
17507	24
17508	16
17510	12
17511	38
17512	11
17513	12
17514	24
17515	4
17518	29
17519	14
17521	5
17522	12
17523	25
17524	22
17525	18
17526	16
17529	9
17530	1
17531	11
17532	35
17533	10
17534	13
17535	7
17537	7
17538	5
17539	28
17540	12
17541	6
17542	25
17543	9
17544	7
17545	31
17546	21
17549	11
17550	9
17551	44
17552	26
17553	60
17554	4
17555	3
17556	17
17557	28
17558	8
17560	13
17561	12
17562	10
17563	4
17564	5
17565	33
17567	9
17571	12
17572	30
17573	25
17574	9
17575	11
17576	33
17577	19
17578	34
17579	13
17580	20
17581	9
17582	9
17583	16
17585	13
17586	14
17587	6
17588	20
17589	12
17590	19
17591	1
17592	10
17595	21
17596	6
17597	23
17598	10
17599	22
17600	9
17601	14
17602	33
17603	1
17604	18
17605	11
17606	5
17607	4
17608	21
17609	13
17611	8
17612	22
17613	50
17614	10
17615	15
17616	20
17618	8
17619	10
17620	31
17622	7
17623	22
17624	24
17625	3
17626	18
17627	17
17628	17
17630	27
17631	16
17632	9
17633	20
17634	6
17635	17
17636	13
17637	18
17638	8
17640	9
17642	5
17643	8
17644	6
17645	22
17646	21
17648	12
17649	15
17650	14
17651	11
17652	15
17654	15
17655	37
17656	17
17658	15
17659	14
17660	6
17661	9
17663	9
17664	7
17665	3
17668	8
17669	5
17670	17
17671	11
17672	16
17673	30
17675	6
17676	12
17677	17
17679	25
17680	20
17681	22
17682	29
17683	13
17684	17
17685	17
17686	11
17687	19
17688	13
17689	36
17690	9
17691	27
17692	13
17693	18
17694	10
17695	10
17696	11
17697	22
17698	31
17699	18
17701	4
17702	13
17703	5
17704	22
17705	25
17706	10
17707	15
17708	8
17709	6
17710	13
17711	36
17713	15
17714	3
17715	14
17716	15
17718	31
17719	9
17721	20
17722	13
17724	13
17725	20
17727	11
17728	33
17729	7
17731	4
17735	9
17736	42
17738	9
17739	8
17740	31
17741	29
17742	17
17743	18
17745	3
17747	4
17748	18
17749	43
17751	28
17752	19
17753	41
17754	12
17755	11
17756	16
17757	18
17758	33
17759	34
17760	6
17761	10
17762	14
17763	5
17764	19
17765	13
17766	8
17767	15
17768	8
17771	37
17773	9
17774	23
17775	2
17776	0
17777	16
17778	15
17779	26
17780	23
17782	25
17783	33
17784	20
17785	10
17786	8
17787	10
17788	11
17789	20
17790	22
17791	26
17793	6
17794	23
17796	52
17797	16
17798	8
17799	17
17800	11
17801	10
17802	28
17803	25
17804	44
17805	9
17806	9
17807	41
17809	4
17810	11
17811	36
17813	7
17814	8
17816	6
17817	9
17818	6
17819	2
17820	9
17821	12
17822	14
17823	12
17824	16
17825	14
17826	18
17827	35
17829	7
17830	8
17831	25
17832	8
17833	3
17834	23
17835	25
17836	28
17837	15
17838	17
17839	3
17840	10
17841	2
17842	11
17843	43
17844	13
17845	14
17846	18
17847	10
17848	19
17850	17
17851	10
17852	18
17854	24
17855	39
17856	30
17857	8
17858	14
17859	3
17860	16
17861	3
17862	23
17863	4
17864	29
17865	31
17866	31
17867	10
17868	10
17869	10
17870	21
17871	7
17872	10
17873	36
17874	11
17875	1
17876	22
17877	15
17879	24
17880	14
17881	13
17882	16
17884	11
17885	38
17886	8
17887	3
17888	19
17889	16
17891	11
17892	15
17893	13
17894	14
17896	8
17897	34
17898	19
17900	20
17901	8
17902	29
17903	13
17904	5
17905	11
17906	23
17907	13
17908	25
17909	11
17910	13
17911	27
17912	8
17913	25
17915	15
17916	7
17917	13
17918	36
17919	5
17920	24
17921	39
17922	8
17923	6
17924	16
17925	4
17926	22
17928	18
17929	12
17930	18
17931	10
17932	17
17933	7
17934	18
17935	10
17936	11
17937	18
17938	15
17939	9
17940	29
17941	14
17942	41
17943	15
17944	11
17945	11
17947	12
17948	5
17949	21
17950	23
17952	6
17955	9
17956	19
17957	20
17961	31
17962	19
17963	19
17964	8
17965	27
17970	11
17972	26
17973	17
17974	8
17976	11
17977	21
17978	17
17980	15
17981	12
17982	29
17983	29
17984	16
17985	2
17986	12
17987	14
17988	20
17989	11
17990	9
17991	34
17992	15
17993	9
17994	12
17995	27
17996	19
17997	5
17998	12
17999	20
18000	9
18001	6
18002	19
18003	8
18004	21
18005	4
18006	16
18007	6
18008	18
18009	21
18010	19
18011	21
18013	19
18014	6
18015	21
18016	2
18017	12
18018	14
18020	8
18021	25
18022	18
18024	25
18025	4
18026	8
18027	7
18028	16
18029	41
18030	3
18033	12
18035	13
18036	12
18037	7
18038	12
18039	20
18040	28
18041	23
18042	7
18043	14
18045	40
18046	5
18047	2
18048	23
18051	22
18052	8
18053	6
18054	14
18055	26
18056	32
18058	31
18060	18
18063	7
18064	9
18065	28
18066	33
18067	27
18068	21
18069	37
18070	35
18071	32
18073	13
18074	13
18075	14
18076	10
18077	19
18078	5
18079	20
18080	7
18082	10
18083	35
18084	14
18085	16
18086	10
18087	23
18088	10
18091	25
18092	4
18093	6
18094	16
18095	6
18096	5
18098	19
18099	6
18100	13
18101	9
18102	13
18103	1
18104	7
18105	16
18106	17
18107	2
18108	26
18110	13
18112	29
18113	12
18114	8
18115	25
18116	3
18117	9
18119	12
18120	13
18121	2
18122	20
18123	35
18125	22
18126	18
18127	9
18128	22
18129	7
18130	27
18131	30
18134	19
18135	17
18136	7
18137	17
18138	16
18139	26
18140	12
18141	16
18142	8
18144	8
18145	33
18146	20
18147	13
18149	12
18150	14
18151	17
18154	19
18155	27
18156	17
18157	7
18158	6
18159	16
18160	17
18161	23
18162	7
18163	40
18164	8
18165	23
18167	14
18168	14
18169	13
18170	30
18172	13
18173	11
18174	25
18175	17
18177	12
18178	10
18179	19
18180	21
18181	22
18182	9
18183	20
18184	15
18187	2
18188	36
18189	12
18190	14
18191	40
18193	22
18194	23
18195	24
18196	8
18197	10
18198	10
18199	20
18200	25
18201	14
18202	11
18203	19
18205	10
18206	8
18207	22
18209	10
18210	23
18211	12
18212	9
18213	10
18214	11
18217	35
18219	28
18220	12
18221	26
18222	12
18223	16
18224	10
18225	15
18226	30
18227	21
18228	17
18229	8
18231	18
18232	12
18233	38
18235	12
18236	13
18237	5
18238	9
18240	5
18241	12
18242	5
18243	15
18244	21
18245	37
18246	5
18247	7
18248	26
18249	20
18250	12
18251	17
18252	65
18253	26
18256	11
18258	18
18259	20
18261	14
18262	36
18263	13
18264	30
18266	18
18267	5
18269	13
18270	1
18271	7
18272	14
18273	15
18274	17
18275	13
18276	25
18277	10
18278	9
18279	19
18281	29
18282	21
18285	19
18286	3
18288	37
18289	36
18290	23
18291	5
18292	14
18293	11
18294	0
18295	44
18296	8
18298	14
18299	8
18300	4
18301	22
18302	16
18303	0
18304	31
18305	33
18306	34
18307	7
18308	11
18309	27
18310	21
18311	19
18312	33
18313	11
18314	22
18315	10
18316	10
18317	45
18318	24
18319	6
18320	4
18321	14
18322	18
18323	10
18324	24
18325	17
18326	23
18327	12
18329	17
18330	13
18331	27
18333	17
18334	20
18335	10
18336	21
18337	4
18338	20
18340	14
18341	13
18342	38
18343	25
18344	15
18345	8
18346	0
18349	15
18350	21
18351	13
18352	21
18353	22
18354	27
18356	25
18357	5
18358	18
18359	4
18360	17
18361	11
18362	15
18363	11
18366	10
18367	28
18368	31
18369	14
18370	5
18371	9
18372	17
18373	14
18375	23
18377	17
18378	6
18379	22
18380	11
18381	9
18382	12
18385	13
18386	13
18387	5
18389	16
18390	8
18392	0
18395	21
18396	7
18397	15
18398	19
18399	12
18401	26
18402	5
18403	27
18404	1
18405	6
18406	27
18407	11
18408	22
18410	28
18411	16
18412	15
18413	15
18414	12
18415	17
18416	21
18417	3
18418	25
18419	16
18421	11
18422	12
18423	23
18424	16
18425	10
18427	20
18428	10
18429	14
18430	8
18431	16
18432	15
18433	12
18434	13
18435	14
18436	33
18437	8
18438	22
18439	12
18440	18
18441	10
18442	7
18443	14
18445	34
18446	1
18447	13
18448	8
18449	12
18450	23
18451	39
18452	17
18453	19
18454	10
18455	9
18456	37
18457	16
18458	21
18459	18
18460	10
18461	26
18462	16
18465	23
18466	15
18468	45
18469	33
18470	26
18471	7
18472	34
18473	19
18474	36
18475	36
18477	22
18478	20
18479	15
18480	4
18481	11
18482	31
18484	14
18485	15
18486	18
18487	18
18488	8
18490	10
18491	28
18492	12
18493	7
18495	8
18496	29
18497	13
18498	32
18499	45
18500	31
18501	17
18502	11
18503	14
18504	9
18505	41
18506	15
18507	14
18508	18
18510	6
18511	20
18512	17
18514	10
18515	14
18516	12
18517	11
18518	20
18520	6
18521	29
18522	16
18523	33
18524	41
18525	19
18526	14
18528	5
18529	17
18531	20
18532	15
18533	1
18534	0
18535	24
18536	28
18537	10
18538	35
18539	38
18540	12
18541	15
18542	28
18543	2
18544	7
18545	26
18546	26
18547	7
18548	4
18549	22
18550	14
18551	12
18552	14
18553	10
18555	6
18557	7
18559	41
18560	33
18561	10
18562	10
18563	10
18565	32
18567	10
18568	19
18570	19
18571	24
18572	15
18574	7
18576	13
18577	9
18578	9
18579	27
18580	22
18581	23
18582	28
18583	11
18585	14
18587	8
18588	3
18590	33
18591	26
18592	11
18594	26
18595	12
18597	20
18598	15
18599	15
18600	25
18601	3
18602	16
18603	18
18605	6
18606	20
18608	30
18609	4
18610	5
18611	16
18612	6
18613	4
18614	5
18615	4
18616	34
18617	26
18618	7
18619	10
18620	30
18621	30
18622	45
18623	9
18624	35
18625	7
18626	28
18627	10
18628	19
18629	4
18630	4
18631	19
18632	17
18634	12
18635	4
18636	14
18638	24
18639	26
18640	5
18641	2
18642	17
18643	10
18644	21
18645	20
18646	11
18647	15
18648	8
18649	15
18650	2
18651	7
18652	3
18653	14
18654	20
18655	23
18656	41
18657	5
18658	9
18659	22
18660	20
18662	17
18663	28
18664	27
18665	9
18666	10
18667	19
18668	27
18669	3
18670	23
18671	24
18672	8
18673	9
18674	8
18675	9
18676	5
18677	9
18678	11
18679	31
18680	25
18682	32
18683	18
18686	19
18687	14
18688	3
18689	13
18690	12
18693	37
18694	16
18695	17
18696	19
18698	14
18699	13
18701	41
18702	9
18703	9
18704	10
18707	9
18708	23
18709	18
18710	12
18711	9
18712	21
18713	49
18714	27
18715	33
18716	22
18717	10
18720	16
18722	14
18723	14
18726	1
18727	17
18729	16
18730	5
18731	15
18732	9
18733	22
18734	7
18736	16
18737	9
18738	28
18739	4
18740	22
18741	13
18742	19
18743	22
18744	11
18745	26
18747	6
18748	32
18751	0
18752	37
18753	6
18754	50
18755	23
18756	31
18758	22
18759	10
18760	34
18763	15
18764	12
18766	10
18767	8
18768	12
18769	23
18770	8
18771	17
18772	19
18774	32
18776	11
18777	22
18779	18
18780	9
18781	8
18782	16
18783	26
18784	15
18785	4
18786	5
18787	4
18788	21
18790	21
18791	11
18792	29
18793	15
18794	30
18795	16
18796	7
18798	16
18799	45
18800	10
18801	19
18802	32
18803	12
18804	24
18806	16
18807	27
18808	12
18809	22
18811	15
18812	24
18813	18
18814	11
18815	29
18816	5
18817	33
18818	21
18820	22
18821	28
18823	9
18824	6
18825	22
18826	16
18827	21
18828	7
18833	8
18834	22
18835	7
18836	15
18837	29
18838	20
18840	7
18841	22
18842	9
18843	17
18844	29
18845	8
18847	14
18848	20
18849	10
18850	10
18851	12
18853	4
18854	9
18855	11
18857	12
18858	33
18859	31
18860	11
18861	18
18862	21
18863	17
18864	16
18865	18
18868	13
18869	9
18870	10
18871	13
18872	5
18873	12
18876	15
18877	9
18878	4
18879	26
18880	1
18881	16
18882	13
18883	9
18884	10
18885	27
18886	16
18887	13
18889	29
18890	12
18891	16
18892	22
18893	4
18894	22
18895	34
18896	12
18897	6
18898	30
18899	11
18900	10
18901	0
18904	27
18905	15
18906	50
18907	6
18908	11
18909	16
18910	29
18911	27
18916	3
18917	14
18918	19
18919	21
18920	15
18921	29
18922	46
18923	14
18924	34
18925	29
18926	25
18929	7
18930	24
18931	10
18932	19
18933	13
18934	11
18935	31
18936	24
18937	11
18938	11
18939	20
18940	24
18942	22
18943	10
18944	13
18945	19
18946	15
18948	19
18949	21
18950	3
18951	18
18952	9
18953	19
18955	8
18956	3
18958	21
18959	5
18961	13
18962	19
18963	19
18964	6
18965	11
18966	17
18967	6
18969	12
18971	25
18973	2
18974	19
18976	19
18977	9
18978	20
18979	11
18981	16
18982	15
18983	14
18984	3
18986	6
18987	7
18988	15
18989	11
18990	26
18991	28
18992	23
18994	8
18995	28
18996	14
18997	19
18998	7
18999	25
19000	19
19001	10
19002	23
19003	7
19004	14
19005	27
19006	20
19007	6
19008	10
19009	21
19010	24
19011	8
19012	36
19013	17
19014	12
19015	8
19016	12
19017	32
19018	19
19019	19
19020	13
19021	30
19022	8
19023	9
19024	10
19025	24
19026	15
19027	14
19029	18
19030	37
19031	10
19033	36
19034	4
19036	37
19037	11
19038	18
19039	39
19040	20
19041	21
19042	11
19043	31
19044	35
19045	7
19046	21
19047	14
19048	32
19049	12
19050	30
19051	27
19053	25
19054	10
19055	10
19056	2
19057	49
19059	11
19060	21
19061	27
19062	31
19063	30
19064	21
19065	16
19066	1
19067	21
19068	36
19069	22
19070	26
19071	24
19072	1
19073	18
19074	9
19075	18
19077	11
19078	14
19079	15
19080	12
19081	11
19083	10
19084	2
19086	6
19087	26
19088	19
19089	18
19090	15
19091	31
19092	14
19093	15
19094	11
19095	27
19096	26
19097	18
19098	33
19099	13
19100	12
19101	18
19102	19
19104	12
19105	7
19106	36
19107	4
19108	28
19109	12
19110	14
19111	44
19112	6
19113	8
19114	11
19115	7
19116	27
19117	3
19118	5
19119	19
19120	9
19121	25
19122	1
19123	8
19124	30
19125	12
19127	8
19129	15
19130	24
19131	2
19132	9
19133	11
19134	22
19135	3
19136	18
19138	26
19139	6
19141	20
19142	5
19143	14
19144	8
19145	6
19146	17
19147	17
19148	8
19149	13
19150	31
19151	12
19152	28
19153	20
19154	6
19157	15
19158	50
19159	16
19162	21
19163	18
19164	6
19165	27
19166	23
19167	17
19169	13
19170	24
19171	4
19172	14
19173	3
19175	18
19176	5
19178	18
19179	20
19180	25
19182	9
19183	17
19184	18
19185	7
19187	17
19188	32
19189	11
19191	17
19192	6
19193	26
19194	12
19195	21
19196	14
19197	21
19198	6
19199	4
19200	16
19201	3
19202	8
19203	25
19204	18
19205	14
19209	14
19210	2
19211	16
19212	5
19213	14
19214	15
19215	20
19216	30
19218	20
19220	7
19222	8
19224	6
19225	14
19226	38
19227	15
19228	30
19229	6
19230	26
19231	21
19232	9
19233	26
19234	20
19236	9
19237	13
19238	22
19239	10
19240	23
19241	6
19242	6
19243	12
19244	11
19246	38
19247	35
19248	27
19249	9
19250	5
19251	22
19252	24
19253	34
19254	38
19255	20
19256	13
19257	10
19258	7
19259	10
19260	5
19261	14
19262	3
19263	38
19264	1
19265	17
19266	10
19269	12
19270	18
19271	13
19272	13
19274	7
19275	18
19276	12
19277	5
19279	9
19280	27
19281	8
19282	20
19284	18
19285	4
19287	16
19288	10
19289	6
19290	10
19291	11
19292	15
19293	19
19294	9
19296	19
19297	21
19298	15
19299	47
19301	11
19302	27
19303	17
19304	15
19305	9
19306	0
19307	11
19308	14
19309	22
19310	26
19311	26
19313	11
19314	13
19315	6
19316	15
19318	24
19319	40
19320	12
19321	17
19322	24
19323	20
19324	1
19325	11
19326	17
19327	7
19328	11
19329	5
19330	27
19331	7
19332	32
19333	40
19334	5
19335	13
19336	10
19337	20
19339	15
19340	20
19343	6
19346	22
19347	7
19349	12
19352	9
19353	11
19354	15
19355	15
19356	21
19357	5
19359	38
19360	3
19361	10
19362	6
19363	5
19364	7
19365	22
19366	9
19367	0
19368	10
19369	28
19370	14
19371	7
19372	12
19373	15
19374	16
19375	13
19376	7
19377	19
19378	42
19379	2
19380	18
19381	18
19382	39
19383	14
19384	6
19385	26
19386	15
19387	36
19388	12
19389	20
19390	13
19392	26
19393	24
19394	9
19395	11
19397	1
19398	8
19399	26
19401	15
19402	20
19403	6
19404	20
19406	12
19407	17
19410	30
19411	12
19412	22
19413	12
19414	10
19415	21
19417	32
19418	23
19419	3
19420	5
19421	17
19422	38
19424	16
19425	10
19426	3
19427	15
19428	16
19430	3
19431	25
19432	12
19434	4
19435	3
19436	12
19438	40
19439	21
19441	9
19442	31
19443	18
19444	5
19445	4
19446	20
19447	18
19448	19
19449	28
19450	20
19451	7
19452	22
19453	10
19455	5
19457	17
19459	14
19460	16
19461	8
19462	10
19463	17
19464	5
19465	35
19466	31
19467	23
19468	11
19469	17
19470	16
19471	1
19472	9
19473	34
19474	29
19475	9
19476	15
19477	3
19478	3
19479	32
19480	12
19481	31
19482	24
19483	20
19484	16
19485	19
19486	11
19488	7
19489	17
19490	7
19492	21
19493	14
19495	13
19496	20
19497	34
19499	25
19500	29
19501	27
19502	24
19503	18
19504	30
19505	12
19507	18
19508	16
19509	4
19510	22
19512	19
19513	18
19515	13
19516	20
19517	10
19518	19
19520	40
19521	17
19522	31
19523	9
19524	2
19525	20
19526	6
19528	17
19531	25
19532	18
19533	6
19534	13
19535	9
19536	7
19537	22
19538	15
19539	37
19540	5
19541	18
19542	26
19543	16
19544	18
19545	11
19546	15
19547	16
19548	4
19551	9
19552	10
19553	8
19554	16
19555	31
19556	38
19557	11
19558	18
19559	24
19560	8
19561	15
19562	18
19563	17
19564	4
19565	7
19566	11
19567	25
19568	24
19569	6
19570	11
19571	34
19572	32
19573	4
19574	6
19575	16
19576	19
19577	3
19578	5
19579	10
19580	41
19581	21
19582	30
19583	24
19584	29
19586	21
19588	14
19589	5
19592	7
19593	11
19594	7
19595	35
19596	14
19598	11
19599	15
19600	15
19601	7
19602	4
19603	23
19604	21
19605	10
19606	11
19607	3
19608	6
19609	29
19610	5
19611	8
19612	1
19613	14
19614	16
19615	18
19616	5
19617	14
19620	4
19622	15
19623	11
19624	36
19625	21
19627	16
19628	13
19630	8
19631	8
19632	14
19633	7
19634	9
19635	16
19636	2
19637	15
19638	7
19639	26
19640	14
19643	16
19644	7
19645	20
19646	6
19647	20
19649	29
19650	15
19651	6
19652	11
19653	23
19654	16
19655	8
19658	10
19659	22
19661	16
19662	5
19663	30
19664	28
19665	20
19667	6
19669	17
19670	22
19671	21
19672	15
19673	3
19674	12
19675	16
19676	10
19677	25
19678	0
19679	2
19680	19
19681	21
19682	12
19684	13
19685	9
19686	26
19687	11
19688	35
19689	18
19690	8
19691	37
19692	13
19693	11
19694	21
19695	17
19696	5
19697	3
19699	7
19700	18
19702	31
19703	29
19704	19
19705	8
19706	15
19707	6
19708	19
19709	3
19710	7
19711	5
19713	16
19714	26
19716	12
19717	17
19718	12
19719	22
19720	2
19722	20
19723	19
19724	9
19725	0
19726	28
19727	15
19728	10
19729	12
19730	17
19731	17
19732	13
19734	14
19735	4
19736	22
19738	7
19739	12
19740	16
19741	7
19742	28
19743	5
19744	8
19745	35
19746	13
19747	14
19748	16
19749	7
19750	16
19751	9
19752	9
19753	9
19754	33
19756	9
19757	20
19758	1
19759	13
19760	8
19761	9
19763	26
19764	11
19766	26
19767	10
19768	30
19770	8
19771	37
19774	13
19775	4
19776	32
19777	13
19779	9
19780	12
19781	28
19782	19
19783	20
19785	15
19787	16
19788	11
19789	4
19790	16
19791	13
19792	12
19793	29
19794	18
19795	20
19796	2
19798	15
19800	13
19801	16
19803	17
19804	40
19805	11
19806	20
19807	9
19808	15
19809	22
19810	40
19812	13
19813	6
19814	7
19815	24
19816	52
19817	7
19818	10
19819	20
19820	16
19821	20
19822	13
19823	20
19824	9
19825	13
19826	18
19828	10
19829	27
19830	10
19831	8
19832	25
19834	10
19835	7
19838	13
19839	7
19840	11
19841	10
19843	41
19844	24
19845	19
19846	4
19847	30
19848	14
19849	18
19850	21
19851	25
19852	24
19854	18
19855	14
19856	8
19857	12
19858	35
19859	33
19860	4
19862	2
19863	17
19864	6
19865	20
19867	16
19869	11
19870	10
19871	2
19872	32
19873	21
19874	32
19875	20
19876	16
19877	22
19878	10
19879	20
19881	37
19882	29
19884	36
19885	15
19886	4
19887	31
19888	25
19889	21
19890	20
19891	13
19892	10
19893	6
19894	6
19895	9
19896	13
19897	30
19898	19
19899	21
19902	28
19905	22
19906	11
19907	15
19908	9
19909	13
19910	22
19911	7
19912	1
19914	13
19915	11
19916	10
19918	42
19919	38
19920	13
19921	11
19922	9
19923	26
19924	29
19925	26
19926	16
19927	20
19928	16
19929	12
19930	24
19931	8
19932	26
19933	10
19934	33
19935	20
19936	6
19937	14
19938	16
19941	25
19943	17
19944	8
19945	17
19947	28
19948	18
19949	19
19950	32
19951	14
19952	32
19953	36
19954	23
19955	24
19956	32
19957	21
19958	10
19959	3
19960	24
19961	22
19962	20
19963	17
19964	18
19965	13
19966	17
19967	9
19968	16
19969	6
19970	13
19971	7
19972	26
19973	13
19975	18
19976	7
19977	25
19978	9
19981	15
19983	8
19984	25
19985	28
19986	26
19987	14
19989	15
19990	18
19991	16
19992	12
19993	22
19994	5
19995	24
19996	18
19997	28
19999	26
20000	10
20001	8
20002	35
20003	6
20004	15
20005	0
20007	5
20008	26
20009	2
20010	22
20011	15
20013	11
20014	19
20015	10
20016	9
20017	11
20018	21
20019	26
20020	2
20021	8
20022	13
20023	14
20024	7
20025	10
20026	17
20028	14
20029	11
20030	4
20031	9
20032	6
20033	10
20034	38
20035	9
20037	18
20038	15
20039	36
20040	14
20041	23
20042	16
20043	18
20044	20
20045	35
20046	24
20047	8
20048	43
20049	8
20051	4
20052	5
20053	25
20056	7
20057	13
20058	17
20059	12
20060	26
20061	5
20062	15
20065	9
20066	8
20067	3
20068	14
20069	23
20070	15
20071	18
20072	6
20073	13
20074	20
20076	14
20078	34
20079	18
20080	36
20081	14
20082	36
20083	25
20084	21
20085	9
20088	26
20090	13
20091	24
20092	16
20093	44
20094	8
20095	15
20096	18
20097	5
20098	15
20099	13
20100	10
20101	9
20102	9
20103	15
20104	10
20107	11
20108	5
20109	21
20110	10
20111	17
20113	15
20114	19
20115	11
20116	8
20117	14
20118	37
20119	19
20120	16
20121	25
20122	17
20123	21
20124	2
20125	8
20127	12
20128	16
20129	19
20130	11
20131	26
20132	9
20138	5
20139	29
20140	16
20141	6
20142	14
20143	21
20144	16
20145	11
20146	20
20147	3
20151	15
20152	15
20153	14
20155	8
20156	14
20157	4
20158	33
20159	14
20160	19
20161	27
20162	13
20163	22
20164	13
20165	29
20166	18
20168	0
20169	7
20170	40
20171	26
20172	24
20173	31
20174	7
20176	13
20177	16
20178	20
20179	23
20180	22
20181	13
20182	18
20183	9
20184	18
20185	23
20186	28
20187	23
20188	22
20189	4
20190	29
20191	24
20192	20
20193	15
20195	10
20196	12
20197	9
20198	25
20199	5
20200	11
20201	17
20202	17
20203	5
20204	7
20205	10
20206	20
20207	17
20208	4
20209	10
20210	5
20211	18
20212	18
20213	31
20215	11
20216	14
20218	9
20219	13
20220	7
20221	22
20222	12
20223	23
20224	5
20225	23
20227	49
20229	7
20230	10
20231	14
20232	22
20233	1
20234	23
20235	10
20236	24
20238	51
20239	6
20240	20
20242	27
20243	23
20244	27
20245	17
20246	19
20247	15
20249	9
20250	31
20251	11
20252	12
20253	15
20254	33
20257	15
20258	6
20259	35
20260	7
20261	15
20262	14
20264	37
20265	17
20266	8
20267	17
20268	17
20269	13
20270	13
20271	13
20272	6
20273	20
20274	42
20275	8
20276	15
20277	13
20279	17
20280	31
20281	2
20282	1
20283	7
20284	19
20286	16
20287	21
20288	8
20290	11
20291	20
20292	35
20293	2
20294	16
20295	14
20296	45
20297	11
20298	9
20299	25
20300	18
20302	30
20303	0
20304	36
20305	23
20306	26
20307	32
20308	16
20309	25
20310	5
20311	19
20312	14
20313	16
20314	4
20315	13
20317	11
20318	22
20319	7
20320	16
20321	18
20322	17
20323	1
20324	19
20326	21
20327	2
20329	16
20330	13
20331	21
20332	10
20333	13
20334	20
20335	27
20336	27
20337	28
20338	17
20340	13
20343	10
20344	25
20345	5
20346	9
20347	5
20348	36
20349	24
20351	12
20352	17
20354	6
20355	24
20356	17
20357	22
20358	2
20359	14
20360	19
20361	27
20362	8
20363	22
20364	13
20365	16
20366	35
20367	13
20368	37
20369	10
20370	9
20371	7
20372	12
20373	40
20375	19
20376	13
20378	14
20379	9
20380	4
20381	2
20382	14
20383	7
20384	23
20385	14
20388	0
20390	3
20391	26
20392	13
20393	17
20395	4
20396	9
20398	30
20399	6
20400	27
20401	30
20402	24
20403	8
20404	18
20406	11
20407	8
20409	11
20410	15
20411	39
20412	18
20413	4
20414	5
20415	10
20416	45
20418	7
20419	13
20420	15
20421	16
20422	56
20423	15
20424	25
20425	18
20427	11
20428	11
20429	7
20430	3
20431	19
20432	6
20433	11
20434	18
20435	19
20436	4
20437	15
20439	14
20440	18
20441	20
20442	25
20443	26
20444	15
20445	42
20446	21
20447	31
20448	24
20449	8
20450	31
20451	30
20453	12
20454	8
20457	20
20458	4
20459	20
20460	41
20462	16
20463	11
20465	21
20466	24
20467	30
20468	5
20469	31
20470	17
20472	11
20473	11
20474	20
20475	7
20476	30
20478	8
20479	43
20480	28
20481	5
20482	37
20483	23
20485	14
20486	28
20487	24
20488	18
20489	8
20490	12
20491	3
20492	38
20493	23
20495	18
20496	17
20497	20
20498	16
20500	15
20502	21
20503	11
20504	12
20505	23
20506	21
20507	29
20508	20
20509	24
20510	22
20511	35
20512	11
20513	51
20516	23
20518	24
20519	19
20520	11
20521	10
20522	9
20523	15
20525	12
20527	22
20528	12
20530	24
20532	15
20533	46
20534	15
20535	14
20536	9
20537	26
20538	10
20539	15
20541	13
20542	8
20543	12
20544	0
20545	9
20547	27
20548	24
20549	8
20550	23
20551	33
20552	16
20553	6
20554	20
20555	7
20557	37
20558	26
20559	9
20560	9
20562	23
20563	2
20564	10
20566	14
20567	19
20568	19
20569	11
20570	31
20571	23
20572	11
20573	17
20574	12
20575	9
20576	12
20577	16
20578	0
20579	8
20580	13
20581	22
20582	27
20583	20
20584	12
20585	36
20586	14
20587	7
20588	16
20589	52
20590	17
20592	4
20593	14
20594	23
20595	25
20596	13
20597	29
20598	16
20599	15
20600	11
20601	27
20602	6
20603	9
20605	12
20606	17
20608	7
20609	4
20612	23
20613	17
20614	5
20616	24
20617	21
20618	4
20620	14
20621	23
20622	8
20623	3
20625	56
20626	0
20627	28
20628	17
20629	21
20630	3
20631	23
20635	29
20637	19
20638	6
20639	4
20640	23
20642	30
20643	18
20644	37
20645	13
20646	12
20647	10
20648	10
20649	14
20651	6
20652	32
20653	2
20654	38
20655	13
20656	17
20657	14
20659	7
20660	44
20661	20
20662	19
20664	26
20665	13
20667	12
20668	5
20669	33
20670	21
20671	7
20672	2
20673	7
20674	7
20677	10
20678	16
20679	13
20680	21
20681	7
20682	13
20683	0
20684	18
20685	26
20686	28
20687	12
20688	6
20689	19
20691	18
20693	29
20694	11
20695	5
20696	24
20697	6
20698	17
20699	7
20700	20
20701	13
20703	4
20705	10
20706	11
20707	23
20708	4
20709	10
20710	25
20711	16
20712	7
20714	2
20715	30
20716	21
20717	10
20718	18
20719	8
20720	6
20721	12
20723	6
20725	13
20726	17
20727	10
20728	39
20729	22
20730	25
20731	16
20732	6
20733	19
20734	17
20735	4
20736	17
20737	18
20738	4
20739	18
20740	0
20741	32
20742	4
20743	8
20744	19
20745	20
20746	13
20748	17
20749	16
20750	11
20751	26
20753	10
20755	3
20756	4
20757	27
20759	26
20760	16
20761	16
20762	4
20764	17
20765	5
20766	15
20767	32
20768	24
20769	6
20770	28
20771	6
20772	14
20773	5
20774	18
20775	14
20776	26
20777	38
20778	13
20779	6
20781	10
20782	11
20783	31
20784	7
20785	16
20786	28
20787	14
20788	3
20789	8
20791	31
20792	20
20795	16
20796	36
20797	0
20798	19
20799	21
20800	7
20801	15
20802	16
20804	16
20805	28
20806	23
20807	32
20808	18
20809	13
20810	15
20811	22
20813	36
20815	16
20816	42
20817	18
20818	17
20819	15
20820	10
20821	14
20822	14
20823	3
20824	13
20825	17
20826	10
20827	23
20828	15
20829	18
20830	13
20831	14
20832	16
20833	25
20834	13
20835	13
20836	13
20837	25
20838	2
20839	32
20840	5
20841	22
20842	11
20843	16
20844	18
20845	15
20847	0
20849	45
20850	10
20851	24
20852	6
20853	10
20854	17
20855	8
20856	27
20858	21
20859	13
20860	23
20862	22
20863	12
20864	13
20867	15
20868	31
20869	28
20870	13
20871	16
20872	15
20873	29
20874	8
20875	13
20876	10
20877	21
20878	7
20879	1
20880	20
20881	8
20882	21
20883	22
20884	6
20887	16
20888	17
20889	22
20890	11
20891	10
20892	6
20893	32
20894	5
20895	18
20896	8
20897	2
20898	19
20900	21
20901	18
20902	0
20903	28
20904	10
20905	34
20906	14
20907	1
20908	8
20909	17
20910	22
20911	0
20912	22
20913	18
20914	25
20917	1
20918	27
20919	8
20920	12
20921	18
20922	27
20923	17
20924	4
20925	21
20926	6
20927	16
20928	10
20930	4
20931	30
20932	23
20933	8
20934	15
20935	18
20936	11
20937	12
20938	14
20939	30
20940	6
20941	12
20942	56
20943	25
20944	16
20945	16
20946	13
20947	9
20948	28
20949	16
20950	31
20952	18
20953	12
20954	9
20955	6
20956	13
20957	40
20958	4
20959	16
20960	16
20961	17
20962	13
20963	4
20964	14
20965	28
20966	14
20967	10
20969	13
20970	22
20971	7
20972	19
20973	15
20975	25
20976	26
20977	16
20978	31
20979	27
20980	10
20981	21
20982	13
20983	12
20984	21
20985	12
20986	18
20987	28
20988	18
20989	5
20990	14
20991	33
20992	8
20993	22
20994	13
20995	18
20996	12
20997	27
20998	46
21001	21
21002	13
21003	30
21004	13
21005	4
21006	34
21007	28
21008	14
21009	21
21010	15
21011	18
21013	14
21014	17
21015	4
21016	10
21017	21
21018	16
21019	18
21021	8
21022	30
21023	28
21024	5
21025	14
21026	10
21028	10
21029	2
21030	30
21031	27
21032	10
21033	38
21034	5
21035	19
21036	12
21037	22
21038	19
21039	16
21040	8
21042	24
21043	10
21044	27
21045	8
21046	12
21047	11
21049	14
21050	22
21051	10
21052	20
21053	0
21054	12
21055	18
21056	37
21057	12
21058	7
21059	7
21061	11
21062	14
21065	13
21066	18
21067	11
21068	10
21069	9
21070	24
21071	36
21072	14
21073	15
21074	27
21075	20
21076	27
21077	24
21078	14
21079	0
21080	18
21082	17
21083	14
21084	16
21085	15
21086	10
21087	16
21088	18
21089	7
21090	19
21091	11
21092	31
21093	25
21094	12
21095	12
21096	19
21097	29
21098	7
21099	2
21100	10
21101	7
21102	19
21104	9
21106	17
21107	39
21108	4
21109	19
21110	14
21111	12
21113	8
21115	9
21117	9
21119	6
21120	0
21121	10
21122	10
21123	17
21124	16
21125	12
21126	14
21127	20
21128	14
21129	19
21131	9
21133	33
21134	13
21135	13
21136	8
21137	11
21138	8
21139	8
21140	19
21141	15
21142	4
21143	7
21144	8
21145	9
21146	19
21147	42
21148	8
21149	5
21150	10
21151	5
21152	26
21153	16
21154	24
21155	18
21156	17
21157	19
21158	6
21159	29
21160	17
21162	28
21165	25
21166	10
21167	7
21168	28
21169	27
21170	13
21171	20
21172	20
21173	4
21174	18
21175	20
21176	7
21177	10
21179	31
21180	9
21181	37
21182	2
21185	18
21186	7
21187	14
21188	18
21189	14
21190	11
21191	6
21192	18
21193	7
21194	23
21195	24
21197	25
21198	21
21199	7
21200	16
21201	4
21202	20
21203	21
21204	10
21205	0
21206	6
21207	19
21208	18
21210	16
21211	42
21212	30
21213	31
21214	24
21215	20
21216	5
21217	17
21218	23
21219	6
21220	10
21221	8
21222	19
21223	28
21224	25
21225	38
21226	8
21227	19
21228	9
21229	9
21231	6
21232	13
21233	30
21234	30
21235	13
21236	19
21237	19
21238	4
21239	38
21240	17
21242	5
21243	10
21244	2
21246	20
21247	11
21248	12
21249	29
21250	12
21251	8
21252	25
21253	14
21254	6
21255	16
21256	10
21257	32
21258	15
21259	10
21260	2
21261	31
21262	11
21263	19
21264	5
21265	21
21266	17
21267	4
21268	34
21269	26
21271	4
21273	20
21274	22
21275	28
21276	8
21277	3
21278	36
21279	12
21280	15
21281	1
21282	16
21283	11
21284	20
21285	7
21286	11
21287	16
21288	20
21289	5
21290	8
21291	4
21292	7
21293	8
21294	31
21295	22
21296	17
21297	14
21298	12
21299	33
21301	26
21302	26
21303	19
21304	8
21305	10
21306	31
21308	20
21309	16
21311	29
21312	22
21313	15
21314	19
21315	18
21316	5
21317	12
21318	37
21319	13
21320	4
21321	11
21322	6
21323	39
21324	3
21325	36
21326	9
21327	13
21328	28
21329	18
21330	2
21331	19
21332	9
21333	0
21334	14
21335	24
21336	11
21337	14
21340	1
21341	2
21342	8
21343	13
21344	10
21345	8
21346	9
21347	10
21348	14
21349	2
21350	9
21351	8
21352	37
21353	24
21354	8
21355	8
21356	5
21357	13
21358	16
21359	7
21360	17
21361	14
21362	28
21363	18
21364	19
21365	12
21366	11
21367	8
21368	16
21369	37
21370	19
21371	17
21372	14
21373	9
21376	30
21377	12
21379	12
21382	13
21383	8
21384	7
21386	2
21387	2
21388	20
21389	23
21390	14
21391	9
21392	24
21393	9
21394	17
21395	28
21396	2
21397	14
21398	27
21399	17
21400	8
21401	3
21402	38
21403	5
21404	31
21405	15
21407	18
21408	9
21409	11
21410	14
21411	51
21412	11
21413	27
21415	25
21416	8
21417	27
21419	15
21420	23
21421	21
21422	16
21423	16
21424	6
21425	15
21427	21
21428	15
21429	6
21431	28
21432	20
21433	9
21435	9
21436	18
21437	14
21438	17
21439	9
21442	27
21443	12
21445	37
21446	16
21447	2
21448	0
21449	52
21450	21
21451	3
21452	6
21453	6
21454	28
21455	16
21456	8
21457	8
21458	13
21459	28
21460	18
21462	13
21464	12
21465	21
21466	22
21467	28
21471	7
21473	22
21474	10
21475	8
21476	25
21477	5
21478	11
21480	9
21481	18
21482	4
21483	17
21484	29
21485	10
21486	26
21487	18
21488	20
21489	12
21490	7
21491	14
21492	8
21493	31
21494	18
21495	5
21496	27
21497	8
21498	24
21499	17
21500	47
21501	25
21503	20
21505	20
21506	20
21507	37
21508	12
21509	7
21510	27
21511	5
21512	27
21515	17
21516	5
21517	25
21519	14
21520	31
21521	13
21522	6
21523	19
21524	35
21525	8
21526	22
21527	19
21528	10
21529	8
21530	15
21531	12
21532	16
21533	13
21535	14
21536	20
21537	23
21538	6
21539	7
21540	16
21541	6
21545	7
21546	10
21547	11
21548	19
21549	12
21550	22
21551	11
21553	12
21554	1
21555	14
21557	14
21558	13
21559	29
21560	21
21561	26
21563	7
21564	4
21565	12
21567	4
21569	14
21570	14
21571	8
21572	17
21573	8
21574	43
21576	19
21577	17
21578	3
21579	7
21580	3
21581	12
21582	25
21583	8
21584	13
21585	44
21586	0
21588	12
21589	39
21590	26
21591	16
21592	11
21593	15
21594	18
21595	27
21597	16
21598	4
21599	18
21600	15
21601	16
21604	22
21605	13
21606	10
21607	18
21608	17
21609	15
21610	14
21612	15
21613	14
21614	31
21615	5
21617	8
21618	8
21619	27
21620	3
21621	12
21622	10
21623	34
21624	7
21626	35
21627	7
21628	15
21629	20
21630	9
21631	10
21632	16
21633	15
21634	6
21635	22
21636	13
21637	3
21638	5
21639	8
21640	12
21641	4
21642	23
21643	38
21644	5
21645	24
21646	15
21648	11
21649	21
21650	24
21651	28
21652	9
21653	19
21654	19
21655	3
21656	5
21657	10
21658	25
21659	20
21660	9
21661	10
21662	13
21663	15
21664	9
21665	11
21666	7
21667	4
21668	44
21671	47
21672	24
21673	10
21674	24
21675	1
21676	48
21677	21
21678	25
21679	10
21680	5
21681	11
21682	23
21683	9
21684	21
21685	31
21686	35
21687	8
21688	11
21689	3
21690	5
21692	11
21693	8
21694	26
21696	41
21697	16
21698	13
21699	20
21700	18
21701	41
21702	15
21704	28
21706	32
21708	19
21709	44
21710	15
21711	27
21712	10
21713	17
21715	16
21716	7
21717	6
21718	13
21719	17
21721	14
21723	14
21724	21
21725	5
21726	10
21727	7
21728	25
21729	15
21730	9
21731	20
21732	10
21733	30
21734	2
21735	5
21736	23
21737	13
21738	3
21739	14
21740	20
21741	2
21744	6
21745	9
21746	39
21747	37
21748	26
21750	32
21751	7
21752	20
21753	28
21754	24
21755	3
21756	14
21757	25
21758	11
21759	18
21760	4
21761	18
21762	28
21763	9
21764	11
21765	11
21766	8
21767	13
21768	20
21769	32
21770	7
21771	9
21772	21
21774	16
21776	19
21777	21
21778	30
21779	16
21780	5
21781	9
21782	22
21783	13
21784	12
21785	9
21788	1
21791	32
21792	4
21793	4
21795	29
21796	6
21797	19
21798	37
21799	5
21801	17
21802	13
21804	22
21805	17
21806	11
21808	25
21809	24
21811	33
21812	14
21813	25
21814	25
21815	6
21816	31
21817	5
21818	17
21819	33
21820	12
21821	6
21822	2
21823	32
21824	10
21826	11
21827	28
21828	13
21829	13
21830	34
21831	11
21832	22
21833	9
21834	25
21835	18
21836	11
21837	10
21839	22
21840	22
21841	14
21842	17
21843	8
21844	26
21845	9
21846	19
21847	9
21849	17
21850	17
21851	17
21853	11
21854	18
21855	33
21857	11
21858	28
21859	9
21860	15
21862	11
21863	9
21864	8
21865	40
21866	43
21868	21
21869	25
21870	17
21871	29
21872	2
21873	36
21874	23
21875	12
21876	13
21877	19
21878	11
21879	7
21880	11
21881	6
21882	31
21883	22
21884	14
21885	6
21886	13
21887	18
21888	17
21890	17
21891	13
21892	27
21893	11
21894	19
21895	7
21896	18
21897	14
21898	19
21899	11
21900	1
21901	17
21902	5
21903	37
21904	19
21905	35
21906	17
21908	10
21909	21
21910	6
21911	14
21912	43
21913	26
21914	26
21915	8
21916	7
21917	25
21918	33
21919	22
21921	23
21922	22
21923	9
21924	24
21926	9
21927	9
21929	3
21930	7
21931	17
21933	22
21935	21
21937	2
21938	18
21939	8
21940	16
21942	24
21943	13
21944	12
21945	13
21946	17
21947	7
21948	18
21949	17
21950	11
21951	25
21952	5
21953	8
21954	6
21955	1
21956	29
21957	13
21958	24
21959	14
21960	14
21961	23
21962	3
21963	17
21964	13
21965	12
21966	6
21967	2
21968	17
21969	6
21970	33
21971	46
21972	46
21973	13
21974	12
21975	25
21976	9
21977	25
21978	38
21979	8
21980	14
21981	27
21982	0
21983	17
21984	18
21985	7
21986	5
21987	18
21988	13
21989	20
21990	4
21991	12
21992	15
21993	26
21994	16
21995	8
21996	24
21997	24
21998	11
21999	4
22000	33
22001	18
22002	5
22003	22
22004	18
22005	17
22007	18
22008	25
22009	5
22010	46
22011	15
22012	23
22014	19
22015	6
22016	8
22017	27
22018	17
22020	23
22021	3
22022	17
22023	11
22024	8
22025	34
22026	3
22027	9
22028	5
22030	9
22032	29
22033	3
22035	8
22036	11
22037	26
22038	12
22039	16
22040	28
22041	25
22042	29
22043	40
22045	18
22046	4
22047	0
22048	3
22049	13
22050	26
22051	3
22053	1
22056	26
22057	13
22058	9
22059	5
22060	8
22061	8
22062	18
22063	7
22064	23
22065	5
22066	17
22068	20
22069	18
22070	13
22071	7
22072	30
22073	19
22074	3
22075	7
22076	10
22077	24
22078	6
22079	16
22080	5
22082	38
22083	26
22085	28
22086	11
22087	38
22088	9
22089	13
22090	8
22091	19
22092	2
22093	16
22094	5
22095	42
22097	36
22098	12
22101	12
22102	9
22103	13
22104	7
22105	4
22106	9
22107	13
22108	19
22109	38
22110	3
22111	30
22112	8
22113	6
22114	16
22115	0
22116	13
22117	17
22118	8
22119	19
22120	18
22121	16
22122	14
22123	6
22124	6
22125	27
22127	20
22128	16
22129	13
22130	0
22133	16
22134	30
22135	37
22136	5
22137	20
22138	10
22139	19
22140	23
22141	4
22142	23
22143	9
22145	7
22146	8
22147	10
22148	21
22149	17
22150	42
22151	19
22152	12
22153	12
22154	15
22155	12
22156	3
22158	8
22159	15
22160	20
22161	20
22162	23
22163	16
22164	24
22166	1
22167	18
22168	8
22169	11
22170	9
22171	19
22172	9
22174	22
22175	17
22176	7
22177	14
22178	12
22179	18
22180	17
22181	40
22183	18
22184	8
22185	9
22186	18
22187	23
22188	19
22189	25
22190	14
22191	17
22192	16
22193	38
22195	4
22196	15
22197	24
22198	32
22199	13
22200	5
22201	15
22202	5
22203	4
22204	9
22205	0
22206	31
22208	34
22209	19
22210	12
22211	24
22212	8
22213	15
22214	35
22216	7
22217	18
22218	19
22219	11
22220	25
22221	16
22223	20
22224	30
22225	15
22226	21
22228	31
22229	28
22230	25
22231	26
22232	3
22233	12
22234	11
22235	28
22239	15
22240	15
22241	31
22242	11
22243	13
22246	18
22247	8
22249	18
22253	9
22254	25
22255	5
22256	26
22257	28
22258	21
22259	25
22260	27
22261	26
22262	21
22263	27
22264	5
22265	9
22267	14
22268	19
22269	1
22270	23
22271	18
22272	8
22273	18
22274	22
22276	7
22278	18
22279	13
22280	27
22281	30
22283	3
22284	23
22286	12
22287	6
22288	32
22289	9
22290	14
22291	17
22292	24
22293	14
22294	7
22295	14
22296	40
22297	28
22299	16
22300	20
22301	22
22302	13
22303	30
22305	14
22306	3
22307	22
22308	7
22310	14
22311	37
22312	30
22313	5
22314	24
22315	16
22316	25
22317	6
22318	18
22319	24
22320	13
22321	7
22322	16
22323	8
22324	24
22325	16
22326	13
22327	9
22328	0
22329	20
22330	19
22331	16
22332	6
22333	21
22335	6
22336	44
22338	37
22339	10
22340	25
22341	32
22342	4
22343	6
22344	23
22345	32
22346	12
22347	6
22348	29
22349	25
22351	10
22352	16
22353	4
22354	10
22355	13
22356	10
22357	11
22358	10
22359	8
22360	9
22361	9
22362	20
22363	8
22364	25
22365	29
22366	8
22367	16
22368	12
22370	6
22371	23
22373	17
22375	8
22376	33
22377	13
22378	5
22379	25
22380	32
22381	41
22383	1
22384	13
22385	3
22386	12
22387	2
22388	12
22389	2
22390	31
22391	30
22392	21
22394	12
22395	13
22397	13
22398	17
22399	30
22400	8
22401	12
22402	11
22403	11
22404	12
22405	24
22406	33
22407	30
22408	19
22409	11
22410	16
22411	21
22413	9
22414	16
22415	10
22416	5
22418	11
22419	19
22420	29
22421	3
22422	12
22423	12
22425	11
22426	14
22427	17
22428	24
22429	7
22430	4
22431	10
22434	15
22435	7
22436	26
22437	7
22439	24
22440	5
22442	11
22443	11
22444	16
22445	33
22446	40
22447	8
22448	8
22449	26
22450	13
22451	15
22452	7
22453	14
22454	18
22455	21
22457	8
22458	10
22459	13
22460	27
22461	19
22462	32
22463	17
22464	34
22465	35
22466	31
22467	17
22468	26
22469	13
22470	11
22471	7
22472	7
22473	11
22474	26
22475	17
22476	16
22477	22
22478	11
22480	5
22481	11
22482	15
22483	29
22484	18
22485	36
22486	21
22487	39
22488	19
22489	21
22490	10
22491	1
22492	40
22493	15
22494	14
22495	12
22497	22
22498	8
22499	11
22500	30
22502	6
22503	6
22505	15
22506	3
22507	15
22509	7
22511	30
22512	5
22513	9
22514	17
22516	42
22517	13
22518	51
22519	3
22522	20
22523	29
22524	11
22525	34
22526	18
22527	35
22530	17
22531	19
22532	29
22533	17
22534	7
22536	5
22537	22
22538	2
22539	18
22540	18
22541	11
22542	12
22543	24
22544	19
22545	11
22547	3
22548	2
22549	21
22550	16
22551	18
22552	10
22554	7
22555	14
22557	7
22558	17
22559	35
22560	8
22561	10
22562	24
22564	15
22565	31
22566	40
22567	25
22568	9
22569	6
22570	10
22571	25
22572	9
22573	8
22574	7
22575	8
22576	8
22577	4
22578	25
22579	22
22581	13
22582	16
22583	7
22584	25
22585	11
22586	12
22587	8
22588	22
22589	5
22590	7
22591	21
22592	7
22593	16
22595	3
22596	18
22597	23
22598	10
22599	1
22600	17
22601	17
22603	16
22604	24
22605	20
22606	26
22607	19
22608	44
22609	4
22610	6
22611	26
22612	9
22613	6
22614	10
22615	30
22616	13
22617	18
22619	33
22620	4
22621	12
22622	20
22623	9
22624	10
22625	15
22626	29
22627	10
22628	12
22629	38
22630	14
22631	15
22632	36
22633	7
22635	34
22641	24
22642	14
22643	24
22644	26
22645	11
22646	15
22647	12
22648	10
22649	16
22650	1
22651	15
22653	18
22654	22
22655	17
22656	12
22657	14
22658	19
22659	7
22661	21
22662	33
22664	23
22665	12
22666	15
22667	18
22668	38
22669	11
22671	9
22672	1
22673	15
22674	8
22675	7
22676	19
22677	18
22678	7
22679	17
22680	20
22681	12
22682	11
22683	16
22684	43
22686	2
22687	20
22688	9
22689	11
22690	16
22691	44
22692	25
22694	13
22696	17
22697	8
22698	29
22699	34
22700	4
22701	41
22704	37
22705	24
22706	10
22707	16
22708	15
22709	9
22712	9
22713	37
22714	28
22715	10
22718	0
22719	14
22720	21
22723	21
22724	19
22725	9
22726	10
22727	8
22728	5
22729	51
22730	13
22731	18
22732	4
22733	33
22734	15
22737	26
22738	39
22739	28
22740	7
22741	7
22742	19
22743	25
22744	7
22745	11
22748	6
22749	22
22750	14
22751	29
22752	11
22754	10
22755	2
22756	14
22757	14
22758	12
22759	25
22760	20
22761	5
22762	6
22763	9
22764	11
22765	5
22767	5
22768	18
22769	28
22771	32
22772	12
22773	14
22774	16
22775	8
22776	6
22777	23
22778	17
22779	12
22780	33
22781	25
22783	21
22784	17
22785	5
22786	27
22787	2
22789	20
22790	21
22791	19
22792	21
22793	7
22794	8
22795	11
22796	15
22797	15
22799	13
22800	10
22801	22
22802	30
22804	6
22807	24
22808	20
22809	22
22813	7
22814	9
22815	9
22817	9
22818	12
22819	27
22821	13
22822	19
22824	8
22825	7
22826	22
22827	14
22828	9
22829	9
22830	6
22831	14
22832	10
22833	7
22834	5
22836	20
22837	23
22838	14
22839	5
22842	19
22843	53
22844	18
22845	5
22847	9
22848	6
22849	8
22850	15
22851	16
22853	11
22856	7
22857	39
22858	11
22859	12
22860	19
22861	27
22862	27
22863	8
22864	29
22865	7
22866	22
22867	19
22868	14
22869	9
22870	6
22871	27
22872	11
22873	6
22874	35
22876	12
22877	28
22878	6
22879	18
22880	8
22881	22
22882	11
22883	9
22884	10
22885	9
22886	11
22887	14
22888	23
22890	21
22891	8
22892	14
22893	12
22894	1
22895	8
22896	13
22897	5
22899	18
22900	6
22901	45
22902	19
22907	17
22908	28
22909	8
22910	9
22911	31
22912	10
22913	31
22914	15
22915	4
22916	21
22917	19
22918	15
22919	6
22920	27
22921	22
22922	15
22924	19
22925	11
22927	7
22928	28
22929	15
22930	8
22932	14
22933	32
22934	12
22935	26
22936	7
22937	31
22938	17
22939	5
22940	20
22941	2
22942	10
22943	20
22944	13
22947	37
22948	14
22949	9
22950	9
22951	12
22952	12
22953	14
22954	15
22955	5
22956	14
22957	22
22958	35
22959	10
22960	9
22961	3
22963	10
22964	13
22965	12
22966	5
22967	14
22968	25
22969	13
22970	26
22971	6
22973	2
22975	21
22976	16
22977	30
22978	12
22979	20
22980	33
22982	22
22983	14
22984	6
22985	13
22986	12
22987	24
22988	16
22989	17
22990	3
22991	6
22992	4
22993	11
22995	20
22996	22
22997	8
22998	8
22999	15
23000	18
23001	11
23002	26
23004	5
23005	39
23006	25
23007	8
23008	40
23009	34
23010	21
23011	20
23012	13
23014	16
23015	8
23016	13
23017	46
23018	25
23019	8
23020	11
23021	11
23022	21
23024	8
23025	10
23026	19
23027	21
23028	10
23029	17
23030	3
23032	17
23033	13
23034	14
23035	12
23036	40
23037	10
23038	9
23039	17
23040	0
23041	5
23042	51
23043	7
23044	14
23045	10
23046	11
23047	14
23048	11
23049	8
23050	14
23051	23
23053	12
23055	39
23057	22
23058	50
23060	24
23061	18
23062	20
23063	20
23064	9
23065	11
23066	14
23067	3
23068	35
23069	0
23070	6
23071	3
23072	10
23073	28
23074	18
23075	24
23076	10
23078	10
23079	23
23080	18
23082	5
23083	21
23084	10
23085	23
23086	2
23087	27
23088	3
23089	17
23090	5
23091	14
23092	38
23093	7
23094	8
23097	16
23098	15
23099	9
23101	17
23102	15
23103	25
23104	9
23105	17
23106	15
23107	34
23108	12
23109	27
23110	27
23111	6
23112	36
23114	14
23115	54
23116	22
23117	13
23118	13
23120	44
23121	37
23122	22
23123	28
23124	34
23125	22
23126	25
23127	16
23129	19
23130	9
23131	11
23132	12
23133	29
23134	7
23135	39
23136	3
23137	17
23138	7
23139	13
23141	10
23142	13
23143	6
23144	14
23145	7
23146	8
23147	5
23148	13
23149	17
23150	7
23151	23
23152	9
23153	9
23154	26
23155	17
23156	10
23157	7
23158	14
23159	26
23160	5
23161	15
23162	9
23163	26
23164	9
23165	8
23166	10
23167	5
23169	31
23170	11
23171	18
23172	13
23173	20
23175	11
23176	17
23177	15
23178	31
23179	14
23181	19
23182	25
23184	15
23185	22
23186	15
23187	30
23188	21
23189	13
23190	8
23191	5
23192	21
23194	17
23195	25
23196	16
23197	5
23198	34
23199	14
23200	19
23201	12
23202	12
23203	29
23204	15
23205	17
23206	11
23208	19
23209	5
23210	9
23211	14
23213	10
23216	12
23218	29
23219	26
23220	22
23221	7
23222	24
23223	9
23224	14
23225	5
23226	34
23228	8
23231	21
23232	16
23233	40
23234	17
23235	17
23236	12
23237	4
23238	17
23239	13
23240	5
23242	17
23244	10
23246	17
23247	9
23249	18
23250	19
23251	8
23252	11
23253	17
23254	26
23255	5
23258	37
23259	32
23260	7
23261	15
23262	14
23263	21
23264	3
23265	6
23266	13
23267	17
23268	18
23269	21
23271	19
23272	7
23274	30
23275	21
23276	6
23277	18
23278	6
23279	3
23280	38
23281	4
23282	21
23286	20
23288	18
23289	26
23290	10
23291	12
23292	27
23293	4
23295	8
23296	10
23297	27
23298	15
23299	27
23300	3
23301	40
23302	4
23303	11
23304	7
23305	16
23306	11
23307	20
23308	25
23309	16
23310	6
23311	9
23312	9
23313	4
23314	17
23315	4
23316	4
23317	8
23318	24
23319	21
23320	22
23321	8
23322	15
23324	4
23325	15
23326	21
23327	48
23329	22
23330	12
23331	11
23332	8
23333	16
23334	8
23335	27
23336	15
23337	16
23338	14
23339	24
23341	17
23342	29
23343	8
23344	17
23345	20
23346	14
23347	13
23348	4
23349	11
23350	28
23351	24
23352	22
23353	16
23354	12
23355	15
23356	7
23357	21
23359	0
23360	19
23363	18
23365	7
23366	21
23367	11
23368	6
23370	13
23371	35
23372	18
23373	2
23374	26
23375	40
23376	18
23379	11
23380	22
23381	8
23382	14
23383	8
23384	15
23386	60
23387	9
23388	23
23389	11
23390	14
23391	5
23392	43
23393	9
23394	15
23397	13
23398	11
23399	31
23400	30
23401	7
23402	2
23403	25
23404	31
23405	10
23406	13
23407	16
23408	35
23409	5
23410	21
23412	8
23413	9
23414	13
23415	29
23416	7
23417	7
23418	12
23419	10
23420	8
23421	21
23423	0
23424	9
23425	11
23426	20
23428	18
23429	32
23430	21
23431	2
23432	15
23433	31
23434	5
23435	19
23436	16
23437	21
23438	10
23439	13
23440	5
23441	32
23442	20
23443	7
23444	24
23445	29
23446	25
23447	3
23450	6
23451	24
23453	6
23454	26
23455	14
23456	16
23457	19
23460	14
23461	25
23462	7
23465	19
23466	44
23467	17
23468	15
23469	6
23470	10
23471	14
23472	8
23473	26
23474	4
23475	18
23476	17
23477	14
23479	19
23480	20
23481	4
23482	18
23483	22
23484	21
23485	40
23486	7
23487	8
23488	29
23490	18
23491	26
23492	17
23494	9
23495	29
23496	16
23497	3
23499	16
23501	16
23502	25
23503	25
23505	22
23506	18
23507	19
23508	1
23509	29
23510	14
23511	3
23512	15
23513	12
23514	17
23515	6
23516	23
23517	4
23520	13
23521	8
23522	13
23523	7
23525	23
23526	28
23527	12
23529	13
23530	8
23531	21
23532	7
23533	11
23534	5
23535	5
23536	12
23537	14
23538	13
23539	2
23540	18
23541	2
23542	3
23543	17
23544	13
23545	6
23546	20
23549	12
23550	15
23551	25
23552	32
23553	16
23555	13
23556	17
23557	31
23558	10
23559	34
23560	6
23561	30
23562	36
23563	13
23564	24
23565	24
23566	4
23568	7
23569	5
23570	13
23571	9
23572	6
23573	17
23574	18
23575	8
23576	17
23577	34
23578	6
23579	18
23580	13
23581	6
23582	14
23583	12
23585	12
23587	9
23588	14
23589	10
23591	6
23593	23
23594	7
23595	3
23596	21
23597	25
23598	15
23599	14
23601	13
23605	22
23606	16
23607	37
23608	22
23609	13
23610	34
23611	27
23612	9
23613	11
23614	17
23615	40
23616	11
23617	42
23618	31
23619	9
23620	13
23621	17
23622	1
23623	8
23624	4
23625	14
23627	31
23628	28
23630	20
23631	13
23632	14
23634	21
23635	0
23636	20
23638	15
23639	20
23640	29
23641	21
23642	5
23643	11
23644	45
23646	33
23647	8
23648	31
23649	22
23650	31
23651	15
23652	20
23653	26
23654	5
23655	28
23656	26
23657	30
23658	18
23660	19
23661	20
23662	12
23663	13
23664	10
23665	34
23666	13
23669	8
23670	15
23671	22
23672	19
23674	16
23675	6
23676	17
23677	17
23678	14
23679	9
23680	24
23681	18
23682	9
23683	32
23684	26
23685	28
23687	18
23688	9
23689	11
23690	7
23691	11
23692	48
23693	15
23694	16
23695	20
23696	13
23697	13
23698	26
23699	31
23700	5
23701	9
23703	20
23704	14
23705	12
23706	16
23707	12
23708	23
23709	15
23710	4
23711	18
23713	12
23714	16
23716	6
23717	13
23718	5
23719	10
23720	9
23721	12
23723	13
23727	25
23728	24
23729	16
23730	12
23731	19
23732	10
23733	12
23734	8
23735	5
23736	7
23738	10
23739	23
23740	11
23741	16
23743	18
23744	5
23745	19
23747	28
23748	18
23749	19
23751	6
23752	33
23753	8
23755	11
23757	10
23758	22
23759	27
23760	9
23761	12
23762	21
23763	0
23764	14
23767	33
23768	6
23769	18
23770	13
23771	2
23772	23
23773	18
23774	16
23775	11
23776	8
23777	33
23778	26
23779	8
23780	9
23781	38
23782	15
23784	10
23785	6
23786	20
23787	18
23788	26
23789	11
23790	30
23791	14
23792	18
23793	12
23795	17
23796	36
23797	24
23798	21
23799	34
23800	12
23801	18
23802	8
23803	14
23805	7
23806	18
23809	19
23810	5
23811	16
23812	18
23813	23
23814	20
23815	8
23816	14
23817	4
23818	20
23819	29
23820	35
23821	14
23822	15
23823	18
23824	41
23825	18
23826	22
23827	25
23828	0
23829	11
23830	24
23831	21
23832	25
23833	19
23834	9
23835	3
23836	6
23837	8
23838	9
23839	8
23840	8
23842	2
23843	15
23844	20
23845	40
23846	26
23847	3
23848	18
23849	25
23850	8
23852	10
23853	29
23854	11
23855	10
23856	33
23857	21
23858	11
23861	3
23862	14
23863	15
23865	15
23866	9
23867	10
23868	10
23869	10
23871	18
23873	9
23874	11
23875	4
23876	6
23877	19
23878	20
23879	18
23880	15
23881	10
23882	44
23884	29
23885	15
23886	33
23888	13
23890	26
23891	5
23892	30
23893	25
23894	24
23895	10
23896	11
23897	19
23898	9
23899	11
23900	8
23901	17
23903	18
23904	22
23905	31
23906	9
23907	10
23908	12
23909	11
23910	29
23911	10
23912	13
23913	16
23914	31
23915	35
23916	21
23917	13
23918	11
23919	15
23921	20
23922	15
23923	12
23924	12
23925	9
23926	29
23927	22
23929	12
23930	12
23933	8
23934	24
23935	14
23936	28
23937	39
23938	19
23939	5
23940	26
23941	33
23942	8
23943	33
23944	8
23945	5
23946	18
23948	9
23949	16
23950	11
23952	4
23953	14
23955	10
23957	4
23958	29
23959	15
23960	13
23961	13
23962	0
23964	17
23965	21
23967	1
23968	20
23969	14
23970	29
23971	19
23972	17
23973	21
23976	15
23977	24
23978	17
23979	15
23980	4
23981	6
23982	6
23983	18
23984	5
23985	25
23987	6
23988	37
23989	14
23990	7
23991	9
23992	10
23993	20
23994	8
23995	15
23996	23
23997	23
23998	14
23999	3
24000	13
24001	13
24002	21
24003	11
24004	7
24005	24
24006	13
24007	27
24008	8
24009	19
24010	19
24011	14
24012	4
24013	0
24014	12
24018	36
24019	5
24020	23
24021	13
24022	9
24023	3
24024	7
24026	16
24027	23
24028	12
24029	15
24030	42
24031	6
24032	6
24033	38
24034	14
24035	10
24036	17
24038	12
24039	9
24040	15
24042	12
24043	29
24044	3
24045	3
24046	24
24047	20
24048	12
24049	12
24050	5
24051	24
24052	49
24053	28
24054	5
24055	41
24056	8
24057	7
24058	7
24059	12
24060	17
24061	18
24062	4
24063	41
24064	17
24065	32
24066	24
24068	6
24069	20
24070	10
24071	21
24072	10
24073	15
24074	20
24075	5
24076	12
24077	7
24078	12
24079	6
24080	3
24082	23
24083	7
24084	22
24087	20
24088	27
24090	18
24091	36
24092	12
24093	17
24094	30
24095	2
24096	12
24097	19
24098	0
24099	7
24100	11
24102	18
24103	5
24104	14
24105	16
24106	16
24107	21
24108	9
24109	9
24110	22
24111	16
24112	9
24113	13
24114	13
24115	10
24116	26
24118	17
24120	30
24121	15
24122	5
24123	14
24125	18
24126	14
24127	5
24128	15
24129	15
24130	18
24131	7
24132	10
24133	26
24135	15
24136	20
24137	6
24138	16
24139	21
24140	23
24141	11
24143	15
24145	7
24146	18
24147	11
24148	18
24149	13
24150	4
24151	34
24152	13
24153	15
24154	19
24157	53
24158	8
24159	42
24160	12
24161	6
24162	10
24163	31
24164	21
24165	7
24166	10
24167	18
24168	15
24169	6
24170	5
24172	3
24173	26
24174	28
24175	17
24176	15
24177	3
24179	4
24180	8
24181	14
24182	7
24183	19
24186	22
24187	10
24188	7
24189	34
24191	11
24192	24
24193	22
24194	21
24195	10
24196	6
24197	21
24198	19
24199	20
24201	19
24202	4
24203	1
24205	3
24206	18
24208	24
24209	2
24211	10
24212	14
24213	22
24214	16
24215	21
24216	3
24217	4
24218	22
24219	17
24221	15
24222	30
24224	19
24225	14
24226	2
24227	11
24229	13
24230	20
24231	10
24232	27
24235	35
24236	11
24237	7
24238	23
24239	13
24240	14
24241	7
24243	21
24244	19
24246	9
24247	29
24248	8
24249	14
24250	4
24251	19
24252	19
24253	20
24254	0
24255	24
24256	23
24258	11
24260	5
24262	10
24263	3
24265	44
24266	12
24267	25
24269	4
24270	15
24271	21
24272	19
24273	12
24274	2
24275	21
24276	18
24277	42
24278	33
24279	17
24280	0
24281	16
24282	17
24283	16
24285	31
24286	25
24287	7
24288	41
24289	34
24290	1
24291	18
24292	0
24293	24
24294	27
24295	13
24296	10
24298	0
24299	31
24300	10
24301	4
24302	16
24303	19
24304	16
24305	10
24306	7
24308	9
24309	8
24310	14
24311	7
24313	24
24315	20
24316	26
24317	8
24318	8
24319	15
24320	8
24321	23
24322	1
24323	16
24324	27
24325	2
24326	15
24327	11
24328	15
24329	2
24330	9
24331	11
24332	35
24333	18
24334	33
24335	13
24337	20
24338	49
24339	5
24340	16
24341	18
24343	20
24345	21
24346	20
24347	27
24348	16
24349	19
24351	32
24352	12
24353	17
24356	4
24357	1
24358	5
24359	10
24362	9
24363	8
24365	10
24366	26
24367	20
24368	21
24369	3
24370	5
24372	11
24373	7
24374	5
24375	17
24376	18
24377	41
24378	6
24379	6
24380	11
24381	11
24382	10
24383	31
24384	13
24385	4
24386	25
24387	6
24388	16
24389	3
24390	26
24391	10
24392	20
24393	14
24394	24
24395	22
24397	17
24398	13
24399	10
24400	12
24401	18
24402	18
24403	12
24404	37
24405	10
24406	15
24407	12
24408	16
24409	18
24410	7
24411	5
24412	21
24414	11
24415	15
24416	16
24417	11
24418	18
24420	4
24421	23
24422	36
24423	30
24424	17
24425	17
24426	7
24427	9
24428	5
24429	10
24430	10
24431	3
24432	10
24433	24
24435	21
24436	24
24437	6
24438	12
24439	18
24440	9
24441	23
24442	7
24443	11
24444	8
24445	13
24446	14
24448	4
24449	10
24450	18
24451	27
24452	27
24453	5
24454	47
24455	16
24456	17
24457	7
24458	11
24459	3
24461	10
24462	10
24463	1
24464	20
24466	24
24467	30
24469	9
24470	10
24472	6
24473	17
24474	12
24475	22
24478	36
24479	6
24483	33
24484	12
24486	19
24487	10
24488	8
24489	6
24490	11
24491	15
24492	21
24493	42
24494	15
24495	11
24496	23
24498	11
24499	19
24500	10
24501	10
24503	9
24504	3
24505	16
24506	7
24507	11
24508	18
24509	50
24511	23
24512	27
24513	1
24514	10
24515	3
24516	3
24518	13
24519	11
24520	14
24521	38
24522	21
24523	24
24524	24
24525	17
24526	24
24529	16
24530	14
24531	9
24532	18
24533	20
24534	8
24535	19
24536	7
24537	15
24539	22
24542	30
24543	9
24545	26
24547	13
24548	16
24549	11
24550	9
24551	2
24552	5
24553	13
24554	11
24555	21
24556	8
24557	6
24558	33
24559	8
24560	13
24561	6
24562	23
24563	12
24564	16
24565	11
24567	0
24568	15
24569	24
24570	4
24571	8
24572	5
24573	22
24574	22
24575	2
24576	8
24578	6
24579	21
24581	0
24582	16
24583	9
24584	5
24585	23
24586	23
24588	6
24589	4
24590	18
24591	1
24592	15
24593	10
24594	7
24595	14
24596	20
24597	0
24598	9
24599	10
24600	16
24601	4
24603	36
24604	12
24605	17
24606	8
24608	19
24609	13
24610	23
24611	15
24612	7
24614	13
24615	21
24616	16
24617	25
24619	10
24620	11
24621	12
24623	30
24624	11
24625	10
24628	9
24629	5
24630	16
24631	9
24632	8
24633	8
24634	25
24635	10
24636	11
24637	13
24638	31
24639	21
24640	11
24641	19
24644	34
24645	12
24646	26
24649	34
24650	11
24651	19
24652	27
24653	0
24654	11
24655	6
24656	6
24657	34
24659	15
24660	21
24661	10
24662	25
24664	20
24665	2
24666	9
24667	27
24668	22
24670	5
24671	31
24672	7
24673	11
24674	11
24675	12
24676	31
24677	25
24678	4
24679	12
24680	11
24681	0
24682	6
24683	38
24684	7
24685	6
24686	0
24687	28
24689	25
24690	21
24691	14
24692	36
24693	2
24694	15
24698	8
24699	12
24700	23
24701	21
24702	16
24703	22
24704	14
24705	17
24706	13
24707	9
24709	10
24711	6
24712	16
24713	11
24715	14
24716	1
24717	20
24718	12
24719	47
24720	18
24723	22
24725	16
24726	16
24727	13
24729	21
24730	14
24731	6
24732	12
24733	8
24734	26
24735	17
24736	14
24737	23
24738	7
24739	8
24741	21
24742	4
24743	20
24744	24
24745	10
24746	20
24747	22
24748	21
24749	14
24750	21
24751	35
24752	14
24753	13
24754	15
24755	11
24756	3
24757	12
24758	6
24759	16
24760	17
24763	5
24764	10
24765	16
24767	4
24768	11
24769	9
24770	10
24771	22
24772	18
24773	7
24774	4
24775	5
24777	37
24778	15
24780	18
24781	5
24782	15
24783	13
24784	7
24785	18
24786	19
24787	13
24788	20
24789	4
24790	27
24791	11
24792	27
24793	17
24794	6
24795	33
24796	23
24797	22
24798	35
24800	21
24801	11
24802	14
24803	31
24804	12
24805	15
24806	29
24807	24
24808	5
24809	8
24810	8
24811	19
24813	14
24814	0
24816	6
24817	4
24818	11
24819	10
24821	8
24822	12
24823	21
24824	9
24825	29
24826	6
24827	6
24828	21
24830	6
24831	20
24833	25
24834	27
24835	16
24836	18
24837	33
24838	41
24839	28
24840	17
24841	25
24842	28
24843	19
24844	32
24845	13
24846	10
24847	13
24848	3
24850	26
24851	15
24852	12
24853	10
24854	32
24855	25
24856	10
24857	3
24858	18
24860	22
24861	12
24862	13
24863	12
24864	18
24865	19
24866	22
24867	6
24868	24
24869	17
24871	24
24872	16
24873	11
24874	11
24876	2
24877	6
24878	38
24879	14
24881	21
24882	7
24883	24
24884	26
24886	27
24887	21
24888	36
24889	25
24890	22
24891	27
24892	12
24893	18
24894	13
24895	16
24896	12
24897	10
24898	29
24899	19
24901	14
24902	6
24904	19
24905	19
24907	27
24908	0
24909	20
24910	12
24912	24
24913	14
24915	28
24916	21
24917	8
24918	7
24919	7
24921	12
24922	38
24923	6
24924	16
24925	19
24927	42
24929	15
24930	21
24931	7
24932	7
24933	21
24934	7
24935	24
24936	20
24937	26
24938	19
24939	13
24940	16
24941	12
24943	2
24944	10
24945	19
24946	23
24947	9
24948	28
24949	24
24950	13
24952	29
24953	25
24954	31
24955	22
24956	32
24957	26
24959	4
24961	21
24963	10
24964	11
24965	23
24966	0
24967	26
24968	8
24969	15
24970	10
24972	10
24973	20
24974	11
24976	9
24977	15
24978	15
24979	40
24980	27
24981	10
24982	23
24983	25
24984	9
24985	26
24986	46
24987	18
24988	18
24989	8
24990	18
24992	9
24993	17
24994	11
24995	12
24996	5
24997	14
24999	15
25000	4
25001	25
25002	18
25004	12
25005	23
25006	23
25007	15
25008	5
25009	15
25010	25
25011	15
25012	2
25013	19
25014	14
25015	22
25016	37
25017	8
25018	35
25020	17
25021	14
25022	22
25024	24
25025	12
25026	11
25027	7
25028	21
25030	5
25031	18
25033	11
25036	35
25037	5
25038	23
25039	20
25040	13
25041	43
25042	20
25043	0
25044	25
25045	22
25046	12
25048	4
25049	14
25051	22
25052	14
25053	11
25054	19
25055	9
25056	3
25057	9
25058	6
25060	3
25062	17
25063	0
25064	22
25066	4
25067	0
25068	6
25069	18
25071	3
25072	57
25073	7
25074	12
25075	2
25076	19
25077	19
25078	22
25079	16
25080	8
25081	9
25082	11
25083	21
25084	5
25085	10
25086	7
25087	10
25088	20
25089	11
25090	26
25091	8
25092	11
25093	14
25094	8
25097	14
25098	15
25099	12
25100	23
25101	18
25102	20
25105	28
25106	23
25107	5
25108	22
25109	24
25110	12
25113	10
25114	11
25116	16
25117	28
25118	17
25119	29
25120	35
25121	26
25122	13
25123	6
25124	9
25125	23
25127	17
25128	7
25129	7
25130	35
25132	10
25133	11
25134	28
25135	32
25136	21
25137	22
25139	27
25140	11
25141	24
25143	17
25144	17
25145	16
25146	31
25147	18
25149	18
25150	10
25151	16
25152	17
25154	11
25155	16
25156	16
25160	25
25161	45
25162	29
25163	8
25164	19
25165	11
25166	5
25167	9
25169	28
25170	26
25171	19
25172	16
25173	13
25174	6
25175	19
25176	12
25177	43
25179	5
25180	2
25181	36
25182	9
25183	25
25184	23
25185	19
25186	21
25187	14
25188	21
25189	15
25190	35
25191	7
25193	17
25194	9
25195	12
25196	17
25197	39
25198	33
25199	9
25201	7
25203	16
25204	46
25206	36
25207	13
25208	10
25209	7
25211	24
25213	32
25216	10
25219	4
25220	7
25221	4
25222	25
25223	10
25224	15
25226	5
25227	18
25228	21
25229	8
25230	11
25231	33
25233	6
25234	13
25237	10
25238	35
25239	16
25240	5
25241	31
25242	25
25243	13
25244	13
25245	14
25246	9
25247	40
25248	10
25249	4
25250	10
25251	8
25252	31
25253	10
25254	15
25255	10
25256	25
25259	17
25260	22
25261	6
25262	8
25263	10
25264	3
25265	1
25266	20
25267	25
25268	15
25269	15
25270	24
25271	23
25272	25
25273	15
25274	30
25276	24
25278	6
25279	18
25281	7
25282	25
25283	6
25284	30
25285	16
25286	13
25287	0
25288	8
25289	4
25290	23
25291	12
25292	14
25293	17
25294	12
25295	5
25298	25
25300	17
25301	9
25302	8
25303	12
25304	15
25305	15
25306	23
25307	22
25308	41
25309	17
25310	29
25311	9
25312	18
25313	14
25314	6
25315	8
25316	11
25317	13
25318	21
25319	4
25320	47
25321	17
25322	20
25323	27
25324	9
25326	37
25327	19
25328	28
25331	25
25332	3
25333	10
25334	12
25335	17
25336	4
25337	16
25338	7
25340	15
25341	26
25342	24
25343	3
25344	23
25345	23
25347	13
25348	26
25349	7
25350	29
25351	20
25352	11
25353	19
25354	17
25355	30
25356	26
25357	29
25358	16
25359	15
25360	15
25362	28
25363	5
25365	5
25366	8
25367	18
25368	31
25369	5
25370	35
25371	21
25372	10
25373	29
25374	7
25375	25
25376	9
25377	28
25378	11
25379	16
25382	23
25383	18
25384	23
25386	28
25387	28
25388	19
25390	10
25391	9
25392	14
25394	6
25395	12
25396	10
25397	10
25398	24
25399	20
25400	20
25401	34
25402	21
25404	2
25405	17
25406	32
25407	13
25408	10
25409	15
25411	18
25412	19
25415	29
25416	40
25417	14
25418	3
25419	21
25420	29
25421	44
25423	19
25424	29
25425	21
25426	7
25428	25
25429	29
25430	21
25431	12
25432	15
25433	5
25434	13
25435	27
25436	32
25437	5
25438	23
25439	18
25440	45
25441	28
25442	6
25443	18
25444	24
25445	8
25446	15
25448	25
25449	17
25450	8
25451	21
25452	12
25453	21
25454	19
25455	24
25456	8
25457	22
25458	29
25459	20
25460	32
25462	14
25463	19
25464	12
25467	16
25469	3
25470	14
25471	7
25472	1
25473	20
25474	9
25475	11
25477	16
25478	0
25479	17
25480	7
25481	19
25482	22
25483	25
25484	19
25485	36
25486	18
25487	17
25488	27
25489	36
25490	2
25491	11
25492	14
25493	29
25494	24
25495	4
25496	17
25497	23
25498	3
25499	12
25501	7
25502	13
25504	18
25505	35
25506	29
25507	19
25510	13
25511	16
25512	20
25513	19
25514	8
25515	8
25516	15
25517	10
25518	8
25519	41
25520	37
25521	8
25522	13
25523	12
25524	11
25526	30
25528	4
25529	44
25530	12
25532	14
25533	43
25535	13
25536	17
25537	3
25538	23
25539	15
25540	17
25541	4
25542	27
25543	26
25545	20
25546	6
25547	8
25548	11
25550	9
25551	27
25552	18
25553	32
25554	9
25555	37
25556	4
25557	27
25558	30
25560	27
25561	10
25563	10
25564	35
25565	40
25566	7
25567	36
25568	43
25569	19
25570	25
25571	33
25572	6
25573	18
25575	20
25576	29
25577	14
25579	4
25580	11
25582	9
25583	41
25584	16
25585	11
25586	26
25587	18
25588	16
25589	13
25590	17
25591	16
25592	6
25593	34
25595	7
25596	24
25597	14
25599	9
25600	10
25601	17
25602	23
25603	25
25604	17
25605	12
25606	25
25607	18
25608	1
25609	21
25610	20
25611	23
25612	15
25613	15
25614	19
25615	18
25616	12
25617	18
25618	32
25619	6
25620	38
25621	10
25622	20
25623	7
25624	10
25625	41
25626	18
25627	25
25628	14
25629	25
25630	13
25631	21
25632	17
25634	18
25636	13
25637	6
25638	28
25639	18
25640	32
25641	10
25643	23
25644	8
25646	3
25647	45
25648	7
25649	34
25650	9
25652	11
25653	28
25654	24
25655	10
25657	17
25658	27
25660	5
25661	15
25662	33
25663	6
25664	21
25665	27
25666	10
25667	7
25668	19
25669	15
25670	20
25674	14
25675	24
25676	42
25677	34
25678	17
25679	28
25680	12
25681	22
25682	33
25683	26
25684	6
25685	10
25686	19
25687	11
25688	12
25689	11
25690	22
25691	8
25692	26
25693	5
25696	43
25697	12
25698	22
25699	8
25700	19
25701	11
25702	0
25703	25
25704	15
25705	3
25706	10
25707	9
25708	8
25709	16
25711	9
25712	19
25713	9
25714	9
25716	24
25717	9
25718	13
25719	13
25720	10
25721	12
25723	22
25724	6
25725	9
25726	38
25727	14
25728	11
25730	15
25731	30
25732	14
25733	19
25734	13
25735	5
25736	16
25737	2
25738	4
25739	9
25740	20
25741	33
25742	22
25744	63
25746	8
25747	15
25748	18
25749	22
25750	16
25751	19
25752	28
25753	5
25754	26
25755	4
25756	4
25758	13
25759	25
25760	16
25761	12
25763	27
25764	27
25765	14
25766	16
25767	16
25768	6
25769	9
25770	11
25771	47
25773	9
25774	19
25775	34
25776	3
25777	2
25778	23
25779	8
25780	22
25781	7
25782	16
25783	13
25784	21
25785	26
25786	16
25787	14
25788	7
25789	28
25791	8
25792	6
25793	41
25794	15
25795	25
25796	6
25798	34
25799	21
25800	11
25802	13
25804	35
25805	20
25806	12
25807	15
25808	8
25809	14
25810	12
25811	21
25812	22
25813	6
25814	15
25815	14
25816	15
25818	6
25819	7
25820	14
25822	29
25823	25
25824	2
25826	10
25827	9
25828	5
25829	10
25830	12
25832	15
25833	6
25834	17
25835	17
25836	24
25837	9
25838	15
25839	9
25841	16
25842	25
25843	14
25845	23
25846	4
25847	26
25848	8
25849	26
25850	13
25851	15
25852	14
25853	29
25854	2
25855	2
25856	22
25858	5
25859	26
25862	21
25863	8
25865	19
25867	37
25868	16
25869	4
25870	31
25871	6
25872	18
25873	10
25874	22
25875	10
25876	4
25880	8
25881	20
25883	9
25884	22
25885	15
25886	18
25889	2
25890	8
25891	28
25892	24
25893	1
25894	4
25896	43
25898	36
25899	6
25900	18
25901	24
25902	27
25903	25
25905	9
25907	32
25908	22
25909	6
25910	4
25911	5
25912	1
25913	10
25914	6
25915	34
25916	17
25917	15
25918	17
25919	11
25920	6
25921	12
25922	16
25923	6
25924	16
25925	6
25926	13
25928	20
25929	9
25930	12
25931	29
25932	22
25933	35
25934	10
25935	16
25936	12
25938	13
25939	20
25940	13
25941	41
25942	10
25943	11
25944	12
25945	6
25946	16
25947	19
25950	50
25951	4
25952	23
25953	12
25954	8
25955	25
25957	35
25958	20
25959	9
25960	15
25961	15
25962	5
25963	13
25964	28
25965	19
25966	16
25969	8
25970	8
25971	25
25972	30
25973	17
25974	29
25975	8
25976	15
25977	17
25978	13
25979	14
25980	35
25981	11
25982	12
25984	12
25985	4
25986	3
25987	19
25988	9
25989	18
25990	18
25991	17
25994	17
25996	8
25997	24
25998	6
25999	4
26000	8
26001	27
26002	21
26003	17
26004	24
26005	6
26007	5
26008	4
26011	28
26012	14
26013	20
26014	7
26015	13
26016	23
26017	6
26018	12
26019	12
26021	5
26022	3
26024	26
26025	3
26026	15
26027	11
26028	19
26029	14
26031	21
26032	16
26033	26
26035	15
26036	18
26037	22
26038	7
26039	32
26040	26
26041	8
26042	26
26043	21
26044	8
26045	5
26046	13
26047	16
26048	13
26049	7
26050	46
26051	13
26052	34
26053	14
26056	17
26057	22
26058	13
26059	14
26061	10
26062	29
26063	18
26064	8
26065	21
26066	4
26067	29
26068	5
26069	10
26070	23
26071	32
26072	12
26073	8
26074	3
26075	7
26076	21
26077	12
26078	9
26079	15
26080	14
26082	51
26083	33
26084	28
26085	15
26086	35
26087	34
26088	15
26089	28
26090	9
26091	12
26092	14
26094	33
26095	30
26096	21
26098	9
26099	45
26100	14
26101	23
26102	24
26103	17
26104	16
26106	23
26107	20
26108	17
26109	10
26110	15
26111	9
26113	34
26114	17
26115	31
26116	24
26117	10
26118	16
26119	13
26120	3
26121	44
26122	23
26123	17
26124	41
26126	14
26127	28
26128	8
26129	4
26130	51
26131	4
26132	4
26133	15
26134	10
26135	8
26136	25
26137	5
26138	23
26140	4
26141	20
26143	13
26144	15
26145	12
26146	10
26147	36
26148	15
26149	3
26150	15
26151	11
26152	9
26154	18
26155	8
26156	9
26157	40
26158	30
26159	15
26161	12
26164	17
26165	18
26166	20
26167	13
26168	11
26169	16
26170	14
26171	10
26174	4
26175	11
26176	7
26177	13
26178	12
26180	25
26181	33
26182	4
26183	10
26184	35
26185	20
26188	19
26190	44
26191	5
26192	25
26193	17
26194	23
26195	41
26196	6
26197	2
26198	19
26199	19
26200	26
26201	16
26202	17
26203	17
26204	7
26205	22
26206	26
26207	20
26208	11
26209	15
26210	13
26211	6
26212	7
26213	19
26214	11
26215	20
26216	32
26217	3
26218	6
26219	31
26220	7
26221	25
26222	5
26223	17
26224	21
26225	23
26226	40
26227	19
26228	9
26229	12
26231	19
26232	14
26233	11
26235	4
26236	18
26237	8
26238	14
26240	12
26241	25
26242	32
26243	8
26244	18
26246	13
26247	12
26248	29
26251	17
26252	9
26253	10
26254	2
26255	9
26256	13
26257	16
26259	19
26260	24
26261	6
26262	7
26263	8
26264	10
26265	12
26266	10
26267	14
26268	11
26271	20
26272	18
26273	0
26275	12
26276	27
26278	23
26279	22
26280	37
26281	7
26282	12
26283	20
26284	6
26285	26
26286	13
26287	22
26288	10
26289	9
26290	8
26291	14
26292	25
26293	34
26294	33
26295	9
26296	29
26297	28
26298	25
26299	15
26300	5
26301	4
26302	16
26303	16
26304	9
26305	26
26307	24
26308	19
26309	37
26310	18
26311	19
26312	10
26314	26
26316	20
26317	27
26318	9
26319	6
26320	30
26322	3
26323	10
26324	9
26325	6
26326	11
26327	22
26328	12
26329	13
26330	21
26331	15
26333	14
26334	18
26336	4
26337	12
26338	18
26339	3
26340	17
26341	23
26342	33
26343	6
26344	19
26346	30
26347	7
26348	48
26349	1
26350	1
26351	22
26352	18
26353	22
26354	12
26357	7
26358	23
26359	20
26360	13
26361	6
26362	13
26363	7
26365	11
26366	5
26367	10
26368	17
26369	11
26370	19
26371	31
26372	28
26373	27
26374	5
26375	24
26376	14
26377	7
26378	28
26379	10
26380	12
26381	10
26382	8
26383	11
26384	8
26385	25
26386	17
26387	13
26388	23
26389	8
26390	21
26391	16
26392	16
26393	14
26395	15
26396	7
26397	7
26398	25
26399	24
26400	14
26401	2
26403	2
26405	38
26406	6
26407	19
26408	16
26411	27
26412	14
26413	13
26414	11
26417	29
26419	20
26420	24
26421	10
26422	8
26423	13
26424	11
26427	14
26428	19
26429	18
26430	10
26432	6
26433	10
26434	13
26435	21
26436	22
26437	24
26438	0
26439	6
26440	12
26441	27
26442	20
26443	8
26444	14
26446	7
26448	9
26449	19
26450	15
26451	13
26453	3
26454	28
26455	5
26456	13
26457	13
26458	19
26459	37
26460	16
26461	15
26462	32
26463	9
26465	37
26467	47
26468	5
26469	14
26470	17
26471	14
26472	18
26473	6
26474	20
26475	26
26476	39
26477	6
26478	10
26479	8
26480	23
26482	17
26483	18
26484	10
26485	4
26486	6
26487	31
26488	21
26489	34
26490	23
26491	15
26492	14
26493	1
26494	2
26495	21
26497	7
26498	24
26499	7
26500	22
26501	36
26502	2
26503	26
26504	19
26505	14
26506	2
26508	18
26509	20
26510	3
26511	6
26512	11
26513	6
26514	8
26515	38
26516	13
26517	33
26518	4
26519	8
26522	15
26523	6
26524	20
26525	16
26527	1
26528	7
26529	10
26530	15
26531	13
26532	14
26533	37
26534	24
26535	10
26536	14
26537	31
26538	3
26539	18
26540	27
26541	7
26542	4
26543	10
26544	33
26545	15
26546	17
26547	7
26548	30
26549	7
26550	18
26551	35
26552	8
26553	7
26554	15
26555	10
26556	26
26557	8
26558	11
26559	4
26560	16
26561	22
26562	11
26563	14
26565	18
26566	9
26567	24
26568	31
26570	11
26571	19
26572	71
26573	13
26574	18
26575	27
26576	26
26577	15
26579	25
26581	28
26582	1
26583	25
26584	17
26585	18
26586	10
26587	24
26588	20
26589	36
26590	4
26591	22
26592	17
26593	3
26594	3
26597	18
26598	21
26599	35
26600	16
26601	11
26603	28
26604	13
26605	21
26606	46
26607	18
26608	13
26609	32
26610	28
26612	27
26613	31
26614	2
26615	30
26616	10
26617	8
26618	13
26619	27
26620	13
26622	7
26623	18
26624	9
26625	39
26626	6
26627	21
26629	8
26633	24
26636	19
26637	25
26638	29
26639	24
26640	20
26641	27
26642	11
26643	2
26644	20
26645	23
26646	26
26647	12
26648	19
26649	21
26650	14
26651	8
26652	9
26655	16
26656	21
26657	14
26658	7
26659	31
26660	29
26661	10
26662	22
26663	11
26664	19
26665	10
26666	27
26667	6
26669	12
26670	33
26672	13
26674	9
26675	13
26676	19
26677	28
26678	11
26679	9
26680	17
26681	22
26682	16
26684	9
26685	20
26686	22
26687	6
26688	22
26689	10
26690	38
26691	26
26692	15
26693	13
26694	19
26695	8
26696	23
26698	5
26699	23
26701	17
26702	14
26703	3
26704	20
26705	13
26707	38
26708	13
26709	3
26710	21
26711	31
26712	13
26713	12
26714	12
26715	22
26716	9
26717	10
26718	32
26719	24
26720	5
26721	11
26722	27
26726	8
26727	15
26728	18
26729	17
26731	16
26732	27
26733	6
26734	12
26735	20
26736	21
26738	39
26739	20
26740	15
26741	21
26742	7
26743	11
26744	7
26746	13
26747	8
26748	12
26749	10
26750	19
26752	34
26753	23
26754	11
26755	8
26756	20
26757	16
26758	22
26759	8
26760	27
26761	20
26763	51
26764	15
26765	10
26766	18
26767	31
26768	26
26770	8
26772	12
26773	16
26774	9
26775	20
26776	17
26777	27
26778	10
26779	14
26780	23
26781	32
26782	6
26784	22
26786	10
26787	15
26789	12
26790	19
26791	16
26792	14
26793	22
26794	13
26795	24
26797	19
26798	29
26799	20
26800	11
26801	10
26803	18
26804	20
26805	4
26806	5
26807	0
26808	14
26809	10
26810	10
26811	24
26812	42
26813	28
26814	12
26815	28
26816	20
26817	6
26818	18
26819	6
26820	11
26822	4
26823	12
26824	6
26826	10
26829	9
26830	44
26831	4
26832	4
26833	10
26834	28
26835	19
26836	7
26837	9
26838	16
26839	26
26840	21
26841	21
26843	17
26844	33
26845	8
26846	18
26848	23
26849	6
26850	7
26851	7
26852	14
26853	14
26854	23
26855	18
26856	7
26857	7
26858	18
26859	4
26860	12
26861	11
26862	12
26863	14
26864	11
26865	18
26866	11
26867	16
26868	16
26870	20
26871	20
26872	20
26873	4
26874	25
26875	32
26877	15
26878	19
26880	30
26881	25
26882	19
26883	28
26884	8
26885	44
26886	13
26888	23
26889	15
26890	26
26891	11
26892	10
26893	15
26894	10
26895	9
26896	10
26897	13
26899	7
26900	9
26901	21
26904	3
26905	7
26906	10
26907	15
26908	5
26909	26
26910	30
26911	14
26912	12
26913	11
26914	38
26915	35
26917	10
26918	38
26919	17
26920	8
26921	7
26922	28
26923	27
26924	16
26925	24
26926	26
26928	1
26929	14
26930	18
26931	8
26933	30
26934	8
26935	34
26937	3
26938	2
26939	0
26940	10
26941	25
26942	28
26943	29
26945	17
26947	21
26948	15
26949	9
26950	2
26951	6
26952	17
26953	13
26954	33
26957	9
26958	25
26959	14
26960	15
26962	9
26963	14
26964	18
26966	2
26967	14
26969	27
26970	8
26971	12
26972	24
26973	3
26974	5
26975	16
26976	41
26977	8
26978	13
26979	4
26980	11
26981	7
26982	16
26983	14
26984	21
26985	23
26986	4
26987	12
26988	23
26989	9
26990	18
26991	27
26993	3
26995	13
26996	26
26997	17
26998	24
26999	12
27000	17
27001	33
27002	20
27003	17
27004	28
27005	31
27006	20
27007	7
27008	32
27011	6
27012	19
27013	10
27014	16
27015	8
27016	1
27017	22
27018	18
27019	23
27021	9
27022	3
27023	27
27024	8
27025	13
27026	14
27027	11
27028	20
27029	9
27030	10
27031	22
27033	7
27034	14
27035	13
27036	11
27038	31
27039	17
27040	13
27041	18
27042	8
27043	16
27044	5
27045	12
27046	15
27047	24
27048	30
27049	21
27050	26
27051	1
27052	36
27053	14
27054	13
27055	1
27056	13
27057	40
27058	25
27059	19
27060	10
27061	13
27062	17
27063	28
27064	18
27065	14
27066	25
27067	28
27068	37
27069	23
27070	19
27071	4
27073	15
27074	1
27075	12
27076	25
27077	18
27079	33
27081	1
27082	11
27083	10
27084	9
27085	16
27086	22
27087	22
27088	13
27089	39
27090	9
27091	7
27092	12
27093	4
27094	12
27095	6
27096	18
27098	10
27099	14
27100	21
27101	3
27102	18
27103	25
27106	5
27107	8
27108	26
27109	7
27110	29
27112	10
27113	8
27114	8
27116	4
27118	28
27121	31
27122	24
27123	6
27125	7
27126	7
27127	41
27128	22
27131	7
27132	13
27133	23
27134	21
27135	8
27136	21
27137	13
27138	20
27139	21
27140	29
27141	11
27142	30
27143	16
27144	15
27145	26
27146	27
27147	20
27148	23
27149	17
27150	17
27151	48
27152	17
27153	9
27154	7
27155	29
27156	18
27157	17
27158	8
27159	6
27160	5
27161	26
27162	24
27163	23
27164	12
27165	16
27166	11
27167	12
27168	27
27169	5
27171	9
27172	8
27173	3
27174	19
27175	25
27176	9
27177	12
27178	26
27179	12
27180	3
27181	33
27182	17
27185	35
27186	11
27188	8
27190	12
27192	15
27193	8
27194	27
27195	13
27196	23
27197	29
27198	15
27199	14
27200	13
27201	42
27202	44
27204	7
27205	26
27207	31
27208	15
27209	22
27210	4
27211	4
27212	15
27213	14
27214	15
27215	8
27217	15
27218	8
27219	26
27220	49
27222	14
27223	9
27224	17
27225	24
27226	6
27227	12
27228	11
27229	31
27231	35
27232	27
27233	7
27234	9
27235	20
27236	17
27239	18
27240	11
27241	16
27242	11
27243	16
27244	16
27245	17
27246	13
27248	9
27249	17
27250	18
27251	6
27252	27
27253	7
27254	16
27255	19
27256	14
27257	8
27258	22
27260	12
27261	13
27262	5
27263	27
27264	25
27265	3
27266	21
27267	16
27268	14
27269	5
27271	18
27272	30
27276	18
27277	0
27279	7
27280	11
27281	25
27282	17
27283	22
27284	11
27285	28
27286	5
27287	8
27288	8
27289	14
27290	7
27291	7
27292	10
27293	10
27294	2
27295	21
27296	9
27297	18
27298	11
27300	9
27301	19
27302	19
27304	25
27305	26
27306	7
27307	12
27308	12
27309	23
27311	18
27312	0
27313	14
27314	20
27317	7
27318	23
27321	14
27322	16
27323	24
27324	14
27325	23
27326	33
27328	25
27329	7
27330	27
27331	15
27332	6
27333	3
27334	19
27335	7
27336	20
27337	5
27338	6
27339	12
27340	1
27341	11
27342	2
27343	19
27344	12
27346	17
27347	20
27348	10
27349	13
27350	6
27351	38
27353	4
27354	9
27355	22
27356	33
27357	23
27358	44
27359	10
27360	35
27361	27
27362	7
27363	28
27365	19
27366	19
27367	17
27368	7
27369	19
27370	4
27371	14
27372	32
27374	8
27375	26
27376	9
27377	2
27379	20
27380	7
27381	33
27382	31
27383	6
27384	28
27385	15
27386	18
27387	16
27388	10
27389	35
27390	5
27392	35
27393	4
27394	6
27395	6
27396	15
27398	2
27399	12
27400	19
27401	17
27402	10
27404	7
27405	25
27406	6
27407	13
27408	11
27409	14
27410	16
27411	8
27412	9
27413	7
27414	18
27415	12
27416	6
27417	9
27418	18
27419	29
27420	8
27422	19
27423	20
27424	14
27425	16
27426	18
27427	19
27428	37
27429	12
27431	40
27432	12
27433	9
27434	24
27435	21
27436	8
27437	12
27438	14
27439	22
27440	19
27441	17
27442	4
27443	4
27444	15
27445	32
27446	11
27447	13
27448	31
27449	4
27451	8
27452	13
27453	18
27454	14
27455	18
27456	6
27457	20
27458	31
27459	4
27460	15
27461	26
27462	3
27463	28
27464	18
27465	9
27466	16
27467	9
27468	19
27469	4
27470	24
27471	16
27472	8
27474	10
27475	21
27476	7
27477	11
27478	25
27480	10
27481	14
27482	14
27483	1
27485	26
27486	47
27488	16
27489	7
27491	10
27492	6
27493	12
27494	2
27495	15
27496	10
27498	5
27499	4
27500	17
27502	17
27504	24
27505	7
27506	17
27507	24
27508	11
27509	34
27510	21
27512	3
27513	10
27514	5
27515	19
27516	17
27517	45
27518	16
27519	3
27520	16
27521	32
27522	13
27523	9
27524	5
27525	24
27526	7
27527	12
27528	10
27529	28
27530	21
27531	21
27532	24
27533	13
27534	9
27535	8
27536	32
27537	30
27538	24
27539	4
27540	13
27541	16
27542	26
27543	6
27544	25
27546	28
27547	9
27548	26
27549	3
27550	6
27551	2
27552	7
27553	8
27554	26
27555	21
27556	18
27557	6
27558	9
27559	20
27560	42
27561	21
27562	13
27563	31
27564	11
27565	26
27566	19
27567	14
27568	7
27569	12
27570	27
27571	56
27573	15
27574	19
27575	19
27576	12
27577	7
27578	23
27579	13
27580	8
27581	13
27582	7
27583	25
27584	18
27585	7
27586	4
27588	15
27589	6
27590	3
27592	31
27593	13
27594	37
27595	17
27596	9
27597	23
27598	8
27599	23
27601	16
27602	22
27605	32
27606	32
27607	23
27609	2
27610	27
27611	20
27612	10
27613	25
27615	4
27616	31
27618	9
27619	20
27620	15
27621	4
27622	11
27623	17
27624	4
27625	20
27626	18
27627	9
27628	11
27630	35
27631	8
27632	20
27633	8
27634	25
27635	16
27636	23
27640	22
27641	13
27642	11
27643	12
27644	13
27645	17
27647	10
27649	6
27650	19
27651	19
27652	20
27653	27
27654	21
27655	17
27657	11
27658	14
27659	16
27660	5
27661	15
27662	16
27664	14
27665	24
27666	34
27667	5
27669	9
27670	34
27672	16
27673	16
27674	4
27676	5
27677	3
27679	14
27680	29
27681	12
27682	10
27686	4
27688	18
27691	17
27693	12
27694	15
27695	7
27696	4
27697	21
27698	19
27699	23
27700	42
27701	5
27702	37
27703	15
27704	8
27705	4
27706	15
27707	3
27708	5
27709	11
27710	4
27711	6
27712	19
27713	22
27714	57
27715	7
27716	4
27717	28
27718	12
27719	17
27720	17
27721	28
27722	26
27723	17
27724	20
27725	35
27726	7
27727	27
27729	14
27730	18
27731	12
27732	4
27733	9
27735	17
27737	28
27738	25
27739	26
27741	5
27742	3
27743	16
27744	8
27745	7
27746	15
27747	4
27748	15
27749	11
27750	6
27752	24
27753	12
27754	15
27755	35
27756	28
27758	4
27760	9
27761	16
27762	18
27763	26
27764	10
27765	3
27766	7
27767	40
27768	6
27769	15
27770	22
27773	23
27774	12
27775	18
27776	10
27777	15
27778	33
27779	12
27780	19
27781	25
27782	2
27783	25
27784	34
27785	2
27786	10
27787	6
27788	13
27789	22
27790	23
27791	11
27793	19
27795	14
27796	1
27797	40
27798	10
27800	18
27801	8
27802	11
27803	34
27804	10
27805	16
27806	8
27807	13
27808	31
27809	8
27810	6
27811	21
27813	10
27814	2
27815	17
27816	9
27817	1
27818	7
27819	1
27820	22
27821	17
27822	13
27823	29
27824	45
27825	1
27826	8
27828	8
27829	18
27830	2
27831	57
27832	12
27833	14
27834	27
27835	15
27836	5
27837	9
27838	25
27839	12
27840	17
27841	27
27842	21
27843	24
27844	10
27846	6
27848	29
27849	5
27850	26
27851	21
27852	13
27853	3
27854	27
27855	16
27856	3
27857	11
27858	14
27859	9
27860	21
27861	18
27862	10
27863	11
27865	10
27866	25
27867	2
27868	16
27870	26
27871	23
27872	14
27873	9
27874	8
27875	14
27876	29
27878	31
27879	18
27880	19
27881	8
27885	37
27887	11
27889	20
27890	13
27891	10
27893	28
27894	22
27895	15
27896	13
27897	20
27900	21
27901	11
27902	15
27904	14
27905	15
27906	12
27907	9
27908	9
27909	28
27910	12
27911	33
27912	19
27914	4
27915	19
27916	26
27917	1
27918	32
27919	24
27920	25
27921	17
27923	17
27925	16
27926	14
27929	15
27930	0
27931	31
27932	8
27933	24
27934	25
27935	12
27936	19
27938	15
27939	9
27940	6
27942	12
27943	15
27945	15
27946	18
27947	8
27948	9
27949	9
27950	37
27951	6
27952	16
27953	22
27954	24
27955	26
27956	26
27957	8
27958	12
27959	10
27960	2
27961	9
27963	3
27964	20
27965	20
27966	10
27967	7
27968	24
27969	25
27970	7
27971	5
27972	39
27973	25
27974	4
27975	18
27976	11
27977	12
27978	15
27979	32
27981	22
27982	16
27984	11
27985	17
27986	14
27987	17
27989	29
27992	7
27993	32
27994	11
27995	22
27997	13
27998	14
27999	10
28001	39
28002	15
28003	47
28004	33
28005	16
28006	21
28007	13
28008	31
28009	5
28010	14
28011	9
28012	4
28013	28
28014	8
28016	22
28017	14
28018	13
28019	12
28020	18
28021	2
28022	43
28023	31
28024	21
28025	20
28026	17
28027	15
28028	34
28029	20
28030	19
28031	11
28032	12
28033	19
28034	29
28035	14
28036	16
28037	13
28039	32
28040	3
28041	2
28042	24
28044	13
28045	15
28046	2
28047	12
28048	3
28049	16
28050	22
28051	25
28052	0
28055	17
28056	17
28057	13
28058	8
28059	39
28060	9
28061	15
28062	19
28063	23
28065	28
28066	19
28067	50
28068	4
28069	33
28070	27
28071	4
28072	9
28073	0
28074	32
28075	15
28076	35
28077	5
28078	7
28079	6
28080	29
28081	13
28082	33
28083	9
28085	6
28087	17
28088	45
28089	0
28090	12
28091	15
28092	16
28093	27
28094	17
28095	16
28096	15
28097	19
28099	19
28100	4
28102	7
28103	21
28104	6
28105	10
28106	17
28108	33
28109	36
28110	22
28111	9
28112	20
28113	33
28114	14
28116	12
28117	12
28118	17
28120	14
28121	5
28122	24
28123	7
28124	29
28125	19
28126	16
28127	12
28128	16
28129	16
28130	15
28131	23
28132	13
28133	28
28134	23
28135	9
28137	12
28138	29
28140	33
28141	25
28142	11
28144	24
28145	5
28146	25
28147	25
28148	26
28149	13
28150	8
28151	19
28153	9
28154	11
28156	17
28157	11
28158	26
28159	21
28160	15
28161	14
28162	46
28163	29
28164	8
28165	22
28166	7
28167	13
28168	31
28169	8
28170	4
28171	13
28172	36
28173	10
28174	6
28175	16
28176	29
28177	21
28178	13
28179	31
28180	27
28181	7
28182	15
28183	15
28184	19
28185	16
28186	31
28187	9
28188	6
28189	13
28190	4
28191	20
28192	39
28193	39
28196	11
28197	4
28198	5
28199	22
28200	9
28201	28
28202	15
28203	4
28204	14
28205	25
28206	14
28207	7
28208	11
28209	32
28210	9
28212	17
28213	19
28215	11
28216	41
28218	25
28219	27
28220	9
28221	17
28222	1
28223	36
28224	37
28225	18
28226	10
28229	10
28231	18
28233	22
28234	7
28235	6
28236	15
28237	5
28238	12
28239	29
28240	23
28241	18
28242	5
28243	15
28244	15
28245	6
28246	16
28247	8
28248	6
28249	39
28250	13
28251	16
28252	28
28254	22
28255	43
28256	13
28257	4
28258	25
28259	14
28260	24
28261	21
28262	15
28263	24
28264	6
28265	20
28266	22
28268	7
28269	17
28270	13
28271	8
28272	8
28273	6
28275	7
28276	12
28277	12
28278	3
28279	15
28281	13
28282	15
28283	7
28285	14
28286	15
28287	15
28288	13
28289	15
28290	3
28291	17
28293	16
28294	16
28295	50
28296	9
28297	7
28298	2
28300	6
28301	9
28302	10
28303	12
28304	20
28305	7
28306	6
28307	17
28308	6
28309	1
28311	19
28312	6
28313	14
28314	3
28315	5
28316	10
28318	23
28319	14
28322	14
28324	5
28325	9
28327	19
28329	15
28330	7
28331	24
28332	9
28333	18
28335	13
28336	4
28337	23
28338	45
28339	32
28340	20
28341	7
28342	11
28343	6
28344	9
28345	32
28346	12
28347	7
28349	13
28350	21
28351	17
28353	13
28354	23
28355	45
28356	18
28357	2
28358	24
28359	23
28361	12
28362	16
28363	6
28364	34
28365	10
28366	8
28367	8
28368	7
28369	19
28370	26
28371	26
28372	36
28373	17
28374	8
28375	23
28376	22
28377	27
28378	15
28380	16
28382	8
28383	12
28384	19
28385	26
28386	29
28388	12
28390	9
28391	10
28392	19
28393	4
28394	11
28395	13
28397	22
28398	25
28399	12
28400	22
28401	24
28403	10
28404	32
28405	4
28406	7
28407	9
28408	14
28409	9
28410	0
28411	38
28413	12
28414	10
28415	13
28416	28
28417	22
28418	6
28419	8
28420	14
28421	12
28422	28
28423	27
28424	9
28425	34
28428	19
28429	33
28430	9
28431	29
28432	20
28433	7
28434	36
28435	18
28436	1
28437	14
28438	36
28439	27
28440	40
28441	5
28442	18
28443	8
28445	23
28446	14
28447	2
28448	17
28449	22
28452	12
28453	9
28455	17
28456	19
28457	22
28458	31
28459	6
28460	10
28461	16
28462	15
28464	8
28465	14
28466	7
28467	14
28468	31
28469	12
28470	10
28471	14
28472	12
28473	16
28474	8
28475	11
28476	4
28477	18
28478	8
28480	20
28482	7
28483	24
28484	33
28485	13
28486	8
28487	11
28488	14
28489	8
28490	11
28492	25
28493	23
28494	44
28495	19
28496	4
28497	27
28498	13
28499	17
28500	20
28501	7
28502	9
28503	12
28504	11
28505	29
28507	14
28508	10
28509	8
28510	17
28511	11
28512	1
28513	7
28514	6
28515	8
28516	22
28517	31
28518	11
28519	12
28521	21
28522	18
28523	6
28524	42
28525	20
28526	26
28528	12
28529	7
28530	33
28531	17
28532	6
28533	11
28534	25
28535	10
28536	7
28538	15
28539	2
28540	3
28541	23
28542	11
28543	18
28544	20
28545	16
28546	21
28547	28
28548	13
28549	6
28550	16
28551	11
28552	11
28554	29
28555	29
28556	19
28557	17
28558	13
28559	17
28560	5
28561	28
28562	15
28563	18
28564	17
28565	6
28566	9
28567	10
28569	12
28571	9
28572	20
28573	35
28576	25
28577	2
28579	8
28580	21
28581	21
28582	8
28584	45
28585	29
28587	10
28588	19
28589	31
28590	5
28591	16
28593	16
28595	18
28596	20
28597	25
28598	11
28600	11
28601	12
28602	20
28603	14
28604	3
28605	20
28606	11
28607	21
28608	22
28609	8
28611	17
28612	17
28614	19
28615	19
28616	9
28617	10
28618	24
28619	8
28620	7
28621	14
28622	24
28623	10
28624	15
28625	28
28626	20
28627	24
28628	14
28629	15
28630	23
28631	14
28632	2
28634	37
28635	16
28636	14
28637	15
28638	7
28639	16
28640	19
28641	3
28642	10
28643	15
28644	11
28645	15
28646	11
28647	16
28648	18
28649	2
28650	8
28652	8
28653	18
28654	18
28655	14
28656	28
28657	12
28658	12
28659	6
28660	5
28661	15
28662	9
28663	4
28664	22
28665	21
28666	34
28667	13
28668	10
28671	17
28672	12
28673	24
28675	8
28676	10
28677	17
28678	14
28679	26
28680	43
28681	36
28682	18
28683	25
28684	6
28685	16
28686	19
28688	14
28689	37
28690	32
28691	3
28692	28
28693	42
28694	11
28695	29
28696	46
28697	14
28698	17
28699	32
28700	10
28701	7
28702	3
28703	22
28704	40
28705	11
28706	8
28708	22
28710	5
28711	14
28712	2
28713	2
28714	35
28715	10
28719	6
28722	3
28724	20
28725	16
28727	0
28728	11
28729	15
28730	13
28731	48
28733	9
28734	15
28735	30
28736	33
28738	2
28739	21
28740	11
28741	5
28742	11
28743	5
28744	12
28745	18
28746	20
28747	23
28748	14
28749	18
28750	29
28751	21
28752	14
28753	4
28754	6
28755	15
28756	20
28757	14
28758	17
28759	3
28760	20
28761	20
28762	19
28763	5
28764	23
28766	7
28767	13
28768	25
28769	4
28770	13
28771	15
28772	43
28775	15
28776	38
28777	10
28778	8
28779	10
28780	10
28781	11
28782	21
28783	16
28784	25
28785	47
28786	14
28788	42
28789	19
28791	12
28792	0
28794	8
28795	33
28796	20
28797	10
28798	16
28799	15
28800	10
28801	15
28802	24
28803	11
28804	12
28807	10
28808	38
28809	3
28810	14
28811	18
28812	14
28813	14
28814	34
28816	11
28817	13
28819	4
28820	22
28822	30
28823	27
28824	12
28825	13
28826	16
28829	9
28830	21
28831	24
28832	11
28833	10
28834	7
28835	15
28837	6
28838	20
28839	14
28840	27
28841	31
28842	16
28844	11
28845	14
28847	13
28848	12
28849	20
28851	5
28852	15
28853	21
28854	7
28855	12
28856	13
28857	10
28858	15
28859	46
28861	33
28862	11
28863	16
28864	5
28865	32
28867	0
28868	15
28869	12
28870	5
28871	13
28873	11
28874	12
28875	12
28876	4
28877	13
28878	16
28879	4
28881	35
28882	0
28883	33
28884	21
28885	24
28887	13
28888	3
28889	12
28890	18
28891	16
28892	24
28893	25
28894	14
28895	22
28896	27
28897	21
28899	33
28902	15
28903	12
28904	16
28905	10
28906	10
28907	30
28908	15
28909	1
28910	18
28913	4
28914	5
28915	66
28916	13
28918	12
28920	19
28921	9
28922	5
28923	18
28925	16
28926	9
28927	9
28929	4
28930	17
28931	20
28932	33
28933	5
28934	10
28935	9
28936	20
28937	11
28939	2
28940	37
28942	5
28944	14
28945	17
28946	6
28947	9
28948	11
28949	19
28950	22
28951	15
28952	13
28953	24
28954	4
28956	45
28957	42
28958	21
28959	9
28960	3
28961	13
28962	32
28963	27
28964	11
28966	25
28967	3
28968	18
28969	37
28970	29
28971	9
28972	36
28973	9
28975	17
28976	20
28977	15
28978	10
28979	6
28981	18
28982	5
28983	38
28984	7
28985	4
28986	26
28987	16
28988	9
28989	16
28990	20
28991	17
28993	30
28995	18
28996	1
28997	5
28998	7
28999	15
29000	13
29001	5
29003	14
29004	22
29005	14
29006	23
29007	31
29008	19
29009	11
29010	7
29011	15
29013	4
29014	18
29015	20
29016	9
29017	35
29018	49
29019	18
29020	13
29021	9
29022	34
29023	5
29025	13
29026	13
29027	9
29028	19
29029	10
29031	9
29032	9
29034	29
29035	9
29037	19
29039	11
29040	27
29041	12
29042	16
29043	21
29044	24
29045	10
29047	55
29048	13
29049	9
29050	10
29052	11
29053	30
29054	12
29055	2
29056	17
29057	13
29058	5
29059	10
29060	14
29062	34
29063	32
29064	12
29065	3
29066	18
29067	25
29070	12
29071	16
29072	7
29073	24
29074	15
29075	13
29077	3
29078	14
29079	10
29080	9
29081	16
29082	24
29083	29
29084	3
29085	10
29087	32
29088	15
29090	21
29091	0
29092	10
29093	4
29094	3
29095	15
29096	13
29097	15
29098	3
29099	29
29100	12
29103	13
29104	4
29105	11
29106	16
29107	18
29109	5
29110	31
29111	3
29112	20
29113	21
29114	39
29115	11
29116	26
29119	22
29121	11
29122	19
29123	6
29125	11
29126	4
29127	8
29128	12
29129	5
29130	25
29131	17
29132	16
29133	19
29134	9
29135	11
29136	14
29137	33
29138	11
29139	10
29140	9
29141	18
29142	13
29144	27
29145	10
29146	21
29147	21
29148	24
29149	19
29150	44
29151	19
29152	27
29153	39
29154	20
29155	14
29156	6
29157	21
29158	25
29159	5
29160	31
29161	8
29162	19
29163	18
29164	14
29165	34
29166	3
29167	18
29168	1
29169	19
29170	15
29171	20
29172	12
29173	9
29174	16
29176	25
29177	17
29178	8
29179	19
29180	16
29181	3
29182	25
29183	17
29184	11
29186	3
29187	14
29188	10
29189	10
29191	9
29192	13
29193	12
29194	17
29195	16
29196	17
29197	27
29198	22
29200	20
29201	33
29202	20
29203	5
29204	5
29205	4
29206	11
29207	8
29208	17
29209	9
29211	14
29212	28
29213	12
29214	11
29215	20
29216	15
29218	17
29219	8
29220	6
29221	12
29222	20
29223	7
29225	9
29226	10
29227	28
29229	13
29230	13
29231	8
29232	22
29233	21
29234	13
29235	28
29236	17
29237	9
29238	10
29239	12
29240	19
29241	12
29242	9
29243	8
29244	23
29246	25
29248	13
29249	31
29250	12
29251	3
29252	14
29253	18
29254	4
29255	7
29256	32
29257	7
29258	30
29260	8
29261	12
29262	11
29263	14
29264	4
29265	16
29266	7
29267	6
29268	20
29269	19
29270	21
29271	9
29273	32
29274	13
29276	27
29278	26
29279	8
29280	14
29281	24
29282	25
29284	22
29285	19
29286	14
29287	5
29289	3
29291	24
29292	7
29293	3
29294	29
29295	12
29296	17
29298	11
29299	20
29300	23
29302	8
29303	28
29304	9
29305	20
29306	8
29307	36
29308	8
29309	4
29311	16
29313	13
29314	18
29315	8
29316	10
29317	20
29318	15
29319	11
29320	16
29321	11
29322	17
29323	17
29324	15
29325	0
29327	11
29328	20
29329	8
29330	12
29332	5
29333	11
29334	26
29335	3
29336	11
29337	0
29338	16
29339	25
29340	4
29341	7
29342	8
29343	26
29344	31
29345	12
29346	23
29347	2
29348	12
29349	6
29350	50
29351	23
29352	0
29353	29
29354	19
29355	3
29356	4
29357	56
29358	35
29359	1
29360	24
29361	2
29362	7
29363	23
29364	43
29365	23
29366	23
29367	19
29368	3
29370	24
29371	5
29374	21
29375	11
29376	10
29378	6
29379	5
29380	19
29381	23
29382	14
29383	20
29384	17
29385	13
29386	14
29387	9
29388	7
29389	8
29390	19
29391	17
29392	15
29393	11
29394	19
29395	7
29397	15
29398	13
29399	2
29400	35
29401	8
29402	32
29403	15
29404	12
29406	23
29407	14
29408	14
29409	20
29410	13
29411	18
29412	20
29413	13
29414	39
29415	12
29416	20
29417	31
29418	22
29419	11
29420	3
29421	26
29422	16
29423	10
29424	6
29425	46
29426	8
29427	15
29428	11
29429	15
29430	23
29431	18
29432	13
29433	48
29434	19
29435	25
29436	6
29437	20
29438	21
29439	18
29441	9
29442	9
29443	19
29444	20
29445	17
29446	26
29448	12
29449	17
29450	8
29451	6
29452	5
29453	12
29454	17
29455	10
29457	20
29458	17
29459	33
29460	14
29462	8
29463	14
29464	25
29465	10
29466	39
29467	11
29468	14
29469	12
29470	15
29471	12
29472	25
29473	8
29474	28
29475	13
29476	27
29477	8
29478	19
29480	14
29481	34
29482	12
29483	7
29484	14
29485	12
29486	9
29487	18
29488	14
29489	12
29490	24
29491	5
29492	18
29493	35
29494	8
29495	2
29496	21
29497	27
29498	31
29499	3
29500	19
29501	6
29502	5
29503	9
29504	22
29505	4
29506	9
29507	5
29509	11
29510	17
29511	12
29513	11
29514	17
29515	9
29516	26
29518	22
29520	19
29521	37
29522	7
29523	2
29524	20
29525	20
29526	8
29527	7
29528	16
29529	10
29530	16
29531	10
29532	8
29533	20
29535	39
29536	6
29537	19
29538	4
29539	12
29540	10
29541	6
29542	7
29543	24
29544	17
29546	16
29547	15
29548	24
29551	10
29553	20
29554	17
29556	5
29557	7
29558	14
29559	6
29561	10
29562	13
29563	13
29564	11
29565	20
29566	25
29567	20
29568	18
29569	13
29570	5
29571	15
29572	13
29573	12
29574	13
29576	23
29577	10
29578	12
29580	21
29581	6
29582	33
29583	6
29584	8
29585	28
29586	6
29587	39
29588	15
29589	14
29590	30
29591	9
29592	10
29593	14
29594	8
29595	13
29596	37
29597	0
29598	8
29599	34
29600	14
29601	15
29602	42
29603	19
29605	23
29606	6
29607	12
29608	18
29609	34
29610	22
29611	23
29612	9
29613	9
29614	5
29615	20
29616	13
29618	24
29619	2
29620	18
29622	18
29623	8
29625	26
29626	21
29627	10
29628	19
29630	3
29631	26
29632	23
29633	5
29634	12
29635	3
29636	36
29637	4
29638	30
29639	23
29641	12
29642	9
29643	13
29644	17
29645	5
29647	9
29648	27
29649	15
29650	15
29651	9
29652	5
29653	9
29654	12
29655	8
29656	8
29657	15
29659	26
29660	26
29661	12
29662	20
29663	4
29664	0
29666	10
29667	12
29669	35
29670	26
29671	18
29672	0
29674	38
29675	14
29676	13
29677	17
29678	21
29679	15
29680	22
29681	20
29682	27
29683	17
29684	23
29685	13
29686	17
29687	9
29688	32
29689	18
29690	1
29692	11
29693	31
29694	24
29695	8
29696	5
29697	8
29698	36
29699	21
29700	13
29701	11
29702	2
29703	11
29704	14
29705	10
29707	12
29708	12
29709	31
29710	37
29711	7
29712	24
29713	33
29714	15
29715	6
29717	20
29718	5
29719	17
29721	13
29722	24
29723	8
29724	32
29725	36
29726	10
29727	9
29728	22
29730	10
29731	16
29732	19
29733	9
29734	9
29736	8
29737	8
29738	24
29739	31
29740	21
29741	24
29742	7
29743	5
29745	14
29746	5
29748	3
29749	14
29751	20
29753	14
29754	19
29755	23
29756	45
29757	8
29758	31
29759	7
29760	14
29761	17
29762	14
29763	9
29764	16
29765	6
29766	11
29767	15
29769	11
29770	18
29771	20
29774	27
29775	20
29776	11
29777	10
29778	31
29779	28
29780	7
29782	25
29783	11
29784	9
29787	22
29788	17
29789	21
29790	6
29791	34
29792	6
29793	26
29794	13
29795	23
29796	17
29797	7
29798	17
29800	5
29801	22
29802	12
29803	22
29804	9
29805	10
29806	9
29807	39
29808	10
29810	11
29811	33
29812	20
29813	17
29815	8
29816	21
29817	10
29818	22
29819	9
29820	15
29821	12
29822	17
29824	12
29825	12
29826	25
29827	6
29829	37
29831	14
29834	6
29835	5
29836	33
29837	16
29838	9
29840	19
29841	19
29842	11
29843	15
29844	14
29845	18
29846	6
29847	6
29849	11
29850	11
29851	21
29852	14
29854	33
29855	11
29858	19
29859	17
29860	18
29861	15
29862	47
29863	26
29864	38
29865	23
29867	14
29869	38
29870	23
29871	26
29872	25
29873	24
29874	31
29875	6
29876	3
29877	17
29878	18
29879	14
29880	17
29881	15
29882	10
29883	13
29884	17
29885	21
29886	9
29888	23
29889	53
29890	40
29891	54
29892	3
29893	3
29895	6
29896	4
29897	10
29898	25
29901	14
29902	9
29903	25
29904	8
29905	17
29906	4
29907	20
29908	17
29909	7
29911	25
29912	39
29913	7
29914	28
29915	10
29917	17
29918	12
29919	9
29920	18
29921	8
29922	24
29923	9
29927	24
29928	16
29929	13
29930	36
29932	13
29933	14
29935	22
29936	9
29937	51
29938	14
29939	8
29940	16
29941	14
29942	8
29943	18
29944	7
29945	32
29946	29
29947	38
29948	19
29949	9
29950	22
29951	48
29952	4
29953	18
29954	7
29955	18
29956	26
29957	8
29958	15
29959	9
29960	6
29961	26
29962	10
29963	44
29964	19
29965	5
29966	5
29967	12
29968	26
29969	14
29970	13
29972	7
29973	26
29974	20
29976	26
29977	9
29978	8
29979	15
29980	14
29981	18
29982	37
29983	12
29984	33
29985	26
29986	22
29987	4
29988	30
29989	35
29990	14
29991	8
29992	7
29993	14
29994	26
29995	4
29996	41
29997	15
29998	18
30000	37
30002	29
30004	14
30005	34
30006	17
30008	41
30009	11
30010	21
30011	4
30012	7
30013	16
30014	24
30015	20
30016	5
30017	2
30018	20
30019	13
30020	31
30021	24
30022	8
30023	15
30025	13
30026	14
30027	7
30029	29
30030	25
30031	3
30032	13
30033	17
30034	3
30035	0
30036	20
30037	20
30038	18
30039	17
30040	1
30041	6
30043	11
30044	12
30045	4
30046	31
30047	6
30049	12
30050	15
30051	30
30052	26
30053	32
30056	13
30057	14
30058	5
30060	16
30061	30
30062	22
30063	3
30064	16
30066	14
30067	9
30069	14
30070	18
30071	31
30072	2
30073	22
30074	8
30075	34
30076	23
30077	7
30078	14
30079	22
30080	10
30081	12
30082	8
30083	3
30084	8
30085	32
30086	9
30087	16
30088	7
30089	7
30090	1
30091	6
30093	10
30095	6
30096	22
30097	19
30098	13
30099	11
30100	14
30101	25
30102	30
30104	13
30105	36
30106	10
30107	11
30108	22
30109	6
30110	5
30111	16
30112	11
30113	5
30114	13
30115	8
30116	19
30117	19
30118	23
30119	13
30120	5
30121	1
30122	15
30123	7
30124	18
30125	39
30126	19
30127	5
30128	32
30129	15
30130	14
30131	3
30132	6
30133	11
30134	24
30135	32
30136	16
30137	19
30138	22
30139	28
30140	17
30141	15
30142	15
30143	28
30144	11
30145	12
30146	19
30147	5
30148	27
30149	8
30150	24
30152	9
30153	16
30154	24
30155	8
30156	14
30157	31
30158	21
30159	15
30160	2
30162	5
30163	15
30164	12
30165	14
30168	11
30170	9
30171	21
30172	7
30173	17
30174	16
30176	13
30177	31
30178	15
30179	13
30181	33
30182	31
30183	20
30184	8
30185	14
30186	19
30187	25
30188	28
30189	26
30190	18
30191	48
30192	9
30193	12
30195	13
30196	6
30197	5
30199	10
30200	11
30201	9
30202	28
30206	10
30207	15
30208	16
30209	17
30210	31
30211	0
30212	0
30213	14
30214	8
30215	11
30216	25
30217	6
30218	28
30219	17
30220	0
30221	17
30222	24
30223	10
30224	19
30225	39
30226	5
30227	8
30228	24
30229	16
30230	24
30231	19
30232	21
30233	11
30235	4
30236	19
30237	18
30238	26
30239	18
30241	14
30242	12
30243	13
30244	5
30246	8
30247	17
30248	18
30249	12
30250	28
30251	16
30252	25
30253	17
30254	21
30256	22
30258	10
30259	24
30260	9
30261	18
30262	10
30265	25
30266	6
30267	20
30268	9
30269	14
30270	12
30271	28
30272	17
30273	18
30276	13
30277	7
30278	12
30282	2
30284	26
30286	19
30287	8
30288	9
30289	30
30291	26
30292	8
30293	14
30294	6
30295	18
30296	10
30297	4
30298	3
30299	34
30300	14
30301	9
30302	3
30303	4
30304	11
30305	16
30306	13
30308	6
30310	10
30311	1
30313	19
30314	14
30315	5
30316	10
30317	29
30318	25
30319	27
30320	22
30321	26
30322	8
30323	31
30324	10
30325	0
30326	16
30328	21
30329	4
30330	23
30331	20
30332	7
30333	3
30334	1
30335	13
30336	35
30337	14
30338	26
30339	18
30340	3
30341	32
30342	18
30343	14
30344	9
30345	13
30346	4
30347	24
30348	9
30349	18
30350	6
30351	25
30352	27
30353	32
30354	21
30355	18
30356	16
30357	3
30358	6
30359	5
30360	12
30361	33
30362	15
30363	14
30364	36
30366	13
30367	43
30368	3
30369	14
30370	9
30372	10
30375	1
30376	9
30377	1
30379	13
30380	9
30381	27
30382	16
30384	8
30385	13
30386	7
30387	38
30388	7
30389	28
30390	21
30391	12
30392	32
30393	25
30396	8
30397	18
30398	7
30399	29
30400	34
30401	14
30403	11
30404	54
30405	21
30407	18
30408	18
30409	30
30410	8
30411	13
30412	32
30413	13
30414	39
30415	21
30417	21
30418	11
30419	8
30420	13
30421	12
30422	4
30423	19
30424	5
30425	7
30426	14
30427	5
30428	26
30430	4
30432	12
30433	6
30434	11
30435	21
30436	26
30437	13
30438	7
30439	6
30440	14
30441	30
30442	13
30444	17
30445	10
30446	19
30447	6
30448	18
30450	3
30451	21
30452	4
30453	2
30454	27
30455	22
30456	5
30457	13
30458	10
30459	10
30460	26
30461	19
30462	26
30463	12
30464	19
30465	13
30466	11
30467	11
30468	20
30469	7
30470	23
30471	32
30472	8
30473	27
30474	7
30475	2
30476	20
30477	23
30478	5
30479	34
30480	11
30481	27
30482	10
30483	25
30484	13
30485	14
30486	20
30487	9
30488	1
30489	30
30490	17
30491	2
30492	12
30493	19
30495	22
30496	3
30497	11
30498	36
30499	17
30500	11
30501	3
30502	9
30503	22
30504	17
30506	14
30508	15
30509	2
30510	18
30511	45
30512	9
30513	12
30514	10
30515	27
30517	3
30518	7
30519	32
30520	14
30521	17
30523	24
30524	21
30525	27
30528	23
30529	11
30530	22
30531	9
30532	12
30533	9
30535	27
30536	6
30537	18
30538	15
30539	23
30540	5
30541	23
30542	11
30543	10
30544	28
30545	19
30546	5
30547	21
30548	11
30549	42
30550	30
30551	44
30553	8
30554	32
30555	8
30556	10
30557	48
30558	29
30560	27
30561	24
30563	18
30565	10
30566	1
30567	23
30569	22
30570	11
30571	8
30572	7
30573	14
30574	10
30575	2
30576	13
30577	36
30578	7
30579	38
30580	18
30581	15
30582	6
30584	14
30585	20
30586	22
30587	20
30588	20
30589	7
30590	15
30591	5
30592	36
30593	31
30594	3
30595	24
30596	10
30597	16
30598	18
30599	10
30600	20
30601	2
30602	16
30603	12
30605	21
30606	9
30607	13
30608	6
30609	28
30610	27
30611	43
30612	18
30615	24
30616	32
30617	12
30618	23
30619	28
30620	5
30621	14
30622	4
30623	20
30624	24
30625	27
30627	31
30628	10
30629	1
30630	30
30631	19
30632	14
30633	17
30634	5
30635	17
30636	15
30637	11
30640	8
30641	14
30642	18
30643	12
30644	32
30645	4
30648	16
30650	18
30651	15
30652	7
30653	19
30654	51
30655	11
30656	10
30658	6
30659	13
30660	20
30661	14
30662	30
30663	31
30664	21
30665	11
30666	4
30667	14
30668	15
30669	10
30670	12
30671	8
30672	12
30674	16
30675	16
30676	15
30677	6
30678	12
30679	18
30680	8
30681	17
30682	24
30683	19
30684	24
30685	26
30686	17
30687	4
30688	9
30689	9
30690	22
30691	12
30693	20
30694	30
30695	10
30696	25
30698	4
30700	17
30701	5
30703	20
30704	19
30705	19
30707	26
30708	22
30709	38
30710	23
30711	49
30712	15
30713	24
30714	15
30715	19
30716	11
30717	12
30719	28
30721	1
30722	3
30723	4
30724	38
30725	22
30726	5
30727	3
30729	4
30731	10
30732	39
30733	21
30734	18
30735	3
30737	9
30738	10
30739	12
30740	38
30741	5
30742	7
30743	11
30744	17
30745	13
30746	32
30747	13
30748	47
30749	3
30750	15
30751	8
30752	37
30753	17
30754	10
30755	18
30756	7
30757	39
30758	0
30759	17
30760	19
30761	11
30763	6
30764	31
30765	16
30766	0
30767	11
30768	13
30769	46
30770	3
30771	16
30772	2
30773	13
30774	14
30775	13
30776	25
30777	6
30778	3
30779	4
30780	10
30781	29
30782	11
30783	7
30784	23
30785	19
30786	10
30787	5
30788	16
30789	5
30790	14
30791	24
30792	5
30795	23
30796	22
30797	25
30798	10
30799	5
30802	21
30803	12
30804	16
30805	17
30806	11
30807	25
30809	10
30810	6
30811	19
30813	0
30814	17
30815	22
30816	37
30818	11
30819	4
30820	4
30821	5
30823	12
30824	9
30825	12
30826	10
30828	8
30829	13
30830	16
30831	13
30832	42
30833	13
30834	21
30835	35
30836	46
30837	11
30838	3
30839	16
30840	4
30841	17
30842	4
30844	9
30846	30
30847	10
30848	4
30849	18
30850	9
30851	14
30853	20
30854	36
30855	27
30857	3
30859	14
30860	12
30861	9
30863	16
30865	30
30866	29
30867	21
30868	8
30869	6
30873	5
30874	4
30875	23
30876	5
30877	16
30878	6
30879	5
30880	10
30881	6
30882	11
30883	24
30884	6
30885	14
30886	11
30887	37
30889	2
30890	17
30891	6
30892	13
30893	11
30894	11
30895	32
30896	24
30898	5
30900	30
30901	23
30903	12
30904	24
30905	20
30906	21
30908	5
30909	28
30910	13
30911	22
30912	13
30913	44
30915	30
30918	24
30919	10
30920	6
30921	17
30922	15
30923	8
30924	32
30925	38
30926	22
30927	23
30928	27
30931	16
30932	23
30934	9
30936	10
30937	18
30938	13
30939	11
30940	25
30941	22
30942	9
30943	13
30944	7
30945	7
30946	11
30947	12
30949	12
30950	14
30951	8
30952	29
30953	41
30954	8
30955	14
30958	4
30959	12
30960	4
30961	17
30962	12
30963	22
30964	24
30965	18
30966	10
30967	25
30968	14
30969	4
30970	26
30971	15
30972	24
30973	11
30974	14
30975	9
30976	19
30977	10
30978	32
30980	25
30982	19
30983	10
30984	50
30985	47
30986	2
30988	31
30989	19
30990	17
30991	23
30992	16
30993	6
30994	27
30995	20
30997	13
30998	24
30999	13
31000	31
31001	17
31002	15
31003	4
31004	5
31005	16
31006	27
31007	35
31008	18
31010	30
31011	41
31012	34
31013	21
31014	26
31015	20
31016	16
31017	12
31018	12
31019	14
31020	21
31021	19
31022	22
31023	52
31024	27
31025	12
31026	31
31027	9
31028	14
31029	4
31030	8
31031	13
31032	11
31033	6
31034	17
31035	16
31036	17
31037	15
31038	31
31039	8
31040	23
31041	18
31042	4
31043	24
31044	15
31045	20
31048	6
31050	29
31052	7
31053	32
31055	19
31057	19
31058	31
31059	21
31060	9
31061	18
31062	12
31063	27
31064	20
31065	4
31066	40
31068	26
31069	27
31070	22
31071	19
31072	19
31073	4
31074	29
31075	17
31076	34
31077	21
31078	16
31080	19
31081	11
31082	11
31083	8
31084	14
31085	18
31086	27
31088	5
31089	12
31092	14
31093	33
31094	13
31095	0
31096	17
31097	16
31098	31
31099	39
31101	11
31102	12
31103	20
31104	14
31105	14
31106	7
31107	14
31108	14
31109	29
31111	20
31112	3
31113	17
31114	10
31115	7
31116	6
31118	23
31119	14
31120	6
31121	9
31122	14
31124	3
31125	8
31126	26
31127	25
31128	3
31129	12
31130	26
31131	0
31132	29
31133	41
31134	14
31135	29
31137	18
31138	12
31139	12
31140	14
31141	32
31143	26
31144	13
31146	13
31147	3
31148	21
31149	4
31151	14
31152	21
31153	29
31154	31
31155	4
31156	36
31157	27
31158	12
31159	20
31160	16
31161	27
31162	31
31163	14
31164	25
31165	19
31166	21
31167	60
31168	16
31169	16
31170	23
31171	11
31172	33
31173	17
31174	24
31175	18
31176	25
31178	18
31179	4
31180	10
31181	20
31182	3
31183	4
31184	34
31186	20
31187	14
31188	8
31189	10
31190	20
31191	10
31192	6
31193	6
31194	19
31195	19
31196	4
31198	23
31199	19
31200	11
31201	15
31202	11
31203	30
31205	20
31206	40
31207	19
31208	18
31209	13
31210	11
31211	17
31213	30
31214	28
31215	30
31216	16
31217	14
31218	37
31219	42
31220	14
31221	30
31222	14
31223	19
31224	41
31225	14
31226	13
31227	13
31229	19
31230	19
31232	2
31233	13
31234	18
31235	16
31236	21
31237	16
31238	17
31241	22
31243	29
31244	13
31245	11
31246	24
31247	6
31248	7
31249	11
31250	13
31251	11
31252	13
31253	17
31254	7
31255	9
31256	6
31257	22
31259	8
31260	10
31261	12
31262	18
31263	17
31264	5
31265	1
31266	29
31267	11
31268	7
31269	30
31270	8
31272	16
31274	13
31275	31
31276	38
31277	15
31278	1
31279	10
31280	23
31282	9
31283	8
31284	15
31285	8
31286	15
31287	16
31288	14
31289	16
31290	5
31291	2
31292	9
31294	33
31295	4
31296	6
31297	6
31298	9
31300	12
31301	9
31302	11
31303	12
31304	13
31305	11
31306	19
31307	11
31308	6
31309	13
31310	42
31311	18
31312	17
31313	9
31314	11
31315	51
31316	20
31318	4
31319	12
31320	33
31321	37
31322	34
31324	2
31327	10
31328	11
31329	23
31330	0
31331	15
31332	19
31333	25
31334	20
31337	8
31338	21
31339	27
31340	8
31341	8
31343	4
31344	8
31346	2
31347	3
31348	13
31349	5
31350	3
31353	2
31355	11
31356	10
31358	27
31359	14
31360	8
31361	33
31362	12
31363	13
31364	22
31366	23
31367	20
31368	8
31369	14
31370	17
31371	16
31372	16
31373	14
31376	2
31378	13
31379	3
31380	13
31381	18
31382	14
31383	29
31384	18
31385	9
31386	25
31387	28
31388	21
31389	13
31390	14
31392	10
31393	30
31394	31
31395	9
31396	17
31397	9
31398	15
31399	39
31400	25
31401	16
31402	23
31403	18
31404	9
31406	12
31408	18
31409	23
31410	15
31411	3
31412	15
31413	37
31414	16
31415	12
31416	20
31417	16
31418	25
31419	23
31420	15
31421	13
31422	11
31423	0
31424	26
31425	14
31426	12
31427	1
31428	42
31429	18
31430	9
31431	21
31432	10
31433	11
31434	2
31435	37
31436	4
31437	5
31438	27
31439	19
31440	2
31441	30
31442	17
31443	8
31444	18
31445	22
31446	8
31449	22
31450	33
31451	8
31452	22
31453	2
31455	19
31456	6
31457	10
31458	22
31459	23
31460	7
31461	9
31462	55
31463	11
31464	34
31465	16
31466	28
31467	21
31468	19
31469	21
31470	9
31471	5
31472	7
31473	26
31474	21
31475	5
31477	3
31478	4
31479	19
31480	14
31481	0
31482	9
31484	6
31485	7
31486	22
31487	21
31488	22
31489	24
31491	27
31492	8
31493	10
31494	16
31495	25
31497	16
31498	14
31499	5
31500	19
31501	29
31503	14
31505	8
31506	44
31507	10
31508	30
31510	12
31512	30
31513	13
31514	1
31515	16
31516	11
31517	3
31518	33
31519	13
31520	25
31521	15
31522	39
31524	16
31525	24
31526	20
31529	21
31530	22
31531	10
31532	22
31533	2
31534	9
31535	2
31536	13
31537	16
31539	11
31540	8
31541	8
31542	13
31543	41
31544	14
31545	15
31546	11
31548	23
31549	38
31550	20
31552	14
31553	6
31554	19
31555	14
31556	15
31557	6
31558	16
31559	24
31560	26
31561	0
31562	24
31563	12
31564	16
31565	19
31566	10
31567	10
31569	20
31571	10
31572	19
31574	8
31576	6
31578	4
31579	20
31580	12
31581	12
31583	20
31584	7
31585	15
31586	2
31587	3
31588	42
31589	18
31590	16
31591	9
31592	4
31593	37
31594	10
31595	7
31598	22
31599	46
31600	28
31601	2
31602	16
31603	13
31604	19
31606	12
31607	11
31608	12
31609	37
31610	15
31611	4
31612	12
31613	23
31614	28
31615	22
31616	20
31617	5
31618	18
31620	19
31622	11
31623	13
31624	0
31626	34
31627	11
31629	14
31630	23
31631	11
31632	30
31633	23
31635	8
31637	14
31638	20
31639	11
31640	20
31641	16
31642	18
31643	32
31645	11
31646	27
31647	11
31648	9
31650	22
31651	17
31652	25
31653	10
31654	14
31655	17
31656	9
31657	13
31658	29
31659	5
31660	8
31661	22
31662	16
31663	13
31664	0
31665	27
31666	45
31667	18
31668	39
31669	5
31670	27
31672	24
31673	7
31674	36
31675	7
31676	19
31678	12
31679	20
31680	21
31681	11
31682	5
31683	4
31685	24
31686	6
31687	16
31688	16
31690	12
31691	4
31692	32
31694	13
31695	19
31696	12
31698	1
31699	14
31701	2
31702	4
31703	14
31704	17
31706	19
31707	9
31708	3
31709	27
31710	29
31711	5
31712	31
31713	7
31714	28
31715	28
31716	19
31717	17
31718	11
31719	1
31720	26
31721	22
31722	14
31723	27
31725	7
31726	12
31727	24
31728	15
31729	21
31730	11
31731	14
31732	44
31733	8
31735	13
31736	19
31737	30
31738	2
31739	2
31740	18
31741	10
31742	45
31743	36
31744	25
31746	6
31747	23
31748	7
31749	6
31750	7
31752	18
31753	2
31755	28
31756	15
31757	15
31759	9
31761	5
31762	11
31763	18
31764	14
31765	0
31767	18
31768	32
31769	25
31770	10
31772	22
31774	10
31776	21
31777	1
31778	8
31779	16
31780	5
31781	11
31782	19
31783	14
31784	4
31785	31
31786	17
31787	6
31788	10
31790	16
31791	12
31793	10
31795	29
31796	24
31797	19
31800	17
31802	25
31803	5
31805	25
31806	6
31807	19
31808	15
31809	19
31810	23
31811	9
31812	12
31813	18
31814	34
31815	12
31816	8
31817	14
31818	8
31819	10
31820	18
31821	3
31822	35
31823	26
31824	12
31827	9
31828	3
31829	9
31830	24
31831	17
31832	14
31834	39
31835	27
31836	26
31837	11
31838	6
31839	9
31840	8
31842	8
31843	12
31844	30
31846	11
31847	28
31848	21
31849	5
31850	25
31851	10
31852	34
31853	18
31855	10
31856	29
31857	12
31858	30
31859	10
31860	29
31861	16
31862	6
31863	49
31864	32
31865	16
31866	17
31867	26
31869	15
31870	12
31871	11
31873	36
31874	17
31875	22
31876	26
31877	31
31878	29
31879	8
31880	19
31883	16
31884	2
31885	6
31886	18
31887	12
31888	8
31890	16
31891	24
31892	0
31893	14
31894	17
31896	11
31899	12
31900	24
31901	14
31902	17
31904	13
31905	20
31906	9
31907	2
31908	4
31909	23
31910	13
31911	15
31914	24
31915	4
31916	6
31917	10
31918	23
31919	14
31920	3
31921	15
31922	23
31923	18
31924	25
31925	12
31927	6
31928	4
31929	41
31930	8
31933	15
31935	18
31936	11
31937	10
31938	29
31939	29
31940	41
31941	15
31942	56
31943	6
31944	5
31945	20
31946	12
31947	22
31948	10
31950	13
31951	42
31952	15
31953	8
31954	24
31955	29
31956	2
31957	10
31958	20
31959	5
31960	12
31961	9
31962	16
31963	6
31964	19
31966	31
31967	8
31968	11
31969	2
31970	7
31971	14
31972	9
31973	29
31974	31
31975	1
31976	20
31977	13
31978	22
31979	17
31980	14
31981	8
31982	34
31984	27
31985	13
31986	11
31987	13
31988	24
31989	17
31990	7
31991	10
31992	22
31993	9
31994	29
31995	4
31996	9
31997	22
31998	16
31999	30
32000	15
32001	18
32002	9
32003	7
32004	25
32005	6
32006	7
32007	12
32008	17
32009	20
32010	27
32011	3
32012	17
32013	20
32014	13
32016	2
32017	14
32018	20
32019	18
32020	17
32021	5
32022	13
32023	10
32024	32
32025	21
32026	8
32027	20
32028	25
32029	14
32030	8
32031	23
32033	18
32035	16
32036	15
32037	53
32038	28
32039	28
32040	14
32041	19
32042	33
32043	10
32044	16
32045	14
32046	11
32047	13
32048	19
32049	7
32051	4
32052	14
32053	8
32054	7
32055	11
32056	24
32057	14
32058	10
32059	9
32060	13
32061	19
32062	11
32063	15
32064	29
32065	11
32066	15
32067	4
32068	22
32069	18
32071	23
32072	18
32073	9
32074	6
32075	21
32076	11
32077	35
32078	7
32079	16
32080	19
32081	14
32082	7
32083	8
32084	9
32085	20
32087	18
32089	13
32090	4
32091	17
32092	29
32093	6
32094	12
32095	12
32096	11
32097	25
32098	23
32099	16
32100	9
32102	4
32103	4
32104	9
32106	14
32107	19
32108	7
32109	10
32110	9
32111	9
32112	11
32113	5
32114	18
32115	30
32116	21
32117	14
32118	27
32120	6
32121	8
32122	10
32123	26
32124	23
32125	36
32126	23
32127	7
32128	13
32129	26
32130	7
32131	6
32132	12
32133	5
32134	17
32135	5
32136	39
32137	10
32138	18
32139	28
32140	7
32141	27
32142	18
32143	8
32144	7
32145	17
32146	1
32148	29
32149	3
32150	4
32151	37
32152	10
32153	17
32154	15
32155	7
32156	8
32158	20
32159	20
32161	20
32162	12
32164	15
32165	19
32166	17
32168	12
32169	8
32171	20
32173	11
32174	4
32175	5
32176	18
32177	19
32178	44
32179	11
32180	16
32181	5
32182	11
32183	8
32184	41
32185	33
32186	23
32187	3
32188	23
32189	24
32190	5
32192	23
32193	24
32194	11
32195	12
32196	24
32197	10
32199	26
32202	19
32203	48
32204	31
32206	8
32207	25
32209	5
32210	18
32211	10
32212	8
32213	13
32214	0
32215	15
32216	6
32217	13
32218	11
32219	15
32221	23
32222	23
32223	16
32224	1
32225	19
32226	4
32227	19
32228	8
32229	8
32230	17
32231	21
32232	12
32233	5
32234	16
32235	1
32238	17
32239	7
32241	8
32242	14
32243	15
32245	13
32246	22
32248	15
32249	13
32250	12
32251	27
32252	10
32253	29
32254	8
32256	12
32257	23
32258	22
32259	19
32261	3
32262	4
32263	10
32265	23
32266	6
32268	22
32269	15
32270	9
32271	34
32272	8
32273	29
32274	11
32276	8
32277	20
32278	20
32279	14
32280	19
32281	14
32282	12
32283	7
32284	43
32285	31
32286	7
32287	15
32289	9
32290	16
32291	11
32292	7
32293	2
32294	32
32295	10
32296	12
32297	16
32298	16
32299	23
32300	35
32301	2
32302	13
32303	9
32304	15
32305	25
32306	13
32307	16
32308	13
32310	1
32311	7
32312	16
32313	5
32314	14
32315	13
32316	11
32317	14
32318	12
32320	19
32322	14
32323	23
32324	19
32325	28
32326	4
32327	7
32329	14
32330	30
32331	16
32332	35
32333	15
32334	4
32335	13
32336	28
32337	8
32338	10
32339	14
32340	3
32341	6
32342	12
32345	11
32347	22
32348	7
32349	15
32350	2
32351	28
32352	8
32355	17
32356	7
32358	45
32359	16
32360	17
32361	13
32362	11
32363	11
32364	7
32365	22
32366	8
32367	4
32368	7
32369	21
32370	7
32371	21
32372	14
32373	44
32374	22
32375	26
32376	26
32377	0
32378	16
32379	20
32380	32
32381	27
32382	11
32383	28
32384	30
32385	9
32386	33
32387	9
32388	14
32389	5
32390	10
32391	16
32392	14
32395	32
32396	15
32399	8
32400	29
32401	9
32402	12
32403	18
32404	18
32405	21
32406	8
32407	32
32408	15
32410	20
32411	5
32413	9
32414	12
32415	2
32416	6
32417	35
32418	7
32419	9
32422	18
32423	19
32424	10
32425	33
32426	34
32427	43
32428	26
32429	10
32430	18
32432	12
32433	22
32434	35
32436	6
32437	8
32438	6
32439	20
32440	14
32441	21
32442	4
32443	5
32444	2
32445	5
32446	15
32447	16
32448	18
32450	12
32451	20
32454	17
32455	24
32456	27
32457	12
32458	16
32459	24
32460	28
32462	15
32463	16
32464	23
32465	20
32466	7
32467	9
32468	10
32469	16
32470	21
32472	19
32473	8
32474	4
32475	11
32476	8
32477	23
32478	6
32479	12
32480	8
32481	18
32482	3
32483	36
32484	5
32485	10
32486	5
32487	15
32488	11
32489	6
32490	13
32491	20
32492	32
32493	14
32495	6
32496	5
32497	22
32498	8
32499	25
32500	21
32501	15
32502	26
32503	39
32504	7
32506	25
32507	23
32508	6
32509	11
32510	21
32511	10
32512	8
32514	13
32515	12
32516	16
32517	4
32518	11
32519	19
32520	8
32521	13
32522	18
32523	20
32526	12
32527	13
32528	35
32529	9
32530	36
32531	5
32532	18
32533	10
32534	8
32535	28
32536	26
32538	8
32539	18
32541	31
32542	11
32543	19
32544	8
32545	12
32546	5
32547	21
32548	20
32550	20
32551	8
32552	19
32553	14
32554	1
32555	22
32556	29
32557	28
32558	3
32559	19
32561	27
32563	15
32564	17
32565	12
32566	15
32567	7
32568	32
32569	18
32570	2
32571	25
32572	50
32573	21
32574	15
32575	5
32576	41
32577	36
32578	32
32580	10
32581	20
32582	23
32583	7
32584	6
32585	16
32586	36
32587	45
32588	13
32589	8
32590	17
32591	19
32592	6
32593	27
32594	22
32595	17
32597	27
32598	26
32599	36
32601	16
32602	2
32603	8
32604	10
32605	9
32606	11
32607	19
32609	2
32610	17
32611	22
32612	9
32613	33
32614	12
32615	5
32617	11
32620	17
32621	7
32622	10
32623	17
32624	11
32625	7
32626	22
32627	1
32628	20
32630	8
32631	16
32633	8
32634	7
32635	11
32636	22
32637	4
32638	23
32639	6
32641	15
32642	9
32644	10
32645	16
32647	18
32648	4
32649	22
32650	25
32651	22
32652	32
32653	16
32654	9
32655	27
32656	4
32657	12
32659	6
32660	9
32661	30
32662	15
32663	39
32664	12
32666	23
32667	27
32668	25
32669	21
32670	1
32671	30
32672	8
32673	8
32674	3
32675	17
32676	3
32677	22
32678	23
32679	13
32680	24
32681	19
32682	19
32683	5
32684	7
32685	19
32686	6
32687	30
32688	19
32689	21
32690	14
32691	1
32692	24
32693	22
32694	17
32695	16
32696	14
32697	19
32698	21
32701	12
32702	10
32704	20
32705	12
32707	17
32708	3
32710	7
32711	12
32712	9
32713	17
32714	28
32715	24
32716	27
32717	8
32719	15
32721	13
32722	8
32723	18
32724	27
32725	8
32726	14
32727	11
32728	11
32729	12
32730	36
32732	24
32733	7
32734	12
32735	18
32736	21
32737	6
32738	20
32739	16
32740	21
32741	21
32742	19
32743	13
32744	38
32745	11
32746	16
32748	13
32750	17
32751	22
32752	22
32753	3
32755	11
32756	19
32757	27
32758	26
32759	15
32760	5
32761	9
32762	24
32764	21
32765	15
32766	12
32767	17
32768	8
32769	17
32771	14
32772	17
32773	10
32774	17
32775	18
32776	22
32777	12
32779	7
32782	1
32783	6
32788	9
32789	13
32790	36
32791	14
32792	29
32793	12
32794	24
32795	12
32796	5
32798	38
32799	15
32800	1
32801	21
32802	26
32803	51
32804	10
32805	0
32806	20
32807	7
32809	2
32810	18
32811	10
32812	13
32813	6
32814	9
32815	7
32816	32
32817	34
32818	5
32819	22
32820	31
32821	7
32822	1
32823	13
32824	16
32825	12
32828	15
32830	9
32831	32
32832	25
32834	13
32835	13
32836	5
32837	14
32838	6
32839	9
32841	23
32843	12
32844	15
32845	16
32846	43
32847	4
32848	9
32849	23
32850	16
32851	26
32852	8
32853	13
32854	17
32855	16
32856	7
32857	16
32858	4
32859	16
32861	10
32863	21
32865	14
32866	9
32867	20
32868	22
32869	13
32870	10
32871	11
32872	15
32873	7
32874	7
32875	22
32877	37
32878	30
32879	31
32881	11
32882	23
32884	43
32885	12
32886	16
32887	9
32888	25
32890	19
32891	21
32893	17
32895	11
32896	7
32897	28
32898	0
32899	16
32900	32
32901	14
32902	7
32903	25
32904	5
32905	14
32906	15
32907	23
32908	9
32909	19
32910	15
32911	11
32912	27
32913	19
32914	10
32915	13
32916	16
32917	23
32918	14
32919	27
32920	8
32921	54
32922	21
32923	12
32925	26
32926	29
32927	13
32928	7
32932	12
32933	41
32934	14
32936	4
32937	21
32939	32
32940	22
32941	18
32942	5
32943	12
32944	11
32945	32
32946	25
32947	17
32948	3
32949	15
32950	8
32951	15
32953	31
32954	16
32956	3
32957	10
32959	19
32960	27
32962	24
32963	22
32964	6
32965	25
32966	23
32967	18
32968	17
32969	17
32970	20
32972	9
32973	18
32974	54
32975	16
32976	0
32977	13
32981	16
32982	9
32983	20
32984	16
32986	5
32987	30
32990	17
32991	8
32992	20
32993	40
32994	9
32995	8
32996	8
32997	23
32998	19
32999	9
33000	11
33001	11
33002	20
33005	37
33006	7
33008	27
33009	7
33010	39
33011	19
33012	40
33013	19
33014	12
33015	12
33017	23
33018	25
33019	42
33021	17
33022	46
33023	16
33024	44
33025	26
33026	30
33027	24
33028	29
33030	15
33032	21
33033	12
33034	33
33035	38
33036	29
33037	11
33038	13
33039	23
33040	50
33041	32
33042	3
33043	12
33044	18
33045	3
33046	3
33047	12
33048	12
33049	8
33050	32
33051	12
33052	14
33053	19
33054	13
33055	11
33056	19
33057	31
33059	6
33061	24
33062	5
33063	27
33065	12
33066	19
33067	11
33068	17
33069	36
33070	24
33071	8
33075	34
33076	35
33077	10
33080	8
33081	10
33083	4
33085	10
33086	6
33087	14
33088	11
33089	41
33090	7
33091	11
33092	21
33093	14
33094	24
33095	15
33096	9
33097	8
33098	13
33099	18
33100	8
33101	21
33102	23
33103	18
33104	2
33105	47
33106	29
33107	11
33108	7
33109	11
33110	28
33111	39
33112	8
33113	27
33114	17
33115	18
33117	24
33118	33
33119	11
33120	23
33121	36
33122	19
33123	47
33124	27
33125	36
33126	12
33127	14
33128	20
33129	18
33130	28
33131	16
33132	13
33133	6
33134	18
33135	16
33136	27
33137	3
33138	3
33139	26
33140	14
33141	8
33142	8
33143	10
33144	13
33145	4
33146	24
33147	23
33148	30
33149	42
33150	19
33151	10
33152	24
33153	47
33154	11
33155	23
33156	4
33157	34
33158	20
33159	16
33161	30
33162	18
33163	9
33164	10
33165	13
33168	14
33169	11
33171	14
33172	18
33173	14
33174	11
33175	26
33176	14
33178	14
33180	10
33181	1
33182	8
33183	30
33184	12
33185	17
33186	19
33187	24
33188	16
33189	10
33190	19
33191	7
33192	12
33193	3
33196	9
33197	15
33198	7
33199	3
33200	8
33201	5
33203	17
33204	12
33205	22
33208	18
33209	15
33210	17
33211	17
33212	46
33213	12
33215	8
33216	24
33217	17
33218	8
33219	34
33220	21
33221	3
33222	18
33224	16
33225	12
33226	11
33227	2
33228	18
33229	11
33231	10
33232	14
33233	15
33234	27
33235	1
33236	21
33237	13
33239	19
33241	25
33242	18
33243	15
33244	22
33245	40
33246	30
33247	8
33248	5
33249	17
33250	38
33251	12
33252	18
33253	8
33255	17
33256	17
33259	31
33261	17
33262	8
33263	5
33264	10
33265	6
33266	7
33267	13
33268	25
33269	17
33271	5
33272	8
33273	24
33274	8
33276	9
33277	32
33278	24
33279	30
33280	11
33281	12
33282	16
33283	16
33285	7
33286	36
33288	6
33289	19
33290	1
33291	7
33292	13
33293	7
33294	5
33295	12
33296	14
33297	17
33298	12
33299	12
33300	6
33303	4
33304	25
33305	2
33306	9
33307	26
33308	16
33309	17
33310	6
33311	31
33312	17
33314	9
33315	14
33316	7
33317	10
33318	25
33319	10
33321	1
33322	8
33323	24
33324	22
33325	4
33326	19
33327	11
33328	18
33329	40
33331	7
33334	4
33337	16
33339	33
33340	18
33341	11
33342	24
33343	10
33344	19
33345	24
33346	24
33347	10
33348	16
33349	34
33350	4
33351	15
33352	25
33356	9
33357	30
33358	13
33359	11
33360	21
33361	38
33363	40
33364	28
33365	29
33368	15
33370	22
33371	19
33372	28
33373	16
33374	43
33375	18
33376	17
33377	5
33378	8
33379	9
33380	22
33381	24
33382	38
33384	3
33385	22
33386	25
33388	13
33389	10
33390	9
33392	14
33393	37
33394	3
33396	5
33397	39
33398	11
33399	11
33400	17
33401	16
33402	11
33403	12
33406	7
33407	9
33408	30
33409	5
33410	16
33411	8
33412	30
33413	12
33414	16
33415	4
33416	11
33417	23
33419	17
33420	19
33421	7
33422	16
33424	24
33425	19
33426	17
33427	39
33428	11
33429	10
33430	14
33431	16
33433	13
33435	19
33436	13
33437	16
33438	8
33439	42
33440	15
33441	23
33442	42
33443	9
33444	21
33445	20
33446	13
33447	2
33450	12
33451	10
33452	6
33453	12
33454	18
33455	23
33456	15
33457	8
33458	11
33459	10
33460	16
33461	6
33462	19
33463	15
33464	11
33465	5
33466	27
33467	8
33469	6
33470	12
33471	3
33472	10
33473	14
33474	14
33475	28
33476	8
33477	12
33478	26
33480	8
33481	15
33482	24
33483	17
33484	29
33485	36
33486	15
33487	26
33488	11
33489	14
33490	17
33491	11
33494	6
33495	13
33496	16
33497	8
33498	11
33499	17
33500	33
33501	9
33502	5
33503	15
33505	15
33506	23
33507	27
33508	13
33509	15
33510	17
33511	9
33512	38
33513	16
33514	32
33515	21
33516	39
33517	22
33519	11
33520	18
33522	22
33523	14
33524	14
33525	21
33526	9
33527	14
33528	7
33529	15
33530	24
33531	16
33532	14
33533	15
33534	2
33536	27
33537	5
33538	20
33539	22
33540	14
33541	6
33542	8
33543	28
33544	15
33546	9
33547	5
33548	11
33549	15
33550	10
33551	16
33552	12
33553	22
33554	18
33555	10
33556	16
33557	15
33558	29
33560	14
33561	31
33562	8
33563	17
33564	18
33565	15
33566	3
33567	14
33568	10
33569	4
33570	32
33571	23
33572	6
33574	4
33575	9
33576	14
33577	30
33578	29
33579	14
33580	23
33581	24
33583	8
33584	20
33586	14
33587	3
33588	9
33589	4
33591	16
33592	12
33594	23
33597	11
33599	12
33600	14
33601	20
33602	30
33603	15
33604	12
33605	31
33608	15
33609	50
33610	16
33611	4
33612	18
33613	14
33614	11
33615	15
33616	16
33617	5
33618	25
33619	1
33620	11
33622	10
33623	8
33624	1
33625	34
33626	17
33627	34
33628	15
33630	21
33631	13
33632	29
33633	5
33634	21
33635	15
33636	5
33637	19
33638	20
33640	23
33641	7
33642	19
33643	18
33644	13
33645	36
33646	19
33647	4
33648	32
33649	10
33651	8
33652	0
33653	27
33654	10
33655	8
33656	31
33657	15
33658	9
33659	8
33660	6
33663	7
33664	10
33665	15
33666	5
33667	10
33668	3
33669	8
33670	10
33671	25
33672	31
33673	21
33674	23
33676	9
33677	9
33678	17
33679	28
33680	1
33681	6
33682	16
33683	11
33685	4
33686	23
33688	15
33689	10
33691	24
33692	5
33693	16
33694	9
33695	24
33696	31
33697	4
33698	39
33699	21
33700	8
33701	14
33702	41
33703	35
33704	16
33705	6
33706	17
33707	10
33708	13
33709	16
33710	25
33711	40
33712	16
33713	16
33714	18
33715	8
33716	3
33717	40
33718	15
33721	12
33722	17
33723	20
33724	9
33725	22
33726	30
33727	36
33728	27
33729	14
33730	20
33731	6
33732	8
33733	30
33734	10
33735	23
33736	13
33737	6
33738	24
33743	36
33744	31
33745	12
33747	7
33748	13
33749	33
33750	24
33751	12
33752	16
33753	9
33754	40
33756	20
33757	14
33758	11
33759	9
33761	24
33762	11
33763	36
33765	10
33767	23
33768	20
33769	33
33770	19
33771	8
33772	33
33773	24
33774	17
33776	5
33777	34
33778	24
33779	3
33780	17
33781	11
33782	22
33783	11
33784	17
33785	15
33786	31
33788	12
33789	17
33790	11
33791	18
33793	22
33794	22
33795	16
33796	9
33797	27
33798	53
33800	23
33803	19
33804	26
33805	18
33806	3
33807	23
33808	16
33809	19
33810	32
33811	16
33812	6
33814	39
33815	37
33816	15
33817	18
33818	8
33819	4
33820	20
33821	8
33822	23
33823	10
33824	12
33825	5
33826	26
33827	6
33830	28
33831	6
33832	10
33833	7
33834	6
33835	2
33836	36
33838	6
33839	14
33840	10
33841	27
33842	11
33843	21
33844	19
33845	24
33846	11
33847	12
33848	24
33849	12
33850	19
33852	21
33853	25
33854	7
33855	5
33856	29
33857	22
33858	8
33859	15
33860	17
33861	18
33862	19
33863	11
33864	10
33865	10
33866	10
33867	30
33868	10
33869	15
33870	28
33871	37
33872	25
33873	17
33874	40
33875	6
33876	18
33877	4
33878	25
33879	12
33880	3
33881	23
33882	19
33883	6
33884	10
33887	23
33888	19
33889	6
33890	12
33891	33
33892	35
33893	12
33894	23
33895	12
33896	7
33897	2
33898	10
33899	8
33900	6
33901	15
33902	15
33903	31
33904	6
33905	9
33906	31
33907	11
33908	9
33910	25
33911	11
33912	18
33913	17
33914	0
33916	20
33917	13
33918	16
33919	39
33921	33
33922	9
33925	14
33926	8
33927	9
33928	24
33929	9
33930	10
33932	12
33933	15
33934	2
33935	25
33936	25
33937	10
33938	5
33939	41
33940	20
33941	15
33942	12
33943	17
33945	19
33946	22
33947	10
33948	20
33950	2
33951	25
33952	12
33953	19
33955	11
33956	43
33957	0
33958	11
33959	8
33960	2
33961	34
33962	2
33963	25
33964	6
33965	15
33966	3
33967	15
33968	12
33969	15
33970	9
33971	22
33972	28
33973	16
33974	15
33975	12
33976	7
33977	35
33978	17
33980	2
33981	29
33982	4
33983	21
33984	9
33985	26
33986	8
33987	22
33988	20
33990	15
33991	16
33992	18
33993	27
33994	13
33996	2
33997	13
33999	24
34000	10
34001	25
34002	23
34003	24
34004	30
34005	10
34006	26
34007	22
34009	43
34010	9
34011	9
34012	15
34013	15
34014	15
34015	31
34017	15
34018	6
34019	24
34020	14
34021	20
34022	9
34024	3
34025	19
34027	15
34028	32
34029	5
34030	18
34031	6
34032	4
34033	17
34034	13
34035	10
34036	12
34037	6
34038	4
34039	13
34040	6
34041	30
34042	34
34043	44
34045	6
34046	3
34047	13
34048	28
34049	9
34050	26
34051	5
34054	17
34056	11
34057	11
34058	12
34059	15
34060	38
34061	23
34062	16
34063	13
34064	16
34065	16
34066	40
34067	21
34068	23
34069	10
34071	27
34073	4
34074	16
34075	11
34076	13
34077	28
34078	20
34079	27
34080	10
34081	29
34082	21
34084	7
34085	19
34086	10
34087	7
34088	22
34089	37
34090	39
34091	34
34092	20
34093	27
34094	22
34095	12
34096	6
34097	16
34098	13
34099	6
34101	12
34102	23
34103	17
34104	18
34105	9
34106	5
34108	17
34110	23
34111	24
34112	22
34113	14
34114	11
34115	12
34116	14
34119	20
34120	50
34121	30
34122	42
34123	13
34124	7
34125	8
34126	9
34127	3
34128	12
34129	18
34130	9
34132	40
34133	21
34134	13
34135	32
34136	7
34137	14
34139	22
34140	4
34141	12
34142	26
34143	26
34144	19
34146	6
34147	16
34148	24
34149	4
34150	11
34151	29
34152	12
34153	22
34154	13
34155	3
34156	13
34157	17
34158	29
34160	20
34161	11
34162	25
34165	20
34166	26
34167	26
34168	12
34169	6
34170	14
34171	10
34173	35
34174	22
34175	16
34176	18
34177	12
34178	32
34179	12
34180	27
34181	16
34183	24
34184	14
34186	22
34187	30
34190	8
34191	12
34192	16
34194	12
34195	19
34196	16
34197	11
34198	17
34199	15
34200	9
34202	14
34203	13
34204	10
34205	37
34207	19
34210	21
34211	27
34212	26
34213	25
34215	11
34216	32
34217	18
34218	21
34219	33
34222	34
34223	21
34224	8
34226	43
34227	10
34228	12
34229	7
34230	14
34231	29
34232	18
34233	9
34234	7
34235	8
34237	13
34238	11
34239	21
34240	25
34241	25
34242	11
34243	4
34244	18
34245	4
34246	19
34247	20
34248	7
34250	21
34251	17
34252	10
34253	17
34254	17
34255	8
34256	25
34257	23
34258	15
34259	28
34260	12
34261	12
34262	7
34263	13
34264	21
34265	12
34266	13
34267	17
34268	30
34269	7
34270	10
34271	5
34272	21
34273	13
34274	14
34275	11
34276	24
34278	43
34279	7
34280	19
34281	16
34282	22
34283	23
34284	8
34285	11
34286	22
34287	18
34288	6
34289	11
34290	2
34291	7
34292	21
34295	32
34296	9
34297	23
34299	5
34300	6
34301	11
34302	9
34305	26
34306	8
34307	28
34308	13
34309	13
34310	16
34311	9
34312	12
34313	18
34314	29
34316	34
34317	20
34318	9
34319	22
34320	35
34321	12
34322	47
34323	38
34324	40
34325	8
34326	20
34327	19
34328	16
34329	12
34330	7
34331	4
34332	15
34333	18
34334	29
34335	25
34336	23
34337	8
34338	9
34339	15
34340	17
34341	7
34343	32
34345	14
34346	19
34347	37
34348	0
34349	8
34350	25
34351	19
34352	25
34353	34
34354	31
34355	11
34356	3
34357	32
34358	4
34360	13
34361	9
34363	20
34364	10
34366	17
34367	15
34368	13
34369	33
34370	1
34371	4
34372	8
34373	15
34374	32
34375	15
34376	9
34377	17
34379	27
34380	29
34381	16
34382	17
34383	6
34384	16
34385	19
34386	17
34387	3
34388	10
34389	10
34391	37
34393	3
34394	20
34396	26
34397	12
34398	17
34399	1
34400	9
34401	39
34402	17
34403	9
34404	6
34405	10
34406	6
34407	22
34409	11
34410	20
34411	14
34412	15
34413	36
34416	13
34417	4
34418	26
34419	10
34420	20
34421	9
34422	13
34423	13
34424	22
34426	30
34427	20
34428	6
34429	24
34430	23
34431	19
34432	14
34433	28
34434	14
34435	28
34436	9
34437	3
34438	1
34440	11
34441	9
34442	13
34443	22
34444	3
34447	11
34448	11
34449	30
34450	41
34451	12
34452	7
34453	16
34454	14
34455	14
34456	10
34457	8
34459	5
34460	30
34462	2
34463	12
34465	24
34466	23
34467	11
34468	8
34469	21
34470	18
34472	15
34474	40
34476	19
34477	3
34479	13
34480	14
34481	18
34482	15
34483	24
34484	16
34485	8
34486	9
34488	12
34489	17
34491	8
34493	10
34494	9
34495	8
34497	12
34498	9
34499	24
34500	18
34501	13
34502	12
34505	12
34506	24
34507	18
34508	18
34509	37
34510	19
34511	37
34512	23
34513	19
34514	17
34515	8
34516	38
34517	19
34518	5
34519	17
34520	21
34521	52
34522	0
34524	18
34525	18
34526	19
34527	13
34528	11
34530	25
34532	7
34533	12
34534	25
34535	8
34536	17
34537	10
34538	33
34539	12
34540	19
34541	36
34543	35
34544	16
34547	22
34550	19
34552	17
34554	4
34555	8
34556	26
34557	26
34558	41
34559	6
34560	34
34561	10
34563	45
34564	30
34566	20
34567	9
34568	12
34569	8
34570	16
34571	22
34573	3
34574	14
34577	19
34579	6
34580	23
34581	27
34582	37
34583	19
34586	8
34588	11
34589	20
34590	3
34591	16
34592	27
34593	19
34594	10
34595	13
34596	4
34597	22
34598	8
34599	5
34600	14
34601	16
34602	23
34603	41
34604	13
34605	9
34606	21
34607	18
34608	33
34610	31
34611	15
34612	26
34614	33
34615	5
34616	9
34617	39
34618	17
34619	33
34620	26
34621	16
34622	12
34623	19
34624	7
34625	14
34626	26
34627	20
34628	18
34629	22
34631	22
34632	24
34633	17
34634	24
34635	17
34636	20
34637	22
34638	22
34639	9
34640	7
34641	7
34642	11
34643	22
34644	17
34645	8
34646	14
34647	12
34648	20
34649	16
34650	3
34651	20
34652	7
34653	43
34654	5
34655	22
34656	6
34657	14
34658	9
34659	5
34660	11
34661	10
34662	12
34663	3
34664	5
34665	17
34666	10
34667	13
34668	10
34669	7
34671	9
34672	25
34673	2
34676	12
34677	20
34678	28
34679	14
34680	10
34682	10
34683	12
34684	9
34687	16
34688	21
34689	15
34690	7
34691	27
34692	15
34693	18
34694	17
34695	0
34696	8
34697	37
34698	15
34700	15
34703	16
34705	9
34706	13
34707	4
34708	44
34710	4
34711	7
34712	39
34713	8
34715	36
34716	8
34717	2
34718	35
34719	29
34720	8
34721	9
34722	2
34723	6
34725	20
34727	5
34728	13
34729	14
34730	5
34731	18
34732	14
34734	14
34735	5
34736	13
34737	12
34738	8
34739	4
34740	8
34741	18
34742	30
34744	6
34746	9
34747	8
34748	15
34749	32
34751	11
34752	25
34753	13
34754	27
34756	13
34757	6
34758	12
34759	17
34760	36
34761	11
34762	4
34763	40
34764	16
34766	30
34767	28
34768	8
34769	27
34770	14
34771	22
34772	2
34773	20
34774	11
34775	3
34776	7
34777	5
34778	3
34780	23
34781	13
34782	23
34783	8
34784	10
34785	24
34786	6
34787	15
34788	5
34789	11
34790	18
34791	4
34792	12
34793	28
34794	25
34795	3
34797	9
34799	27
34800	4
34801	31
34802	8
34803	20
34804	13
34805	14
34807	15
34808	24
34809	11
34810	17
34811	16
34812	5
34814	19
34815	29
34817	12
34818	4
34819	14
34820	22
34821	9
34822	15
34823	11
34824	28
34825	19
34826	2
34827	5
34828	10
34829	5
34830	7
34831	38
34832	27
34834	50
34836	37
34837	14
34838	36
34839	8
34840	33
34841	5
34842	22
34844	26
34845	4
34846	16
34847	11
34849	21
34851	14
34853	13
34854	18
34855	32
34856	3
34858	15
34859	17
34860	7
34861	12
34862	23
34863	27
34864	28
34865	28
34866	11
34867	11
34868	17
34869	18
34870	11
34871	27
34872	13
34874	5
34875	17
34876	16
34877	12
34878	10
34879	3
34880	14
34881	21
34882	27
34883	10
34885	4
34886	20
34887	10
34889	12
34890	23
34891	17
34894	33
34895	18
34896	4
34897	1
34898	24
34899	13
34900	27
34901	44
34902	18
34903	11
34904	11
34905	11
34906	2
34907	0
34908	7
34909	20
34910	15
34911	18
34913	16
34914	13
34916	16
34917	0
34918	1
34919	12
34920	10
34921	5
34922	29
34923	7
34925	19
34926	18
34927	5
34928	15
34929	6
34930	18
34931	18
34933	18
34934	22
34935	34
34936	1
34937	34
34938	17
34939	19
34940	5
34941	14
34942	28
34943	26
34944	18
34945	9
34946	15
34947	4
34948	5
34949	7
34951	3
34952	8
34953	24
34955	6
34956	22
34957	18
34958	28
34959	11
34961	3
34963	6
34964	16
34965	8
34966	11
34967	15
34968	12
34969	20
34970	16
34972	29
34973	24
34974	29
34975	17
34976	8
34977	12
34979	8
34980	5
34981	23
34982	21
34983	14
34984	8
34985	21
34986	27
34988	15
34989	14
34990	10
34991	9
34993	21
34994	20
34995	19
34996	6
34997	0
34998	15
35000	29
35002	21
35003	17
35004	2
35005	17
35006	20
35007	12
35008	31
35009	13
35010	19
35011	20
35012	27
35013	3
35014	6
35015	10
35017	26
35018	10
35020	10
35021	21
35023	17
35024	12
35025	13
35026	7
35027	17
35028	5
35029	23
35031	6
35032	42
35033	11
35034	13
35035	17
35037	15
35040	17
35041	21
35042	14
35044	2
35045	8
35046	42
35048	15
35049	4
35050	0
35051	9
35052	10
35053	11
35054	15
35055	12
35057	17
35058	28
35059	18
35061	12
35062	20
35063	35
35064	15
35065	22
35066	11
35067	11
35068	7
35069	1
35070	25
35071	3
35072	50
35073	7
35075	8
35076	17
35077	14
35079	16
35080	17
35081	5
35082	25
35083	23
35084	18
35085	26
35086	35
35088	24
35089	27
35092	19
35093	10
35094	6
35095	0
35096	2
35097	2
35099	22
35100	27
35101	30
35102	6
35103	28
35104	9
35105	8
35106	24
35107	13
35108	10
35109	5
35110	18
35112	9
35113	22
35114	13
35115	13
35116	17
35117	16
35119	4
35120	7
35122	13
35123	11
35124	12
35129	15
35130	5
35131	14
35132	12
35133	35
35136	10
35138	1
35139	14
35140	7
35141	34
35142	20
35143	4
35144	20
35145	19
35146	1
35147	18
35148	20
35149	43
35150	15
35152	23
35153	7
35154	19
35155	19
35156	4
35157	22
35158	4
35159	7
35160	24
35161	8
35162	4
35164	16
35165	18
35166	17
35167	30
35168	10
35169	11
35170	15
35171	13
35172	10
35173	10
35174	16
35176	17
35177	15
35178	23
35182	27
35183	19
35184	15
35185	12
35186	27
35188	15
35189	32
35190	13
35191	30
35193	21
35194	19
35196	23
35197	26
35198	7
35199	26
35201	24
35202	8
35203	1
35204	7
35205	18
35206	20
35207	30
35208	17
35209	9
35210	7
35211	28
35212	20
35213	16
35214	11
35215	18
35216	9
35217	16
35218	19
35219	24
35220	13
35221	6
35222	17
35223	4
35225	22
35226	31
35227	17
35228	20
35229	19
35230	8
35231	2
35233	13
35234	8
35235	19
35236	2
35237	16
35238	3
35239	11
35240	10
35241	34
35242	16
35243	28
35244	13
35245	31
35246	17
35247	13
35249	37
35250	13
35252	7
35253	9
35254	9
35255	11
35256	0
35257	27
35260	25
35261	54
35262	10
35263	16
35264	17
35265	17
35267	10
35268	17
35270	8
35271	7
35273	9
35274	17
35275	13
35277	22
35279	31
35280	12
35281	32
35282	41
35283	13
35284	18
35285	17
35287	29
35288	7
35290	25
35291	14
35292	18
35293	5
35294	15
35298	4
35299	6
35300	37
35301	15
35302	32
35303	14
35304	5
35305	29
35306	12
35307	13
35308	12
35309	30
35310	31
35311	3
35314	5
35315	6
35316	17
35317	1
35318	1
35319	13
35320	9
35321	17
35322	4
35324	6
35325	4
35326	17
35327	20
35329	9
35330	26
35331	1
35332	5
35333	6
35334	44
35335	19
35336	12
35337	17
35338	13
35339	13
35340	5
35341	11
35342	18
35343	21
35344	8
35345	9
35346	23
35347	23
35348	7
35349	12
35350	21
35351	10
35352	10
35354	17
35355	27
35356	22
35357	13
35358	12
35359	2
35360	24
35361	12
35362	7
35363	23
35366	12
35367	6
35368	13
35369	26
35370	32
35371	20
35373	27
35374	11
35375	15
35376	25
35378	6
35379	18
35380	29
35381	27
35382	20
35383	14
35384	7
35385	18
35386	28
35387	43
35388	14
35389	0
35390	14
35391	31
35392	10
35393	10
35394	7
35395	3
35396	22
35397	19
35398	20
35399	20
35401	15
35402	22
35403	14
35404	24
35405	39
35406	26
35407	19
35408	27
35409	6
35410	7
35411	0
35412	15
35413	30
35414	14
35415	46
35416	7
35417	17
35419	12
35420	11
35421	31
35422	16
35423	8
35424	11
35425	5
35426	16
35427	15
35428	22
35429	13
35430	24
35431	17
35432	13
35433	20
35434	4
35436	13
35437	16
35438	36
35439	7
35440	19
35441	6
35442	5
35443	10
35444	21
35445	13
35446	10
35447	28
35448	26
35449	17
35450	9
35452	12
35453	2
35454	27
35455	30
35458	18
35459	2
35460	14
35462	13
35463	0
35464	6
35465	14
35466	9
35467	7
35468	15
35469	22
35471	10
35472	30
35473	0
35474	7
35475	6
35476	16
35477	9
35478	15
35480	21
35481	31
35483	4
35484	10
35485	18
35486	21
35487	5
35488	11
35490	0
35491	18
35492	20
35493	7
35494	4
35495	13
35496	19
35498	20
35499	28
35500	7
35501	22
35502	8
35504	11
35505	27
35506	17
35507	8
35508	25
35509	31
35510	6
35511	20
35513	12
35514	29
35515	28
35516	13
35517	32
35518	8
35519	13
35520	6
35521	10
35522	7
35523	28
35525	27
35526	12
35527	4
35528	30
35529	2
35530	16
35531	30
35533	11
35534	12
35535	7
35536	30
35537	15
35538	3
35539	7
35540	12
35541	13
35543	13
35544	4
35546	21
35547	11
35548	17
35549	7
35550	5
35551	18
35552	15
35553	19
35554	8
35555	8
35556	9
35557	17
35558	20
35559	33
35560	17
35561	14
35563	18
35564	14
35565	14
35566	20
35567	12
35568	9
35569	18
35570	15
35571	10
35572	19
35573	50
35574	23
35575	14
35576	25
35577	10
35578	12
35579	20
35581	6
35582	15
35584	9
35585	18
35587	23
35588	10
35589	18
35590	9
35591	20
35592	33
35593	13
35594	10
35595	15
35596	11
35599	35
35600	4
35601	18
35602	34
35603	11
35604	10
35605	30
35606	13
35607	26
35608	18
35611	18
35614	26
35615	9
35616	15
35617	39
35618	32
35619	2
35620	17
35622	16
35623	12
35624	15
35625	25
35626	13
35627	13
35628	29
35629	11
35630	3
35631	17
35632	26
35633	18
35634	27
35635	8
35636	9
35638	39
35639	21
35641	44
35642	37
35643	25
35644	3
35646	19
35647	28
35648	20
35649	21
35650	40
35651	22
35652	19
35654	12
35655	9
35656	25
35657	5
35658	7
35659	18
35660	20
35661	10
35662	16
35663	7
35664	25
35665	24
35666	35
35667	29
35668	11
35669	11
35670	5
35671	21
35672	11
35673	23
35674	6
35675	9
35676	15
35677	21
35678	10
35679	7
35680	13
35681	12
35682	16
35684	9
35685	49
35686	2
35687	15
35688	4
35689	35
35692	6
35693	23
35694	8
35695	15
35696	21
35697	34
35698	30
35699	31
35700	27
35701	17
35702	19
35703	29
35704	32
35705	10
35706	24
35707	5
35709	2
35711	19
35712	16
35713	13
35714	25
35715	9
35717	14
35719	17
35720	13
35721	10
35723	7
35724	15
35725	24
35726	6
35727	19
35729	13
35730	24
35731	0
35732	8
35733	22
35734	11
35735	10
35736	31
35737	8
35738	7
35740	13
35741	11
35742	9
35743	2
35744	18
35745	29
35747	13
35749	11
35750	21
35751	12
35753	26
35754	9
35755	15
35756	5
35757	27
35758	7
35759	11
35760	19
35761	5
35762	55
35763	11
35765	18
35766	26
35767	26
35768	6
35769	29
35770	33
35771	14
35772	20
35773	14
35774	11
35775	14
35776	18
35777	25
35778	32
35779	10
35781	16
35782	14
35783	8
35784	8
35786	10
35787	20
35788	21
35789	11
35790	8
35791	25
35792	31
35793	4
35794	35
35795	30
35796	7
35797	22
35798	12
35799	8
35800	22
35801	2
35803	23
35804	34
35805	18
35807	13
35809	16
35810	24
35811	8
35812	17
35813	15
35814	35
35815	10
35816	1
35817	22
35818	13
35819	15
35820	33
35821	12
35822	17
35823	4
35825	27
35827	18
35828	21
35830	11
35831	33
35832	23
35833	6
35834	26
35837	26
35838	5
35840	18
35841	10
35842	10
35843	15
35844	30
35845	23
35846	17
35847	12
35848	15
35849	22
35851	7
35852	16
35853	18
35854	10
35855	8
35856	11
35857	8
35859	8
35861	15
35862	24
35863	24
35864	14
35867	16
35868	10
35870	17
35871	7
35872	33
35874	16
35875	3
35876	19
35877	44
35879	1
35880	45
35881	16
35882	26
35883	34
35884	11
35885	22
35886	11
35887	10
35888	19
35889	18
35891	38
35892	8
35893	10
35894	24
35895	14
35896	28
35897	39
35898	27
35899	6
35901	20
35902	2
35903	17
35904	15
35905	9
35906	10
35907	20
35908	9
35910	22
35911	37
35912	14
35913	6
35914	26
35915	11
35916	6
35917	25
35918	18
35919	15
35920	23
35921	39
35922	15
35923	13
35924	12
35925	20
35927	8
35928	17
35929	28
35930	17
35931	19
35932	16
35933	17
35934	19
35935	19
35936	22
35937	16
35938	11
35939	24
35940	34
35941	37
35942	46
35943	8
35944	6
35945	43
35947	3
35948	10
35949	10
35950	11
35951	10
35952	17
35953	17
35956	6
35957	4
35959	28
35961	20
35963	25
35964	5
35965	19
35966	18
35967	11
35968	21
35969	34
35970	12
35971	30
35972	21
35973	33
35974	23
35975	27
35976	5
35977	5
35978	42
35980	11
35981	30
35982	26
35983	19
35984	38
35985	33
35986	42
35988	8
35989	9
35990	6
35991	10
35992	20
35995	8
35996	5
35997	21
35998	14
35999	25
36000	24
36001	3
36002	34
36003	31
36004	16
36006	4
36007	1
36008	1
36009	8
36010	18
36011	26
36012	15
36013	5
36015	10
36016	19
36017	21
36018	43
36019	6
36020	35
36021	14
36022	10
36024	19
36025	5
36026	18
36027	10
36028	11
36029	15
36030	9
36031	9
36032	12
36036	20
36037	17
36038	7
36039	15
36040	13
36041	3
36042	25
36043	11
36044	5
36045	14
36046	6
36047	21
36048	5
36050	15
36051	12
36052	25
36053	23
36054	13
36055	14
36056	18
36057	34
36058	3
36060	14
36061	11
36062	42
36063	14
36064	29
36065	12
36066	15
36068	1
36070	15
36072	7
36073	22
36074	12
36075	21
36076	9
36077	12
36078	8
36080	36
36081	15
36082	11
36083	14
36084	12
36085	50
36087	40
36089	24
36091	14
36092	13
36093	5
36094	11
36095	30
36096	21
36097	15
36098	7
36099	16
36100	31
36101	25
36102	21
36103	10
36104	2
36105	32
36106	26
36107	24
36108	9
36109	8
36110	19
36111	21
36112	15
36113	10
36114	1
36116	8
36117	5
36118	40
36119	29
36120	34
36121	16
36122	30
36123	24
36124	15
36125	27
36126	10
36127	9
36128	29
36130	13
36131	10
36132	16
36133	28
36134	24
36135	23
36136	13
36138	31
36140	6
36141	16
36142	13
36143	23
36144	17
36145	31
36146	7
36147	19
36148	12
36149	15
36150	4
36151	12
36153	11
36154	14
36155	40
36157	2
36158	15
36159	4
36160	2
36161	28
36162	11
36163	15
36164	24
36165	19
36166	27
36169	18
36170	34
36172	24
36173	8
36174	3
36175	17
36176	31
36179	8
36180	28
36182	15
36183	21
36184	25
36185	21
36186	27
36187	27
36188	18
36189	30
36191	26
36192	7
36193	30
36196	17
36198	13
36199	10
36200	9
36201	13
36202	16
36203	29
36204	9
36205	13
36206	6
36207	1
36208	0
36209	8
36210	11
36211	8
36212	7
36214	29
36215	26
36216	3
36217	4
36218	18
36219	18
36220	13
36221	13
36222	11
36223	16
36224	14
36225	13
36226	20
36227	1
36228	8
36229	25
36230	14
36231	10
36232	26
36233	10
36234	23
36235	10
36236	12
36237	26
36238	10
36239	10
36240	19
36241	22
36242	7
36244	20
36245	4
36246	12
36247	11
36248	12
36249	12
36250	18
36252	1
36254	44
36255	43
36256	18
36257	40
36258	17
36259	7
36260	32
36261	21
36262	19
36263	36
36264	24
36265	4
36266	11
36267	9
36268	23
36269	12
36270	8
36271	25
36272	13
36274	12
36276	11
36277	11
36278	14
36279	10
36280	11
36281	14
36282	11
36283	8
36284	18
36285	9
36286	17
36288	9
36289	3
36290	33
36292	15
36294	25
36295	14
36296	46
36297	13
36298	13
36299	16
36300	20
36301	19
36302	13
36303	32
36304	23
36305	9
36306	10
36307	22
36308	7
36310	1
36311	12
36313	7
36314	8
36315	11
36316	24
36317	26
36319	7
36321	6
36322	7
36323	12
36324	11
36325	14
36327	13
36328	23
36329	14
36330	7
36331	34
36332	36
36333	20
36334	17
36335	12
36336	12
36337	9
36339	37
36341	9
36342	2
36343	18
36344	20
36345	11
36346	45
36348	9
36351	12
36352	7
36354	8
36355	17
36356	33
36357	3
36358	9
36359	7
36360	28
36362	28
36363	12
36364	21
36365	2
36366	9
36368	18
36369	21
36373	9
36374	11
36375	9
36376	27
36377	16
36378	16
36379	23
36380	15
36382	22
36383	29
36384	6
36385	4
36386	2
36387	17
36388	17
36389	20
36390	4
36391	17
36392	19
36394	15
36395	6
36397	8
36399	8
36400	29
36401	11
36402	15
36403	12
36404	8
36405	12
36406	20
36407	5
36408	17
36409	8
36410	18
36412	11
36413	25
36414	19
36415	34
36416	26
36417	8
36418	36
36419	21
36422	25
36425	7
36427	11
36428	13
36430	9
36431	7
36432	19
36433	12
36434	8
36435	14
36436	24
36437	9
36438	15
36439	20
36441	18
36442	24
36443	11
36444	20
36446	14
36447	4
36448	5
36449	17
36450	15
36451	34
36452	17
36453	16
36454	27
36455	11
36456	29
36459	17
36460	2
36461	23
36462	6
36464	24
36466	10
36468	28
36469	4
36470	17
36471	11
36472	3
36473	12
36474	8
36475	9
36476	12
36477	14
36478	3
36479	29
36480	10
36482	11
36483	10
36484	12
36485	39
36486	11
36487	9
36488	31
36489	15
36490	9
36491	15
36492	8
36494	19
36495	8
36497	17
36498	29
36500	10
36501	25
36502	9
36503	8
36504	15
36505	11
36506	15
36508	6
36509	4
36511	10
36513	37
36514	23
36515	29
36516	21
36517	16
36518	8
36519	23
36521	22
36522	15
36523	23
36524	4
36526	5
36528	10
36529	15
36530	7
36531	20
36532	4
36533	20
36534	11
36535	15
36536	21
36538	11
36539	11
36540	8
36542	11
36543	33
36544	23
36545	3
36546	20
36547	13
36548	14
36549	13
36551	13
36552	6
36553	32
36556	22
36557	16
36558	23
36559	13
36560	25
36561	3
36562	18
36563	9
36564	22
36565	7
36566	14
36567	12
36569	6
36570	10
36571	29
36572	26
36573	4
36574	18
36575	15
36576	12
36577	16
36578	25
36579	28
36580	19
36581	17
36582	9
36583	23
36584	19
36585	31
36586	9
36587	2
36588	3
36589	24
36590	19
36591	6
36593	11
36594	19
36595	17
36596	24
36597	11
36598	14
36599	12
36600	16
36602	11
36603	27
36604	14
36606	14
36607	18
36609	9
36610	13
36611	27
36612	31
36613	15
36614	8
36615	12
36616	19
36617	13
36618	14
36619	23
36620	21
36621	18
36622	16
36623	23
36624	18
36625	29
36628	26
36629	22
36631	3
36632	30
36634	20
36636	21
36637	11
36638	19
36640	10
36641	8
36642	6
36643	1
36644	30
36645	20
36646	17
36648	17
36649	7
36651	8
36652	18
36655	29
36659	23
36660	6
36661	16
36662	4
36663	36
36664	9
36665	37
36666	31
36669	20
36670	24
36671	11
36672	13
36673	21
36674	7
36676	23
36678	5
36679	9
36680	26
36681	21
36682	18
36683	15
36684	14
36685	31
36686	12
36687	37
36688	16
36690	22
36692	20
36693	12
36694	26
36695	20
36696	9
36697	11
36698	16
36699	11
36700	19
36701	35
36702	27
36703	30
36704	6
36705	7
36706	15
36707	27
36708	7
36709	9
36710	11
36711	10
36714	19
36715	32
36716	9
36717	5
36718	15
36720	21
36721	12
36722	22
36724	18
36725	7
36726	4
36727	24
36728	20
36729	19
36730	6
36732	14
36735	2
36736	23
36737	23
36738	2
36739	9
36740	14
36741	17
36742	13
36743	21
36744	15
36745	20
36746	15
36747	5
36748	6
36751	24
36752	8
36753	10
36754	26
36755	8
36756	36
36757	18
36758	13
36759	4
36760	23
36761	0
36762	13
36763	15
36764	0
36765	24
36766	18
36767	18
36768	17
36771	11
36772	22
36773	13
36774	9
36775	35
36776	14
36778	48
36779	28
36780	4
36781	10
36782	17
36784	22
36785	18
36787	5
36788	2
36789	24
36790	11
36791	43
36792	23
36793	7
36794	9
36795	0
36796	13
36798	9
36800	12
36801	23
36802	21
36803	34
36804	12
36805	22
36806	14
36807	10
36808	18
36810	21
36811	21
36812	19
36813	13
36814	39
36815	6
36816	17
36817	19
36818	25
36819	33
36820	8
36821	23
36822	6
36823	8
36824	12
36825	24
36826	35
36827	10
36828	9
36830	29
36831	25
36832	5
36833	7
36834	11
36835	30
36836	26
36837	10
36838	26
36841	43
36842	3
36843	23
36844	19
36845	11
36847	19
36848	11
36849	13
36850	17
36851	27
36853	18
36854	20
36855	17
36856	20
36857	26
36858	21
36859	14
36860	17
36861	31
36862	13
36863	12
36864	2
36865	6
36866	22
36868	10
36869	5
36870	22
36871	13
36872	13
36874	22
36875	14
36876	13
36877	16
36879	8
36880	14
36881	23
36882	14
36883	41
36884	19
36885	21
36886	0
36887	7
36888	26
36889	6
36890	14
36892	3
36893	8
36894	11
36895	24
36896	14
36897	27
36898	9
36899	5
36901	28
36902	0
36903	19
36904	25
36905	17
36906	22
36907	3
36908	14
36909	12
36910	24
36911	2
36913	22
36914	14
36915	18
36917	20
36918	32
36919	13
36921	15
36923	26
36926	26
36927	15
36930	32
36931	18
36932	13
36933	24
36934	27
36935	10
36936	11
36937	12
36939	14
36940	9
36941	0
36942	15
36943	30
36944	16
36945	14
36947	7
36948	21
36949	23
36950	14
36951	3
36952	51
36953	3
36954	15
36955	7
36956	7
36957	11
36958	12
36959	14
36960	7
36961	5
36962	27
36963	17
36964	14
36965	8
36966	23
36967	4
36968	4
36970	46
36971	19
36973	3
36974	10
36976	18
36977	18
36978	1
36979	16
36981	11
36982	16
36983	16
36984	25
36986	15
36987	0
36988	7
36989	8
36990	15
36992	9
36994	24
36995	19
36996	12
36997	16
36998	33
36999	4
37001	23
37002	22
37003	9
37004	0
37005	24
37006	23
37008	16
37009	11
37012	2
37013	3
37014	16
37015	18
37017	4
37018	17
37019	2
37020	7
37021	10
37024	3
37025	29
37026	3
37027	21
37029	46
37030	24
37031	5
37032	5
37034	3
37036	5
37037	2
37038	17
37039	4
37040	18
37041	6
37042	18
37043	27
37044	23
37045	12
37046	3
37047	7
37048	21
37049	25
37050	18
37051	9
37052	12
37053	25
37055	2
37056	9
37057	28
37058	5
37059	18
37060	44
37061	33
37062	24
37063	4
37064	24
37065	34
37066	19
37067	17
37068	4
37069	17
37070	13
37071	19
37072	22
37073	22
37075	14
37076	6
37077	31
37078	8
37080	27
37081	24
37082	13
37083	24
37084	9
37085	11
37086	3
37087	8
37088	21
37089	35
37090	10
37091	30
37092	8
37094	12
37096	12
37097	16
37098	8
37100	9
37101	13
37102	24
37103	12
37104	13
37106	9
37107	31
37108	3
37109	12
37110	13
37111	17
37112	11
37113	16
37114	18
37115	14
37116	14
37117	29
37118	12
37120	18
37121	11
37122	27
37123	9
37124	13
37125	6
37126	19
37128	10
37129	47
37130	23
37131	18
37134	19
37135	6
37136	26
37137	14
37138	12
37139	14
37140	4
37143	13
37144	23
37145	17
37146	39
37147	20
37148	4
37150	32
37151	9
37152	10
37153	17
37154	13
37155	17
37156	6
37157	11
37159	39
37160	22
37161	11
37162	7
37164	31
37165	34
37167	24
37168	6
37169	5
37170	34
37171	13
37172	45
37173	12
37174	10
37175	17
37176	14
37177	3
37178	27
37179	11
37180	23
37181	8
37182	10
37183	7
37186	7
37187	29
37188	8
37189	10
37190	5
37191	27
37192	10
37193	5
37194	16
37196	30
37197	6
37198	19
37199	24
37200	19
37201	18
37204	7
37205	15
37206	10
37207	26
37208	48
37209	8
37210	10
37211	23
37213	8
37214	30
37216	11
37217	23
37218	5
37219	9
37220	5
37221	28
37223	12
37224	29
37225	3
37228	13
37230	24
37231	13
37233	10
37235	30
37236	19
37237	19
37239	19
37240	12
37241	12
37243	14
37244	8
37245	9
37246	17
37247	29
37248	36
37249	14
37250	10
37252	28
37253	13
37254	28
37255	17
37256	23
37257	23
37258	5
37259	14
37260	2
37261	12
37262	10
37263	17
37265	9
37266	9
37268	7
37269	10
37270	11
37272	35
37273	10
37274	4
37276	9
37277	8
37279	17
37280	21
37282	9
37283	14
37284	16
37285	14
37286	13
37287	4
37288	24
37289	38
37290	9
37291	18
37292	25
37294	3
37295	15
37297	42
37298	9
37299	5
37300	19
37301	33
37302	22
37303	3
37304	15
37305	11
37306	19
37308	17
37309	10
37310	7
37311	28
37313	17
37314	25
37315	5
37316	13
37317	19
37318	15
37319	22
37320	42
37321	19
37322	25
37323	35
37324	6
37326	21
37327	30
37328	15
37330	37
37331	19
37332	12
37333	7
37335	16
37337	31
37338	33
37339	18
37340	22
37341	7
37342	35
37343	20
37344	28
37345	33
37346	6
37347	46
37348	25
37349	34
37350	48
37351	24
37352	4
37353	31
37354	12
37355	19
37356	18
37357	11
37358	23
37359	23
37360	3
37361	23
37362	15
37364	25
37365	5
37366	20
37367	13
37368	27
37369	3
37370	8
37371	16
37372	7
37373	12
37374	14
37375	9
37377	25
37378	7
37379	16
37381	15
37383	14
37384	21
37385	14
37386	23
37387	13
37388	4
37389	19
37390	44
37391	26
37392	4
37393	13
37394	21
37395	40
37396	17
37397	1
37398	30
37400	15
37401	26
37402	10
37403	10
37404	25
37405	8
37406	11
37407	22
37408	5
37409	33
37410	17
37411	16
37413	6
37414	16
37415	10
37417	17
37418	26
37420	3
37421	10
37422	6
37424	5
37425	33
37426	20
37427	2
37428	19
37429	12
37430	10
37433	11
37434	5
37435	14
37436	24
37437	11
37438	40
37439	12
37440	19
37441	11
37442	15
37443	24
37444	33
37445	14
37446	14
37447	12
37448	45
37449	11
37451	13
37452	1
37455	14
37456	21
37457	9
37458	17
37459	12
37460	19
37461	39
37462	22
37463	14
37464	8
37466	21
37467	10
37468	16
37469	46
37470	10
37472	22
37473	11
37474	2
37476	10
37477	41
37478	22
37479	18
37480	21
37481	22
37482	6
37483	18
37484	30
37485	31
37486	8
37488	4
37489	24
37490	26
37491	14
37492	8
37493	12
37494	5
37495	11
37497	36
37498	18
37500	29
37501	21
37502	3
37504	29
37505	22
37506	11
37507	6
37508	13
37510	17
37512	12
37513	25
37514	10
37515	16
37517	19
37519	7
37520	28
37521	22
37522	9
37523	7
37525	28
37526	28
37527	37
37528	17
37529	10
37530	3
37531	11
37532	9
37533	18
37534	11
37535	16
37536	10
37537	20
37539	44
37540	17
37541	24
37543	19
37544	17
37545	13
37546	9
37547	24
37548	11
37549	24
37550	13
37551	6
37552	12
37553	14
37555	14
37556	43
37557	10
37558	7
37559	23
37560	10
37562	33
37563	36
37565	11
37566	10
37567	18
37568	3
37569	6
37572	17
37573	8
37574	11
37575	8
37577	28
37578	19
37580	9
37582	29
37583	13
37584	13
37585	12
37586	9
37587	3
37588	12
37589	15
37590	9
37592	7
37593	9
37594	41
37595	6
37596	21
37599	29
37601	9
37602	40
37603	19
37604	7
37605	0
37606	7
37607	14
37609	22
37610	20
37611	39
37612	21
37614	29
37615	1
37616	19
37617	52
37618	10
37620	5
37621	10
37622	17
37623	12
37625	18
37626	14
37628	12
37630	5
37632	21
37633	22
37634	19
37636	10
37638	9
37639	0
37640	37
37641	9
37642	6
37643	17
37644	36
37645	18
37646	23
37647	10
37648	4
37649	10
37650	30
37652	20
37653	24
37654	17
37655	20
37656	11
37657	28
37658	12
37659	9
37661	21
37662	28
37663	3
37664	19
37665	22
37667	4
37668	5
37669	19
37670	11
37672	23
37673	15
37675	12
37676	30
37677	0
37678	19
37679	2
37680	15
37683	27
37684	23
37685	30
37686	21
37687	46
37688	15
37689	16
37690	21
37691	11
37692	9
37693	22
37694	3
37695	23
37696	20
37699	9
37700	4
37701	18
37703	27
37704	19
37705	12
37706	9
37707	34
37708	13
37709	7
37710	22
37711	52
37712	25
37713	10
37714	5
37715	10
37716	33
37717	8
37719	21
37720	4
37721	7
37722	17
37723	10
37724	25
37725	26
37727	28
37728	2
37731	17
37732	29
37733	36
37734	10
37735	15
37736	13
37737	22
37738	21
37739	19
37740	23
37742	6
37744	5
37745	11
37746	12
37747	0
37748	40
37749	24
37750	27
37751	22
37752	11
37754	1
37755	20
37756	24
37757	11
37758	15
37759	33
37760	6
37761	9
37762	12
37763	10
37764	19
37765	20
37766	5
37767	6
37768	36
37769	16
37771	15
37772	24
37773	15
37776	4
37780	8
37781	10
37782	26
37783	21
37784	30
37785	24
37786	16
37787	9
37788	20
37789	14
37790	14
37791	9
37792	1
37793	11
37794	10
37795	15
37796	27
37797	5
37798	38
37799	15
37801	18
37802	10
37804	9
37805	8
37806	18
37807	7
37808	12
37809	9
37810	33
37811	13
37812	28
37813	29
37814	12
37815	14
37816	6
37817	7
37820	11
37822	7
37823	28
37824	20
37825	29
37827	29
37828	9
37829	15
37830	10
37831	33
37832	14
37833	5
37834	27
37835	22
37836	31
37838	27
37839	14
37840	13
37841	10
37842	22
37843	8
37844	15
37845	20
37846	24
37847	13
37849	16
37850	6
37851	11
37852	21
37853	17
37855	33
37856	40
37857	9
37859	17
37860	6
37861	38
37862	15
37863	13
37865	16
37867	14
37868	3
37869	3
37870	10
37871	13
37872	24
37873	2
37874	7
37875	11
37876	9
37878	11
37879	20
37880	16
37881	5
37882	7
37883	14
37884	5
37886	15
37889	39
37890	8
37891	20
37892	18
37893	10
37894	14
37895	4
37896	23
37897	16
37898	8
37900	16
37903	8
37905	16
37906	12
37907	24
37908	14
37909	23
37910	7
37911	14
37912	21
37913	14
37914	5
37915	18
37916	19
37917	2
37918	18
37919	15
37920	6
37921	24
37922	14
37924	12
37925	14
37926	13
37927	10
37928	9
37929	22
37930	27
37931	13
37932	20
37933	25
37934	14
37936	1
37937	40
37938	43
37939	28
37940	5
37941	10
37942	16
37943	4
37944	8
37947	7
37948	17
37949	2
37951	22
37952	36
37954	8
37955	13
37957	16
37958	36
37959	32
37960	5
37961	13
37962	18
37963	30
37964	33
37965	8
37966	7
37967	14
37968	2
37969	10
37970	16
37973	10
37974	12
37975	10
37976	23
37977	16
37978	16
37980	12
37981	17
37983	21
37984	26
37985	25
37986	11
37987	6
37988	7
37989	51
37990	13
37991	6
37992	7
37993	4
37995	11
37996	29
37997	15
37999	3
38000	34
38001	3
38002	40
38003	3
38004	20
38005	2
38006	4
38007	27
38008	22
38009	12
38010	16
38012	19
38013	7
38014	6
38015	21
38016	18
38017	12
38018	31
38019	26
38021	10
38022	16
38023	18
38024	4
38025	9
38026	10
38027	25
38028	26
38029	17
38031	14
38032	16
38034	17
38035	9
38036	20
38037	1
38038	19
38039	18
38040	24
38041	26
38042	30
38043	17
38044	21
38045	27
38046	21
38047	26
38048	12
38050	14
38051	13
38052	19
38054	7
38055	20
38057	38
38058	37
38059	29
38060	17
38061	5
38062	15
38063	8
38064	10
38065	5
38066	25
38067	10
38069	9
38070	8
38071	26
38072	12
38074	26
38075	8
38076	31
38077	11
38078	17
38079	20
38080	5
38081	5
38082	28
38083	29
38084	13
38085	4
38086	8
38089	8
38092	12
38093	20
38095	11
38096	32
38097	23
38098	9
38099	10
38100	12
38101	14
38102	40
38103	13
38104	17
38105	19
38106	14
38107	15
38108	20
38109	7
38110	8
38112	15
38114	12
38115	13
38116	30
38117	26
38118	19
38120	9
38121	6
38122	13
38123	29
38124	15
38125	9
38126	25
38127	14
38128	17
38129	25
38130	9
38131	1
38132	13
38133	36
38134	9
38135	33
38136	3
38138	21
38139	27
38140	44
38141	17
38142	13
38143	2
38144	16
38145	14
38146	18
38147	15
38148	13
38149	11
38150	18
38151	8
38152	9
38153	14
38154	16
38155	16
38156	12
38157	9
38158	31
38159	5
38160	20
38161	26
38162	14
38165	14
38166	7
38168	22
38169	5
38170	9
38171	29
38172	13
38173	33
38174	8
38175	5
38176	29
38177	14
38178	9
38180	34
38181	11
38182	4
38184	18
38185	16
38186	12
38187	19
38189	10
38191	7
38192	19
38193	5
38195	18
38196	12
38197	9
38198	9
38199	25
38200	7
38201	33
38202	27
38203	48
38204	19
38205	13
38206	15
38207	18
38208	5
38210	7
38211	25
38213	21
38215	12
38216	22
38217	18
38219	12
38220	16
38221	22
38222	21
38224	15
38225	6
38226	11
38227	27
38228	16
38230	33
38231	4
38232	19
38233	23
38234	30
38235	7
38236	32
38237	7
38238	30
38239	9
38240	6
38241	2
38243	24
38244	20
38245	21
38246	12
38247	18
38248	32
38249	22
38250	10
38251	20
38253	12
38255	12
38256	14
38257	8
38258	11
38259	26
38260	8
38261	13
38262	26
38263	19
38264	14
38265	10
38266	8
38267	25
38268	19
38269	7
38270	6
38271	14
38273	12
38274	16
38275	7
38276	29
38277	7
38278	24
38279	11
38280	14
38281	33
38282	23
38283	27
38284	25
38285	18
38286	8
38287	3
38289	16
38290	17
38291	15
38292	12
38294	2
38295	3
38296	11
38297	11
38298	10
38299	28
38300	12
38304	37
38306	11
38307	14
38309	46
38310	17
38311	10
38312	14
38313	17
38315	20
38317	14
38318	34
38319	1
38320	24
38321	20
38323	13
38324	10
38325	19
38326	16
38327	4
38328	3
38329	9
38330	8
38331	11
38333	21
38336	5
38337	15
38338	28
38339	4
38340	13
38341	22
38342	5
38343	7
38344	42
38345	10
38346	15
38347	22
38348	24
38349	17
38350	11
38351	11
38352	20
38353	10
38354	5
38355	10
38356	4
38357	24
38358	21
38360	21
38361	23
38362	30
38363	32
38364	30
38365	38
38366	7
38367	20
38368	16
38369	8
38372	26
38373	12
38374	33
38375	16
38376	22
38377	11
38379	32
38380	33
38381	7
38382	5
38383	29
38384	7
38385	19
38386	0
38387	15
38388	33
38389	25
38390	17
38391	2
38393	16
38394	21
38395	1
38396	11
38397	11
38398	9
38399	18
38400	13
38401	9
38402	14
38403	33
38405	17
38406	11
38407	8
38408	14
38409	13
38410	16
38411	13
38412	4
38413	14
38414	10
38415	14
38416	11
38417	8
38419	16
38420	12
38422	10
38423	43
38424	8
38425	10
38426	16
38427	23
38428	9
38429	1
38432	8
38433	14
38434	18
38435	22
38436	20
38437	3
38438	4
38439	16
38440	12
38441	33
38442	23
38443	7
38444	12
38445	25
38446	14
38447	20
38448	7
38449	27
38450	6
38451	26
38452	14
38456	62
38457	25
38458	19
38459	17
38460	0
38461	15
38462	19
38464	19
38465	22
38466	6
38467	14
38469	7
38470	46
38471	15
38473	12
38474	26
38475	17
38476	20
38477	24
38478	11
38479	30
38481	20
38482	33
38483	23
38484	8
38485	10
38486	17
38487	7
38488	29
38489	9
38491	13
38493	11
38494	16
38495	9
38496	10
38497	7
38498	13
38499	22
38501	6
38502	4
38503	22
38504	22
38505	5
38506	23
38507	21
38508	13
38509	21
38510	14
38511	21
38512	33
38513	19
38514	12
38515	13
38516	28
38518	14
38519	27
38520	28
38521	30
38522	17
38523	22
38524	11
38527	14
38528	9
38529	22
38530	3
38531	6
38532	7
38534	4
38535	22
38536	27
38537	12
38538	13
38539	17
38540	9
38541	33
38542	16
38543	15
38544	10
38545	5
38547	10
38548	23
38549	44
38550	19
38551	23
38552	17
38553	7
38554	16
38556	6
38557	41
38558	15
38560	31
38561	6
38562	11
38563	28
38564	21
38565	27
38569	22
38572	13
38573	19
38574	18
38575	31
38576	15
38577	33
38578	3
38579	14
38580	8
38581	17
38582	20
38583	7
38584	19
38585	8
38586	15
38587	17
38588	12
38589	29
38590	12
38592	20
38593	12
38595	17
38597	2
38598	33
38599	5
38600	39
38601	41
38602	8
38604	7
38605	15
38606	36
38607	2
38608	17
38609	18
38610	35
38611	26
38612	4
38614	23
38615	17
38616	20
38617	11
38618	19
38620	23
38621	20
38622	17
38623	16
38625	14
38626	9
38627	22
38628	11
38629	28
38630	26
38631	32
38632	31
38633	15
38634	13
38636	20
38638	34
38639	16
38640	9
38641	6
38643	12
38645	27
38646	6
38647	16
38648	12
38649	21
38650	17
38652	9
38653	15
38654	1
38655	9
38656	6
38657	17
38658	22
38659	23
38661	13
38662	11
38663	31
38664	26
38665	19
38666	18
38668	20
38669	25
38670	37
38671	16
38672	32
38673	15
38674	22
38675	10
38676	50
38677	21
38679	4
38681	8
38682	19
38684	12
38685	14
38686	18
38688	11
38689	40
38690	8
38692	26
38693	13
38694	12
38696	12
38698	20
38699	22
38700	19
38701	16
38702	27
38703	54
38704	26
38705	19
38706	14
38707	14
38708	8
38710	24
38711	8
38712	34
38713	9
38714	17
38715	31
38716	13
38717	8
38718	4
38719	9
38720	23
38721	4
38722	18
38723	14
38726	21
38727	18
38728	3
38729	22
38730	27
38731	10
38732	13
38734	8
38735	11
38736	12
38738	36
38739	10
38740	21
38741	16
38742	13
38743	22
38744	16
38745	17
38746	6
38747	15
38748	12
38749	10
38750	9
38751	9
38752	26
38753	1
38754	4
38755	7
38756	19
38757	4
38758	24
38759	57
38760	17
38761	12
38762	25
38763	27
38764	45
38766	26
38767	2
38769	15
38770	5
38771	10
38772	35
38773	21
38774	11
38776	11
38777	26
38778	20
38779	34
38780	17
38781	10
38782	20
38783	4
38784	12
38785	15
38786	24
38787	7
38788	12
38789	17
38790	23
38791	14
38792	13
38793	14
38794	23
38795	10
38797	13
38799	34
38800	47
38801	23
38802	29
38805	17
38806	55
38807	14
38808	38
38811	19
38812	1
38813	14
38814	18
38816	20
38817	22
38818	29
38821	10
38822	15
38823	31
38825	13
38826	18
38827	7
38828	18
38829	24
38831	2
38832	8
38833	6
38835	9
38836	0
38838	27
38839	29
38840	3
38841	29
38842	7
38843	21
38844	15
38845	18
38846	22
38847	15
38848	19
38849	2
38851	33
38852	23
38853	30
38854	28
38855	30
38856	15
38858	21
38859	20
38860	5
38861	11
38863	9
38864	5
38865	29
38866	13
38867	14
38868	7
38869	17
38870	21
38871	13
38872	6
38874	9
38875	9
38876	15
38878	35
38879	7
38880	14
38881	31
38882	6
38883	11
38884	23
38885	20
38887	13
38888	15
38889	38
38890	10
38891	13
38894	4
38895	6
38896	31
38897	7
38898	4
38899	4
38900	28
38901	17
38902	13
38904	18
38905	7
38906	16
38907	13
38908	17
38909	8
38910	9
38911	10
38917	14
38918	6
38919	18
38920	9
38922	5
38923	17
38924	12
38925	7
38926	16
38927	7
38928	10
38930	12
38932	22
38933	10
38934	14
38935	13
38936	16
38937	6
38938	19
38939	19
38940	4
38941	16
38942	12
38943	17
38944	27
38945	21
38946	3
38947	12
38948	9
38949	11
38950	32
38951	6
38952	28
38953	31
38954	16
38955	9
38956	50
38957	12
38958	16
38959	36
38960	10
38961	17
38962	17
38963	11
38964	21
38965	10
38966	18
38967	16
38968	16
38969	24
38970	25
38971	4
38972	6
38973	8
38976	8
38978	8
38979	20
38980	6
38981	12
38982	21
38983	16
38984	11
38985	22
38986	22
38988	3
38989	12
38990	26
38991	18
38994	17
38995	6
38996	13
38997	12
38998	4
38999	10
39000	32
39001	18
39002	23
39003	6
39004	14
39006	3
39007	14
39008	19
39011	9
39012	10
39013	15
39014	2
39015	17
39016	7
39017	15
39018	9
39019	12
39020	15
39021	44
39022	8
39023	12
39025	29
39026	22
39027	20
39028	16
39029	15
39030	5
39031	13
39034	29
39035	6
39036	8
39037	2
39038	4
39039	6
39040	21
39041	39
39042	14
39043	21
39044	19
39045	11
39046	25
39048	15
39050	12
39051	9
39052	5
39053	9
39054	57
39056	19
39057	10
39058	16
39059	7
39060	30
39061	13
39062	13
39065	37
39066	15
39067	8
39068	22
39069	9
39070	1
39072	14
39073	16
39074	9
39075	8
39076	21
39077	9
39078	20
39079	9
39080	22
39081	19
39082	1
39083	24
39084	14
39085	17
39086	16
39087	5
39088	10
39089	13
39090	20
39091	1
39092	30
39093	10
39094	11
39095	24
39096	14
39097	4
39098	20
39100	13
39102	6
39103	6
39104	19
39105	23
39106	17
39108	17
39109	5
39110	15
39111	3
39113	12
39114	5
39116	0
39117	17
39118	2
39119	20
39120	11
39121	12
39124	6
39125	19
39126	11
39127	4
39128	3
39129	34
39130	7
39131	10
39132	20
39133	10
39135	15
39136	4
39137	11
39138	22
39139	22
39140	38
39141	30
39142	12
39143	24
39144	19
39145	34
39147	1
39149	22
39150	8
39151	20
39152	19
39154	7
39155	28
39156	19
39157	20
39158	4
39159	21
39160	35
39161	13
39162	10
39163	33
39166	7
39167	10
39168	36
39169	11
39170	19
39171	15
39172	10
39173	31
39175	17
39176	9
39177	13
39178	9
39179	4
39180	10
39181	8
39182	38
39183	22
39184	29
39185	8
39186	10
39187	5
39188	3
39189	15
39190	31
39191	6
39192	7
39193	35
39194	4
39195	12
39197	13
39198	21
39199	7
39201	40
39202	20
39203	18
39204	22
39205	21
39206	7
39207	11
39208	5
39209	12
39210	51
39211	8
39212	37
39213	2
39214	9
39215	17
39216	8
39218	9
39219	19
39220	13
39221	21
39224	18
39226	12
39227	14
39228	18
39229	20
39230	34
39231	10
39232	12
39233	24
39234	15
39235	4
39236	12
39237	7
39238	16
39239	17
39240	7
39242	14
39243	2
39244	17
39246	24
39247	8
39248	23
39249	13
39250	14
39251	3
39253	4
39254	37
39255	9
39256	9
39257	21
39259	18
39260	16
39261	7
39262	27
39263	8
39264	27
39265	4
39266	22
39267	14
39268	8
39269	14
39271	15
39273	15
39274	6
39275	6
39276	27
39278	27
39279	27
39280	23
39281	15
39282	20
39283	5
39284	10
39285	6
39286	9
39287	23
39288	12
39289	14
39290	23
39291	8
39292	7
39293	23
39294	42
39295	11
39296	18
39297	27
39298	14
39300	17
39301	15
39302	8
39303	13
39304	20
39305	31
39306	36
39307	19
39308	11
39309	28
39310	10
39311	10
39312	10
39313	21
39314	14
39315	19
39316	16
39317	30
39318	11
39319	8
39320	17
39321	5
39323	25
39324	8
39325	14
39326	1
39329	6
39331	13
39332	14
39333	6
39334	4
39336	9
39337	9
39338	6
39339	29
39340	10
39341	30
39342	23
39343	8
39344	19
39345	10
39346	10
39347	29
39349	16
39350	12
39352	25
39354	8
39355	9
39356	22
39357	3
39358	19
39359	7
39360	0
39361	10
39362	7
39363	15
39364	16
39365	49
39366	10
39367	20
39368	10
39369	24
39370	14
39371	17
39373	13
39374	18
39375	12
39376	26
39377	30
39380	20
39381	2
39382	11
39383	42
39385	20
39386	5
39387	39
39388	22
39389	8
39390	24
39391	5
39393	16
39394	16
39397	6
39398	9
39399	31
39400	28
39401	14
39402	21
39403	32
39404	6
39405	8
39406	26
39407	9
39408	30
39409	11
39410	22
39411	13
39412	22
39413	17
39414	14
39415	22
39416	6
39418	15
39421	45
39422	7
39423	8
39424	6
39425	13
39426	23
39427	16
39428	18
39430	8
39431	14
39433	11
39434	8
39435	7
39436	6
39437	9
39438	6
39439	7
39440	19
39441	41
39442	12
39443	7
39444	27
39445	10
39446	6
39447	26
39448	4
39451	35
39452	15
39453	11
39454	23
39455	9
39456	17
39457	9
39458	27
39459	31
39460	8
39461	19
39462	6
39463	26
39464	9
39465	12
39466	17
39467	21
39468	6
39469	20
39470	19
39471	29
39472	25
39473	18
39474	22
39475	16
39476	23
39478	11
39479	17
39480	8
39481	39
39482	9
39483	19
39484	6
39486	16
39487	30
39489	20
39490	6
39492	8
39493	0
39494	36
39495	20
39496	19
39497	31
39498	5
39500	18
39502	0
39503	16
39504	5
39505	9
39506	9
39507	9
39508	23
39509	30
39513	17
39514	11
39515	12
39516	21
39518	8
39519	22
39520	17
39521	1
39522	7
39523	6
39524	5
39525	9
39526	12
39527	21
39528	26
39529	20
39530	15
39531	12
39532	16
39533	42
39534	23
39537	8
39538	20
39539	9
39540	35
39541	20
39542	20
39543	18
39544	7
39545	18
39546	5
39547	38
39548	18
39549	24
39550	21
39551	14
39552	12
39553	14
39554	25
39555	6
39556	11
39557	0
39558	10
39559	16
39560	5
39561	2
39562	19
39563	6
39564	23
39565	29
39566	20
39567	13
39568	21
39569	6
39570	6
39571	23
39572	19
39573	22
39574	12
39575	22
39576	32
39578	22
39579	31
39581	12
39582	15
39583	33
39584	13
39585	33
39586	12
39587	11
39588	8
39589	49
39590	17
39592	10
39593	26
39594	8
39595	8
39596	54
39597	20
39598	11
39599	9
39600	17
39601	34
39602	32
39603	19
39604	24
39605	5
39606	34
39607	6
39608	5
39609	10
39610	10
39611	1
39613	18
39614	33
39615	12
39616	3
39617	15
39618	35
39619	21
39620	15
39623	10
39625	11
39626	19
39627	15
39628	6
39630	10
39632	31
39633	15
39634	16
39635	21
39637	65
39638	17
39639	12
39640	10
39641	26
39642	17
39643	10
39644	2
39645	12
39646	16
39648	31
39649	23
39650	28
39652	6
39654	6
39655	6
39657	9
39658	12
39659	15
39660	16
39661	10
39662	13
39663	0
39664	15
39667	30
39669	16
39670	20
39671	14
39673	22
39674	23
39675	31
39676	15
39677	7
39678	5
39679	29
39680	16
39681	14
39682	18
39683	23
39684	10
39685	24
39686	58
39687	40
39688	21
39689	11
39690	37
39691	21
39692	24
39693	18
39694	9
39696	6
39697	33
39698	6
39699	1
39700	16
39701	21
39702	26
39703	9
39704	4
39705	9
39706	6
39707	16
39708	10
39709	21
39710	40
39711	10
39713	13
39714	18
39715	0
39716	19
39717	11
39718	9
39719	10
39720	44
39721	3
39722	10
39723	13
39724	48
39725	13
39727	11
39728	37
39729	15
39730	13
39732	3
39733	36
39735	6
39736	12
39737	30
39738	14
39739	18
39740	17
39742	7
39743	5
39744	10
39745	19
39746	20
39747	6
39748	15
39750	8
39751	24
39752	10
39753	15
39754	14
39756	20
39757	22
39758	8
39759	12
39760	13
39761	6
39762	27
39763	18
39765	19
39766	21
39767	18
39768	14
39769	11
39770	26
39771	10
39772	24
39773	16
39774	12
39775	8
39776	12
39777	36
39778	5
39779	9
39781	9
39782	29
39783	13
39784	22
39785	17
39786	6
39787	5
39788	11
39789	19
39790	24
39791	12
39795	9
39796	10
39797	11
39798	13
39799	5
39800	29
39803	18
39804	42
39805	15
39806	17
39807	19
39808	14
39809	5
39810	23
39811	7
39812	38
39813	10
39814	10
39815	26
39816	11
39817	74
39818	16
39819	10
39820	26
39821	3
39822	21
39823	8
39824	19
39825	13
39826	10
39827	9
39828	10
39829	19
39830	29
39831	20
39832	48
39833	13
39834	9
39835	47
39836	31
39837	31
39839	13
39840	22
39841	15
39842	16
39844	20
39845	10
39848	28
39849	8
39850	8
39851	13
39852	15
39853	22
39854	27
39855	19
39856	14
39857	11
39858	5
39859	18
39860	13
39861	33
39863	13
39864	7
39865	20
39866	11
39867	14
39869	14
39870	10
39871	12
39872	23
39873	9
39874	45
39875	15
39876	6
39877	10
39878	0
39879	0
39880	8
39881	16
39882	7
39883	12
39884	4
39885	9
39886	13
39887	22
39888	31
39889	16
39890	5
39891	16
39894	12
39895	22
39896	29
39898	6
39899	18
39900	13
39901	21
39903	18
39905	6
39906	3
39907	5
39908	6
39909	44
39910	7
39911	6
39912	40
39913	16
39914	25
39915	28
39916	16
39917	13
39918	7
39919	12
39920	6
39921	18
39923	11
39924	20
39925	3
39926	7
39927	21
39928	27
39929	12
39930	11
39931	24
39933	6
39934	8
39935	15
39936	28
39937	29
39938	5
39939	16
39940	10
39941	20
39942	10
39943	15
39944	8
39945	4
39946	12
39947	12
39948	15
39949	19
39950	7
39951	9
39952	20
39953	11
39954	25
39955	6
39956	14
39957	15
39958	12
39959	6
39960	6
39961	12
39962	3
39963	19
39964	18
39966	14
39967	10
39968	0
39969	35
39970	10
39971	31
39972	0
39973	11
39974	27
39975	4
39976	10
39977	6
39978	9
39979	15
39980	8
39981	4
39982	24
39983	23
39984	27
39985	13
39986	15
39987	42
39988	5
39989	17
39990	10
39991	12
39993	20
39994	6
39995	9
39996	21
39997	7
39998	18
40001	25
40002	26
40003	16
40005	13
40006	11
40007	8
40008	10
40009	52
40010	21
40011	12
40013	20
40014	11
40015	10
40016	14
40017	13
40019	31
40020	18
40021	12
40022	14
40023	24
40024	22
40025	40
40026	25
40027	23
40028	19
40029	7
40030	14
40032	16
40033	3
40034	38
40035	22
40036	16
40037	19
40038	20
40039	16
40040	12
40042	18
40043	18
40044	8
40045	27
40046	18
40047	6
40048	23
40049	34
40050	32
40051	15
40052	12
40053	32
40054	17
40055	18
40056	28
40057	8
40058	8
40059	28
40060	7
40061	17
40062	13
40063	14
40064	4
40065	12
40066	15
40067	6
40068	6
40069	15
40070	11
40071	19
40073	34
40074	14
40075	5
40076	13
40077	27
40078	12
40081	5
40082	37
40083	43
40084	10
40085	16
40087	18
40088	30
40090	24
40091	1
40093	25
40094	27
40095	14
40096	12
40097	29
40098	15
40099	25
40100	5
40101	8
40102	10
40103	5
40104	20
40106	15
40108	4
40111	12
40112	24
40113	16
40114	12
40115	4
40116	9
40117	5
40118	6
40119	41
40120	15
40121	13
40122	0
40123	12
40125	41
40126	9
40127	1
40128	2
40129	2
40130	11
40132	17
40134	12
40135	20
40136	19
40137	11
40140	13
40141	27
40142	30
40143	22
40144	33
40145	11
40146	16
40147	12
40149	19
40150	9
40151	36
40152	20
40153	14
40154	43
40155	7
40156	17
40157	37
40158	8
40159	28
40161	3
40162	17
40163	7
40164	11
40165	9
40166	35
40167	38
40168	0
40169	19
40170	25
40171	7
40172	15
40174	2
40175	17
40176	18
40177	22
40178	9
40179	16
40180	16
40181	7
40182	20
40183	3
40184	20
40185	20
40186	12
40188	9
40189	5
40191	10
40192	6
40193	14
40194	13
40195	24
40196	16
40197	22
40198	6
40199	14
40200	3
40202	5
40203	31
40204	32
40205	23
40206	6
40207	25
40208	3
40209	11
40210	9
40211	8
40212	19
40213	11
40214	27
40215	3
40216	4
40217	26
40218	10
40220	11
40221	15
40222	19
40223	6
40226	4
40227	13
40228	1
40229	4
40230	7
40231	9
40233	7
40234	16
40235	18
40237	12
40238	14
40239	41
40240	7
40241	12
40243	4
40244	23
40246	12
40247	28
40248	10
40249	10
40250	24
40251	14
40252	23
40253	24
40254	8
40255	22
40256	14
40257	9
40258	13
40259	16
40260	12
40261	8
40262	6
40263	21
40264	21
40265	13
40266	28
40267	8
40268	13
40269	41
40270	25
40271	16
40272	23
40273	8
40274	20
40275	21
40276	12
40277	12
40279	9
40280	12
40282	18
40283	16
40284	20
40285	14
40286	15
40287	30
40288	15
40289	10
40290	14
40291	10
40292	25
40293	6
40294	31
40295	5
40296	9
40297	12
40299	18
40300	14
40301	40
40302	5
40304	39
40305	4
40306	30
40307	31
40308	23
40309	22
40310	39
40311	14
40312	12
40313	27
40314	12
40315	10
40316	22
40317	10
40318	23
40319	29
40320	11
40322	13
40323	22
40325	12
40326	25
40328	4
40329	29
40330	6
40331	12
40333	13
40334	6
40335	26
40337	13
40338	22
40339	32
40340	11
40341	30
40342	28
40345	14
40346	8
40347	17
40348	16
40351	12
40352	9
40353	19
40354	17
40355	13
40356	11
40357	16
40358	20
40359	13
40360	11
40361	21
40362	8
40363	12
40364	15
40365	26
40366	3
40367	9
40368	1
40369	0
40370	21
40371	20
40372	29
40374	17
40376	24
40379	9
40380	16
40381	29
40383	21
40384	13
40385	12
40386	10
40387	25
40388	6
40389	5
40390	7
40391	11
40392	26
40393	32
40394	11
40395	22
40396	11
40397	34
40399	12
40400	24
40401	13
40402	6
40403	43
40404	6
40405	7
40406	25
40407	17
40408	9
40409	35
40410	5
40411	36
40413	17
40415	7
40416	14
40417	25
40418	1
40419	17
40420	12
40421	9
40422	5
40423	39
40424	13
40425	13
40426	12
40427	25
40428	18
40430	20
40431	9
40432	17
40433	6
40434	4
40435	30
40436	12
40437	38
40438	46
40439	17
40440	10
40441	11
40442	12
40443	25
40444	45
40445	27
40446	31
40447	41
40448	13
40449	3
40450	15
40451	12
40452	32
40453	34
40454	10
40455	34
40456	17
40457	11
40458	14
40459	11
40460	3
40462	26
40463	15
40464	9
40466	11
40467	16
40468	7
40469	11
40470	15
40471	45
40472	21
40473	17
40474	5
40475	25
40478	9
40479	19
40480	26
40481	16
40482	30
40483	7
40485	25
40486	33
40487	29
40488	25
40489	22
40490	11
40491	31
40492	7
40493	4
40494	23
40495	24
40496	5
40497	12
40498	5
40499	27
40500	17
40501	26
40503	8
40504	19
40505	45
40506	29
40509	7
40510	2
40511	7
40512	4
40513	19
40514	16
40515	1
40516	6
40517	9
40518	25
40519	13
40520	4
40521	8
40522	13
40523	7
40525	10
40526	20
40527	32
40528	12
40529	37
40530	16
40531	31
40532	13
40533	13
40534	24
40536	9
40537	26
40538	27
40539	20
40540	35
40541	6
40542	17
40543	24
40544	19
40545	7
40546	14
40547	27
40549	4
40550	44
40552	9
40553	21
40554	23
40555	32
40556	17
40558	19
40559	15
40560	0
40561	12
40562	18
40563	5
40564	17
40566	28
40567	13
40568	22
40570	20
40571	8
40573	21
40574	37
40575	27
40577	26
40578	15
40579	4
40580	10
40581	24
40582	12
40583	15
40584	31
40585	24
40586	9
40587	10
40588	9
40589	14
40590	13
40591	13
40592	17
40593	26
40594	19
40595	14
40596	7
40597	11
40598	8
40599	28
40600	12
40601	18
40603	14
40604	13
40605	9
40606	13
40608	1
40609	19
40610	13
40611	13
40612	12
40613	6
40614	6
40615	54
40617	11
40618	5
40619	23
40620	16
40621	4
40623	7
40624	24
40625	11
40626	8
40628	20
40629	11
40630	4
40631	17
40632	14
40634	27
40635	14
40636	20
40637	27
40638	26
40639	1
40640	27
40641	16
40642	17
40643	7
40644	7
40645	11
40646	11
40647	9
40648	18
40649	11
40650	23
40652	3
40653	5
40654	10
40655	10
40656	6
40657	10
40659	16
40660	13
40661	25
40662	14
40663	16
40664	17
40665	23
40666	9
40667	18
40668	17
40669	41
40671	3
40673	4
40675	20
40676	9
40678	17
40679	12
40680	15
40681	23
40682	10
40683	40
40685	9
40686	8
40687	16
40689	14
40691	13
40692	31
40693	26
40694	29
40695	30
40696	24
40697	10
40698	5
40699	8
40700	31
40701	37
40702	2
40703	12
40704	16
40705	19
40706	4
40707	32
40709	27
40710	30
40711	4
40712	7
40713	16
40714	20
40715	21
40716	28
40717	5
40718	4
40719	18
40720	9
40721	16
40722	20
40723	12
40724	0
40726	6
40727	33
40729	5
40730	12
40731	7
40732	12
40734	5
40735	4
40736	3
40737	25
40738	26
40741	3
40743	6
40744	18
40745	7
40746	26
40747	15
40748	4
40749	11
40751	18
40752	8
40753	7
40754	9
40755	12
40756	14
40759	21
40760	6
40761	14
40762	8
40763	18
40764	29
40765	7
40766	14
40767	2
40768	19
40769	30
40770	7
40771	13
40772	28
40774	7
40775	33
40776	14
40777	24
40778	8
40779	12
40780	16
40781	10
40782	22
40783	24
40784	18
40785	1
40786	11
40787	4
40788	7
40789	13
40790	7
40791	20
40792	7
40793	8
40794	28
40795	9
40796	16
40797	9
40798	23
40799	8
40800	14
40801	8
40802	25
40803	15
40804	5
40805	13
40806	11
40807	14
40808	26
40809	27
40810	8
40811	9
40812	15
40813	9
40814	27
40815	16
40816	18
40818	19
40819	10
40820	17
40821	10
40822	8
40823	29
40824	24
40825	11
40827	18
40828	23
40829	22
40830	12
40831	40
40832	16
40833	1
40834	9
40835	5
40836	29
40837	10
40838	8
40839	19
40840	9
40841	16
40842	29
40843	5
40844	13
40845	17
40846	6
40847	20
40848	12
40849	17
40851	26
40852	9
40853	41
40856	11
40857	16
40859	23
40860	22
40861	6
40863	7
40864	43
40865	9
40866	24
40867	12
40868	19
40869	20
40870	3
40871	2
40872	9
40873	27
40874	15
40875	16
40876	10
40877	39
40878	34
40879	7
40880	5
40881	12
40882	11
40883	15
40886	13
40887	15
40888	10
40889	9
40890	24
40891	4
40892	24
40893	24
40894	15
40895	11
40896	32
40897	23
40898	9
40899	4
40900	8
40901	8
40902	16
40903	11
40904	6
40905	16
40906	49
40907	4
40908	9
40909	42
40910	40
40911	6
40912	19
40914	5
40915	29
40916	7
40917	19
40918	14
40919	38
40920	24
40922	18
40923	15
40924	28
40925	10
40926	10
40928	19
40929	20
40930	8
40931	8
40932	1
40933	11
40934	1
40935	33
40936	13
40937	13
40939	14
40940	12
40942	3
40943	7
40944	5
40945	20
40946	5
40947	17
40948	20
40949	23
40950	19
40951	21
40953	20
40954	14
40955	25
40957	29
40958	33
40959	20
40960	9
40961	12
40962	18
40963	11
40964	6
40965	18
40966	13
40967	8
40968	5
40970	14
40971	22
40972	13
40973	17
40974	10
40975	36
40976	19
40977	18
40978	11
40979	5
40980	24
40981	11
40982	16
40983	32
40984	17
40986	3
40987	16
40991	15
40992	12
40993	21
40994	39
40995	11
40996	4
40997	13
40998	5
41002	15
41003	11
41004	14
41005	12
41006	18
41007	15
41008	24
41009	14
41010	18
41011	25
41012	2
41013	10
41014	7
41016	15
41019	9
41020	8
41021	24
41023	13
41024	28
41025	7
41026	25
41027	13
41028	5
41029	35
41030	25
41032	18
41033	19
41034	11
41036	18
41037	32
41038	20
41039	9
41040	9
41041	7
41042	6
41044	4
41046	14
41047	19
41048	8
41049	14
41050	11
41051	13
41052	32
41053	7
41054	4
41055	4
41056	15
41057	9
41058	41
41059	27
41060	4
41061	16
41062	4
41063	4
41064	13
41065	20
41066	2
41067	10
41068	9
41069	29
41070	3
41071	19
41072	11
41073	0
41074	14
41076	12
41077	7
41078	29
41081	16
41082	18
41083	10
41084	50
41085	16
41086	6
41088	2
41089	27
41090	16
41091	3
41093	12
41094	17
41095	6
41096	17
41098	27
41099	19
41102	36
41103	2
41104	5
41105	12
41106	18
41108	5
41110	12
41111	34
41112	19
41113	23
41114	18
41116	11
41118	5
41119	10
41120	37
41121	41
41122	9
41128	2
41129	31
41130	22
41131	12
41133	9
41134	8
41137	11
41138	47
41139	28
41141	5
41142	8
41143	24
41144	10
41145	8
41146	19
41147	11
41148	13
41149	14
41150	22
41152	34
41153	40
41154	21
41155	4
41157	0
41158	25
41159	17
41160	9
41161	33
41163	25
41164	12
41165	4
41166	10
41167	3
41168	28
41169	25
41170	36
41171	14
41172	21
41173	9
41174	43
41175	22
41176	6
41177	25
41178	23
41180	47
41181	18
41182	10
41183	25
41184	27
41185	9
41186	25
41187	8
41188	5
41189	11
41191	10
41192	9
41193	11
41194	10
41197	18
41199	9
41200	20
41201	24
41202	4
41203	5
41204	13
41205	11
41206	14
41207	25
41208	16
41209	33
41210	39
41211	6
41212	4
41213	19
41214	2
41215	9
41216	22
41217	26
41218	56
41219	20
41220	19
41221	5
41222	39
41223	19
41224	12
41225	10
41226	15
41227	31
41228	14
41229	25
41230	36
41232	35
41233	18
41234	5
41235	11
41236	7
41237	14
41238	19
41239	30
41240	20
41241	3
41242	34
41243	21
41245	20
41246	6
41247	5
41248	5
41249	28
41251	21
41252	25
41253	14
41254	14
41255	11
41256	13
41257	17
41258	9
41260	6
41261	2
41262	9
41263	8
41264	30
41265	19
41266	8
41267	5
41268	27
41269	4
41270	14
41271	14
41273	2
41274	17
41275	12
41278	32
41279	15
41280	2
41281	10
41282	16
41283	13
41284	5
41285	28
41286	19
41288	11
41289	13
41291	6
41292	15
41293	17
41294	12
41295	26
41297	16
41298	7
41299	22
41300	20
41302	11
41303	22
41305	15
41306	17
41308	4
41309	17
41310	19
41311	17
41312	15
41313	14
41314	30
41315	12
41317	27
41318	16
41319	20
41320	11
41321	30
41322	16
41323	3
41324	14
41325	18
41327	23
41328	22
41329	30
41331	7
41332	25
41333	4
41334	21
41335	15
41336	22
41337	15
41338	11
41339	2
41340	6
41341	5
41344	6
41345	10
41346	25
41347	16
41348	7
41349	7
41351	15
41352	19
41353	23
41354	22
41355	25
41356	8
41357	14
41360	17
41361	6
41362	22
41364	12
41366	10
41367	8
41368	5
41369	26
41370	32
41371	17
41372	15
41373	15
41374	7
41375	27
41377	18
41379	4
41381	19
41382	18
41383	20
41384	38
41386	21
41387	7
41388	15
41389	9
41390	9
41391	25
41392	11
41393	17
41394	6
41395	20
41396	38
41400	23
41401	20
41404	17
41406	20
41407	12
41408	16
41409	18
41411	15
41412	5
41413	14
41415	23
41418	19
41419	20
41420	54
41421	24
41422	10
41423	38
41425	6
41426	14
41428	8
41429	12
41430	11
41431	31
41432	22
41433	8
41435	13
41436	22
41437	18
41438	11
41439	10
41440	18
41441	8
41442	3
41443	21
41444	9
41445	7
41446	25
41447	16
41448	32
41449	1
41450	8
41451	32
41453	5
41454	6
41455	17
41456	21
41458	7
41459	24
41460	37
41461	9
41462	3
41463	20
41464	9
41466	8
41467	8
41468	3
41469	23
41470	3
41471	21
41472	2
41474	17
41475	24
41477	27
41478	19
41479	10
41480	22
41481	62
41482	3
41483	1
41484	6
41485	13
41487	18
41488	37
41489	30
41490	16
41491	12
41493	9
41494	7
41495	54
41496	32
41497	13
41498	13
41499	8
41501	16
41502	8
41504	26
41505	20
41506	26
41507	14
41508	6
41509	19
41511	9
41512	13
41513	28
41514	8
41516	35
41517	7
41518	12
41519	30
41520	31
41521	6
41522	21
41523	4
41524	23
41525	13
41526	9
41527	8
41528	3
41529	7
41530	44
41531	0
41532	11
41533	5
41534	13
41535	7
41536	4
41537	15
41538	37
41539	10
41540	31
41541	27
41542	8
41543	13
41544	11
41545	20
41547	17
41548	15
41549	16
41550	20
41551	13
41552	22
41553	10
41554	13
41555	7
41556	20
41558	18
41559	24
41560	14
41561	20
41562	38
41563	19
41564	5
41565	37
41566	11
41567	11
41568	13
41569	8
41570	5
41571	8
41572	18
41573	4
41574	16
41575	8
41576	5
41577	35
41578	9
41580	21
41582	13
41583	27
41584	18
41585	5
41587	16
41589	23
41590	28
41591	21
41592	0
41593	14
41594	17
41595	26
41596	20
41597	9
41598	7
41599	42
41601	4
41602	26
41604	14
41605	6
41606	16
41607	21
41608	10
41609	17
41610	7
41611	4
41612	16
41613	21
41614	14
41615	15
41616	32
41617	10
41619	15
41620	11
41621	7
41622	10
41623	6
41624	17
41625	8
41627	9
41628	0
41630	8
41631	1
41632	7
41633	21
41634	18
41635	20
41636	6
41637	17
41638	9
41640	16
41641	18
41642	27
41643	28
41644	13
41646	16
41647	10
41648	5
41649	3
41650	9
41651	13
41652	9
41653	2
41654	27
41655	16
41656	12
41657	9
41658	4
41659	8
41660	30
41661	6
41662	17
41664	20
41665	33
41667	23
41668	11
41669	31
41670	5
41671	20
41672	17
41673	14
41674	17
41675	27
41676	21
41677	8
41678	14
41679	9
41680	2
41681	9
41682	30
41683	27
41684	22
41685	30
41686	24
41687	23
41688	16
41689	4
41690	5
41691	17
41692	28
41693	12
41694	19
41695	17
41696	28
41697	11
41698	14
41699	14
41701	28
41702	11
41705	13
41706	23
41708	38
41709	28
41710	6
41711	21
41712	15
41713	5
41714	21
41715	25
41718	20
41719	19
41720	16
41721	5
41722	13
41723	13
41724	4
41725	29
41728	21
41730	27
41731	14
41732	7
41733	8
41734	6
41735	14
41736	14
41737	19
41738	11
41739	12
41740	18
41741	17
41742	19
41743	34
41744	7
41745	1
41746	32
41750	24
41751	6
41752	13
41753	20
41754	2
41755	14
41757	0
41758	5
41759	17
41760	27
41761	19
41762	36
41763	14
41764	9
41765	15
41766	12
41768	20
41769	14
41770	12
41771	25
41772	10
41773	24
41775	27
41776	21
41777	38
41778	13
41779	17
41780	14
41781	7
41782	35
41784	8
41786	24
41787	29
41788	11
41789	8
41790	20
41791	6
41792	11
41794	8
41795	17
41796	19
41799	2
41800	28
41801	3
41802	25
41803	15
41805	14
41806	10
41807	4
41808	11
41809	15
41810	17
41811	21
41812	3
41813	22
41815	22
41816	9
41819	14
41820	12
41821	39
41822	2
41824	30
41825	26
41827	20
41828	31
41829	27
41830	21
41831	23
41832	14
41833	54
41834	18
41835	9
41836	7
41837	7
41838	13
41839	29
41840	10
41841	15
41843	31
41844	27
41846	13
41847	3
41848	6
41849	22
41851	9
41852	36
41853	9
41854	14
41855	15
41856	32
41857	11
41858	16
41859	12
41861	15
41862	19
41863	26
41864	5
41865	13
41866	6
41867	19
41868	25
41869	14
41870	6
41871	6
41873	10
41874	23
41875	13
41876	10
41877	5
41878	14
41879	13
41881	12
41882	9
41884	13
41885	12
41886	37
41888	31
41889	2
41890	8
41891	38
41892	5
41893	25
41894	17
41895	25
41896	11
41897	11
41898	16
41900	3
41901	16
41902	48
41903	12
41904	12
41905	33
41906	15
41907	26
41908	18
41909	27
41910	14
41911	3
41912	14
41913	28
41915	21
41916	17
41917	17
41919	19
41920	25
41921	15
41922	12
41923	24
41924	0
41925	20
41927	12
41928	20
41929	24
41930	10
41931	22
41935	18
41936	15
41937	4
41939	9
41940	18
41942	5
41943	39
41944	26
41945	14
41946	4
41947	22
41948	10
41949	16
41950	14
41951	25
41952	6
41953	12
41954	3
41955	3
41956	11
41957	41
41958	21
41959	1
41961	7
41962	19
41963	1
41964	6
41965	13
41966	9
41967	10
41968	23
41969	5
41970	12
41971	6
41972	12
41973	15
41974	6
41976	6
41977	38
41978	18
41980	3
41981	4
41983	29
41984	4
41985	9
41986	29
41988	9
41989	7
41990	19
41991	17
41992	15
41993	29
41994	25
41995	27
41996	12
41997	11
41998	32
42001	11
42002	15
42003	40
42004	17
42005	12
42006	22
42007	3
42008	6
42009	11
42012	15
42013	5
42014	23
42015	10
42017	10
42018	18
42019	22
42020	42
42021	13
42022	8
42023	18
42024	19
42025	20
42026	19
42027	7
42028	10
42029	15
42030	4
42031	14
42033	18
42034	39
42035	8
42037	30
42038	8
42039	3
42040	16
42041	9
42042	13
42043	12
42044	22
42045	12
42046	17
42047	12
42048	29
42049	6
42050	10
42051	30
42052	12
42053	18
42054	16
42055	12
42056	8
42060	25
42061	5
42062	23
42064	20
42065	10
42066	1
42067	5
42069	47
42070	12
42071	14
42072	11
42073	17
42075	29
42076	5
42077	11
42078	12
42079	23
42080	31
42081	32
42082	20
42083	18
42086	11
42087	34
42088	18
42089	7
42090	18
42091	1
42092	20
42093	14
42094	9
42095	14
42097	27
42098	7
42099	22
42100	11
42101	13
42102	31
42104	24
42106	14
42107	25
42109	6
42110	18
42111	12
42112	6
42113	12
42114	19
42115	8
42116	6
42117	30
42118	13
42119	10
42120	16
42121	15
42122	7
42124	10
42125	12
42126	11
42128	17
42129	16
42130	0
42131	0
42132	9
42133	15
42134	8
42135	17
42136	21
42137	21
42138	24
42139	3
42140	7
42141	20
42142	21
42143	13
42145	12
42146	3
42147	20
42148	10
42149	31
42150	13
42154	14
42155	7
42156	32
42157	28
42158	3
42159	7
42160	34
42161	23
42162	1
42163	10
42164	12
42165	7
42167	7
42168	19
42169	14
42173	35
42174	28
42175	13
42176	8
42177	22
42178	13
42179	23
42180	12
42181	16
42182	22
42183	25
42184	22
42185	23
42186	16
42188	19
42189	26
42190	27
42191	24
42192	8
42193	13
42194	10
42196	32
42197	14
42198	36
42199	23
42200	16
42202	27
42203	6
42204	27
42205	19
42207	15
42208	37
42209	11
42210	46
42211	28
42212	21
42213	10
42214	44
42215	9
42216	9
42217	14
42218	21
42219	19
42220	24
42221	26
42222	9
42223	8
42224	18
42225	13
42227	12
42228	7
42229	16
42230	23
42231	7
42232	8
42233	9
42234	17
42235	12
42236	8
42237	14
42239	34
42240	10
42241	28
42242	13
42243	29
42244	13
42245	19
42246	2
42247	1
42248	14
42249	3
42250	11
42251	14
42252	4
42253	20
42254	12
42256	9
42257	9
42259	13
42260	13
42261	35
42262	2
42263	37
42264	11
42265	18
42266	5
42267	11
42268	15
42269	24
42270	19
42271	3
42272	39
42275	11
42276	38
42277	15
42278	38
42279	23
42280	19
42281	4
42282	2
42283	16
42284	6
42285	15
42286	13
42287	40
42288	8
42289	31
42290	14
42292	30
42293	9
42294	23
42295	21
42296	21
42297	7
42298	7
42299	23
42300	17
42301	12
42302	12
42303	4
42305	42
42307	5
42308	24
42310	6
42311	2
42312	14
42313	14
42314	13
42315	18
42316	12
42317	13
42319	7
42320	11
42321	6
42322	18
42323	11
42324	22
42325	20
42326	23
42328	10
42329	26
42330	5
42331	16
42332	14
42333	22
42336	13
42337	4
42338	12
42340	10
42341	23
42342	30
42343	23
42345	41
42346	4
42348	22
42349	19
42350	18
42351	17
42352	6
42353	18
42354	18
42355	29
42356	19
42357	10
42359	10
42360	1
42361	7
42362	19
42363	17
42364	20
42367	42
42369	24
42370	13
42371	14
42372	11
42373	18
42374	26
42375	26
42376	38
42377	37
42378	16
42379	22
42380	9
42381	10
42382	3
42383	15
42384	33
42385	37
42386	10
42387	8
42388	35
42389	5
42390	27
42391	18
42392	9
42393	18
42394	20
42395	19
42396	10
42397	12
42399	32
42400	8
42401	10
42402	9
42403	20
42404	33
42406	7
42408	23
42409	34
42410	17
42411	20
42412	29
42413	19
42414	19
42415	5
42416	3
42417	34
42418	1
42419	4
42420	9
42421	15
42422	8
42423	8
42424	2
42426	10
42427	39
42428	20
42429	11
42430	21
42431	37
42432	11
42433	12
42434	18
42435	27
42436	39
42437	23
42438	30
42439	15
42440	15
42442	10
42443	48
42444	8
42445	32
42447	18
42449	9
42450	22
42451	18
42452	22
42454	7
42455	23
42457	7
42458	26
42459	9
42460	13
42461	34
42462	7
42463	32
42464	11
42466	7
42468	18
42469	30
42470	24
42471	29
42472	5
42473	9
42474	15
42475	8
42476	13
42477	33
42478	30
42479	22
42480	19
42481	10
42482	23
42483	21
42484	22
42485	19
42486	23
42487	15
42488	8
42489	14
42490	11
42491	36
42492	10
42494	17
42495	60
42496	13
42497	8
42498	22
42499	5
42500	5
42501	18
42502	18
42503	16
42504	21
42505	25
42506	6
42507	6
42508	29
42510	27
42511	6
42512	14
42513	7
42514	22
42516	18
42517	9
42518	60
42520	17
42521	15
42522	23
42523	8
42524	22
42525	16
42526	10
42527	7
42528	25
42530	5
42531	15
42532	25
42533	39
42535	7
42536	15
42538	9
42539	5
42541	16
42542	9
42543	24
42544	13
42545	14
42546	21
42547	13
42548	39
42549	18
42550	7
42552	18
42553	3
42554	9
42558	12
42559	18
42560	25
42562	17
42564	40
42565	11
42566	7
42567	26
42568	11
42570	16
42571	13
42572	15
42573	16
42575	35
42576	9
42577	9
42578	23
42579	20
42580	17
42581	9
42582	8
42584	13
42585	33
42586	23
42587	17
42588	2
42589	16
42590	34
42591	9
42592	6
42593	12
42594	14
42595	4
42596	18
42597	29
42598	3
42599	15
42600	14
42601	32
42602	28
42604	15
42605	15
42606	17
42608	10
42610	15
42612	28
42614	10
42615	21
42616	15
42617	15
42618	11
42620	16
42621	12
42622	30
42623	3
42624	26
42625	10
42627	20
42628	16
42629	14
42630	28
42631	23
42632	1
42633	3
42634	27
42636	40
42637	18
42638	17
42639	5
42640	13
42641	15
42642	25
42643	10
42646	3
42647	11
42648	36
42649	9
42650	11
42651	14
42653	33
42654	9
42655	4
42657	12
42658	22
42659	3
42660	40
42661	9
42662	7
42663	18
42664	22
42665	19
42666	12
42667	25
42669	9
42670	34
42671	11
42673	23
42674	18
42676	3
42677	21
42678	18
42680	27
42681	17
42683	16
42684	10
42685	20
42686	41
42687	27
42689	29
42690	20
42692	16
42693	6
42694	14
42695	20
42696	3
42697	14
42698	11
42700	3
42701	46
42702	10
42704	40
42705	13
42707	23
42708	6
42709	27
42711	14
42712	16
42713	30
42714	14
42715	18
42716	32
42717	27
42718	21
42720	10
42721	9
42722	24
42723	13
42724	31
42725	21
42726	13
42727	12
42728	26
42729	4
42730	24
42731	29
42732	10
42733	10
42734	46
42735	14
42736	19
42737	43
42738	5
42739	15
42740	20
42742	26
42743	12
42744	24
42745	5
42746	7
42747	27
42748	10
42749	14
42750	25
42751	13
42752	13
42753	19
42754	17
42755	43
42756	10
42758	6
42759	15
42760	16
42761	3
42762	3
42763	18
42764	8
42765	13
42767	13
42768	21
42769	12
42770	11
42771	39
42772	15
42773	9
42774	29
42776	12
42777	17
42778	5
42779	34
42780	11
42781	18
42782	27
42783	18
42784	20
42785	33
42786	10
42787	14
42788	18
42790	9
42791	22
42792	11
42793	4
42795	26
42796	0
42797	6
42798	1
42799	22
42800	7
42801	35
42802	5
42803	16
42804	11
42805	15
42806	24
42808	36
42809	19
42810	11
42811	28
42812	37
42813	18
42814	8
42816	23
42818	31
42819	25
42820	17
42822	9
42823	13
42824	7
42825	19
42826	9
42827	24
42828	19
42829	12
42830	5
42831	13
42832	39
42833	23
42834	12
42835	27
42836	3
42837	15
42838	18
42840	9
42841	5
42842	8
42843	5
42845	10
42846	18
42847	13
42848	7
42849	4
42850	12
42851	10
42852	32
42853	6
42854	27
42855	23
42856	28
42858	38
42859	18
42860	8
42862	11
42863	33
42864	28
42865	5
42866	20
42867	13
42868	14
42869	31
42870	11
42871	24
42873	10
42874	11
42875	21
42876	12
42879	6
42880	0
42881	7
42882	22
42883	19
42884	14
42885	17
42886	13
42888	10
42889	16
42890	20
42891	12
42892	9
42893	15
42894	16
42897	6
42899	6
42900	11
42902	5
42903	17
42904	15
42905	8
42906	16
42907	24
42908	24
42910	32
42911	19
42912	6
42913	1
42915	22
42916	8
42917	11
42918	16
42919	6
42920	15
42922	14
42923	6
42925	12
42926	10
42927	36
42928	27
42929	12
42930	21
42932	0
42933	9
42934	14
42936	14
42937	9
42939	20
42940	10
42941	8
42942	10
42943	15
42944	9
42945	8
42946	18
42947	14
42948	6
42949	20
42950	17
42951	24
42953	25
42955	10
42957	7
42959	9
42960	22
42961	9
42962	18
42964	38
42965	16
42966	6
42967	6
42968	27
42970	7
42972	8
42973	12
42974	3
42975	20
42976	7
42977	32
42978	48
42979	16
42980	16
42981	20
42982	22
42983	15
42984	18
42985	23
42986	12
42987	8
42988	19
42989	15
42990	43
42991	15
42992	21
42993	15
42994	35
42996	40
42997	9
42998	16
42999	4
43000	15
43001	15
43002	22
43003	16
43004	4
43005	24
43006	26
43007	27
43009	10
43011	36
43012	19
43013	14
43014	19
43015	17
43016	14
43017	14
43018	4
43019	24
43020	14
43021	19
43022	26
43023	10
43024	11
43025	8
43026	17
43028	14
43029	17
43030	22
43031	11
43032	6
43033	10
43034	8
43035	9
43036	14
43037	26
43038	35
43040	9
43041	13
43043	22
43044	11
43045	4
43046	7
43047	11
43048	31
43049	16
43051	21
43053	24
43054	22
43055	17
43056	26
43057	16
43058	29
43060	31
43061	9
43062	25
43063	5
43064	5
43066	23
43067	12
43068	13
43069	4
43070	3
43071	12
43072	27
43073	15
43074	9
43076	23
43077	12
43079	14
43080	5
43081	16
43082	30
43083	10
43084	23
43085	12
43086	6
43087	6
43088	17
43089	17
43090	32
43091	29
43092	3
43093	12
43094	16
43095	8
43096	10
43097	4
43098	25
43099	28
43100	8
43101	17
43102	10
43103	11
43104	46
43105	29
43107	16
43108	13
43109	20
43110	12
43111	11
43112	17
43114	28
43115	20
43116	18
43117	37
43118	11
43119	21
43120	4
43121	23
43122	20
43124	12
43125	17
43126	19
43127	20
43128	15
43129	26
43130	21
43131	11
43133	8
43134	8
43135	47
43136	34
43137	9
43138	23
43139	13
43140	3
43141	9
43142	32
43143	24
43144	37
43145	9
43146	8
43148	13
43149	15
43150	31
43151	16
43152	17
43153	17
43154	11
43155	26
43157	28
43158	9
43159	9
43160	12
43161	16
43162	20
43163	5
43164	6
43165	11
43166	5
43167	8
43168	22
43169	26
43171	13
43172	33
43173	16
43174	27
43175	25
43176	6
43177	16
43178	8
43179	5
43180	15
43181	5
43182	23
43183	18
43184	55
43185	32
43187	11
43188	11
43189	9
43191	18
43192	19
43193	15
43194	12
43195	25
43196	13
43197	31
43199	50
43200	14
43201	34
43202	15
43203	1
43204	11
43205	11
43206	20
43207	28
43208	8
43209	17
43210	19
43211	7
43212	13
43213	20
43214	6
43215	12
43216	9
43217	10
43218	12
43219	20
43220	9
43221	8
43222	13
43223	10
43224	24
43225	26
43226	20
43227	7
43228	35
43229	22
43230	6
43231	8
43232	9
43233	8
43234	12
43235	18
43236	17
43237	11
43238	9
43240	8
43241	30
43242	5
43244	14
43245	21
43246	4
43247	19
43248	6
43251	10
43252	9
43253	17
43255	9
43256	6
43257	10
43258	18
43259	18
43260	19
43261	4
43262	14
43263	24
43264	31
43265	10
43267	12
43268	16
43270	14
43272	15
43274	24
43275	20
43276	21
43277	32
43278	15
43279	20
43280	19
43281	20
43282	11
43284	3
43285	16
43286	10
43287	16
43288	8
43289	39
43291	27
43292	35
43294	10
43296	58
43297	19
43300	19
43301	38
43302	9
43303	24
43304	12
43305	8
43307	20
43308	4
43309	25
43310	23
43311	14
43312	18
43313	6
43314	9
43315	23
43317	20
43318	12
43319	0
43320	24
43321	49
43322	18
43323	6
43324	11
43325	22
43326	31
43328	11
43329	0
43330	14
43331	15
43333	5
43334	12
43335	33
43336	10
43338	24
43339	6
43340	29
43341	3
43342	14
43343	10
43344	10
43345	15
43346	52
43347	25
43348	27
43349	3
43351	11
43352	14
43353	10
43354	16
43355	28
43356	7
43357	9
43358	6
43359	20
43360	19
43362	6
43363	8
43364	14
43365	12
43366	9
43368	11
43369	16
43370	26
43371	13
43372	20
43374	27
43376	12
43377	7
43379	8
43380	15
43382	20
43383	22
43384	7
43385	9
43386	13
43387	17
43388	11
43389	6
43390	28
43391	22
43392	14
43393	16
43394	6
43395	46
43396	14
43397	10
43398	0
43399	14
43400	14
43401	4
43402	21
43403	26
43405	29
43406	14
43407	4
43408	33
43409	8
43410	5
43412	17
43414	2
43416	5
43417	31
43418	27
43419	21
43420	18
43422	37
43423	22
43424	14
43425	18
43426	10
43427	0
43428	10
43429	19
43430	5
43431	32
43432	8
43433	7
43434	15
43435	28
43436	38
43437	11
43439	17
43440	28
43441	13
43442	7
43443	18
43444	14
43445	5
43446	15
43447	29
43448	33
43449	13
43451	15
43452	12
43453	16
43454	9
43455	12
43456	41
43457	16
43458	12
43459	18
43460	0
43461	27
43462	27
43463	26
43464	38
43466	20
43468	27
43469	12
43470	3
43471	14
43472	2
43473	15
43474	9
43475	21
43476	15
43477	14
43478	12
43479	18
43480	24
43481	2
43482	12
43483	28
43484	16
43485	10
43486	15
43487	11
43488	28
43490	16
43491	26
43492	1
43493	38
43494	32
43496	4
43497	16
43498	13
43499	0
43500	27
43501	31
43502	11
43503	22
43504	27
43505	15
43506	13
43509	13
43510	18
43511	37
43512	6
43513	25
43514	14
43515	10
43516	49
43517	17
43518	10
43520	11
43521	32
43522	48
43523	24
43524	17
43525	26
43527	12
43528	7
43529	15
43531	22
43533	18
43534	25
43536	17
43537	27
43538	11
43540	20
43541	13
43542	13
43543	10
43544	11
43547	7
43549	4
43550	6
43551	19
43553	11
43555	16
43557	10
43558	10
43559	1
43560	17
43561	14
43562	19
43563	18
43564	13
43565	3
43566	10
43567	2
43568	39
43569	15
43572	16
43573	22
43574	12
43575	19
43579	42
43580	2
43581	10
43582	14
43583	2
43584	17
43585	22
43586	14
43587	24
43588	28
43589	16
43590	24
43591	2
43592	13
43593	14
43594	19
43595	12
43596	9
43597	25
43598	14
43599	4
43600	24
43601	14
43602	13
43603	12
43604	40
43606	10
43607	24
43608	33
43609	27
43610	33
43611	13
43612	16
43613	31
43614	15
43616	4
43617	7
43618	7
43619	24
43621	26
43622	7
43623	1
43624	11
43625	10
43626	4
43627	8
43628	29
43629	22
43630	8
43631	5
43632	10
43633	18
43634	10
43635	4
43636	22
43638	19
43639	19
43640	20
43642	12
43643	37
43644	28
43645	28
43646	12
43647	19
43648	28
43649	12
43650	18
43652	1
43653	34
43654	5
43655	31
43656	0
43657	13
43658	18
43659	25
43660	8
43661	25
43662	26
43663	16
43664	6
43665	10
43666	13
43667	9
43669	11
43670	18
43671	11
43672	20
43673	15
43674	13
43675	5
43676	49
43677	21
43678	4
43679	4
43681	16
43683	24
43684	10
43685	12
43686	11
43687	14
43690	15
43692	15
43693	16
43694	25
43695	28
43696	19
43697	20
43698	31
43699	19
43701	12
43702	33
43703	17
43704	15
43706	3
43707	15
43708	29
43709	20
43710	12
43711	3
43712	10
43713	12
43715	8
43717	26
43718	14
43719	23
43720	32
43721	19
43723	9
43724	10
43725	5
43726	21
43727	14
43728	25
43730	22
43731	11
43732	19
43733	13
43734	19
43735	49
43736	12
43737	33
43738	8
43739	9
43740	24
43741	18
43742	26
43743	20
43744	6
43745	42
43747	28
43748	17
43749	14
43750	7
43751	12
43752	25
43753	16
43754	14
43755	8
43756	31
43757	9
43758	13
43760	12
43762	17
43764	5
43765	18
43766	20
43767	50
43768	5
43769	15
43770	3
43771	22
43772	6
43773	7
43774	5
43775	19
43778	32
43779	4
43780	1
43781	16
43782	28
43783	13
43784	10
43785	33
43786	11
43790	14
43791	33
43792	29
43793	3
43794	11
43795	11
43796	8
43797	28
43798	31
43799	5
43800	8
43801	17
43802	13
43803	30
43804	18
43806	19
43807	11
43808	12
43809	20
43810	9
43811	13
43812	4
43813	45
43814	11
43816	26
43817	20
43818	26
43821	6
43822	8
43823	20
43824	16
43825	13
43826	23
43828	20
43829	14
43830	9
43831	30
43832	25
43833	29
43835	17
43836	17
43837	29
43838	37
43839	42
43840	16
43841	4
43842	4
43843	27
43844	17
43845	29
43846	14
43848	12
43849	19
43850	27
43851	12
43854	10
43856	2
43857	11
43858	7
43859	20
43860	15
43861	11
43862	12
43863	9
43864	13
43865	9
43866	6
43867	5
43869	14
43870	6
43871	48
43873	20
43875	16
43876	11
43877	14
43878	8
43879	4
43882	27
43883	6
43884	13
43885	25
43886	11
43887	17
43888	19
43889	21
43890	15
43891	14
43893	9
43894	7
43895	26
43896	10
43897	12
43898	12
43899	14
43902	22
43903	13
43904	10
43906	36
43907	28
43908	19
43909	49
43910	20
43911	10
43912	11
43913	18
43914	8
43915	16
43916	14
43917	12
43918	12
43919	7
43920	20
43921	17
43923	15
43924	9
43925	14
43926	3
43927	13
43928	6
43929	7
43930	4
43931	14
43932	12
43933	24
43934	19
43935	15
43937	8
43938	5
43940	35
43941	6
43942	13
43943	33
43945	5
43946	15
43947	8
43949	26
43950	13
43951	14
43952	15
43953	26
43954	7
43955	7
43956	15
43957	20
43958	18
43960	8
43962	17
43963	15
43964	14
43965	28
43966	14
43967	20
43968	13
43970	24
43971	27
43972	17
43973	8
43974	2
43975	13
43976	19
43977	30
43978	22
43979	20
43980	18
43981	31
43982	9
43983	5
43984	10
43985	7
43986	4
43988	11
43989	24
43990	14
43991	20
43992	25
43993	15
43994	22
43995	7
43996	21
43997	12
43998	13
43999	14
44000	3
44001	27
44002	34
44003	20
44004	31
44005	24
44006	33
44007	17
44008	11
44009	8
44010	26
44011	25
44012	9
44013	31
44014	12
44015	17
44016	23
44017	4
44018	25
44019	12
44020	15
44021	15
44022	18
44023	18
44024	13
44025	14
44026	9
44027	17
44029	30
44030	15
44031	22
44033	11
44034	5
44035	3
44036	37
44037	6
44038	27
44039	13
44040	28
44042	22
44044	28
44045	19
44046	13
44047	25
44048	34
44050	6
44051	12
44052	7
44053	17
44056	8
44058	20
44059	8
44061	6
44062	6
44063	22
44065	29
44066	19
44067	10
44069	21
44070	12
44071	11
44072	13
44073	18
44074	8
44075	9
44076	47
44077	9
44078	19
44079	6
44080	37
44081	20
44082	1
44083	29
44084	22
44086	30
44087	5
44088	14
44089	5
44090	8
44091	18
44092	4
44093	6
44094	18
44095	16
44096	2
44097	29
44100	27
44101	17
44103	12
44104	14
44105	9
44106	11
44107	18
44108	7
44109	12
44110	22
44111	21
44112	7
44113	32
44114	12
44115	10
44116	22
44117	6
44118	10
44119	8
44120	6
44121	0
44122	13
44123	38
44124	30
44127	11
44130	13
44131	9
44133	6
44134	6
44135	14
44136	13
44137	10
44139	34
44140	31
44141	11
44142	10
44143	13
44144	13
44145	21
44146	32
44147	6
44148	6
44149	22
44150	9
44151	12
44152	17
44153	14
44154	22
44156	19
44157	12
44158	2
44159	13
44160	6
44161	28
44162	14
44163	9
44164	9
44165	5
44166	12
44167	14
44168	8
44170	7
44171	12
44172	12
44173	37
44174	27
44175	6
44178	9
44179	24
44180	25
44182	17
44183	18
44184	16
44185	8
44186	3
44187	12
44188	4
44189	9
44191	8
44192	23
44193	13
44194	12
44195	20
44196	6
44197	53
44198	2
44199	12
44200	29
44201	12
44202	19
44203	5
44205	17
44209	15
44210	5
44211	3
44212	15
44214	0
44216	8
44217	1
44219	7
44220	14
44221	6
44222	21
44224	10
44225	22
44227	10
44228	31
44229	11
44231	24
44232	5
44233	7
44234	6
44235	8
44236	26
44237	26
44238	20
44239	5
44240	16
44241	29
44242	17
44243	17
44244	7
44245	9
44246	8
44247	14
44249	14
44250	19
44252	23
44253	21
44254	7
44255	9
44256	30
44257	16
44258	32
44259	31
44260	16
44261	27
44262	13
44263	24
44264	15
44266	9
44267	26
44268	36
44271	4
44272	17
44273	17
44274	22
44275	6
44276	2
44278	31
44279	18
44280	13
44281	11
44282	33
44283	8
44284	16
44285	11
44286	10
44288	28
44290	43
44292	14
44293	13
44294	11
44295	27
44296	9
44298	9
44299	25
44300	29
44301	15
44302	8
44303	18
44304	2
44305	16
44306	7
44307	32
44308	31
44309	30
44310	6
44311	12
44312	18
44313	14
44314	12
44315	5
44316	28
44317	23
44318	11
44319	14
44320	26
44321	13
44322	22
44323	2
44324	21
44326	16
44327	18
44328	12
44329	25
44330	22
44332	22
44333	13
44334	10
44335	3
44336	27
44337	19
44338	19
44342	38
44343	35
44344	18
44345	20
44346	11
44347	7
44349	8
44351	17
44352	13
44353	3
44354	33
44355	18
44357	20
44358	13
44359	32
44360	17
44362	23
44363	7
44364	22
44365	19
44366	12
44367	8
44368	14
44369	12
44370	27
44371	21
44372	4
44373	14
44374	9
44375	18
44376	20
44377	19
44378	15
44379	21
44381	3
44382	38
44383	3
44384	14
44385	10
44387	16
44388	12
44389	1
44390	22
44391	19
44392	14
44393	24
44394	24
44395	5
44396	19
44397	13
44398	24
44399	8
44400	36
44401	33
44403	10
44404	3
44405	7
44407	15
44408	25
44410	8
44411	11
44412	20
44413	11
44415	13
44416	18
44417	29
44418	23
44419	15
44421	23
44422	21
44423	14
44424	22
44425	18
44426	21
44427	27
44428	6
44429	9
44430	7
44431	13
44432	23
44433	17
44434	14
44435	7
44436	15
44437	15
44438	12
44439	14
44440	6
44442	15
44443	31
44444	26
44446	18
44447	3
44448	19
44449	13
44450	8
44451	5
44452	21
44453	20
44454	9
44455	3
44456	11
44458	8
44459	35
44460	21
44461	29
44462	6
44463	21
44464	33
44465	32
44466	24
44467	15
44468	8
44471	6
44472	0
44473	21
44475	15
44476	24
44477	12
44479	4
44480	9
44481	10
44482	23
44484	18
44485	16
44486	45
44487	9
44489	10
44492	22
44493	12
44494	32
44495	14
44496	19
44497	12
44498	6
44500	6
44501	17
44502	21
44503	5
44504	26
44505	17
44506	8
44507	14
44508	15
44509	4
44510	17
44511	3
44512	11
44514	15
44515	6
44516	5
44517	46
44518	30
44520	5
44521	15
44522	22
44523	13
44525	8
44526	44
44527	9
44528	24
44529	7
44532	11
44533	8
44534	35
44535	9
44536	6
44537	22
44538	10
44539	7
44540	22
44541	18
44542	18
44543	8
44544	7
44545	16
44546	29
44548	16
44549	37
44550	18
44551	19
44552	10
44553	27
44554	22
44555	9
44556	22
44558	13
44559	12
44560	18
44562	17
44563	18
44564	23
44565	39
44567	19
44568	10
44569	25
44570	24
44571	18
44572	7
44573	15
44574	23
44575	11
44576	41
44577	6
44578	22
44579	14
44581	18
44582	16
44583	10
44584	25
44585	8
44587	30
44588	21
44589	15
44590	16
44591	19
44593	13
44594	8
44597	15
44598	10
44599	22
44600	16
44603	11
44604	41
44605	27
44608	4
44609	13
44610	15
44611	17
44614	33
44615	44
44616	44
44617	12
44618	23
44619	11
44620	7
44621	4
44622	4
44623	4
44624	30
44625	8
44626	11
44627	21
44628	13
44629	18
44630	21
44631	16
44632	9
44634	8
44635	36
44637	9
44638	15
44639	10
44640	31
44641	24
44642	23
44643	20
44644	12
44645	7
44646	19
44647	20
44649	17
44650	29
44651	16
44652	10
44653	22
44654	7
44655	12
44656	21
44658	9
44659	2
44660	16
44661	6
44662	8
44663	0
44664	15
44665	21
44666	20
44667	22
44668	19
44670	16
44672	17
44673	18
44674	52
44675	32
44676	28
44677	14
44678	20
44679	23
44680	13
44681	10
44682	4
44683	39
44684	8
44685	28
44686	21
44688	8
44689	24
44690	11
44692	34
44693	19
44694	10
44695	5
44696	17
44697	22
44698	17
44699	26
44700	10
44701	12
44702	7
44703	19
44705	24
44707	20
44708	24
44709	22
44711	9
44713	0
44715	40
44716	5
44717	3
44718	26
44719	14
44720	27
44722	28
44723	11
44724	18
44725	9
44726	37
44727	17
44729	37
44730	14
44732	9
44733	13
44734	21
44735	20
44736	13
44737	34
44738	14
44740	14
44741	23
44742	19
44743	18
44744	10
44745	27
44747	16
44749	18
44750	11
44751	36
44752	39
44753	9
44754	32
44755	12
44756	14
44757	14
44758	19
44759	17
44760	26
44762	28
44763	31
44765	19
44766	8
44767	10
44768	9
44770	25
44771	28
44772	11
44773	14
44774	14
44775	22
44777	8
44778	14
44779	18
44780	16
44781	18
44782	12
44783	17
44785	33
44786	15
44787	6
44788	3
44790	12
44791	32
44792	32
44793	28
44794	31
44795	16
44796	17
44797	12
44798	15
44799	19
44800	27
44801	7
44802	28
44803	12
44804	13
44805	9
44806	6
44808	7
44809	13
44810	21
44811	9
44812	18
44813	14
44814	7
44815	11
44816	13
44817	16
44818	6
44819	28
44820	23
44821	2
44822	5
44823	16
44824	14
44825	21
44826	13
44827	12
44828	26
44829	17
44830	12
44831	23
44832	7
44834	14
44835	20
44836	13
44837	30
44839	21
44840	6
44841	12
44842	12
44843	10
44844	6
44845	10
44846	9
44847	12
44848	36
44850	41
44851	29
44852	18
44853	48
44855	10
44857	13
44860	20
44861	11
44862	4
44863	25
44864	29
44865	12
44866	27
44867	6
44868	11
44869	21
44870	28
44871	7
44872	13
44873	23
44874	12
44876	28
44877	31
44878	11
44879	7
44880	23
44881	9
44883	11
44885	32
44887	12
44888	6
44890	28
44892	24
44893	8
44894	7
44895	16
44897	10
44898	14
44899	11
44900	1
44901	5
44902	8
44903	23
44905	1
44906	11
44907	12
44908	21
44909	27
44910	19
44911	3
44912	5
44913	14
44914	23
44915	11
44916	6
44918	35
44919	16
44921	20
44922	15
44923	22
44924	16
44925	13
44927	22
44929	14
44930	8
44931	0
44932	10
44933	9
44934	10
44935	8
44938	10
44939	25
44940	14
44941	9
44942	19
44944	13
44945	30
44946	5
44947	16
44948	26
44949	34
44950	5
44951	21
44952	11
44953	26
44954	20
44955	29
44956	39
44957	6
44958	17
44960	50
44962	31
44963	22
44964	47
44965	9
44966	22
44969	9
44970	16
44972	21
44973	9
44975	17
44976	10
44977	6
44978	5
44979	6
44980	20
44981	16
44982	8
44984	30
44985	25
44986	15
44988	16
44989	22
44990	6
44991	17
44992	3
44994	47
44995	18
44996	4
44997	25
44998	14
44999	6
45000	14
45002	19
45003	14
45004	40
45005	15
45006	19
45007	8
45008	13
45009	11
45011	2
45012	18
45013	18
45014	17
45015	8
45016	14
45017	12
45018	21
45019	3
45020	5
45021	8
45023	9
45024	7
45025	17
45026	4
45027	17
45028	6
45029	14
45031	21
45032	12
45033	30
45034	15
45035	10
45036	18
45038	18
45039	17
45040	6
45041	18
45042	10
45043	16
45045	25
45046	31
45048	33
45049	5
45050	27
45051	35
45052	6
45053	11
45054	7
45055	25
45056	18
45057	8
45058	22
45059	15
45060	5
45061	21
45062	16
45063	26
45064	16
45065	17
45067	13
45070	15
45071	29
45073	32
45074	6
45075	15
45076	3
45077	14
45078	21
45079	26
45080	30
45083	17
45084	18
45085	25
45086	30
45087	35
45089	34
45090	10
45092	10
45093	13
45094	10
45095	19
45096	19
45097	23
45098	26
45099	0
45100	4
45101	33
45102	2
45103	34
45104	9
45105	27
45106	34
45107	30
45109	26
45110	10
45112	17
45114	16
45115	20
45116	0
45117	4
45118	15
45120	28
45121	9
45122	5
45123	14
45124	9
45125	13
45126	11
45127	17
45129	3
45130	23
45131	0
45132	27
45133	21
45134	4
45135	2
45136	10
45137	19
45138	9
45139	13
45140	23
45141	12
45142	9
45143	29
45144	18
45145	22
45147	5
45148	24
45149	11
45150	7
45152	28
45153	30
45155	11
45156	20
45157	10
45158	3
45159	20
45160	25
45161	21
45162	21
45163	17
45164	6
45165	8
45166	5
45169	24
45170	15
45171	18
45172	12
45173	33
45175	1
45177	19
45178	47
45179	17
45180	23
45182	19
45183	24
45184	9
45185	11
45186	37
45187	10
45188	16
45189	8
45190	11
45191	11
45192	23
45193	34
45194	9
45195	17
45196	29
45197	27
45198	7
45199	16
45200	21
45201	14
45202	2
45203	16
45204	2
45205	7
45206	13
45207	14
45208	8
45209	18
45210	10
45211	13
45212	11
45214	24
45215	21
45216	26
45217	22
45218	14
45219	10
45222	10
45223	11
45224	12
45225	26
45226	0
45227	49
45228	2
45229	24
45230	13
45231	6
45232	6
45233	15
45234	52
45236	20
45237	5
45238	7
45239	5
45240	4
45242	22
45243	6
45245	28
45246	11
45248	15
45249	25
45250	21
45251	28
45252	13
45253	6
45255	24
45256	19
45257	7
45258	48
45259	18
45260	24
45261	16
45262	11
45263	18
45265	29
45266	5
45267	9
45268	22
45270	16
45271	21
45272	13
45273	10
45274	2
45275	5
45276	20
45277	37
45278	32
45279	11
45280	6
45281	0
45282	28
45283	22
45284	13
45285	11
45286	7
45287	9
45288	27
45289	7
45290	19
45291	7
45292	11
45293	15
45294	1
45296	23
45297	7
45298	5
45299	31
45300	8
45301	3
45302	12
45303	11
45304	13
45305	4
45307	29
45308	17
45309	17
45310	6
45311	10
45313	23
45314	15
45316	22
45317	28
45320	6
45321	44
45322	0
45323	22
45324	45
45325	24
45326	18
45327	7
45328	18
45329	13
45332	36
45336	14
45337	28
45338	12
45339	11
45340	9
45341	8
45342	38
45343	8
45344	10
45345	11
45346	36
45348	23
45349	12
45350	15
45351	29
45352	11
45353	41
45354	14
45355	23
45357	14
45358	13
45359	37
45360	21
45361	4
45362	19
45364	10
45366	13
45367	18
45368	38
45370	29
45372	17
45374	22
45375	17
45376	16
45378	16
45379	5
45380	11
45381	3
45382	19
45383	26
45384	5
45385	17
45386	14
45387	17
45388	6
45389	17
45390	2
45391	10
45394	9
45395	21
45396	7
45397	46
45398	10
45399	3
45400	13
45401	14
45402	21
45403	10
45404	1
45405	27
45406	7
45407	22
45408	9
45409	6
45410	4
45411	10
45412	22
45413	34
45415	28
45416	13
45417	29
45418	16
45419	21
45420	2
45421	8
45422	11
45423	9
45424	9
45425	10
45427	19
45429	28
45430	30
45431	12
45432	37
45433	4
45434	18
45435	13
45436	18
45437	3
45438	18
45439	23
45440	27
45441	23
45442	32
45443	34
45444	6
45445	9
45446	26
45447	26
45448	42
45449	19
45450	8
45451	10
45452	10
45454	38
45456	21
45457	7
45458	34
45460	9
45461	5
45462	11
45463	20
45464	37
45465	5
45467	3
45468	18
45469	31
45471	3
45472	33
45474	7
45475	17
45476	12
45477	11
45478	2
45480	20
45481	29
45482	6
45483	8
45484	9
45487	18
45489	36
45490	13
45491	12
45492	5
45493	16
45495	9
45496	17
45497	25
45498	20
45499	6
45500	25
45501	10
45503	16
45504	29
45505	4
45506	24
45508	3
45509	3
45510	17
45511	16
45512	23
45513	10
45514	9
45515	6
45516	19
45517	21
45518	3
45519	9
45520	6
45521	28
45522	23
45523	15
45524	3
45526	16
45527	16
45528	4
45529	13
45530	6
45531	10
45532	6
45533	11
45534	20
45536	26
45537	15
45539	33
45540	23
45541	15
45542	11
45543	27
45544	9
45545	11
45546	11
45547	15
45548	1
45549	5
45551	7
45552	21
45553	24
45554	2
45555	4
45556	5
45557	9
45558	19
45559	33
45560	38
45561	11
45562	10
45563	7
45564	1
45565	10
45566	21
45567	35
45568	7
45569	11
45570	11
45571	25
45572	15
45573	3
45574	8
45575	8
45576	27
45577	17
45578	17
45580	16
45581	31
45582	14
45583	13
45584	33
45586	21
45587	39
45588	10
45589	16
45591	25
45592	7
45593	8
45596	22
45597	9
45598	18
45599	22
45600	28
45602	8
45603	11
45605	23
45606	9
45607	16
45608	13
45609	13
45610	29
45611	7
45613	5
45615	14
45616	8
45617	12
45618	32
45619	2
45620	25
45621	27
45622	46
45624	20
45625	11
45626	18
45627	25
45628	23
45629	7
45630	24
45631	10
45632	13
45633	9
45634	20
45635	21
45636	20
45637	22
45638	15
45639	6
45640	10
45641	15
45642	9
45644	13
45645	18
45646	17
45647	14
45648	10
45649	26
45650	2
45652	7
45653	17
45654	16
45655	22
45656	13
45657	8
45658	15
45659	22
45660	8
45661	13
45662	37
45663	10
45664	8
45665	8
45666	3
45667	15
45668	31
45669	12
45671	18
45672	16
45673	8
45674	16
45675	8
45676	30
45677	5
45678	9
45679	37
45681	8
45682	9
45683	27
45685	28
45686	9
45687	34
45688	13
45689	7
45690	12
45691	28
45692	15
45693	6
45695	13
45696	2
45697	11
45698	3
45699	16
45700	11
45701	31
45703	19
45704	12
45705	15
45706	20
45707	40
45708	15
45710	2
45711	14
45713	5
45714	15
45715	12
45716	2
45717	23
45719	22
45720	5
45721	14
45722	12
45723	14
45724	15
45725	28
45726	12
45728	34
45729	20
45732	27
45733	17
45734	24
45735	25
45736	26
45737	9
45738	27
45739	24
45740	8
45742	17
45744	16
45745	9
45746	15
45747	16
45748	8
45750	17
45753	16
45755	3
45756	12
45757	17
45758	11
45759	4
45760	7
45761	15
45762	2
45764	9
45765	11
45767	11
45768	25
45769	8
45770	1
45771	11
45772	26
45773	16
45774	10
45775	25
45776	23
45777	6
45778	11
45779	14
45780	11
45781	14
45782	3
45783	9
45784	1
45785	10
45786	3
45788	11
45789	9
45790	3
45791	23
45793	3
45794	7
45795	3
45796	35
45797	12
45798	13
45799	18
45800	36
45801	15
45802	33
45803	18
45804	19
45805	1
45806	25
45807	0
45808	15
45809	15
45810	18
45812	32
45813	15
45815	4
45817	8
45820	32
45821	19
45822	16
45823	6
45824	19
45825	8
45826	7
45827	24
45829	8
45831	24
45832	11
45833	1
45834	6
45836	24
45837	27
45839	15
45840	2
45841	32
45842	21
45843	10
45844	12
45845	21
45846	12
45847	3
45848	11
45849	14
45850	5
45851	22
45852	18
45853	48
45854	7
45855	14
45857	21
45858	6
45859	10
45860	33
45861	12
45862	14
45863	15
45864	36
45865	4
45867	18
45868	7
45869	4
45870	10
45871	16
45872	7
45873	13
45874	8
45875	9
45876	11
45877	18
45878	3
45879	25
45880	17
45881	11
45882	17
45883	6
45884	9
45885	27
45886	33
45888	13
45889	8
45890	31
45891	21
45892	8
45893	2
45894	27
45895	29
45896	17
45898	14
45899	28
45900	8
45902	24
45903	22
45904	11
45905	12
45906	13
45907	2
45908	12
45909	11
45910	15
45911	13
45912	22
45913	11
45915	32
45916	10
45917	28
45918	14
45919	15
45920	17
45921	30
45922	0
45923	4
45924	23
45925	18
45927	8
45928	6
45929	16
45931	15
45932	11
45934	30
45935	7
45936	19
45937	25
45938	10
45939	15
45940	8
45941	9
45942	6
45943	31
45944	32
45946	19
45947	15
45949	11
45950	13
45951	9
45952	19
45953	19
45955	5
45957	22
45958	12
45959	6
45960	25
45961	8
45962	9
45964	16
45965	29
45966	26
45967	6
45969	8
45970	14
45971	4
45972	5
45973	14
45974	10
45975	25
45976	10
45977	26
45978	32
45979	23
45980	6
45982	5
45983	24
45984	23
45985	23
45986	39
45987	9
45988	20
45989	19
45990	20
45991	5
45993	31
45995	26
45996	27
45997	13
45998	6
45999	26
46002	10
46003	20
46004	12
46005	7
46006	26
46009	10
46010	25
46011	13
46012	8
46013	6
46014	12
46015	9
46016	12
46017	21
46018	11
46019	20
46020	11
46021	17
46022	31
46023	8
46024	15
46025	34
46026	35
46027	33
46028	20
46029	9
46031	11
46032	17
46033	34
46034	7
46035	54
46036	10
46038	17
46039	17
46041	3
46042	46
46043	24
46045	13
46046	6
46047	19
46048	16
46049	9
46050	1
46051	23
46052	11
46053	29
46054	15
46055	8
46056	3
46057	22
46058	11
46060	20
46061	36
46062	8
46063	9
46065	38
46067	10
46068	28
46069	15
46070	9
46071	36
46073	20
46074	11
46075	12
46076	7
46077	13
46078	18
46079	23
46080	7
46081	5
46082	20
46084	24
46085	4
46086	4
46087	10
46089	26
46090	14
46091	3
46092	34
46093	16
46095	24
46096	8
46097	17
46099	16
46100	31
46101	27
46102	25
46103	26
46105	24
46106	18
46107	17
46108	3
46109	5
46110	8
46111	21
46112	20
46113	16
46116	3
46117	13
46118	22
46119	26
46120	14
46121	28
46122	14
46123	10
46124	4
46125	14
46126	12
46127	7
46128	3
46129	11
46130	21
46131	18
46132	32
46133	23
46135	28
46137	14
46138	16
46140	3
46141	16
46142	2
46143	4
46144	6
46145	4
46146	11
46147	23
46148	14
46149	19
46151	1
46152	6
46153	11
46154	9
46155	44
46156	10
46157	22
46158	6
46159	21
46160	9
46161	25
46162	23
46163	3
46164	3
46165	29
46166	26
46167	6
46170	15
46171	8
46172	21
46173	19
46174	3
46175	30
46176	5
46177	11
46178	14
46179	13
46180	6
46181	44
46182	29
46183	33
46184	17
46185	12
46186	27
46187	26
46188	0
46189	7
46190	30
46191	21
46192	14
46194	16
46195	36
46196	8
46197	16
46198	7
46199	33
46200	26
46201	18
46202	10
46203	11
46204	21
46205	4
46206	9
46207	3
46208	10
46209	19
46210	10
46211	40
46212	1
46213	14
46214	25
46215	24
46216	8
46217	29
46218	9
46220	26
46221	40
46222	21
46223	14
46224	13
46226	16
46229	10
46230	11
46231	32
46232	15
46233	19
46234	14
46235	9
46236	6
46237	6
46238	20
46239	8
46240	3
46241	24
46242	9
46243	13
46244	16
46245	14
46246	25
46247	14
46248	8
46249	2
46250	19
46252	28
46253	5
46254	6
46255	22
46256	3
46259	19
46261	1
46262	28
46263	23
46264	21
46265	26
46266	4
46267	29
46268	12
46269	23
46270	24
46271	20
46272	11
46273	28
46274	8
46275	20
46276	9
46277	16
46278	10
46279	33
46280	11
46281	23
46282	13
46284	20
46286	17
46287	37
46288	37
46289	9
46290	17
46291	9
46292	19
46293	16
46294	8
46295	28
46296	23
46297	16
46299	20
46300	8
46301	8
46302	11
46303	23
46304	23
46305	10
46306	25
46307	14
46308	5
46309	26
46310	3
46311	35
46312	25
46314	6
46315	25
46318	21
46319	15
46320	23
46321	8
46322	9
46323	9
46324	13
46327	16
46328	23
46330	9
46331	8
46332	14
46333	4
46334	18
46335	8
46338	6
46339	29
46340	10
46341	28
46342	30
46343	15
46344	14
46345	10
46346	10
46347	16
46348	9
46349	9
46350	25
46351	15
46352	0
46353	22
46354	27
46355	14
46356	16
46357	19
46358	17
46359	30
46360	5
46361	29
46362	10
46364	18
46365	16
46366	16
46367	18
46368	9
46369	15
46370	10
46371	25
46372	11
46373	3
46374	27
46376	39
46377	29
46378	27
46379	2
46382	31
46383	20
46384	9
46386	28
46387	15
46389	0
46390	12
46391	11
46392	14
46393	11
46394	20
46395	7
46397	24
46399	23
46400	14
46402	16
46403	17
46404	22
46405	8
46406	12
46407	19
46408	3
46410	10
46411	19
46412	31
46413	12
46414	6
46415	30
46416	21
46417	37
46418	12
46419	31
46420	37
46422	16
46423	23
46425	13
46428	30
46429	21
46430	37
46431	14
46432	12
46433	8
46434	15
46435	43
46436	20
46437	40
46438	15
46439	29
46440	16
46441	24
46442	20
46443	9
46444	13
46446	13
46448	5
46449	18
46450	14
46451	14
46452	26
46453	6
46454	12
46455	7
46456	35
46457	26
46458	23
46459	28
46460	17
46461	23
46462	22
46463	23
46465	31
46466	10
46467	25
46468	11
46469	23
46470	10
46471	19
46472	11
46473	22
46474	9
46475	23
46476	13
46477	8
46478	8
46479	4
46480	6
46481	17
46482	21
46483	23
46485	21
46486	14
46487	23
46488	14
46489	30
46490	19
46491	14
46492	23
46493	17
46494	25
46495	18
46496	5
46497	12
46498	21
46499	9
46500	5
46501	7
46502	13
46503	23
46504	3
46505	14
46506	22
46507	21
46508	5
46510	5
46512	18
46514	16
46515	40
46516	21
46518	0
46519	6
46520	16
46521	23
46522	13
46524	12
46525	19
46526	43
46527	39
46528	14
46529	10
46530	16
46531	39
46532	29
46533	2
46534	7
46535	19
46536	11
46537	49
46538	14
46539	16
46540	41
46541	25
46542	16
46544	5
46545	17
46546	13
46547	21
46548	7
46549	19
46550	6
46551	13
46552	8
46553	10
46554	27
46555	19
46556	32
46557	14
46558	2
46559	6
46561	14
46563	4
46564	2
46566	4
46567	6
46568	18
46569	9
46570	12
46571	28
46573	7
46574	27
46576	9
46577	16
46578	23
46579	16
46580	31
46581	19
46582	16
46583	14
46584	8
46585	17
46586	16
46587	33
46588	5
46589	43
46590	28
46591	22
46592	8
46593	24
46594	38
46596	28
46597	10
46598	7
46599	42
46600	28
46601	28
46602	5
46603	10
46604	10
46605	13
46606	31
46607	16
46608	30
46609	10
46610	1
46611	5
46612	8
46613	9
46614	9
46615	9
46616	14
46617	17
46618	21
46619	7
46621	11
46622	16
46623	9
46624	35
46625	20
46626	26
46627	12
46628	11
46629	16
46631	32
46632	3
46633	23
46634	25
46635	15
46636	35
46637	17
46638	11
46639	11
46640	15
46641	21
46642	6
46643	19
46644	13
46645	31
46646	17
46647	8
46648	17
46649	19
46650	17
46651	6
46652	0
46653	3
46654	11
46655	11
46657	9
46658	5
46659	18
46660	19
46661	10
46663	15
46664	44
46665	14
46666	27
46667	9
46668	19
46670	44
46671	10
46672	22
46673	11
46674	9
46675	20
46676	17
46677	28
46678	19
46680	4
46681	14
46682	24
46683	8
46684	17
46685	11
46686	10
46687	13
46688	13
46689	20
46690	8
46691	17
46692	12
46693	24
46694	29
46696	12
46697	40
46698	4
46699	47
46700	9
46701	35
46702	21
46703	20
46705	16
46706	0
46709	22
46710	17
46711	14
46712	8
46713	6
46714	17
46716	16
46717	14
46718	17
46721	13
46722	8
46724	10
46725	40
46726	3
46727	28
46728	11
46729	42
46730	23
46731	13
46733	15
46734	8
46736	44
46737	18
46738	8
46739	30
46740	6
46741	10
46742	13
46743	5
46744	6
46745	3
46746	8
46747	8
46749	15
46750	21
46752	21
46753	3
46754	7
46755	4
46756	16
46757	36
46758	18
46759	22
46760	23
46761	16
46762	14
46763	21
46764	21
46765	13
46766	22
46767	9
46769	22
46770	11
46771	9
46772	7
46773	32
46774	26
46775	9
46776	22
46777	7
46778	15
46779	19
46781	19
46782	3
46783	26
46784	23
46785	17
46786	21
46787	13
46788	9
46789	4
46791	27
46792	33
46793	17
46795	7
46796	6
46797	27
46798	9
46799	41
46800	5
46802	12
46803	2
46804	14
46805	6
46807	39
46808	3
46809	14
46810	13
46811	11
46812	26
46813	24
46814	12
46816	11
46817	9
46818	12
46821	1
46822	10
46823	40
46825	9
46826	6
46827	15
46828	5
46829	11
46830	45
46831	31
46834	36
46835	6
46836	34
46837	23
46838	12
46839	7
46840	12
46841	36
46842	7
46843	3
46844	4
46845	9
46846	7
46847	12
46848	18
46851	11
46852	13
46853	9
46854	28
46855	24
46856	14
46857	19
46858	7
46859	11
46861	6
46862	15
46863	32
46864	23
46866	8
46867	5
46868	36
46869	14
46870	17
46871	17
46872	23
46873	18
46874	12
46875	8
46877	32
46878	7
46879	7
46882	15
46883	6
46884	23
46885	13
46886	14
46887	17
46888	8
46891	14
46892	24
46893	4
46894	18
46895	23
46896	28
46897	21
46898	26
46899	18
46900	7
46901	10
46902	16
46903	9
46904	18
46905	24
46906	7
46907	17
46908	40
46909	26
46910	11
46911	8
46912	13
46913	15
46914	11
46915	10
46916	10
46917	31
46918	42
46919	14
46921	9
46922	12
46924	8
46925	9
46926	39
46927	27
46928	11
46929	22
46931	16
46932	27
46933	1
46934	19
46936	22
46937	9
46938	5
46939	16
46940	7
46941	20
46942	6
46943	33
46944	7
46945	8
46946	12
46947	11
46948	17
46949	12
46951	2
46952	4
46953	26
46954	10
46955	21
46956	8
46957	26
46958	31
46959	17
46960	11
46961	21
46962	9
46963	39
46964	1
46965	17
46966	27
46967	13
46968	9
46969	29
46970	32
46971	12
46972	5
46973	17
46974	13
46976	19
46977	9
46978	17
46979	13
46980	19
46981	16
46983	18
46984	8
46986	13
46987	1
46989	3
46991	7
46994	24
46995	8
46996	29
46997	8
46998	21
46999	27
47000	23
47001	11
47002	20
47003	12
47004	9
47006	8
47007	20
47008	26
47010	9
47011	9
47013	5
47014	6
47017	16
47019	7
47020	14
47021	6
47022	19
47023	20
47024	44
47027	8
47028	4
47029	16
47030	23
47031	15
47032	25
47033	23
47034	21
47035	17
47036	20
47037	11
47038	22
47041	24
47042	2
47043	12
47044	20
47045	15
47047	3
47048	15
47049	5
47050	30
47052	20
47053	12
47054	16
47055	14
47056	34
47057	26
47058	13
47060	10
47062	42
47063	12
47064	14
47065	8
47066	12
47067	15
47069	5
47070	24
47071	3
47073	12
47074	19
47076	8
47077	2
47078	8
47079	10
47080	11
47081	21
47082	12
47083	21
47084	10
47086	4
47087	32
47088	8
47089	26
47090	8
47091	13
47092	11
47093	6
47094	19
47095	16
47096	20
47097	16
47099	30
47100	16
47101	4
47102	17
47103	4
47105	13
47108	10
47109	18
47111	26
47112	21
47113	9
47114	8
47115	4
47116	7
47117	13
47118	5
47120	20
47122	32
47123	8
47124	18
47125	30
47126	6
47127	20
47128	24
47129	5
47130	7
47131	21
47133	18
47134	4
47135	13
47136	28
47137	10
47138	14
47139	8
47140	21
47141	14
47142	22
47143	29
47144	10
47145	24
47147	28
47148	6
47149	0
47150	33
47151	16
47152	17
47154	9
47155	6
47156	24
47158	11
47159	17
47161	5
47162	18
47163	25
47164	18
47165	15
47166	9
47167	15
47168	22
47169	18
47170	5
47171	20
47173	2
47175	21
47176	28
47177	6
47178	21
47183	6
47184	27
47185	12
47186	12
47187	5
47188	9
47189	7
47190	16
47191	14
47192	8
47193	28
47194	12
47195	17
47197	9
47199	31
47200	9
47201	6
47202	21
47203	23
47204	8
47205	12
47208	47
47209	15
47211	5
47212	15
47213	23
47214	18
47215	3
47217	20
47218	6
47219	8
47220	9
47221	5
47223	3
47224	18
47225	8
47226	14
47227	30
47228	9
47229	8
47230	7
47231	9
47232	9
47233	24
47234	11
47235	23
47237	15
47238	16
47239	13
47240	17
47241	28
47242	16
47243	17
47244	6
47246	20
47247	16
47248	5
47249	27
47250	24
47251	28
47252	13
47253	28
47254	17
47255	30
47256	29
47257	6
47258	43
47260	11
47261	10
47262	10
47263	20
47264	18
47265	25
47266	16
47267	39
47268	21
47269	28
47270	13
47271	6
47272	19
47273	14
47274	27
47275	2
47276	31
47277	22
47278	25
47279	6
47280	31
47281	18
47282	12
47284	7
47285	9
47286	14
47287	15
47288	16
47290	26
47291	34
47292	25
47293	12
47294	1
47295	17
47296	2
47297	10
47298	18
47299	12
47300	14
47301	4
47302	22
47303	12
47304	18
47305	26
47306	14
47307	14
47309	15
47310	18
47312	49
47313	23
47315	23
47316	16
47317	12
47318	4
47319	23
47321	29
47322	8
47323	14
47324	33
47325	2
47326	4
47328	5
47331	19
47332	23
47333	1
47334	18
47336	8
47338	28
47339	17
47341	20
47342	14
47343	16
47344	18
47345	4
47347	4
47348	4
47349	36
47350	2
47351	5
47352	12
47353	39
47354	20
47355	21
47356	18
47357	0
47358	6
47359	27
47360	17
47361	15
47362	35
47363	17
47364	7
47365	17
47366	16
47367	18
47368	17
47369	19
47370	10
47371	11
47372	4
47373	10
47374	21
47375	14
47378	12
47379	16
47380	7
47382	12
47383	9
47384	13
47385	8
47386	12
47387	10
47388	32
47389	4
47390	3
47391	17
47392	22
47395	29
47396	14
47397	16
47398	20
47399	13
47400	43
47401	24
47402	23
47403	19
47404	22
47405	14
47406	40
47407	17
47408	28
47410	9
47411	25
47412	7
47413	27
47414	14
47415	8
47416	5
47417	10
47418	5
47419	6
47420	11
47421	22
47422	21
47423	16
47424	9
47425	7
47426	17
47427	4
47429	35
47430	6
47431	7
47432	19
47433	14
47434	18
47435	18
47436	39
47439	38
47440	23
47441	10
47442	20
47443	18
47444	41
47445	25
47446	3
47447	36
47449	1
47450	19
47451	5
47452	20
47453	16
47454	24
47455	12
47456	23
47457	5
47458	12
47460	28
47462	9
47464	21
47466	14
47467	5
47468	47
47469	26
47470	16
47471	6
47472	12
47473	0
47475	16
47476	9
47477	11
47478	28
47479	36
47481	1
47482	8
47483	10
47484	24
47485	39
47486	3
47487	15
47488	8
47489	6
47490	11
47491	8
47493	12
47494	12
47496	7
47497	29
47498	28
47499	39
47500	23
47501	28
47502	12
47503	18
47504	12
47506	28
47508	11
47509	7
47510	15
47511	15
47513	18
47514	19
47515	12
47516	14
47517	12
47518	7
47519	19
47520	19
47521	22
47522	19
47523	3
47524	15
47525	15
47526	12
47527	14
47528	19
47529	11
47530	21
47531	20
47532	12
47533	11
47534	35
47535	6
47536	8
47537	6
47538	9
47539	20
47541	29
47542	13
47543	18
47544	15
47546	8
47547	28
47548	16
47550	16
47551	6
47552	7
47553	13
47555	10
47556	22
47559	5
47560	15
47561	10
47562	14
47564	26
47565	19
47566	16
47567	2
47568	20
47569	2
47570	20
47571	16
47572	15
47573	12
47574	17
47575	30
47576	12
47577	20
47578	13
47579	18
47581	12
47582	39
47583	11
47584	9
47585	4
47586	12
47587	3
47588	8
47589	3
47590	7
47591	17
47592	9
47593	3
47595	17
47596	20
47597	16
47599	13
47600	22
47601	4
47602	10
47603	29
47605	15
47606	15
47607	21
47608	3
47609	9
47610	20
47611	17
47612	4
47613	14
47614	5
47615	26
47616	3
47617	7
47618	10
47620	20
47621	22
47622	27
47623	23
47624	18
47626	20
47627	12
47628	18
47630	15
47633	19
47634	4
47635	25
47636	8
47637	2
47638	7
47639	4
47640	28
47641	11
47642	10
47643	20
47644	23
47645	7
47646	6
47647	12
47648	5
47650	19
47651	5
47652	42
47653	10
47654	11
47655	21
47656	13
47657	18
47658	7
47660	11
47663	38
47664	28
47665	19
47666	39
47667	3
47668	6
47669	7
47670	14
47671	25
47672	14
47674	2
47675	22
47676	34
47677	16
47678	6
47679	18
47680	9
47681	9
47682	16
47683	10
47684	4
47685	26
47686	23
47688	28
47689	16
47690	13
47691	43
47693	3
47695	4
47696	9
47697	15
47698	10
47700	12
47702	36
47703	8
47704	15
47706	40
47707	15
47710	26
47711	11
47712	1
47713	14
47714	14
47715	20
47716	14
47717	12
47718	25
47719	28
47720	33
47721	14
47722	31
47723	9
47724	14
47725	38
47726	5
47727	5
47728	20
47730	12
47731	17
47732	8
47733	8
47734	14
47735	21
47736	7
47737	18
47738	11
47739	24
47740	20
47741	7
47742	11
47743	16
47744	11
47745	9
47746	9
47747	17
47749	13
47750	36
47751	0
47753	5
47754	35
47755	14
47756	2
47757	14
47758	4
47759	15
47760	6
47762	13
47763	13
47765	25
47766	22
47767	15
47768	6
47769	11
47770	15
47771	13
47772	14
47773	15
47774	27
47775	11
47776	18
47777	22
47778	12
47779	13
47780	1
47781	14
47782	26
47784	9
47785	5
47787	24
47789	7
47790	36
47791	31
47792	16
47793	14
47794	13
47795	4
47797	23
47798	7
47799	5
47801	3
47802	7
47803	15
47804	25
47805	13
47808	19
47809	12
47810	6
47811	31
47812	23
47813	5
47814	13
47815	22
47816	3
47817	5
47818	17
47820	14
47822	16
47823	12
47824	11
47826	6
47827	16
47828	7
47829	23
47830	2
47831	35
47832	11
47833	27
47834	33
47835	40
47836	8
47837	21
47838	15
47839	11
47840	13
47841	35
47842	7
47843	20
47844	11
47845	20
47846	54
47847	16
47848	18
47849	21
47851	13
47852	20
47853	56
47854	38
47856	9
47857	18
47858	4
47859	7
47860	7
47861	14
47862	32
47864	8
47865	8
47866	15
47867	21
47868	38
47869	44
47870	2
47871	6
47872	25
47873	13
47875	17
47876	18
47877	39
47878	34
47879	9
47880	4
47882	13
47883	27
47884	15
47887	9
47888	21
47890	12
47891	17
47892	30
47893	14
47894	11
47895	23
47896	10
47897	30
47898	12
47899	43
47900	29
47903	12
47904	38
47905	6
47906	10
47907	11
47909	6
47910	38
47911	14
47912	13
47913	0
47914	21
47915	14
47916	9
47917	14
47919	19
47920	8
47922	26
47923	24
47925	17
47927	23
47928	11
47930	13
47931	19
47932	25
47933	17
47934	24
47935	16
47936	10
47937	24
47938	26
47939	13
47941	24
47942	21
47943	6
47945	3
47946	9
47947	19
47948	14
47949	13
47950	31
47951	28
47952	23
47954	14
47955	49
47957	17
47958	16
47959	19
47960	24
47961	0
47962	28
47963	23
47964	12
47966	7
47967	7
47968	12
47970	26
47971	2
47972	13
47973	29
47974	5
47975	14
47978	5
47979	10
47980	10
47981	26
47983	38
47984	19
47985	11
47986	13
47987	28
47988	14
47989	27
47990	12
47991	12
47992	18
47993	9
47995	8
47996	10
47997	23
47999	19
48000	10
48002	10
48004	11
48005	5
48006	26
48007	30
48008	22
48010	19
48012	29
48013	10
48014	26
48015	18
48016	17
48017	21
48018	15
48019	25
48020	22
48021	15
48022	23
48023	11
48024	8
48025	10
48027	17
48028	16
48029	11
48030	19
48031	22
48032	4
48033	18
48034	0
48035	15
48036	35
48038	26
48039	36
48040	16
48041	12
48042	17
48044	10
48046	31
48047	17
48048	23
48050	19
48051	7
48052	12
48053	21
48054	14
48055	8
48056	13
48057	7
48058	10
48059	19
48060	9
48063	12
48064	30
48065	10
48066	13
48067	42
48068	16
48069	16
48071	8
48072	7
48073	14
48074	10
48075	29
48076	26
48077	8
48078	11
48079	9
48080	30
48082	9
48083	16
48084	29
48086	12
48088	28
48089	11
48090	10
48092	26
48093	14
48094	21
48095	17
48096	10
48098	7
48099	15
48100	20
48101	26
48102	14
48103	8
48104	15
48105	14
48106	17
48107	2
48108	6
48109	19
48110	7
48112	1
48113	8
48114	17
48115	25
48117	0
48118	7
48119	12
48120	2
48121	14
48122	10
48123	19
48124	7
48126	36
48127	11
48128	12
48129	5
48131	41
48133	25
48135	15
48137	10
48138	13
48140	17
48141	12
48142	14
48143	12
48144	24
48145	14
48146	3
48147	22
48148	21
48149	38
48150	17
48151	26
48152	12
48153	9
48156	53
48157	13
48158	11
48159	15
48160	21
48161	14
48162	10
48163	23
48165	10
48166	5
48167	6
48168	30
48169	7
48170	14
48171	15
48172	11
48173	11
48174	0
48175	40
48176	29
48177	23
48178	34
48179	63
48180	8
48181	20
48182	21
48184	7
48185	21
48186	2
48187	19
48188	17
48189	21
48190	16
48191	14
48192	21
48193	4
48195	12
48196	10
48197	15
48198	10
48199	12
48200	15
48201	17
48202	4
48203	22
48204	11
48205	5
48206	21
48207	16
48208	9
48210	21
48211	15
48212	16
48213	7
48214	10
48215	15
48218	16
48219	30
48220	7
48221	25
48222	16
48223	21
48224	6
48225	18
48226	38
48227	15
48228	21
48229	6
48230	19
48231	28
48232	12
48233	24
48234	14
48235	36
48236	13
48237	10
48238	7
48240	12
48241	16
48242	40
48243	6
48244	8
48245	14
48246	5
48247	23
48248	4
48249	17
48250	15
48252	8
48253	6
48254	25
48255	8
48256	27
48257	29
48259	23
48260	24
48261	29
48262	16
48263	10
48265	4
48266	34
48267	15
48268	16
48270	12
48271	48
48275	11
48276	10
48277	10
48278	37
48279	23
48280	0
48282	13
48283	38
48284	10
48285	36
48286	13
48287	10
48288	12
48289	24
48290	7
48291	11
48292	18
48293	21
48294	9
48296	41
48297	20
48298	23
48299	15
48300	14
48301	22
48302	40
48303	16
48304	23
48305	34
48306	9
48307	43
48308	12
48309	24
48310	10
48311	16
48312	10
48313	5
48314	7
48315	10
48316	7
48317	10
48318	18
48319	44
48320	21
48321	5
48322	0
48323	23
48324	12
48325	11
48327	21
48329	33
48330	19
48331	6
48332	18
48333	10
48334	29
48336	12
48337	18
48340	19
48341	8
48343	6
48344	3
48345	3
48346	11
48347	2
48348	13
48349	7
48350	20
48351	18
48352	23
48353	22
48354	9
48355	25
48356	28
48358	4
48359	8
48360	6
48361	21
48362	24
48363	12
48365	9
48366	11
48367	11
48368	1
48369	27
48370	5
48371	7
48372	28
48374	15
48375	25
48378	24
48379	15
48380	12
48381	5
48382	41
48383	5
48384	6
48385	12
48386	31
48388	25
48389	7
48390	8
48391	27
48392	11
48393	23
48394	20
48395	19
48396	3
48397	22
48398	32
48400	9
48401	7
48402	35
48403	11
48404	30
48405	8
48407	4
48408	8
48409	63
48410	7
48411	14
48412	31
48413	22
48414	28
48416	20
48417	7
48418	25
48419	15
48420	9
48421	6
48422	29
48424	29
48425	30
48426	7
48427	19
48428	9
48429	8
48430	22
48431	26
48432	37
48433	9
48434	13
48435	6
48436	17
48437	9
48438	10
48439	9
48441	22
48443	36
48444	9
48445	16
48446	3
48447	22
48448	9
48449	31
48450	7
48452	20
48453	5
48456	9
48457	41
48458	5
48459	10
48460	18
48461	14
48462	1
48463	11
48464	11
48465	15
48466	16
48467	9
48468	5
48469	16
48470	28
48471	11
48472	33
48473	32
48474	28
48475	10
48476	3
48477	22
48478	14
48479	10
48481	34
48482	25
48483	16
48484	18
48485	7
48486	18
48487	11
48488	0
48489	19
48491	8
48492	12
48494	29
48496	15
48497	5
48498	15
48500	24
48501	18
48503	28
48504	18
48506	22
48508	28
48509	25
48510	12
48511	26
48512	25
48513	10
48514	9
48515	7
48516	9
48518	16
48519	10
48520	8
48521	7
48522	12
48524	15
48526	20
48527	19
48528	28
48529	19
48530	5
48531	12
48532	15
48533	12
48534	17
48535	19
48537	27
48538	12
48539	17
48540	17
48541	24
48542	4
48544	16
48546	5
48547	9
48548	9
48549	8
48550	21
48551	24
48552	8
48553	14
48554	5
48555	21
48556	21
48557	16
48558	18
48559	4
48560	45
48561	15
48562	11
48563	21
48564	13
48565	16
48566	22
48567	7
48568	11
48569	20
48570	18
48571	15
48572	12
48573	21
48574	4
48575	16
48576	9
48577	2
48578	14
48579	21
48580	7
48581	12
48582	25
48583	41
48584	8
48585	8
48586	27
48587	16
48589	19
48590	10
48592	13
48593	8
48594	27
48595	15
48596	9
48597	10
48598	37
48600	22
48601	23
48602	15
48603	18
48604	26
48605	4
48606	17
48608	4
48610	15
48611	17
48612	9
48613	27
48615	11
48616	9
48617	17
48618	13
48621	7
48622	40
48623	20
48624	20
48625	5
48627	16
48628	18
48630	45
48632	9
48633	7
48634	20
48635	13
48636	11
48637	8
48638	14
48639	12
48641	11
48642	29
48643	12
48644	33
48647	15
48648	19
48649	25
48650	4
48651	8
48653	6
48654	20
48655	1
48656	21
48657	9
48658	20
48660	23
48661	22
48662	17
48663	18
48664	5
48665	17
48666	21
48668	15
48669	6
48670	9
48671	15
48672	25
48673	11
48675	37
48677	24
48678	32
48679	13
48680	11
48681	14
48682	24
48684	5
48685	7
48686	17
48687	9
48689	15
48690	44
48691	21
48692	15
48693	43
48694	4
48695	2
48696	24
48697	7
48698	31
48699	18
48700	24
48701	5
48702	22
48703	8
48704	15
48705	27
48707	7
48708	7
48711	32
48713	5
48714	8
48715	23
48716	20
48717	5
48718	18
48720	11
48722	33
48724	9
48725	3
48726	22
48727	14
48729	11
48730	24
48731	22
48732	12
48733	45
48734	28
48735	2
48736	21
48738	24
48739	7
48740	6
48741	8
48742	14
48743	17
48744	10
48746	6
48747	27
48748	14
48749	12
48750	15
48751	15
48752	6
48754	12
48755	14
48758	5
48759	16
48760	10
48761	11
48762	9
48763	6
48765	11
48766	24
48767	16
48769	21
48770	9
48772	16
48773	30
48774	14
48775	22
48776	20
48777	9
48779	6
48780	21
48781	18
48782	10
48783	14
48784	18
48785	11
48786	16
48787	15
48788	6
48789	6
48790	21
48793	7
48794	7
48795	5
48796	17
48797	6
48798	34
48799	9
48801	13
48802	15
48803	19
48804	26
48806	10
48807	15
48808	5
48809	5
48810	43
48811	24
48812	6
48813	23
48814	9
48815	12
48816	7
48817	16
48818	17
48819	10
48820	1
48821	11
48822	21
48823	16
48824	11
48825	23
48826	15
48827	7
48828	4
48829	26
48830	7
48831	14
48832	4
48833	8
48834	14
48835	7
48836	16
48838	14
48839	24
48840	17
48841	22
48842	8
48843	6
48844	25
48845	5
48846	5
48847	22
48848	6
48850	16
48851	2
48852	12
48854	9
48855	15
48856	8
48857	9
48858	39
48859	28
48860	2
48861	16
48862	33
48863	3
48864	16
48865	6
48866	14
48867	7
48868	27
48869	24
48870	19
48871	21
48872	25
48873	11
48874	16
48875	22
48877	26
48879	45
48880	7
48882	9
48883	13
48884	3
48885	13
48886	12
48887	19
48888	15
48889	7
48890	18
48891	9
48893	9
48894	10
48895	5
48896	18
48897	27
48898	20
48899	22
48900	17
48902	5
48903	35
48904	17
48905	10
48906	25
48907	23
48908	36
48909	10
48910	10
48911	11
48912	9
48913	7
48914	7
48916	3
48917	23
48918	24
48919	11
48920	25
48921	11
48922	22
48923	22
48924	8
48925	14
48927	1
48928	26
48929	15
48930	8
48931	13
48932	24
48933	3
48934	20
48936	7
48937	11
48938	11
48939	10
48941	17
48942	17
48943	27
48944	10
48945	17
48946	16
48947	10
48948	13
48949	11
48950	16
48951	13
48952	15
48953	24
48954	17
48955	9
48956	16
48957	7
48958	0
48959	12
48960	16
48961	22
48962	20
48963	18
48965	25
48966	16
48967	10
48968	12
48969	20
48970	36
48971	8
48972	20
48973	9
48974	35
48975	15
48976	13
48977	7
48978	11
48979	9
48980	39
48981	24
48982	7
48983	2
48984	12
48985	16
48987	6
48988	27
48989	32
48990	14
48991	6
48992	23
48994	26
48995	4
48998	18
49000	23
49001	10
49002	24
49003	5
49004	19
49005	3
49006	35
49007	19
49008	19
49009	21
49010	12
49012	16
49013	3
49014	3
49015	18
49016	29
49017	3
49018	24
49019	18
49021	27
49024	14
49026	35
49027	15
49028	22
49029	24
49030	6
49031	2
49032	5
49034	3
49035	20
49036	29
49037	6
49038	19
49039	17
49040	12
49041	16
49042	15
49043	9
49044	8
49045	10
49046	13
49048	26
49049	13
49050	14
49051	41
49052	14
49053	7
49054	25
49055	17
49057	37
49058	19
49060	18
49061	30
49062	9
49065	20
49066	18
49067	12
49068	8
49069	8
49071	13
49072	2
49074	2
49075	17
49076	2
49077	9
49078	14
49080	14
49081	4
49082	14
49083	14
49084	7
49085	16
49086	15
49087	10
49088	40
49089	27
49090	2
49091	19
49092	16
49093	9
49094	14
49095	17
49096	9
49098	32
49099	13
49102	8
49104	31
49105	3
49106	14
49107	12
49108	13
49109	14
49110	20
49111	17
49112	1
49113	3
49114	18
49115	9
49116	16
49118	18
49119	19
49121	9
49122	8
49123	12
49124	29
49125	17
49127	9
49128	18
49129	18
49130	31
49131	17
49132	36
49133	16
49135	29
49136	6
49137	14
49138	27
49139	18
49140	20
49141	17
49142	5
49143	24
49144	11
49145	19
49146	17
49147	9
49148	34
49150	14
49151	16
49152	10
49154	2
49155	9
49156	53
49157	5
49158	25
49159	15
49160	2
49161	9
49162	17
49163	10
49164	23
49165	22
49167	8
49169	13
49170	17
49171	7
49172	15
49173	9
49174	21
49175	19
49176	8
49177	20
49180	6
49181	13
49182	17
49183	19
49184	13
49185	6
49186	15
49187	9
49190	19
49191	1
49194	39
49195	18
49197	23
49198	13
49199	49
49200	31
49201	29
49202	14
49203	19
49204	22
49205	19
49206	12
49207	20
49208	11
49210	5
49211	3
49213	9
49214	27
49216	14
49217	4
49218	7
49219	34
49220	14
49221	25
49222	1
49223	18
49224	18
49225	6
49226	36
49227	27
49228	13
49229	4
49230	15
49231	20
49232	15
49234	9
49235	37
49236	13
49237	12
49239	22
49240	6
49241	6
49242	22
49243	3
49244	20
49245	14
49246	13
49247	15
49248	24
49249	15
49251	17
49252	6
49254	4
49255	19
49256	25
49257	17
49258	8
49260	28
49261	14
49262	35
49264	6
49265	12
49266	16
49267	3
49268	18
49269	6
49271	8
49272	29
49273	7
49274	8
49275	24
49276	27
49277	14
49278	5
49279	5
49280	11
49281	13
49282	12
49283	11
49284	9
49285	36
49286	19
49287	30
49288	11
49289	21
49290	8
49292	2
49293	5
49295	6
49297	5
49298	13
49299	11
49300	26
49301	23
49302	11
49303	26
49304	24
49305	16
49306	2
49307	8
49308	21
49309	7
49310	14
49313	27
49314	12
49315	9
49316	9
49317	4
49318	0
49319	20
49320	33
49321	23
49322	8
49323	20
49324	22
49325	14
49326	11
49327	15
49328	13
49329	25
49330	8
49331	28
49332	8
49333	3
49334	30
49335	11
49336	14
49337	11
49338	17
49339	10
49341	18
49343	17
49344	23
49345	2
49346	13
49347	9
49348	14
49349	12
49350	13
49351	12
49352	33
49353	23
49354	19
49355	14
49356	19
49357	24
49358	11
49359	15
49360	10
49361	11
49362	15
49363	19
49364	3
49365	11
49366	10
49367	6
49368	14
49369	19
49370	6
49371	12
49372	8
49373	37
49374	7
49375	41
49376	18
49377	5
49379	12
49380	17
49381	10
49382	26
49383	22
49385	50
49386	32
49387	15
49388	4
49389	19
49390	15
49391	18
49392	16
49393	7
49394	8
49395	22
49396	3
49397	9
49398	14
49399	14
49400	26
49401	6
49402	25
49403	17
49404	10
49406	13
49407	9
49408	14
49409	18
49410	12
49411	7
49412	8
49413	31
49415	14
49416	17
49417	11
49418	45
49419	6
49420	25
49421	20
49422	7
49423	3
49424	6
49426	16
49427	17
49429	6
49430	24
49432	13
49433	1
49434	10
49435	11
49436	13
49437	9
49438	17
49441	15
49442	12
49443	6
49444	18
49445	30
49446	6
49448	24
49449	16
49451	25
49452	13
49453	8
49456	15
49457	11
49458	19
49461	27
49462	8
49463	2
49465	4
49466	12
49468	24
49469	11
49470	3
49472	7
49473	12
49474	10
49475	30
49476	18
49477	8
49478	12
49479	13
49481	16
49482	26
49483	13
49484	14
49485	7
49487	12
49489	20
49490	6
49491	29
49492	14
49494	29
49495	22
49496	16
49497	17
49498	21
49499	16
49501	17
49502	25
49503	5
49504	14
49505	21
49506	11
49507	3
49508	8
49509	8
49510	47
49511	15
49512	8
49513	7
49514	20
49515	12
49516	7
49517	68
49518	19
49519	10
49520	18
49521	34
49522	39
49523	17
49525	10
49528	27
49529	5
49530	3
49531	17
49532	23
49535	15
49536	14
49537	21
49538	31
49540	0
49541	17
49542	7
49543	4
49544	21
49545	10
49547	50
49548	11
49549	4
49550	23
49551	14
49552	24
49553	15
49554	16
49556	24
49557	11
49558	13
49559	14
49560	12
49562	17
49563	16
49564	27
49565	17
49566	8
49568	7
49570	4
49571	18
49573	15
49575	17
49576	21
49577	26
49578	31
49579	14
49580	12
49583	17
49584	5
49585	5
49586	24
49587	4
49589	22
49590	19
49591	11
49592	9
49593	9
49595	22
49596	19
49598	4
49600	27
49602	20
49603	6
49604	6
49605	19
49606	61
49607	15
49608	39
49609	16
49610	26
49612	5
49614	5
49615	20
49616	20
49617	6
49618	27
49619	15
49620	9
49621	3
49623	21
49624	6
49626	39
49627	11
49628	24
49629	27
49631	14
49632	13
49633	7
49634	34
49635	21
49636	7
49637	7
49638	9
49639	25
49640	14
49641	14
49642	26
49643	32
49644	18
49645	1
49646	14
49647	30
49648	4
49649	8
49650	11
49651	15
49652	2
49653	11
49654	11
49656	30
49658	21
49659	25
49660	24
49662	14
49663	14
49665	16
49667	8
49668	5
49669	25
49670	15
49671	9
49672	6
49673	24
49674	20
49675	1
49676	9
49677	23
49678	30
49679	5
49680	6
49681	12
49682	6
49683	14
49684	11
49685	21
49686	23
49687	15
49688	30
49689	25
49690	19
49691	33
49692	17
49695	21
49696	13
49697	16
49699	18
49700	28
49701	24
49702	13
49703	15
49704	18
49705	14
49706	9
49707	6
49708	17
49710	22
49712	9
49713	13
49714	16
49715	22
49716	24
49717	19
49718	44
49719	19
49721	10
49722	12
49723	13
49725	15
49727	20
49728	6
49730	12
49731	7
49732	10
49733	4
49734	55
49735	13
49736	24
49737	14
49738	14
49739	16
49740	11
49741	25
49742	8
49743	23
49744	28
49745	11
49746	10
49747	15
49748	9
49750	25
49751	29
49752	18
49753	23
49755	35
49756	24
49757	10
49758	17
49759	4
49760	4
49761	15
49762	12
49763	10
49764	3
49766	12
49767	14
49768	10
49769	25
49770	8
49771	31
49772	14
49773	18
49775	6
49776	16
49777	21
49778	30
49779	29
49780	6
49781	6
49782	15
49783	17
49784	12
49785	16
49786	17
49787	37
49789	34
49791	41
49792	7
49793	36
49794	38
49795	16
49796	21
49797	21
49798	8
49801	12
49802	17
49803	14
49805	7
49806	22
49807	29
49808	15
49809	17
49810	16
49811	9
49812	16
49813	11
49814	15
49815	27
49816	26
49818	12
49819	15
49820	10
49821	6
49822	12
49823	15
49824	7
49825	6
49826	22
49827	21
49828	18
49829	21
49830	9
49831	31
49832	21
49833	24
49834	0
49835	27
49836	39
49837	21
49838	26
49839	23
49840	16
49841	3
49843	25
49844	20
49846	37
49847	3
49848	18
49849	10
49850	45
49851	16
49852	1
49853	5
49854	10
49855	18
49856	14
49857	17
49858	9
49859	11
49860	21
49861	33
49862	17
49863	7
49864	14
49865	2
49866	26
49867	11
49869	10
49870	30
49871	14
49872	15
49873	15
49874	27
49875	24
49876	10
49877	17
49879	29
49880	19
49881	11
49882	21
49883	13
49884	11
49885	29
49886	11
49887	19
49888	15
49889	22
49890	41
49891	7
49892	11
49893	10
49894	33
49895	13
49896	21
49897	25
49898	11
49900	13
49901	22
49902	8
49903	6
49904	20
49905	33
49906	8
49907	19
49908	13
49909	31
49910	21
49911	15
49912	7
49913	37
49914	2
49915	1
49916	12
49917	10
49918	36
49920	10
49921	12
49922	13
49923	6
49924	12
49925	6
49926	13
49928	13
49929	11
49930	1
49931	4
49932	13
49933	14
49934	43
49935	9
49936	17
49937	16
49938	18
49940	9
49941	14
49942	4
49943	22
49946	1
49948	38
49949	32
49950	12
49951	7
49952	24
49953	34
49954	31
49955	7
49956	14
49958	28
49959	25
49961	19
49963	13
49964	14
49965	10
49966	12
49968	31
49969	14
49970	11
49971	13
49972	3
49973	4
49974	7
49975	9
49976	7
49977	13
49978	27
49979	19
49980	10
49981	3
49982	2
49983	18
49984	21
49985	19
49986	12
49987	7
49988	20
49990	14
49991	14
49992	22
49993	17
49994	7
49995	30
49996	16
49997	27
49998	3
49999	17
50000	13
50001	41
50002	14
50003	14
50004	9
50005	15
50006	22
50008	18
50009	21
50011	16
50012	11
50013	14
50015	9
50016	0
50017	28
50018	28
50019	12
50020	11
50021	14
50022	27
50023	31
50024	24
50025	44
50026	22
50027	12
50029	9
50030	9
50031	6
50032	24
50033	3
50034	11
50035	3
50036	23
50037	21
50038	33
50039	13
50040	22
50041	16
50042	3
50043	7
50044	16
50046	25
50047	6
50048	11
50049	21
50050	16
50051	13
50053	42
50054	25
50055	27
50056	7
50058	10
50060	36
50061	9
50062	29
50064	22
50065	30
50066	21
50067	5
50068	11
50070	12
50071	10
50072	9
50073	18
50074	17
50075	2
50076	39
50078	24
50079	43
50080	30
50081	4
50082	3
50083	22
50084	6
50086	15
50087	5
50088	31
50089	14
50090	3
50092	9
50093	14
50094	8
50095	5
50097	8
50098	20
50099	29
50100	11
50101	27
50102	17
50103	18
50104	13
50105	24
50107	10
50108	9
50109	2
50110	33
50111	28
50112	24
50114	25
50115	16
50116	8
50117	10
50118	7
50119	7
50120	1
50121	22
50122	38
50123	28
50124	15
50125	1
50126	8
50127	35
50128	34
50129	20
50130	1
50131	11
50132	28
50134	9
50135	14
50136	16
50137	9
50138	26
50140	12
50141	57
50142	36
50143	19
50144	25
50145	9
50146	11
50147	34
50148	8
50149	13
50151	2
50152	25
50153	18
50154	24
50156	6
50157	7
50158	24
50159	18
50160	23
50161	16
50162	9
50163	10
50164	10
50165	26
50166	31
50167	14
50168	10
50169	20
50170	14
50171	18
50172	14
50174	20
50175	16
50176	18
50177	2
50178	22
50179	30
50180	17
50181	7
50182	33
50183	49
50184	16
50185	30
50186	18
50187	8
50188	24
50191	15
50192	2
50193	2
50195	4
50196	9
50197	19
50198	4
50199	9
50202	12
50203	7
50204	15
50205	32
50207	15
50208	34
50209	10
50210	26
50211	17
50212	30
50214	6
50216	14
50217	15
50218	34
50219	9
50220	5
50221	36
50222	16
50223	25
50224	22
50225	13
50226	4
50227	18
50229	6
50230	16
50231	24
50232	29
50233	11
50234	22
50235	15
50236	16
50238	12
50239	7
50240	19
50241	9
50242	0
50243	12
50244	5
50245	13
50248	15
50249	8
50250	26
50251	8
50252	20
50253	34
50256	9
50257	16
50258	7
50259	9
50260	21
50261	24
50262	27
50263	18
50264	28
50265	15
50266	30
50267	14
50268	3
50269	43
50270	22
50273	21
50275	3
50276	20
50277	3
50278	16
50279	16
50280	3
50283	27
50285	4
50287	18
50288	9
50289	20
50290	11
50291	47
50292	34
50293	23
50294	11
50295	29
50296	6
50297	13
50298	13
50299	23
50301	17
50302	9
50303	20
50306	13
50307	15
50308	8
50309	33
50311	30
50312	13
50313	26
50314	13
50315	37
50317	30
50318	30
50319	17
50320	24
50321	21
50322	1
50323	8
50324	13
50325	18
50326	33
50328	4
50329	20
50330	16
50332	6
50333	18
50334	34
50335	31
50336	31
50337	7
50339	21
50340	27
50341	26
50342	50
50343	5
50344	37
50345	18
50346	4
50347	26
50348	1
50349	25
50350	35
50351	14
50352	9
50353	20
50355	25
50356	27
50357	26
50358	15
50359	52
50360	15
50361	7
50362	12
50363	24
50365	15
50366	3
50367	12
50368	36
50369	55
50371	28
50372	33
50374	26
50375	11
50376	11
50379	38
50381	3
50382	5
50384	13
50385	4
50387	27
50388	10
50390	19
50391	16
50392	24
50393	21
50394	16
50395	11
50396	18
50397	16
50398	29
50399	15
50400	26
50402	14
50403	18
50405	23
50406	8
50407	10
50408	15
50410	14
50411	6
50412	3
50413	15
50414	16
50415	10
50416	12
50417	6
50418	15
50419	30
50420	18
50421	7
50422	5
50423	6
50424	8
50426	21
50427	25
50428	6
50429	4
50430	22
50431	10
50433	26
50434	12
50435	22
50436	21
50437	17
50438	9
50439	9
50440	9
50441	6
50442	19
50443	8
50444	18
50445	6
50446	4
50447	9
50448	26
50449	4
50451	15
50452	19
50453	6
50454	16
50455	20
50456	24
50457	9
50458	13
50459	14
50460	43
50461	39
50462	19
50463	7
50464	7
50465	25
50466	14
50467	16
50468	40
50470	32
50471	12
50472	17
50473	15
50474	41
50475	19
50476	5
50477	28
50478	8
50480	11
50481	18
50482	40
50483	16
50484	3
50485	22
50486	8
50487	13
50488	30
50489	19
50490	13
50491	21
50493	16
50494	3
50495	11
50496	50
50497	13
50499	8
50500	9
50501	17
50502	27
50503	5
50504	18
50505	19
50506	6
50507	29
50508	11
50509	16
50510	6
50511	8
50512	21
50513	24
50514	30
50515	4
50516	21
50517	27
50518	18
50519	36
50521	15
50522	6
50523	4
50525	14
50526	13
50527	12
50528	5
50529	4
50530	11
50531	36
50532	12
50533	0
50534	17
50535	9
50536	4
50537	17
50538	26
50539	6
50540	5
50541	15
50542	10
50543	17
50544	21
50548	5
50549	22
50550	30
50551	23
50554	18
50555	14
50556	19
50557	23
50558	27
50559	20
50560	5
50561	17
50562	28
50563	23
50564	40
50566	23
50567	6
50568	20
50571	14
50572	33
50573	0
50574	23
50575	7
50576	10
50578	14
50579	3
50581	27
50582	6
50583	11
50585	10
50586	9
50587	27
50588	17
50589	6
50590	5
50591	38
50592	14
50593	24
50594	29
50596	29
50598	26
50600	11
50601	9
50604	37
50605	19
50606	10
50607	20
50608	23
50609	34
50610	6
50611	5
50614	33
50615	14
50617	20
50618	22
50619	13
50620	27
50621	20
50622	2
50623	25
50624	18
50625	9
50627	13
50628	26
50629	11
50630	22
50631	18
50632	13
50634	31
50635	27
50636	20
50637	37
50638	12
50639	3
50640	23
50641	31
50642	22
50643	8
50645	16
50647	7
50649	15
50650	7
50652	16
50653	38
50654	37
50655	5
50656	18
50657	30
50658	15
50659	7
50660	6
50661	8
50662	17
50663	10
50664	42
50665	5
50666	21
50667	8
50668	4
50669	33
50671	9
50672	20
50673	21
50674	13
50675	4
50676	7
50677	8
50678	7
50679	7
50681	2
50682	13
50683	21
50684	17
50685	6
50686	11
50687	35
50688	14
50689	9
50690	25
50691	29
50692	2
50694	11
50696	18
50697	7
50698	12
50699	17
50701	10
50702	7
50703	11
50705	33
50706	17
50707	12
50708	9
50709	5
50711	5
50712	30
50714	2
50716	34
50717	15
50718	16
50719	3
50720	6
50721	33
50722	7
50723	18
50724	22
50725	28
50727	22
50728	19
50729	19
50730	13
50731	48
50732	27
50734	14
50735	30
50736	35
50737	1
50739	21
50740	39
50741	14
50743	35
50744	21
50745	14
50747	28
50748	11
50749	25
50751	21
50752	3
50753	25
50754	4
50757	10
50760	34
50761	20
50762	13
50763	6
50764	21
50765	22
50766	26
50767	17
50768	11
50769	17
50770	23
50771	13
50772	19
50773	6
50774	24
50775	6
50776	14
50777	3
50779	12
50781	7
50782	24
50783	20
50784	13
50785	10
50786	23
50789	4
50790	26
50791	43
50792	8
50793	6
50794	3
50795	12
50796	28
50797	11
50799	11
50800	11
50803	18
50804	16
50805	30
50806	14
50807	18
50809	2
50810	3
50811	31
50812	16
50813	13
50814	5
50815	13
50817	17
50818	18
50819	28
50821	34
50822	9
50823	24
50824	12
50825	24
50826	5
50827	19
50828	8
50829	28
50830	0
50831	9
50832	19
50834	10
50836	14
50837	9
50838	17
50839	19
50840	17
50841	13
50842	13
50845	3
50846	12
50847	10
50848	4
50849	22
50850	44
50851	23
50852	7
50853	18
50854	6
50855	8
50857	13
50858	8
50859	27
50860	28
50861	27
50862	22
50863	18
50864	23
50866	23
50867	27
50868	2
50869	19
50870	16
50871	11
50872	26
50873	31
50874	5
50875	23
50876	10
50877	10
50878	38
50879	9
50880	4
50882	7
50883	19
50884	11
50885	18
50886	14
50887	5
50888	31
50893	21
50894	3
50895	17
50896	19
50897	8
50898	14
50899	34
50900	21
50901	35
50902	6
50903	33
50906	19
50907	26
50908	5
50910	18
50911	15
50912	18
50913	17
50914	16
50915	8
50916	25
50917	10
50918	34
50920	5
50922	31
50923	0
50924	10
50926	3
50927	4
50928	2
50929	55
50930	30
50931	24
50932	19
50933	12
50934	10
50936	38
50937	11
50938	16
50939	4
50942	17
50943	16
50944	22
50945	4
50946	15
50947	5
50948	22
50949	36
50950	9
50951	30
50952	27
50953	23
50954	15
50955	13
50956	2
50957	6
50958	12
50959	9
50960	15
50961	16
50962	17
50963	20
50964	33
50965	8
50966	6
50967	13
50968	5
50969	13
50970	16
50971	27
50972	9
50973	12
50974	23
50975	18
50976	17
50978	15
50979	13
50980	24
50981	9
50982	12
50983	32
50984	8
50985	18
50986	10
50987	11
50989	18
50991	34
50992	16
50993	1
50995	12
50996	24
50997	16
50998	8
50999	21
51000	9
51001	21
51002	10
51004	27
51005	8
51006	10
51007	7
51008	10
51009	20
51010	6
51011	8
51012	16
51013	10
51014	12
51015	12
51018	7
51020	30
51021	13
51023	8
51024	24
51025	6
51026	33
51027	12
51028	22
51029	12
51030	24
51031	27
51032	16
51033	17
51035	32
51036	15
51037	7
51040	16
51041	1
51042	13
51043	5
51044	6
51045	15
51046	20
51047	18
51048	18
51049	26
51050	5
51051	25
51052	12
51053	11
51054	14
51055	12
51058	27
51059	11
51061	11
51062	25
51063	18
51065	20
51066	11
51067	25
51068	21
51069	9
51070	10
51071	10
51072	12
51073	10
51074	19
51075	15
51078	7
51079	31
51080	14
51081	29
51082	11
51083	4
51084	21
51085	15
51086	13
51087	11
51088	27
51089	12
51090	26
51091	19
51092	25
51093	8
51094	23
51095	15
51096	12
51097	33
51098	17
51100	24
51101	12
51102	17
51103	8
51104	18
51105	14
51106	2
51107	52
51108	11
51109	11
51110	15
51111	11
51112	30
51113	35
51114	30
51115	28
51116	20
51118	23
51119	8
51120	15
51121	9
51122	15
51124	22
51125	5
51126	2
51127	24
51128	8
51129	4
51130	25
51132	2
51133	15
51135	17
51137	34
51138	10
51140	16
51141	32
51142	10
51143	11
51144	23
51145	7
51146	11
51148	30
51149	5
51150	7
51151	14
51152	7
51153	6
51154	11
51155	24
51156	10
51157	20
51158	6
51159	20
51160	9
51161	7
51162	17
51163	16
51164	4
51166	4
51167	6
51170	11
51173	26
51174	13
51175	42
51176	10
51177	7
51178	29
51179	34
51180	13
51181	10
51182	9
51183	18
51184	15
51185	12
51186	22
51187	9
51188	10
51189	11
51190	16
51191	7
51192	29
51193	16
51194	9
51195	20
51196	25
51197	10
51198	12
51199	11
51200	7
51201	19
51202	8
51203	3
51204	21
51205	14
51208	8
51209	13
51211	16
51212	5
51214	20
51215	32
51216	2
51217	11
51218	16
51219	22
51220	10
51221	0
51222	0
51223	23
51224	12
51226	6
51227	23
51228	1
51230	6
51231	11
51232	4
51235	12
51236	13
51237	15
51238	29
51239	7
51241	16
51243	20
51244	21
51246	17
51247	23
51248	13
51249	13
51250	8
51251	18
51252	14
51253	28
51254	32
51255	32
51256	9
51257	15
51258	11
51260	9
51264	15
51265	25
51266	19
51267	19
51268	9
51272	6
51273	30
51274	24
51275	11
51276	9
51277	22
51278	12
51279	18
51280	3
51281	22
51283	18
51284	6
51285	21
51287	4
51288	23
51289	2
51291	15
51292	19
51293	18
51294	14
51295	21
51296	19
51298	17
51299	16
51300	16
51301	18
51302	14
51303	32
51304	19
51306	6
51307	19
51308	9
51309	26
51310	21
51311	5
51312	6
51313	15
51314	22
51315	17
51316	23
51317	14
51318	2
51319	5
51321	28
51322	7
51323	7
51324	11
51325	18
51326	12
51327	2
51329	27
51330	16
51331	23
51332	17
51333	0
51334	10
51335	19
51336	5
51337	21
51338	7
51339	27
51341	2
51342	4
51343	15
51344	12
51345	27
51346	1
51347	26
51349	7
51350	30
51351	29
51353	10
51354	8
51356	20
51357	11
51359	16
51360	10
51361	9
51362	27
51363	16
51365	23
51366	17
51367	12
51368	22
51369	12
51370	15
51371	12
51372	19
51373	11
51374	4
51375	17
51376	17
51377	12
51378	8
51379	13
51380	9
51381	12
51382	11
51383	7
51384	24
51385	35
51386	10
51387	24
51388	14
51389	21
51390	28
51391	18
51392	4
51393	13
51394	4
51396	9
51397	15
51398	13
51399	0
51400	6
51401	7
51402	10
51403	21
51405	26
51407	4
51408	14
51409	4
51410	22
51411	26
51412	32
51413	6
51414	14
51415	20
51416	18
51417	39
51418	17
51419	36
51420	42
51422	7
51424	27
51425	33
51426	13
51428	19
51429	4
51430	11
51431	14
51432	0
51433	19
51434	15
51435	3
51436	16
51437	25
51438	16
51439	15
51440	26
51442	23
51443	4
51444	13
51445	32
51446	9
51447	8
51448	26
51449	20
51450	29
51451	8
51452	3
51453	6
51454	25
51456	13
51458	17
51459	30
51462	14
51463	16
51464	17
51465	23
51468	10
51469	32
51471	20
51472	14
51473	6
51474	15
51475	3
51477	16
51479	12
51480	29
51481	42
51482	16
51483	10
51484	17
51485	13
51486	30
51488	15
51490	7
51491	8
51492	20
51493	12
51494	11
51495	17
51496	13
51497	24
51498	38
51499	21
51500	10
51501	47
51503	28
51505	8
51506	17
51507	11
51508	5
51509	8
51510	18
51511	27
51512	22
51513	9
51514	16
51515	27
51516	12
51517	41
51518	13
51519	8
51521	29
51522	12
51523	5
51524	3
51525	7
51526	6
51527	24
51529	15
51530	25
51531	14
51532	12
51533	5
51534	8
51535	3
51536	16
51537	25
51538	20
51539	26
51540	15
51541	19
51542	25
51543	20
51544	9
51545	5
51547	2
51548	25
51549	6
51550	13
51551	7
51552	28
51553	29
51554	13
51555	10
51556	25
51557	10
51558	19
51559	17
51560	15
51561	16
51562	28
51563	16
51564	26
51565	29
51566	20
51567	8
51568	12
51569	7
51570	11
51572	8
51573	19
51574	2
51575	15
51576	7
51577	25
51578	13
51581	13
51582	31
51583	18
51584	18
51585	13
51587	4
51589	23
51590	13
51591	22
51592	25
51593	11
51594	37
51596	7
51597	19
51599	23
51600	6
51601	3
51603	14
51604	42
51605	14
51606	25
51608	41
51609	8
51610	9
51611	21
51612	7
51613	13
51614	15
51615	19
51616	22
51617	16
51618	9
51619	22
51620	17
51621	21
51622	9
51623	19
51624	17
51625	10
51626	30
51627	4
51629	17
51630	14
51631	13
51632	11
51634	12
51635	10
51636	27
51637	15
51638	27
51639	8
51640	18
51641	23
51642	8
51643	15
51644	3
51645	8
51646	42
51647	10
51648	7
51650	10
51651	10
51652	17
51653	10
51654	10
51655	12
51656	16
51657	21
51658	16
51660	29
51661	10
51662	26
51663	16
51664	11
51665	30
51666	7
51668	8
51669	4
51671	18
51672	5
51673	17
51674	40
51676	12
51677	37
51678	23
51679	3
51680	15
51683	11
51684	9
51685	27
51686	4
51688	37
51689	26
51691	14
51692	8
51693	14
51694	5
51695	8
51696	29
51697	8
51698	14
51700	18
51701	22
51703	17
51707	12
51709	12
51710	23
51711	15
51712	29
51713	36
51715	8
51716	7
51717	18
51718	16
51719	40
51720	20
51721	5
51722	28
51724	41
51725	18
51726	28
51727	29
51728	10
51730	26
51731	16
51732	11
51733	15
51734	13
51735	11
51736	32
51740	19
51741	17
51742	10
51743	6
51744	29
51746	17
51747	13
51748	12
51749	6
51750	9
51751	20
51752	39
51753	12
51754	11
51755	7
51756	15
51758	13
51759	7
51760	6
51761	29
51762	32
51763	14
51764	6
51766	11
51767	12
51768	11
51769	33
51770	13
51771	21
51772	7
51775	47
51776	19
51778	25
51779	35
51780	29
51781	28
51782	5
51783	26
51784	16
51786	3
51787	22
51788	14
51789	6
51791	4
51792	18
51794	10
51795	16
51796	11
51797	14
51798	5
51799	10
51800	17
51801	5
51802	26
51803	19
51805	3
51806	23
51807	5
51808	7
51809	4
51811	28
51812	1
51813	17
51814	7
51815	18
51816	24
51818	15
51819	17
51820	1
51821	22
51822	9
51826	13
51827	16
51828	14
51829	14
51830	22
51831	29
51832	13
51833	9
51834	37
51835	34
51836	34
51837	6
51838	27
51839	23
51840	8
51841	10
51842	7
51843	22
51844	10
51845	18
51846	17
51847	14
51848	16
51851	6
51853	28
51855	20
51856	27
51857	17
51858	30
51859	13
51860	20
51862	36
51863	22
51864	32
51865	11
51867	9
51868	11
51869	7
51870	10
51871	14
51872	10
51874	16
51875	43
51876	15
51877	18
51878	24
51879	33
51881	11
51882	12
51883	24
51884	35
51885	15
51886	17
51887	15
51888	19
51889	9
51890	10
51892	57
51893	35
51894	18
51895	11
51896	6
51897	22
51899	18
51901	29
51902	25
51903	11
51904	7
51905	23
51906	11
51908	15
51909	25
51910	34
51911	10
51912	23
51913	10
51914	13
51915	29
51917	34
51919	16
51920	18
51921	5
51922	30
51923	13
51924	28
51925	33
51926	21
51927	8
51928	30
51929	20
51930	13
51931	1
51932	7
51933	6
51934	30
51935	13
51936	15
51937	0
51940	30
51941	16
51943	13
51944	0
51946	9
51947	16
51948	2
51949	7
51950	4
51954	26
51955	20
51956	11
51958	7
51959	10
51960	6
51961	14
51963	16
51964	17
51965	5
51966	20
51967	21
51968	28
51970	17
51971	10
51972	6
51973	19
51975	13
51976	14
51977	9
51978	59
51979	6
51980	37
51981	15
51982	20
51983	9
51984	13
51985	6
51986	15
51987	21
51988	21
51989	26
51990	2
51991	20
51992	17
51993	19
51994	29
51995	9
51997	14
51998	21
51999	6
52000	15
52001	32
52002	12
52003	13
52004	9
52005	8
52006	3
52007	7
52008	18
52010	15
52011	31
52012	21
52013	5
52014	17
52016	11
52017	2
52018	22
52019	19
52020	21
52021	8
52022	25
52023	21
52025	5
52026	9
52027	26
52029	22
52030	16
52032	16
52033	19
52034	32
52035	10
52037	32
52038	40
52040	14
52041	18
52042	13
52043	26
52044	2
52046	13
52047	23
52048	11
52049	22
52050	15
52051	18
52052	18
52053	11
52055	23
52056	14
52057	20
52058	15
52059	20
52060	7
52061	7
52062	21
52065	13
52066	12
52067	20
52068	17
52069	3
52070	3
52071	25
52072	6
52073	9
52074	13
52075	5
52076	25
52077	0
52078	31
52079	21
52080	15
52082	24
52083	46
52084	15
52085	9
52086	21
52087	27
52088	7
52091	15
52092	19
52093	17
52094	9
52095	14
52096	5
52097	0
52098	25
52100	17
52102	8
52103	16
52104	17
52105	17
52106	8
52107	20
52108	33
52109	36
52110	24
52111	9
52112	17
52113	46
52114	6
52115	9
52116	8
52117	11
52118	5
52119	6
52120	12
52121	23
52123	41
52124	24
52125	7
52126	8
52127	12
52129	10
52130	36
52131	26
52132	20
52133	20
52135	13
52136	11
52137	7
52138	6
52139	19
52140	6
52141	26
52142	26
52143	22
52144	6
52146	21
52148	22
52149	12
52150	26
52151	24
52152	15
52153	23
52156	7
52157	20
52158	14
52159	5
52160	13
52161	15
52162	22
52163	4
52164	7
52165	22
52166	14
52168	15
52169	34
52170	34
52171	10
52172	5
52173	6
52174	7
52176	11
52177	24
52178	15
52179	12
52180	3
52181	13
52182	5
52183	6
52184	12
52185	7
52186	22
52187	35
52189	25
52190	28
52191	17
52192	50
52193	21
52195	10
52196	18
52197	4
52198	9
52199	27
52200	6
52201	4
52202	10
52203	3
52204	7
52206	47
52207	10
52208	38
52209	28
52210	13
52211	21
52212	22
52213	8
52214	11
52215	25
52216	17
52218	8
52219	11
52220	13
52221	9
52222	36
52223	15
52224	18
52225	27
52226	0
52228	12
52229	21
52230	8
52231	14
52232	14
52233	31
52234	16
52235	6
52236	37
52238	3
52239	9
52240	13
52241	9
52242	34
52243	12
52244	15
52246	17
52247	15
52248	14
52249	20
52250	17
52251	34
52252	41
52253	11
52255	12
52257	27
52258	20
52260	29
52261	11
52262	29
52264	22
52265	16
52266	42
52267	20
52268	15
52269	14
52270	17
52271	17
52272	12
52273	12
52274	12
52275	18
52276	7
52278	15
52279	17
52280	15
52281	15
52283	25
52284	30
52285	22
52286	10
52287	16
52288	16
52289	10
52290	11
52291	19
52292	18
52293	33
52294	13
52295	14
52296	10
52297	2
52298	14
52299	8
52300	25
52301	15
52302	26
52303	4
52304	18
52305	14
52306	13
52308	7
52309	5
52310	15
52311	14
52312	9
52313	48
52314	7
52315	25
52316	21
52317	8
52318	9
52319	43
52321	8
52322	21
52323	19
52324	8
52325	25
52326	9
52327	19
52328	23
52329	20
52330	10
52331	29
52333	21
52334	15
52335	16
52336	10
52337	9
52338	8
52339	11
52340	46
52341	28
52343	31
52344	19
52345	24
52347	5
52349	16
52350	16
52351	22
52352	22
52353	62
52354	5
52355	24
52356	13
52357	9
52358	5
52359	9
52360	26
52361	11
52363	1
52364	30
52365	8
52366	26
52367	32
52368	9
52369	11
52370	8
52371	14
52372	10
52374	16
52375	25
52376	23
52377	17
52378	13
52379	22
52380	20
52381	11
52382	12
52383	14
52385	25
52389	6
52390	27
52392	10
52393	3
52394	12
52395	13
52396	10
52397	11
52398	47
52400	21
52401	35
52402	4
52403	10
52404	17
52405	16
52406	1
52407	14
52408	15
52409	16
52411	5
52412	15
52413	20
52414	39
52415	24
52416	19
52417	25
52418	17
52419	36
52420	14
52421	9
52422	7
52423	25
52424	22
52425	24
52426	3
52427	19
52428	24
52429	20
52430	30
52431	8
52432	28
52434	13
52435	10
52436	16
52437	6
52439	19
52440	25
52441	9
52442	26
52445	23
52446	5
52447	14
52448	6
52449	11
52450	30
52451	6
52452	11
52453	11
52454	32
52455	22
52456	9
52457	15
52458	6
52459	34
52460	21
52461	19
52462	27
52463	39
52464	24
52465	10
52466	7
52467	13
52469	13
52470	20
52472	12
52473	21
52475	14
52476	10
52478	4
52479	12
52481	15
52483	18
52484	21
52485	6
52486	15
52489	2
52490	6
52491	37
52492	5
52493	7
52496	4
52497	14
52498	35
52499	20
52500	17
52501	20
52502	25
52503	15
52504	20
52507	7
52508	13
52509	30
52510	25
52511	23
52512	17
52514	22
52515	46
52516	19
52517	24
52518	14
52519	16
52520	26
52521	17
52522	6
52523	16
52524	13
52525	20
52526	13
52527	22
52528	12
52529	20
52530	8
52531	26
52532	20
52533	21
52534	18
52535	13
52536	16
52537	9
52538	8
52539	29
52540	4
52541	16
52542	10
52543	51
52544	34
52545	8
52546	14
52547	22
52548	16
52549	6
52550	22
52551	22
52553	16
52554	17
52555	38
52556	25
52557	11
52559	7
52560	11
52561	31
52562	8
52563	8
52564	15
52565	8
52566	3
52567	29
52568	7
52571	34
52572	1
52573	0
52575	31
52576	14
52577	15
52578	28
52579	4
52582	33
52583	36
52584	40
52586	13
52588	8
52589	30
52590	12
52591	19
52592	3
52594	22
52597	21
52598	24
52599	1
52600	10
52601	9
52602	9
52603	4
52605	11
52606	11
52607	8
52608	7
52609	23
52610	1
52612	39
52613	17
52614	9
52615	23
52616	7
52617	30
52618	5
52619	15
52620	12
52621	6
52622	8
52624	14
52625	20
52626	3
52627	15
52628	35
52629	14
52630	19
52631	4
52632	17
52633	7
52634	7
52636	13
52638	20
52640	25
52641	21
52642	25
52643	17
52644	11
52645	38
52647	5
52648	9
52649	16
52650	7
52651	21
52652	33
52653	4
52654	51
52655	5
52656	9
52657	10
52658	24
52659	26
52660	18
52662	10
52663	39
52664	12
52665	14
52666	15
52667	0
52670	10
52671	15
52674	27
52675	4
52676	15
52677	8
52678	12
52679	19
52681	15
52682	10
52683	10
52684	33
52685	27
52687	18
52688	24
52689	11
52690	34
52691	33
52692	12
52693	16
52694	14
52695	12
52696	24
52697	4
52698	8
52699	13
52700	22
52701	12
52702	10
52703	8
52704	21
52706	5
52707	15
52708	31
52709	27
52710	33
52711	6
52712	31
52713	7
52714	13
52715	3
52716	11
52717	13
52718	3
52719	9
52720	14
52721	15
52722	19
52723	13
52724	7
52726	13
52727	39
52728	22
52730	6
52731	19
52732	22
52733	40
52734	22
52735	1
52736	9
52738	10
52739	2
52740	16
52741	19
52742	28
52743	8
52744	15
52745	18
52746	33
52747	1
52749	31
52750	8
52751	9
52752	5
52753	3
52754	16
52755	22
52756	11
52758	18
52759	13
52760	25
52761	35
52763	8
52764	28
52765	12
52766	29
52767	9
52770	27
52771	25
52772	47
52773	11
52774	11
52775	7
52776	15
52777	16
52778	32
52781	31
52782	14
52784	7
52785	15
52786	8
52787	16
52788	9
52790	20
52791	25
52792	14
52793	29
52794	14
52795	16
52796	7
52797	18
52798	11
52799	6
52800	15
52801	34
52803	16
52804	7
52805	29
52807	21
52808	34
52809	15
52810	16
52811	29
52812	10
52813	7
52814	19
52815	31
52816	14
52817	10
52818	12
52819	3
52820	18
52821	13
52823	10
52824	8
52825	14
52826	29
52828	6
52829	8
52831	7
52832	25
52833	6
52834	16
52835	19
52836	11
52838	4
52839	22
52840	10
52842	24
52843	6
52844	23
52845	14
52847	28
52848	42
52849	6
52851	6
52852	11
52853	21
52854	11
52855	11
52856	2
52857	25
52858	34
52859	7
52860	13
52861	11
52863	11
52864	15
52865	20
52866	25
52867	10
52868	10
52869	2
52870	15
52871	14
52872	13
52873	9
52874	17
52875	5
52876	12
52877	11
52878	3
52879	21
52880	16
52881	20
52883	10
52884	20
52885	7
52886	10
52887	10
52888	35
52889	31
52890	26
52891	27
52892	9
52894	18
52895	6
52897	19
52898	4
52899	11
52900	41
52901	5
52902	7
52903	24
52904	11
52905	18
52906	3
52909	24
52910	37
52911	9
52912	31
52913	22
52914	27
52915	13
52916	18
52917	42
52918	9
52919	15
52920	19
52921	12
52922	6
52923	13
52925	14
52926	10
52927	8
52928	17
52929	27
52930	11
52931	14
52932	18
52933	17
52934	8
52935	18
52936	20
52937	12
52938	20
52939	6
52941	26
52942	22
52943	12
52944	12
52945	12
52946	21
52947	19
52948	24
52949	11
52950	3
52951	9
52952	4
52954	6
52955	25
52956	10
52957	4
52958	7
52959	9
52960	9
52961	8
52962	26
52963	13
52964	19
52965	16
52967	20
52968	8
52971	12
52972	4
52973	23
52974	14
52976	31
52977	27
52978	20
52979	9
52980	21
52982	2
52983	12
52985	1
52986	16
52987	21
52988	30
52991	16
52992	11
52993	23
52994	13
52995	19
52996	23
52997	25
52998	14
52999	27
53000	4
53001	10
53002	3
53003	7
53004	17
53005	8
53007	21
53008	26
53009	23
53010	16
53011	15
53012	12
53014	24
53015	15
53016	24
53017	20
53018	7
53019	4
53020	26
53021	10
53022	2
53023	11
53024	4
53026	21
53028	12
53029	22
53030	21
53031	48
53032	17
53033	6
53034	13
53035	27
53036	59
53037	20
53039	11
53040	7
53041	39
53042	21
53043	17
53045	10
53046	24
53047	12
53048	17
53051	14
53052	20
53053	10
53054	4
53055	10
53056	9
53057	21
53058	4
53061	12
53062	5
53063	16
53064	5
53065	2
53066	12
53067	19
53068	15
53069	20
53071	20
53073	7
53074	16
53075	11
53076	17
53078	13
53080	31
53081	18
53082	6
53083	15
53084	8
53085	2
53087	9
53088	15
53089	19
53091	0
53092	12
53093	24
53094	17
53096	6
53097	22
53098	14
53099	9
53100	20
53101	6
53102	9
53103	18
53105	26
53106	28
53107	8
53108	17
53110	19
53111	19
53112	5
53114	24
53115	16
53116	37
53117	9
53118	9
53119	22
53120	16
53121	16
53122	12
53124	24
53125	7
53127	13
53129	21
53130	8
53132	29
53133	6
53134	9
53135	20
53136	1
53137	21
53138	14
53139	17
53140	15
53141	49
53142	15
53143	11
53144	22
53145	13
53146	11
53147	13
53148	9
53149	6
53150	10
53151	23
53154	25
53156	12
53157	17
53158	20
53159	27
53160	13
53161	9
53163	14
53164	24
53165	16
53166	7
53167	10
53168	6
53169	18
53170	26
53171	20
53172	6
53173	6
53175	17
53176	23
53177	12
53178	7
53179	52
53180	4
53181	42
53182	10
53183	7
53184	19
53185	22
53186	6
53187	18
53188	20
53189	22
53190	26
53191	13
53192	2
53193	9
53194	18
53195	3
53196	20
53197	9
53198	6
53199	17
53200	7
53201	6
53202	27
53203	4
53205	12
53206	7
53207	32
53208	22
53209	13
53210	22
53211	20
53215	5
53216	12
53217	9
53218	12
53219	8
53220	5
53221	11
53222	3
53224	34
53226	10
53227	19
53228	9
53229	22
53230	36
53231	15
53232	23
53233	7
53234	6
53235	28
53237	7
53238	13
53240	17
53242	30
53243	9
53244	9
53245	16
53247	21
53248	49
53249	11
53251	33
53252	9
53253	11
53255	13
53256	24
53257	6
53258	7
53259	15
53260	17
53261	5
53262	4
53263	32
53264	22
53265	20
53266	30
53267	9
53269	16
53270	16
53272	16
53273	25
53274	14
53275	8
53277	29
53278	31
53279	22
53280	5
53281	10
53284	16
53285	13
53286	19
53287	18
53288	6
53289	9
53290	12
53291	9
53292	35
53293	3
53294	14
53295	32
53296	15
53297	25
53298	18
53299	28
53300	20
53301	11
53302	6
53303	5
53306	22
53307	20
53308	12
53309	39
53310	21
53311	1
53313	33
53314	6
53315	8
53316	0
53317	10
53318	12
53321	14
53322	25
53323	32
53324	14
53325	23
53326	11
53327	34
53328	0
53330	0
53332	18
53333	12
53334	2
53335	4
53338	1
53340	3
53341	12
53342	7
53343	13
53344	20
53345	5
53346	34
53347	4
53348	28
53349	21
53350	19
53351	15
53352	36
53353	14
53354	35
53355	1
53356	17
53359	9
53360	24
53361	16
53362	22
53363	18
53364	39
53366	21
53367	18
53368	16
53370	29
53371	12
53372	15
53373	7
53374	24
53375	24
53376	21
53377	29
53379	14
53381	11
53382	24
53383	5
53384	27
53385	15
53387	21
53388	18
53389	30
53390	16
53391	20
53393	9
53394	27
53395	10
53396	14
53397	13
53399	32
53400	20
53401	26
53403	16
53404	28
53405	44
53407	22
53409	0
53410	5
53411	19
53412	13
53413	29
53415	14
53416	16
53417	7
53418	4
53419	13
53420	11
53421	22
53422	2
53423	42
53424	15
53428	16
53429	17
53430	9
53431	17
53432	4
53436	16
53437	11
53439	8
53440	32
53441	8
53442	10
53443	17
53444	22
53445	2
53446	17
53447	33
53448	12
53449	6
53450	7
53451	16
53452	12
53453	10
53454	31
53455	9
53456	22
53457	12
53458	44
53459	26
53460	28
53461	22
53462	17
53463	3
53464	36
53466	14
53467	11
53468	19
53469	47
53472	7
53474	10
53476	14
53477	12
53478	20
53479	33
53480	35
53481	13
53482	16
53483	20
53485	17
53487	27
53488	27
53489	20
53490	7
53491	32
53492	6
53494	9
53495	14
53497	23
53498	10
53499	12
53500	31
53501	25
53502	35
53503	23
53504	9
53505	5
53507	14
53508	20
53509	24
53510	22
53511	12
53513	30
53514	40
53515	15
53516	21
53517	3
53518	8
53519	12
53521	3
53522	34
53525	7
53526	16
53528	8
53529	18
53530	34
53531	19
53533	1
53534	21
53535	8
53536	11
53537	9
53539	5
53540	22
53541	12
53542	1
53543	5
53544	29
53545	11
53546	10
53547	12
53548	6
53550	35
53551	12
53552	13
53553	28
53554	15
53555	48
53556	12
53557	17
53558	26
53561	29
53562	29
53563	34
53564	14
53565	16
53566	7
53567	12
53568	10
53570	10
53571	20
53572	25
53573	12
53574	21
53575	20
53576	23
53577	16
53578	16
53579	31
53582	8
53583	15
53584	8
53585	18
53586	13
53587	20
53588	20
53589	4
53590	21
53591	31
53592	26
53593	23
53594	18
53596	27
53597	5
53598	33
53599	25
53600	11
53601	12
53603	9
53604	12
53606	13
53607	12
53609	15
53610	27
53611	38
53612	6
53613	33
53614	26
53615	9
53617	10
53618	23
53619	17
53620	13
53621	11
53622	26
53624	21
53626	9
53627	21
53628	13
53629	9
53632	8
53633	17
53634	0
53635	24
53636	4
53637	9
53638	12
53639	26
53640	7
53641	13
53642	18
53644	15
53645	25
53650	0
53651	12
53652	6
53653	16
53654	12
53656	20
53657	6
53658	5
53660	40
53661	2
53662	19
53663	12
53664	14
53665	22
53666	24
53667	15
53668	32
53669	11
53670	9
53671	26
53672	20
53673	1
53675	4
53676	4
53677	18
53678	22
53679	28
53681	7
53682	13
53683	12
53684	32
53685	13
53686	30
53688	14
53689	23
53690	15
53691	6
53692	1
53693	33
53694	15
53695	12
53697	20
53698	21
53700	16
53701	27
53702	9
53703	7
53705	9
53706	15
53707	17
53708	22
53709	8
53710	0
53715	10
53716	35
53717	20
53718	29
53720	25
53722	14
53723	11
53724	3
53725	27
53726	11
53727	9
53728	9
53729	10
53730	13
53731	7
53732	22
53733	18
53734	5
53735	22
53736	18
53737	16
53739	15
53740	18
53741	6
53742	17
53743	14
53744	8
53745	15
53746	18
53747	21
53749	2
53750	12
53751	20
53752	26
53753	15
53754	13
53755	8
53757	6
53758	39
53759	9
53760	27
53761	28
53763	10
53764	27
53765	11
53766	26
53767	11
53768	12
53769	7
53771	19
53772	1
53773	8
53774	29
53775	9
53776	21
53777	11
53778	5
53779	13
53780	17
53781	21
53782	15
53783	33
53784	21
53785	23
53786	5
53788	8
53789	21
53790	24
53791	8
53792	11
53793	5
53794	20
53795	24
53796	30
53798	6
53801	7
53802	10
53803	4
53804	2
53805	25
53806	13
53809	10
53811	23
53812	5
53813	2
53814	39
53815	20
53817	17
53818	10
53819	8
53820	21
53821	12
53822	6
53823	1
53824	9
53825	18
53826	14
53827	21
53828	35
53829	21
53830	4
53831	17
53832	9
53833	29
53834	10
53836	29
53837	26
53838	8
53839	19
53840	9
53841	9
53842	20
53844	5
53845	10
53846	18
53847	9
53848	11
53849	48
53850	21
53851	10
53852	3
53853	30
53854	7
53855	28
53856	17
53857	25
53858	3
53859	28
53860	9
53861	34
53863	31
53864	17
53865	27
53866	28
53867	3
53869	10
53870	6
53872	15
53873	17
53875	14
53876	10
53877	12
53878	11
53879	10
53880	12
53881	6
53882	7
53883	32
53884	22
53885	22
53886	17
53888	24
53889	20
53890	15
53891	13
53892	24
53893	12
53894	5
53895	18
53897	6
53898	23
53899	6
53900	7
53902	19
53904	24
53905	20
53907	20
53908	12
53909	14
53910	15
53912	26
53914	18
53915	18
53916	30
53918	14
53919	11
53920	11
53921	14
53922	14
53923	20
53924	14
53925	8
53926	11
53927	9
53928	12
53929	19
53930	20
53931	25
53932	9
53935	7
53936	31
53937	11
53938	19
53939	15
53940	6
53941	27
53942	23
53943	5
53944	12
53945	6
53946	16
53947	33
53948	14
53949	17
53950	16
53951	7
53952	7
53953	25
53954	20
53955	24
53956	12
53957	28
53958	15
53959	15
53960	13
53961	25
53962	20
53964	24
53966	8
53967	11
53968	19
53969	6
53970	12
53971	17
53972	10
53973	8
53974	10
53975	4
53976	36
53977	10
53978	1
53979	18
53980	13
53981	25
53982	12
53983	15
53984	17
53985	13
53986	15
53989	6
53990	17
53991	7
53992	28
53994	44
53995	11
53996	30
53997	8
53998	35
53999	22
54000	16
54001	19
54002	14
54004	12
54005	14
54006	18
54007	14
54009	15
54010	17
54011	2
54012	26
54013	11
54014	3
54015	9
54016	19
54017	30
54018	4
54019	28
54020	6
54021	6
54022	24
54023	23
54024	6
54025	19
54026	13
54027	21
54028	13
54029	3
54030	8
54031	16
54032	9
54033	12
54034	15
54035	29
54036	7
54037	19
54038	18
54039	9
54040	13
54041	15
54042	3
54043	20
54044	33
54045	27
54046	18
54047	20
54048	13
54049	16
54050	16
54051	1
54053	7
54054	12
54056	32
54058	17
54060	12
54061	3
54062	8
54063	24
54064	18
54065	35
54066	21
54067	0
54068	17
54069	12
54070	11
54071	28
54072	12
54073	15
54075	23
54076	3
54077	15
54078	10
54079	6
54080	16
54081	24
54083	17
54084	2
54086	22
54087	12
54088	9
54089	47
54090	6
54091	13
54093	6
54094	13
54095	32
54096	12
54097	40
54098	15
54099	8
54100	16
54101	20
54102	17
54103	8
54104	38
54105	12
54106	9
54107	9
54109	39
54110	13
54111	20
54112	14
54113	5
54114	20
54115	37
54116	21
54117	17
54118	10
54119	0
54120	2
54121	19
54122	2
54123	17
54124	2
54125	32
54126	11
54127	24
54128	22
54129	5
54130	16
54131	16
54132	27
54133	36
54134	17
54135	14
54136	10
54137	23
54139	3
54141	14
54142	4
54143	14
54145	16
54146	8
54147	6
54148	13
54149	13
54150	31
54151	30
54152	40
54153	3
54154	1
54155	17
54157	18
54158	14
54159	12
54160	9
54161	20
54162	17
54163	7
54164	21
54165	4
54166	3
54167	16
54168	4
54169	26
54170	49
54171	11
54172	4
54173	16
54174	13
54175	11
54176	26
54177	14
54178	6
54179	13
54180	48
54181	21
54182	25
54183	18
54184	34
54185	13
54186	12
54187	26
54189	7
54190	9
54191	33
54193	18
54194	20
54195	20
54196	17
54197	24
54198	15
54199	17
54200	24
54201	7
54202	21
54203	14
54205	12
54206	12
54207	6
54208	2
54209	4
54210	23
54211	29
54212	12
54213	2
54214	32
54215	4
54216	12
54217	2
54218	31
54219	15
54220	35
54221	12
54222	12
54223	13
54226	15
54227	14
54228	16
54230	2
54231	5
54232	22
54233	32
54237	7
54238	25
54239	26
54240	6
54241	17
54242	26
54243	7
54244	22
54245	17
54246	9
54249	12
54250	29
54252	23
54253	12
54254	2
54255	8
54256	11
54257	7
54258	27
54259	7
54260	18
54262	8
54263	18
54264	6
54265	17
54266	28
54269	35
54270	29
54271	17
54272	13
54273	2
54274	14
54275	0
54276	10
54277	15
54278	12
54279	16
54280	13
54281	16
54284	22
54285	12
54286	11
54287	26
54288	26
54289	6
54290	12
54291	11
54292	25
54293	32
54294	19
54295	12
54297	19
54298	11
54299	9
54300	28
54301	27
54302	18
54303	3
54304	10
54305	9
54306	9
54307	12
54309	8
54310	23
54311	4
54312	12
54313	15
54314	10
54315	12
54316	10
54317	12
54318	14
54319	2
54320	9
54321	11
54322	2
54324	19
54325	29
54326	12
54327	10
54328	4
54329	13
54330	5
54331	20
54332	38
54333	9
54335	31
54337	9
54338	15
54339	12
54340	30
54341	14
54342	10
54343	26
54344	15
54345	10
54346	18
54347	15
54348	2
54349	3
54350	15
54352	6
54353	12
54354	10
54355	35
54356	22
54358	41
54360	31
54361	15
54362	14
54363	44
54365	18
54366	16
54367	43
54369	33
54370	29
54373	13
54374	10
54375	8
54376	0
54377	14
54378	24
54379	16
54380	13
54382	20
54383	7
54384	15
54385	7
54386	28
54388	2
54389	13
54390	9
54391	10
54392	3
54393	22
54395	9
54397	7
54398	6
54400	30
54401	18
54402	8
54403	22
54404	31
54405	18
54406	15
54407	8
54408	13
54409	8
54411	5
54412	2
54413	16
54414	36
54417	28
54420	9
54421	13
54422	34
54423	18
54424	15
54425	16
54427	3
54428	1
54429	32
54430	32
54432	11
54434	22
54435	23
54436	13
54437	22
54438	17
54439	21
54440	34
54441	10
54442	16
54443	9
54444	24
54445	13
54446	6
54448	33
54449	13
54451	20
54453	10
54455	24
54456	10
54457	13
54458	13
54459	32
54460	16
54461	4
54462	23
54463	27
54464	13
54465	7
54466	26
54467	15
54468	17
54469	6
54471	19
54473	19
54474	34
54475	13
54476	22
54477	9
54478	12
54479	15
54480	19
54481	15
54482	9
54483	13
54484	15
54486	6
54487	28
54488	31
54489	17
54490	22
54491	13
54492	17
54493	18
54494	13
54496	45
54497	23
54498	17
54499	12
54500	7
54502	23
54503	12
54504	11
54505	20
54506	21
54509	11
54510	10
54511	22
54512	7
54513	12
54514	14
54515	1
54516	15
54518	8
54519	26
54520	35
54521	23
54522	10
54523	9
54524	32
54525	21
54526	6
54527	26
54529	21
54530	25
54531	7
54532	9
54533	30
54534	6
54535	19
54536	15
54537	9
54538	20
54539	10
54540	8
54541	17
54543	24
54545	21
54546	12
54547	6
54548	28
54549	8
54550	28
54551	31
54552	36
54553	32
54555	30
54556	30
54557	23
54558	15
54559	16
54560	15
54561	5
54562	10
54563	20
54564	7
54565	6
54566	27
54567	21
54568	5
54569	12
54571	36
54573	7
54574	20
54575	12
54576	3
54577	11
54578	31
54579	9
54580	8
54581	25
54582	6
54583	6
54584	6
54585	21
54586	34
54587	12
54588	8
54589	32
54590	16
54591	9
54592	27
54593	10
54594	18
54595	19
54596	10
54597	6
54598	21
54600	7
54601	28
54603	1
54604	13
54605	13
54606	17
54607	37
54609	15
54610	16
54611	13
54612	45
54613	5
54614	3
54616	15
54617	8
54618	4
54619	15
54620	13
54622	11
54623	12
54624	8
54625	8
54626	10
54628	4
54629	23
54630	12
54634	17
54635	11
54636	20
54637	5
54638	16
54639	0
54640	39
54641	21
54642	39
54643	15
54644	23
54645	13
54646	31
54647	24
54650	9
54651	12
54652	22
54654	4
54655	6
54656	14
54658	13
54660	8
54661	12
54662	21
54664	0
54665	5
54667	7
54668	16
54669	2
54670	36
54671	13
54672	11
54673	34
54674	21
54676	9
54677	7
54678	2
54679	17
54680	21
54681	12
54682	14
54683	25
54684	9
54685	24
54687	12
54688	7
54689	21
54690	10
54691	7
54692	13
54693	7
54694	7
54695	17
54696	23
54697	13
54699	13
54700	4
54701	11
54702	7
54704	16
54705	33
54706	22
54707	8
54708	14
54710	34
54711	36
54712	16
54713	13
54714	36
54715	9
54716	12
54718	27
54719	53
54720	26
54721	19
54723	8
54724	14
54725	22
54726	14
54728	35
54729	9
54731	39
54732	11
54733	33
54735	11
54736	25
54737	2
54739	12
54740	3
54741	19
54742	12
54744	26
54745	9
54746	32
54747	4
54748	6
54751	8
54752	15
54753	12
54754	11
54755	31
54756	26
54757	6
54758	9
54759	13
54760	46
54761	0
54762	8
54763	10
54764	15
54765	21
54767	23
54769	20
54771	0
54772	7
54773	17
54774	18
54776	12
54777	9
54778	5
54779	28
54781	20
54783	22
54784	20
54785	11
54786	15
54787	18
54788	22
54789	4
54790	9
54791	13
54792	17
54793	21
54795	32
54796	27
54798	13
54799	10
54800	29
54801	11
54804	29
54806	25
54807	25
54808	26
54809	6
54810	4
54811	32
54812	24
54814	6
54815	6
54816	16
54817	17
54818	2
54819	32
54820	10
54821	10
54822	7
54823	13
54824	38
54825	19
54826	10
54827	2
54828	8
54829	18
54831	30
54832	6
54833	19
54834	35
54836	7
54837	24
54838	13
54839	9
54840	15
54841	5
54842	10
54843	35
54845	15
54846	23
54848	3
54849	23
54850	38
54853	16
54854	8
54855	13
54856	17
54857	15
54858	26
54859	3
54860	29
54861	17
54862	26
54864	20
54865	3
54866	26
54867	15
54868	29
54869	21
54870	10
54871	24
54872	35
54873	6
54874	3
54876	6
54877	7
54878	7
54879	15
54880	12
54881	3
54882	12
54883	18
54884	18
54885	19
54887	15
54888	9
54889	39
54890	25
54891	31
54892	8
54893	23
54894	16
54896	10
54897	11
54898	17
54899	15
54900	19
54901	3
54904	7
54906	6
54909	27
54910	21
54911	6
54913	10
54914	12
54915	2
54916	9
54917	32
54918	20
54919	5
54920	16
54921	21
54923	24
54924	15
54925	0
54926	7
54928	15
54929	13
54930	17
54931	10
54932	16
54933	7
54934	23
54935	18
54936	6
54937	18
54938	15
54939	4
54940	19
54941	16
54942	23
54943	20
54944	44
54945	29
54946	40
54947	31
54948	17
54949	17
54950	15
54951	30
54952	22
54953	22
54954	7
54956	18
54957	10
54958	24
54959	10
54960	12
54961	14
54962	34
54964	17
54965	21
54966	7
54967	10
54968	24
54969	17
54970	13
54971	33
54972	12
54973	23
54975	14
54976	7
54978	21
54979	29
54980	9
54983	21
54984	6
54985	20
54986	7
54987	8
54989	22
54990	16
54992	20
54993	25
54994	13
54995	15
54996	20
54997	26
55000	41
55001	16
55002	10
55003	1
55004	3
55005	17
55007	4
55008	31
55009	15
55011	26
55012	7
55013	19
55014	14
55015	8
55016	5
55018	37
55019	22
55021	10
55022	10
55023	14
55024	5
55025	13
55026	29
55029	9
55030	28
55031	21
55032	1
55033	13
55034	11
55035	19
55036	32
55037	16
55038	21
55039	17
55042	12
55043	8
55044	12
55046	19
55047	15
55048	22
55049	20
55050	22
55051	14
55052	25
55053	15
55054	20
55055	30
55057	9
55058	11
55059	2
55061	10
55062	9
55063	1
55064	12
55065	17
55066	3
55067	10
55068	14
55069	45
55070	13
55071	3
55072	34
55074	21
55075	14
55076	16
55077	18
55078	13
55079	20
55080	26
55081	29
55082	6
55083	33
55084	21
55085	4
55086	9
55087	23
55090	18
55091	34
55092	50
55094	26
55095	12
55096	27
55097	9
55098	12
55099	27
55100	12
55101	12
55102	8
55103	17
55104	3
55105	17
55107	15
55108	6
55109	20
55110	27
55111	11
55112	9
55113	32
55115	20
55116	14
55117	10
55118	13
55119	11
55121	9
55122	11
55123	29
55124	7
55125	29
55126	37
55129	26
55130	20
55132	9
55133	13
55134	16
55135	5
55136	20
55137	18
55138	27
55139	26
55140	6
55141	19
55142	14
55143	37
55144	13
55145	10
55146	19
55147	13
55148	16
55149	26
55151	1
55152	18
55153	12
55154	6
55155	9
55156	23
55157	15
55158	24
55159	16
55160	24
55161	22
55162	15
55163	21
55164	19
55165	19
55166	22
55169	14
55170	22
55171	7
55172	4
55173	26
55176	27
55177	8
55178	24
55179	18
55180	14
55181	24
55182	9
55183	25
55184	23
55186	24
55187	26
55188	18
55189	17
55190	9
55191	5
55193	20
55194	2
55195	33
55196	14
55197	22
55198	16
55199	30
55200	2
55201	9
55202	18
55203	25
55205	24
55206	25
55208	15
55209	14
55210	17
55211	19
55213	17
55214	23
55215	30
55216	1
55217	15
55218	7
55219	8
55220	16
55222	31
55223	28
55224	11
55226	8
55227	7
55228	18
55229	12
55230	27
55231	6
55232	1
55233	19
55234	15
55236	4
55237	20
55238	22
55239	25
55240	33
55241	5
55243	29
55244	19
55245	7
55246	13
55248	13
55249	21
55251	3
55252	17
55253	22
55254	28
55255	21
55256	36
55257	14
55258	16
55260	16
55261	24
55262	12
55264	25
55265	8
55267	13
55268	38
55269	10
55270	5
55272	6
55273	6
55274	19
55275	9
55276	31
55277	24
55278	20
55279	17
55280	3
55281	13
55282	9
55283	37
55284	5
55285	8
55286	8
55287	23
55288	29
55289	21
55290	29
55291	21
55293	14
55294	35
55295	5
55296	2
55297	24
55298	9
55300	7
55301	8
55302	42
55303	22
55304	16
55306	24
55307	28
55308	5
55310	18
55312	18
55313	18
55314	18
55315	20
55316	8
55317	13
55318	5
55319	25
55321	37
55322	7
55323	18
55324	22
55325	7
55326	23
55327	23
55328	17
55329	20
55330	13
55331	9
55332	20
55333	13
55334	5
55335	18
55336	26
55337	8
55338	13
55339	7
55340	23
55341	16
55343	10
55344	18
55345	24
55346	3
55347	10
55348	15
55349	10
55350	20
55351	9
55352	12
55353	19
55354	24
55355	12
55356	25
55357	11
55358	23
55359	20
55361	29
55362	17
55365	4
55366	9
55367	20
55368	22
55369	13
55370	5
55371	10
55372	16
55374	18
55375	12
55376	7
55377	16
55379	20
55380	5
55381	14
55382	20
55383	10
55384	8
55385	11
55386	28
55387	9
55388	18
55389	11
55390	11
55391	17
55392	37
55393	9
55394	5
55395	36
55396	20
55397	3
55399	23
55400	23
55402	6
55403	7
55404	25
55405	6
55406	10
55407	10
55408	5
55409	13
55410	14
55411	7
55412	22
55413	19
55414	20
55415	25
55416	24
55417	19
55418	20
55419	7
55422	9
55423	10
55424	9
55425	29
55426	25
55427	12
55428	15
55429	3
55430	13
55431	16
55432	13
55433	14
55434	19
55435	24
55436	13
55437	27
55438	15
55439	23
55440	3
55441	4
55442	9
55443	6
55445	8
55446	15
55447	3
55449	14
55450	1
55451	13
55453	6
55454	27
55455	18
55456	6
55457	16
55458	35
55460	13
55461	15
55462	5
55463	27
55464	10
55465	28
55466	24
55467	18
55468	28
55469	30
55470	0
55471	10
55472	16
55473	13
55474	28
55475	7
55476	3
55477	22
55479	37
55480	12
55481	12
55482	17
55485	14
55486	2
55488	14
55489	16
55490	34
55491	8
55492	9
55493	17
55494	17
55495	38
55496	19
55497	9
55498	9
55499	32
55500	10
55501	19
55502	3
55503	15
55504	21
55505	11
55506	9
55507	37
55508	7
55509	14
55510	12
55511	13
55512	15
55513	29
55514	29
55515	16
55516	18
55517	18
55518	26
55519	4
55521	8
55522	11
55523	34
55524	20
55525	14
55526	8
55527	24
55528	10
55529	33
55530	18
55531	23
55532	25
55533	4
55534	22
55535	5
55537	16
55538	14
55539	19
55540	5
55541	12
55542	21
55543	17
55545	12
55546	9
55547	19
55548	24
55549	25
55550	9
55552	3
55553	3
55554	9
55555	11
55556	14
55557	18
55558	5
55559	23
55560	37
55562	17
55563	26
55564	12
55565	7
55566	21
55567	14
55568	35
55569	4
55570	3
55571	18
55572	19
55573	25
55574	18
55576	15
55577	14
55579	8
55580	5
55581	42
55582	20
55585	21
55586	32
55587	12
55588	33
55589	57
55590	30
55592	20
55593	3
55594	8
55596	12
55597	6
55598	13
55599	11
55600	24
55601	17
55602	6
55603	19
55604	16
55605	14
55606	35
55607	23
55608	7
55609	5
55610	19
55612	13
55613	4
55614	24
55615	13
55616	7
55617	4
55620	14
55621	20
55622	22
55623	31
55624	17
55625	13
55626	18
55627	13
55629	3
55630	8
55631	23
55632	9
55633	10
55634	16
55635	19
55636	26
55638	28
55639	9
55640	18
55642	6
55643	38
55644	14
55645	21
55646	4
55647	15
55648	6
55650	17
55651	14
55652	9
55653	4
55654	22
55655	14
55656	9
55658	9
55659	44
55660	24
55662	2
55663	12
55664	7
55665	23
55666	8
55667	20
55668	30
55669	9
55670	11
55671	11
55672	7
55673	18
55674	10
55675	17
55676	9
55677	6
55678	38
55679	6
55680	18
55681	8
55683	12
55684	14
55685	16
55686	8
55687	32
55688	40
55690	22
55691	8
55692	16
55693	13
55694	8
55695	23
55698	7
55699	8
55700	12
55701	13
55702	18
55703	25
55706	23
55707	16
55708	22
55709	10
55710	10
55711	27
55712	18
55713	23
55715	33
55717	12
55718	25
55719	37
55721	21
55723	12
55724	17
55725	26
55726	21
55727	17
55728	20
55730	14
55731	2
55732	18
55735	28
55736	28
55737	19
55738	18
55739	10
55740	19
55741	24
55742	14
55743	24
55744	4
55745	18
55746	12
55747	11
55748	15
55749	25
55751	17
55752	26
55753	10
55754	6
55755	14
55756	9
55757	13
55758	8
55759	16
55760	5
55761	9
55762	9
55763	6
55766	12
55767	7
55768	44
55769	7
55770	20
55772	7
55773	2
55776	26
55777	24
55778	11
55779	13
55782	23
55783	6
55785	21
55786	21
55787	28
55788	25
55789	0
55790	15
55791	13
55792	3
55793	17
55794	21
55795	7
55796	14
55797	12
55798	13
55799	10
55801	15
55802	0
55804	55
55806	11
55807	9
55808	9
55809	32
55810	12
55811	22
55812	2
55813	22
55814	8
55815	26
55816	28
55817	3
55818	10
55819	7
55820	12
55821	5
55822	8
55824	15
55825	19
55826	20
55827	10
55828	8
55829	13
55830	0
55831	1
55832	15
55833	21
55835	8
55836	9
55837	9
55838	37
55839	11
55840	12
55841	12
55842	11
55843	13
55844	17
55845	18
55846	9
55847	5
55848	13
55849	11
55850	10
55851	27
55852	24
55853	18
55854	11
55855	18
55856	14
55857	7
55858	15
55859	28
55860	9
55861	37
55862	31
55863	11
55864	8
55865	29
55866	8
55867	13
55868	9
55869	23
55871	29
55872	2
55873	13
55874	18
55875	29
55877	12
55878	21
55879	35
55880	19
55882	13
55883	13
55884	7
55885	41
55886	24
55887	4
55888	12
55889	36
55890	17
55891	20
55892	10
55893	12
55895	24
55897	27
55898	7
55899	20
55900	4
55902	8
55903	12
55904	25
55905	21
55907	2
55908	11
55909	21
55910	15
55911	9
55912	12
55913	9
55915	38
55916	22
55917	8
55918	10
55919	25
55920	3
55921	20
55922	20
55923	6
55924	21
55925	17
55926	10
55927	11
55928	15
55930	15
55931	4
55932	3
55934	2
55936	20
55937	20
55938	33
55939	9
55940	57
55941	6
55942	32
55943	9
55944	7
55945	17
55946	20
55947	17
55948	17
55949	36
55950	13
55951	25
55952	15
55954	11
55955	16
55956	21
55957	15
55958	26
55959	19
55960	21
55961	3
55962	17
55963	24
55964	42
55965	20
55966	8
55967	20
55968	7
55971	14
55972	21
55973	16
55974	15
55975	29
55976	15
55977	16
55978	31
55979	20
55980	6
55981	15
55983	7
55984	7
55985	17
55986	19
55988	12
55989	27
55990	25
55991	20
55992	16
55993	23
55994	16
55995	27
55996	25
55997	24
55998	15
56000	15
56001	15
56002	13
56003	12
56004	26
56005	31
56006	9
56007	10
56008	39
56009	7
56010	22
56011	27
56012	13
56013	6
56014	30
56015	52
56018	10
56019	34
56020	3
56021	8
56023	17
56024	6
56025	14
56026	8
56027	14
56028	18
56029	31
56030	16
56031	24
56032	9
56033	13
56034	20
56036	27
56037	13
56038	11
56039	11
56040	36
56041	13
56042	19
56043	6
56044	16
56045	2
56046	9
56047	39
56048	52
56049	10
56050	11
56052	18
56054	1
56055	5
56056	8
56057	14
56058	27
56059	16
56061	14
56062	7
56063	9
56064	25
56065	30
56066	11
56067	29
56068	28
56069	11
56070	31
56071	19
56072	19
56073	10
56074	28
56075	12
56078	21
56079	29
56080	17
56082	9
56083	16
56084	22
56085	15
56086	11
56088	19
56089	4
56090	26
56091	15
56093	11
56095	7
56096	6
56097	20
56098	12
56099	23
56100	22
56101	0
56102	17
56103	11
56104	15
56105	16
56106	32
56108	16
56109	6
56110	18
56111	38
56112	16
56113	7
56114	7
56115	1
56117	11
56118	27
56119	21
56120	25
56121	43
56122	34
56123	6
56124	21
56125	23
56126	5
56127	23
56128	35
56129	13
56130	34
56132	21
56133	17
56134	18
56135	12
56136	37
56137	15
56138	8
56139	13
56140	21
56141	8
56142	24
56144	31
56145	18
56146	21
56148	13
56149	11
56150	23
56151	10
56152	14
56153	7
56158	9
56159	5
56160	12
56161	9
56162	26
56163	9
56164	21
56165	13
56166	5
56167	8
56168	3
56170	5
56171	13
56172	11
56173	8
56174	27
56176	16
56177	24
56178	13
56179	5
56180	13
56182	4
56183	16
56187	6
56188	12
56189	14
56190	14
56191	22
56192	24
56193	26
56194	21
56195	22
56196	26
56197	18
56198	14
56199	15
56200	16
56201	1
56202	3
56203	30
56204	10
56205	15
56208	27
56209	11
56210	23
56211	4
56212	22
56213	11
56214	20
56215	5
56216	12
56217	25
56218	36
56220	7
56221	18
56222	43
56223	29
56224	19
56225	20
56226	26
56227	7
56228	6
56229	17
56230	8
56231	10
56232	19
56233	28
56235	31
56236	6
56237	12
56238	7
56239	37
56240	11
56241	19
56243	8
56244	7
56245	5
56246	37
56247	9
56248	24
56249	30
56250	11
56251	5
56252	30
56253	25
56254	16
56255	25
56256	10
56257	1
56258	20
56259	36
56261	12
56263	38
56264	11
56265	19
56266	12
56267	17
56268	16
56270	7
56271	19
56272	29
56273	17
56274	28
56275	38
56276	18
56277	18
56278	26
56279	16
56280	28
56281	28
56283	11
56285	20
56286	29
56287	24
56288	14
56289	13
56291	5
56292	27
56293	4
56294	28
56296	8
56298	25
56299	9
56301	15
56302	42
56303	20
56304	27
56305	13
56306	7
56307	18
56308	26
56309	3
56310	22
56311	29
56312	23
56313	10
56314	13
56315	0
56316	26
56317	40
56320	16
56321	4
56322	15
56323	24
56324	16
56325	21
56326	8
56327	6
56329	5
56331	13
56332	17
56333	10
56334	20
56335	6
56336	14
56337	31
56339	14
56341	6
56342	8
56343	16
56344	16
56345	5
56346	14
56347	5
56348	18
56349	22
56352	19
56353	13
56354	25
56355	10
56356	11
56357	8
56358	11
56359	5
56360	12
56361	23
56362	12
56363	10
56365	11
56366	9
56367	7
56368	5
56369	21
56370	19
56371	41
56372	18
56373	22
56374	9
56375	16
56376	8
56378	14
56379	5
56380	27
56381	2
56382	18
56383	21
56384	23
56385	25
56386	2
56388	22
56392	5
56393	16
56394	14
56395	22
56396	14
56397	11
56398	6
56399	11
56400	33
56401	37
56402	33
56403	20
56404	9
56405	27
56406	9
56407	13
56408	13
56409	24
56411	29
56413	21
56415	13
56416	18
56417	24
56418	4
56419	19
56421	18
56422	15
56423	17
56424	14
56425	11
56426	12
56427	5
56428	5
56430	4
56431	13
56432	31
56433	43
56434	20
56435	14
56436	6
56437	4
56438	17
56439	22
56441	11
56442	11
56443	9
56444	34
56445	17
56447	6
56448	10
56450	2
56451	33
56452	30
56453	15
56454	18
56455	13
56456	10
56457	33
56458	16
56459	19
56460	3
56461	6
56462	20
56464	43
56465	14
56466	26
56467	17
56470	17
56471	10
56472	8
56473	16
56474	38
56475	9
56476	25
56477	22
56479	17
56480	4
56481	19
56483	4
56484	7
56485	12
56486	23
56487	5
56488	9
56489	22
56490	8
56491	10
56493	33
56494	14
56495	8
56496	18
56497	4
56499	4
56500	10
56501	3
56502	5
56503	12
56504	31
56505	33
56506	10
56507	28
56508	8
56510	15
56511	12
56512	6
56513	21
56514	14
56515	35
56516	9
56517	14
56518	16
56520	22
56523	10
56524	7
56525	4
56526	20
56527	13
56528	11
56529	9
56530	9
56531	21
56532	7
56533	16
56534	8
56535	8
56536	11
56537	19
56538	22
56539	16
56540	13
56541	47
56542	19
56543	23
56544	8
56545	1
56546	4
56547	13
56548	20
56549	6
56551	14
56553	6
56556	19
56557	10
56558	23
56559	18
56560	24
56564	14
56565	19
56566	4
56567	14
56568	13
56569	20
56570	14
56572	0
56574	16
56575	12
56576	6
56577	11
56578	8
56579	33
56580	8
56581	4
56582	55
56583	19
56584	8
56585	15
56586	16
56587	8
56588	14
56591	9
56592	3
56593	19
56594	16
56595	38
56596	22
56597	20
56598	15
56599	16
56600	20
56601	15
56602	7
56603	11
56604	8
56605	15
56606	12
56607	12
56608	17
56609	8
56610	15
56614	17
56615	19
56616	25
56617	11
56618	8
56619	8
56620	3
56621	12
56622	9
56624	15
56625	4
56626	13
56627	16
56628	48
56630	20
56631	12
56632	30
56633	29
56634	9
56636	29
56637	13
56639	16
56640	12
56641	7
56642	25
56643	24
56644	6
56645	10
56647	20
56648	8
56649	13
56650	20
56651	17
56652	5
56653	9
56654	26
56655	20
56656	10
56658	16
56659	22
56660	24
56661	4
56662	8
56664	25
56665	18
56666	6
56667	12
56668	41
56669	11
56670	5
56673	22
56674	7
56675	21
56676	21
56677	3
56678	23
56680	14
56681	11
56682	20
56683	32
56685	6
56686	23
56687	16
56688	33
56690	26
56691	16
56692	12
56693	14
56694	10
56695	31
56697	16
56698	17
56699	23
56700	20
56701	19
56702	19
56703	19
56705	24
56706	8
56707	9
56708	25
56710	28
56711	9
56712	12
56713	17
56714	14
56715	13
56717	23
56718	24
56719	11
56720	27
56722	12
56723	31
56724	19
56725	14
56727	16
56728	17
56729	16
56730	17
56731	10
56732	17
56733	9
56734	12
56735	18
56736	10
56737	30
56738	27
56739	8
56740	4
56741	19
56742	37
56743	12
56744	31
56745	6
56746	25
56747	35
56748	32
56749	14
56750	10
56751	8
56752	13
56753	11
56754	23
56755	17
56757	28
56758	22
56760	43
56761	21
56762	1
56763	10
56765	17
56766	22
56767	5
56768	13
56769	14
56770	16
56771	17
56772	17
56773	21
56774	16
56776	23
56777	11
56778	30
56779	24
56780	10
56781	7
56782	8
56784	4
56785	19
56787	45
56788	5
56789	7
56791	27
56792	19
56793	9
56794	27
56795	14
56796	7
56797	28
56798	31
56799	6
56800	14
56801	9
56803	20
56804	4
56805	21
56806	25
56807	14
56808	17
56809	29
56810	22
56811	14
56812	37
56813	16
56814	20
56815	34
56817	12
56818	23
56819	7
56820	14
56821	26
56822	12
56823	29
56824	18
56825	10
56826	13
56827	17
56828	8
56829	13
56830	14
56831	27
56832	10
56833	31
56834	34
56835	7
56836	8
56837	6
56838	16
56839	22
56840	5
56841	22
56842	4
56843	1
56844	10
56845	12
56846	10
56847	11
56848	18
56849	29
56850	37
56851	14
56852	31
56853	5
56854	10
56855	8
56856	26
56858	18
56859	11
56860	20
56861	10
56863	1
56865	10
56866	12
56867	27
56868	30
56869	10
56870	31
56871	18
56872	20
56874	13
56875	37
56877	10
56878	36
56879	2
56882	15
56883	13
56884	9
56885	28
56886	27
56887	16
56889	18
56890	26
56891	17
56893	11
56894	13
56895	42
56896	12
56897	26
56898	17
56899	3
56900	12
56901	27
56902	30
56903	11
56904	22
56906	11
56907	15
56908	8
56909	24
56910	22
56912	13
56913	14
56914	16
56915	39
56916	0
56917	19
56918	13
56919	2
56920	22
56921	26
56922	22
56924	8
56925	9
56926	29
56927	8
56928	29
56929	15
56930	31
56931	21
56933	22
56934	22
56935	18
56936	29
56937	25
56938	19
56939	16
56940	7
56942	15
56943	11
56944	41
56945	14
56946	16
56947	18
56948	10
56949	8
56950	13
56951	8
56952	15
56953	11
56954	4
56955	16
56956	2
56958	8
56959	43
56960	62
56961	17
56962	10
56963	14
56964	25
56965	12
56966	27
56967	5
56968	19
56970	13
56971	22
56972	8
56973	20
56974	14
56975	24
56976	23
56977	23
56978	22
56979	29
56980	4
56981	13
56982	2
56983	15
56984	1
56986	4
56987	23
56988	1
56989	32
56990	28
56991	51
56992	10
56993	19
56994	15
56995	17
56996	7
56997	6
56999	20
57000	13
57001	7
57003	15
57004	4
57005	8
57006	7
57007	16
57008	10
57009	20
57011	25
57012	15
57013	7
57014	6
57015	20
57016	3
57017	14
57018	2
57019	31
57020	36
57021	28
57022	16
57023	49
57024	27
57025	26
57026	13
57027	10
57029	21
57030	2
57031	6
57032	14
57033	21
57034	14
57035	4
57036	17
57037	34
57038	15
57039	27
57041	23
57042	30
57043	40
57044	21
57045	18
57046	12
57047	11
57048	25
57049	10
57050	12
57051	2
57052	12
57053	29
57054	12
57056	10
57057	9
57058	27
57059	31
57061	27
57064	6
57065	15
57066	14
57067	24
57068	2
57069	20
57070	16
57071	23
57072	3
57073	15
57074	15
57075	19
57076	2
57078	23
57079	20
57080	16
57081	14
57082	19
57083	15
57084	22
57086	9
57087	7
57088	15
57089	11
57090	11
57091	41
57092	10
57093	13
57094	18
57095	14
57096	17
57100	13
57103	4
57104	12
57106	15
57108	11
57109	26
57112	27
57113	22
57114	10
57115	5
57117	23
57118	11
57119	13
57121	34
57122	14
57123	9
57124	5
57125	21
57126	10
57127	9
57128	12
57129	12
57130	19
57131	8
57132	39
57133	7
57135	30
57136	12
57137	16
57138	10
57140	26
57141	20
57142	14
57143	19
57144	12
57145	6
57146	9
57147	19
57148	5
57149	17
57151	24
57152	10
57153	6
57154	11
57157	25
57158	7
57160	22
57161	15
57162	5
57163	21
57164	15
57165	9
57166	14
57167	15
57168	11
57169	23
57170	12
57171	27
57173	39
57174	31
57175	7
57176	15
57177	25
57178	15
57180	16
57181	45
57182	21
57183	11
57184	10
57185	13
57187	12
57189	14
57190	14
57191	16
57192	29
57193	21
57194	4
57195	0
57196	32
57197	25
57198	22
57199	22
57200	11
57201	10
57202	5
57203	7
57204	11
57205	14
57206	4
57207	21
57208	20
57210	7
57211	17
57213	19
57214	33
57215	16
57216	33
57217	59
57218	34
57219	11
57220	18
57221	28
57222	38
57223	5
57224	7
57225	24
57227	12
57230	22
57231	8
57232	5
57233	15
57234	29
57235	20
57236	13
57238	6
57239	19
57240	17
57243	25
57244	15
57245	27
57246	17
57247	23
57249	12
57250	48
57251	8
57252	7
57253	24
57254	10
57255	13
57256	13
57257	12
57258	13
57259	9
57260	11
57261	10
57262	12
57264	22
57265	5
57266	12
57267	10
57268	3
57269	24
57270	18
57272	30
57274	18
57275	10
57276	7
57277	18
57278	24
57279	4
57280	12
57281	19
57282	6
57283	35
57284	20
57285	13
57286	8
57287	19
57288	7
57289	13
57290	13
57292	12
57293	40
57295	16
57296	9
57297	8
57298	22
57299	8
57300	6
57301	39
57302	7
57303	22
57305	22
57306	40
57307	6
57308	8
57309	3
57310	10
57311	17
57312	7
57313	19
57314	14
57315	35
57316	12
57317	13
57318	15
57320	16
57322	25
57323	3
57324	21
57326	43
57327	17
57328	25
57329	6
57331	24
57332	8
57333	10
57334	17
57335	12
57336	19
57337	8
57338	3
57339	9
57340	12
57341	8
57342	2
57343	24
57345	23
57346	37
57347	5
57348	10
57349	11
57350	42
57351	5
57352	8
57353	18
57354	5
57355	14
57356	6
57358	44
57359	8
57360	15
57361	10
57362	16
57363	6
57364	12
57365	9
57366	35
57367	14
57368	20
57371	21
57373	30
57374	44
57375	14
57377	15
57378	22
57379	27
57380	17
57381	4
57382	9
57384	17
57385	23
57386	3
57387	17
57388	12
57389	10
57390	20
57391	23
57392	45
57393	18
57394	18
57395	23
57396	12
57397	10
57398	18
57399	7
57400	30
57401	25
57402	30
57404	14
57407	32
57408	14
57409	9
57410	8
57411	15
57412	13
57414	17
57415	5
57416	18
57418	22
57419	10
57420	22
57421	36
57422	25
57423	34
57425	25
57426	11
57427	9
57428	4
57429	10
57430	21
57431	3
57432	3
57434	11
57435	5
57436	18
57438	9
57439	12
57441	13
57442	4
57443	25
57444	3
57445	19
57446	5
57447	13
57448	16
57449	33
57450	33
57451	21
57452	9
57453	11
57454	8
57455	17
57456	13
57457	3
57458	13
57459	21
57461	6
57462	10
57463	13
57464	17
57467	15
57468	13
57469	7
57470	29
57471	15
57472	11
57473	23
57474	46
57476	39
57477	6
57478	3
57479	34
57480	6
57481	31
57482	6
57483	10
57484	20
57485	8
57486	9
57487	35
57488	15
57489	20
57490	19
57491	17
57492	38
57494	20
57495	28
57497	15
57498	25
57499	11
57500	7
57501	15
57502	20
57503	5
57504	20
57505	17
57506	11
57507	6
57508	16
57509	4
57510	13
57511	9
57512	24
57513	19
57514	18
57515	16
57516	7
57517	17
57519	13
57521	23
57522	7
57523	14
57524	30
57525	12
57526	20
57527	27
57529	4
57530	28
57531	18
57532	8
57533	6
57534	17
57536	15
57537	21
57538	24
57539	21
57540	24
57541	24
57542	7
57543	13
57544	5
57545	42
57546	20
57547	13
57548	39
57549	20
57550	24
57551	7
57552	16
57553	32
57554	22
57555	36
57556	12
57557	10
57558	4
57559	2
57561	12
57562	18
57563	16
57564	21
57565	27
57566	27
57567	20
57568	14
57569	23
57570	30
57572	14
57574	13
57575	13
57576	24
57577	11
57578	12
57579	29
57580	10
57581	10
57582	25
57583	11
57584	10
57585	16
57586	8
57587	13
57589	4
57590	23
57591	21
57592	11
57593	10
57594	41
57595	29
57598	10
57599	14
57600	21
57601	11
57602	12
57603	7
57604	4
57605	15
57606	14
57607	11
57608	22
57609	10
57610	8
57611	18
57613	10
57614	49
57615	9
57616	37
57617	14
57618	16
57619	13
57620	3
57621	22
57622	40
57623	7
57624	35
57625	11
57626	19
57627	10
57628	9
57629	14
57630	18
57631	1
57632	3
57633	20
57634	15
57635	20
57636	27
57638	13
57640	22
57641	6
57642	11
57643	13
57644	19
57645	19
57646	4
57647	12
57650	4
57651	2
57653	9
57654	12
57655	13
57656	8
57660	21
57661	14
57663	4
57664	6
57665	16
57666	10
57667	5
57668	8
57669	18
57670	31
57671	6
57672	57
57673	11
57674	27
57675	39
57676	7
57677	23
57678	10
57679	6
57680	4
57681	21
57682	25
57683	23
57684	12
57685	3
57688	16
57689	5
57690	6
57691	14
57692	23
57694	19
57695	11
57697	7
57698	13
57699	6
57702	19
57703	18
57704	7
57705	18
57706	31
57707	35
57708	9
57709	38
57710	24
57711	32
57713	9
57714	24
57715	7
57716	10
57717	16
57718	22
57719	4
57720	4
57721	12
57722	14
57723	14
57725	10
57726	22
57727	11
57728	19
57729	28
57730	10
57731	22
57732	8
57733	19
57734	16
57737	41
57738	0
57739	20
57742	15
57743	14
57744	12
57745	9
57746	17
57747	25
57748	16
57749	12
57750	12
57751	24
57752	11
57753	23
57754	8
57755	6
57756	12
57757	45
57758	7
57759	56
57762	24
57763	4
57764	12
57765	20
57766	12
57767	34
57768	5
57770	16
57771	11
57772	15
57774	11
57775	25
57778	15
57779	8
57780	11
57781	1
57783	9
57784	27
57785	9
57787	12
57788	37
57789	7
57791	9
57793	10
57794	5
57796	18
57797	12
57798	14
57799	0
57800	7
57802	8
57803	23
57805	42
57806	19
57807	11
57808	0
57809	10
57810	11
57811	27
57813	5
57814	19
57815	22
57817	6
57818	9
57820	22
57822	21
57823	21
57825	23
57826	27
57827	24
57828	6
57829	14
57832	15
57833	35
57834	8
57836	23
57837	12
57839	22
57840	15
57841	17
57842	8
57843	19
57844	12
57845	18
57846	1
57847	4
57848	3
57849	16
57850	20
57851	15
57852	26
57853	14
57854	9
57855	12
57856	13
57857	12
57858	17
57859	24
57860	13
57861	8
57862	10
57863	25
57864	48
57865	5
57867	17
57868	24
57869	6
57870	19
57872	6
57873	10
57875	8
57876	21
57877	16
57878	17
57879	13
57881	33
57882	10
57884	34
57885	30
57886	5
57887	39
57888	4
57889	27
57890	22
57891	3
57892	16
57893	9
57894	20
57895	13
57896	5
57897	27
57898	2
57899	23
57900	21
57901	6
57903	6
57904	11
57905	31
57906	9
57907	19
57908	30
57909	14
57910	25
57911	9
57912	42
57913	13
57914	11
57915	50
57916	9
57918	15
57919	3
57920	10
57921	10
57922	32
57925	34
57926	3
57927	11
57928	8
57929	8
57930	8
57931	14
57932	8
57935	3
57936	6
57939	12
57940	14
57941	45
57942	8
57943	22
57944	10
57945	7
57946	4
57947	12
57948	2
57949	33
57950	17
57951	20
57952	36
57953	16
57954	7
57955	37
57956	13
57957	7
57958	14
57959	19
57960	9
57961	7
57962	5
57964	12
57966	29
57967	19
57968	6
57970	6
57971	14
57972	4
57973	9
57974	24
57975	5
57976	25
57977	14
57979	22
57980	35
57982	21
57983	16
57984	14
57986	12
57987	24
57989	7
57990	20
57991	14
57992	3
57994	42
57995	22
57996	20
57998	33
57999	6
58000	11
58001	14
58002	21
58003	7
58005	13
58006	23
58007	5
58008	8
58009	15
58011	33
58012	4
58013	8
58015	20
58016	27
58018	26
58019	16
58020	28
58021	19
58023	34
58025	12
58026	2
58027	8
58028	20
58030	15
58031	5
58032	37
58033	12
58034	7
58035	13
58038	21
58039	6
58040	29
58041	11
58042	7
58043	17
58044	4
58045	9
58047	9
58049	8
58050	37
58051	17
58052	6
58053	15
58054	24
58055	20
58056	14
58057	22
58059	9
58061	22
58063	21
58064	8
58065	27
58066	6
58067	23
58068	40
58069	22
58070	5
58071	18
58072	7
58073	30
58074	9
58075	3
58076	29
58077	23
58078	11
58079	11
58080	5
58081	27
58082	32
58083	19
58084	11
58085	8
58086	14
58088	23
58089	37
58090	14
58091	19
58092	21
58093	12
58094	19
58095	5
58096	38
58097	23
58098	20
58099	13
58101	12
58102	7
58103	22
58104	26
58105	20
58106	25
58107	22
58108	30
58110	12
58111	10
58112	9
58114	20
58116	22
58117	6
58118	15
58119	27
58120	8
58121	30
58122	1
58123	20
58125	11
58126	4
58127	6
58128	14
58129	8
58130	10
58131	15
58132	10
58135	13
58136	6
58137	1
58140	26
58141	15
58142	5
58144	4
58146	19
58147	14
58150	19
58151	28
58152	10
58153	9
58154	2
58155	23
58157	22
58158	5
58160	5
58161	20
58163	22
58164	8
58165	11
58166	1
58167	21
58168	32
58169	10
58170	2
58171	17
58172	8
58173	14
58175	9
58176	15
58177	18
58178	22
58179	40
58180	3
58181	20
58182	15
58184	19
58185	26
58186	12
58187	27
58188	13
58189	25
58191	3
58193	7
58194	21
58195	38
58196	11
58199	14
58200	27
58201	4
58202	21
58203	36
58204	8
58205	11
58206	14
58207	16
58210	9
58212	34
58213	42
58214	4
58215	9
58216	22
58217	56
58218	8
58220	3
58221	1
58222	20
58223	6
58224	13
58226	10
58227	23
58229	19
58230	39
58231	3
58232	5
58233	15
58234	28
58235	4
58236	5
58237	17
58238	13
58239	16
58240	13
58241	11
58242	9
58243	10
58244	16
58245	10
58246	37
58247	16
58248	5
58249	40
58250	12
58251	27
58252	8
58253	14
58254	14
58255	18
58256	16
58257	11
58258	24
58260	11
58261	7
58262	14
58264	9
58265	36
58266	13
58267	12
58268	14
58269	7
58270	14
58271	18
58272	25
58273	8
58274	19
58275	10
58276	17
58277	10
58278	23
58279	8
58281	23
58282	14
58283	13
58284	21
58285	19
58286	24
58287	5
58288	8
58289	8
58290	48
58293	12
58294	9
58295	10
58296	40
58297	14
58299	9
58300	20
58301	9
58302	20
58303	9
58304	20
58305	8
58306	21
58307	26
58308	18
58309	26
58310	16
58311	12
58313	13
58314	19
58316	15
58317	17
58318	10
58319	9
58321	23
58323	16
58324	1
58326	28
58327	15
58328	12
58329	5
58331	6
58332	18
58333	25
58334	20
58335	18
58336	32
58337	23
58338	33
58339	14
58341	20
58342	20
58343	34
58344	8
58345	29
58346	5
58347	12
58348	6
58349	31
58350	32
58351	17
58352	33
58353	8
58354	9
58355	20
58357	12
58358	15
58360	11
58361	23
58362	8
58363	20
58364	41
58365	1
58366	5
58367	28
58368	8
58369	3
58370	8
58371	30
58373	15
58374	15
58375	22
58376	13
58378	12
58379	11
58380	10
58381	3
58382	6
58383	12
58385	11
58386	21
58387	43
58391	16
58392	27
58393	11
58394	10
58395	12
58396	9
58397	15
58398	15
58399	13
58400	7
58401	17
58402	11
58403	11
58404	12
58405	19
58406	2
58411	22
58413	44
58414	26
58415	6
58416	10
58417	3
58418	12
58421	24
58422	22
58423	25
58424	9
58425	15
58429	17
58430	26
58431	20
58432	20
58434	24
58435	26
58436	4
58437	4
58438	2
58439	16
58440	16
58441	20
58442	14
58443	13
58444	10
58445	28
58446	9
58447	26
58449	14
58450	12
58451	13
58452	23
58453	5
58455	25
58456	12
58457	10
58458	17
58459	10
58460	15
58461	26
58462	9
58463	6
58464	41
58465	12
58466	27
58467	14
58469	8
58470	17
58471	13
58472	1
58473	23
58474	12
58475	19
58476	16
58477	11
58478	11
58479	23
58480	31
58481	11
58482	15
58483	9
58484	16
58485	5
58486	3
58487	15
58489	36
58491	29
58492	15
58493	33
58495	18
58496	16
58497	16
58498	9
58500	11
58501	22
58502	35
58503	37
58504	12
58505	5
58506	27
58507	26
58508	19
58509	18
58510	6
58511	14
58512	10
58513	7
58514	24
58515	12
58516	32
58517	27
58519	20
58520	11
58521	22
58524	19
58525	12
58526	7
58529	11
58530	39
58531	23
58532	16
58533	14
58534	13
58536	11
58537	22
58539	8
58540	34
58541	31
58542	4
58543	19
58544	21
58545	17
58546	2
58547	8
58548	11
58549	32
58551	22
58552	12
58553	16
58554	6
58555	12
58556	9
58557	10
58559	10
58561	24
58563	0
58564	20
58565	12
58567	12
58569	15
58570	25
58571	2
58572	13
58573	3
58574	20
58575	7
58576	11
58577	10
58579	17
58580	27
58581	6
58584	10
58585	9
58586	1
58587	15
58588	9
58589	8
58590	22
58591	6
58593	25
58594	33
58595	14
58596	17
58598	4
58599	14
58600	9
58601	16
58602	9
58603	8
58604	11
58605	8
58606	25
58607	32
58608	13
58609	32
58611	24
58612	12
58613	12
58614	3
58615	28
58616	9
58618	18
58619	14
58620	5
58621	31
58622	19
58623	41
58624	22
58625	17
58626	22
58627	12
58628	7
58629	11
58630	26
58633	12
58636	6
58637	10
58638	11
58639	12
58640	19
58641	24
58642	12
58645	18
58647	2
58648	31
58651	5
58652	6
58654	4
58655	8
58659	36
58660	24
58661	12
58662	11
58663	26
58664	10
58665	10
58666	9
58667	23
58668	23
58669	21
58671	37
58672	33
58673	9
58674	8
58675	18
58676	10
58677	8
58681	7
58682	14
58683	17
58684	17
58685	11
58686	21
58687	5
58688	5
58689	9
58690	12
58691	3
58693	15
58694	16
58695	18
58696	8
58697	12
58699	12
58700	22
58702	30
58703	63
58704	7
58705	15
58706	11
58707	9
58708	8
58709	10
58710	6
58711	18
58712	25
58713	21
58715	15
58716	11
58717	5
58719	17
58720	16
58721	12
58722	6
58723	26
58724	8
58725	17
58726	35
58727	9
58728	29
58729	8
58730	10
58731	25
58732	12
58733	13
58734	20
58735	13
58736	33
58737	10
58738	7
58739	34
58740	7
58741	30
58742	7
58743	9
58745	24
58747	7
58748	23
58750	21
58751	27
58752	18
58753	28
58754	11
58755	22
58758	18
58759	23
58760	15
58761	16
58762	25
58763	8
58765	14
58766	13
58767	19
58768	15
58769	13
58771	19
58772	3
58773	7
58774	17
58775	10
58776	18
58777	38
58778	29
58779	24
58781	24
58782	18
58783	24
58784	20
58785	16
58786	14
58787	6
58788	29
58790	11
58791	9
58792	35
58793	9
58794	12
58795	12
58796	11
58797	13
58798	21
58799	29
58800	15
58801	30
58802	4
58804	29
58805	9
58806	5
58808	21
58809	25
58810	22
58811	18
58812	4
58815	35
58816	7
58817	3
58818	13
58819	16
58820	12
58821	10
58822	11
58823	23
58824	2
58825	7
58826	23
58828	6
58830	21
58831	22
58832	20
58833	45
58834	10
58835	10
58836	18
58837	25
58839	11
58840	6
58841	34
58842	19
58843	2
58844	35
58846	17
58847	16
58849	4
58850	36
58852	33
58853	8
58855	23
58856	21
58857	6
58858	17
58859	25
58861	23
58862	27
58863	20
58866	16
58867	17
58868	19
58869	40
58870	29
58871	9
58872	42
58873	4
58874	15
58875	7
58876	20
58877	18
58878	35
58879	3
58880	29
58881	13
58882	14
58883	4
58884	15
58885	46
58886	7
58887	4
58888	14
58889	13
58890	22
58891	25
58892	17
58893	5
58894	14
58895	9
58896	15
58898	2
58899	13
58900	11
58901	13
58902	18
58903	10
58905	4
58906	12
58908	0
58909	13
58910	41
58911	3
58912	13
58913	28
58914	6
58915	14
58916	33
58917	8
58918	19
58919	0
58920	11
58921	17
58922	8
58923	22
58924	19
58925	15
58926	45
58927	14
58928	5
58929	14
58930	13
58931	8
58932	12
58933	22
58935	20
58936	35
58938	23
58940	21
58941	12
58942	7
58943	9
58945	16
58947	29
58948	11
58949	6
58950	13
58951	22
58952	31
58953	10
58954	10
58955	3
58956	23
58957	7
58958	28
58959	13
58960	11
58961	7
58962	8
58963	20
58964	26
58965	10
58967	5
58968	31
58969	42
58970	6
58972	18
58973	10
58974	11
58975	4
58977	17
58979	13
58980	14
58981	8
58982	14
58983	13
58985	7
58987	28
58988	12
58989	43
58991	11
58993	26
58994	32
58996	25
58997	17
58998	4
58999	17
59002	9
59004	7
59005	15
59006	36
59007	9
59008	15
59009	6
59010	11
59011	32
59012	51
59013	8
59014	9
59015	15
59016	9
59017	6
59018	19
59019	18
59020	11
59021	14
59022	9
59023	9
59024	26
59026	12
59027	17
59028	21
59029	6
59030	8
59031	9
59032	1
59034	25
59036	18
59037	16
59038	19
59039	12
59040	14
59041	19
59042	24
59043	7
59045	9
59048	19
59049	32
59050	21
59051	12
59052	12
59053	10
59054	5
59056	16
59057	25
59058	19
59059	17
59060	24
59061	21
59062	9
59063	27
59064	12
59065	34
59066	8
59067	9
59068	34
59070	21
59071	7
59072	11
59073	38
59075	5
59077	13
59078	0
59079	15
59080	21
59082	27
59083	6
59084	11
59085	7
59086	8
59087	12
59088	32
59089	16
59090	19
59091	6
59092	11
59093	17
59094	20
59095	7
59096	19
59097	19
59099	9
59100	12
59101	7
59102	21
59103	7
59104	19
59107	6
59108	17
59109	19
59111	7
59112	33
59113	11
59114	19
59115	17
59116	17
59117	26
59120	14
59121	11
59123	9
59124	1
59125	5
59127	18
59128	52
59129	14
59130	26
59132	4
59133	17
59134	15
59135	2
59137	9
59138	10
59139	18
59140	18
59141	27
59142	34
59143	39
59144	6
59145	5
59146	16
59147	20
59148	20
59149	6
59153	18
59154	16
59155	14
59156	24
59157	13
59159	7
59162	37
59163	16
59164	17
59165	14
59166	33
59167	17
59168	15
59169	26
59170	20
59171	21
59173	6
59174	3
59175	16
59176	7
59177	13
59178	19
59179	10
59181	14
59182	9
59183	19
59184	54
59185	11
59186	15
59187	30
59188	7
59189	9
59190	37
59191	20
59192	22
59193	27
59194	14
59195	28
59196	8
59197	11
59198	14
59199	36
59202	33
59203	52
59204	13
59205	5
59206	16
59207	19
59208	15
59209	12
59210	15
59211	19
59212	8
59213	6
59214	11
59215	25
59216	22
59217	16
59218	10
59220	3
59222	5
59223	11
59224	26
59226	20
59228	20
59229	21
59231	13
59232	18
59233	10
59235	13
59236	19
59237	26
59239	10
59240	36
59241	6
59242	9
59243	12
59244	8
59245	21
59246	16
59247	17
59248	11
59249	20
59250	12
59251	3
59252	9
59253	13
59254	18
59255	7
59256	36
59258	18
59259	5
59260	39
59262	4
59263	17
59265	2
59266	11
59267	18
59269	16
59270	21
59271	6
59272	22
59273	20
59274	20
59275	6
59277	8
59278	17
59279	8
59280	23
59281	30
59282	10
59283	25
59285	18
59288	31
59289	4
59290	17
59291	24
59292	5
59293	12
59294	8
59295	27
59296	33
59297	23
59299	9
59300	23
59301	13
59302	17
59303	24
59304	17
59305	13
59306	15
59307	7
59308	43
59309	25
59310	8
59311	24
59313	30
59314	19
59315	36
59317	4
59318	8
59319	11
59320	21
59321	16
59323	35
59324	15
59326	38
59327	5
59329	2
59330	30
59332	53
59335	9
59336	9
59338	13
59339	10
59340	24
59341	11
59342	24
59343	25
59344	7
59345	21
59346	13
59347	16
59348	12
59349	12
59350	37
59351	13
59352	20
59353	25
59354	9
59355	13
59357	15
59359	17
59360	26
59361	10
59362	19
59364	15
59365	13
59366	25
59367	19
59368	26
59369	26
59370	22
59371	21
59372	17
59373	6
59374	9
59375	6
59376	6
59378	13
59379	25
59380	1
59381	35
59382	4
59383	11
59384	10
59385	18
59386	28
59387	19
59388	16
59389	4
59390	7
59392	9
59393	4
59394	7
59395	21
59396	14
59397	18
59398	17
59399	9
59400	14
59401	45
59402	3
59403	19
59405	10
59406	32
59407	14
59408	8
59409	21
59410	27
59411	7
59412	16
59413	10
59414	12
59415	34
59416	27
59418	10
59420	8
59421	27
59422	14
59423	36
59424	14
59425	13
59426	26
59427	3
59428	39
59429	12
59430	4
59431	22
59432	17
59433	26
59434	18
59435	12
59436	16
59437	31
59439	8
59440	30
59441	30
59442	21
59444	7
59445	12
59446	26
59447	32
59448	12
59449	17
59450	22
59451	12
59452	30
59453	17
59454	29
59455	31
59456	28
59457	38
59458	23
59459	4
59461	20
59462	20
59463	18
59464	3
59465	23
59466	39
59467	4
59469	20
59470	16
59471	19
59472	7
59473	19
59474	3
59475	12
59476	19
59477	30
59478	10
59479	6
59480	20
59481	7
59482	16
59483	6
59485	10
59486	21
59487	11
59488	20
59489	24
59490	36
59491	16
59492	12
59493	13
59494	6
59495	31
59496	18
59497	5
59498	6
59499	28
59501	32
59503	31
59504	8
59506	15
59507	15
59508	7
59509	15
59510	13
59512	49
59513	30
59514	19
59516	20
59519	25
59520	27
59522	14
59523	15
59524	3
59525	13
59526	8
59527	15
59528	27
59529	16
59530	8
59531	12
59532	30
59533	0
59534	31
59535	5
59536	38
59537	9
59538	20
59539	14
59540	21
59541	42
59542	16
59543	12
59544	20
59545	11
59546	6
59547	15
59548	6
59549	40
59550	3
59551	30
59552	16
59554	1
59555	42
59556	5
59557	19
59558	20
59561	11
59562	11
59563	14
59564	13
59565	24
59566	3
59567	35
59569	4
59570	8
59572	38
59573	12
59574	5
59575	6
59576	18
59577	12
59578	12
59579	18
59581	45
59582	6
59583	0
59585	8
59586	25
59587	44
59588	21
59590	16
59591	16
59593	25
59595	4
59596	16
59597	4
59598	12
59599	13
59600	21
59601	22
59602	5
59603	38
59605	13
59606	15
59607	2
59608	25
59609	0
59610	19
59611	18
59612	2
59613	3
59614	8
59615	15
59616	27
59617	31
59618	16
59619	10
59620	14
59621	18
59622	27
59623	7
59624	6
59626	5
59627	19
59628	13
59631	28
59632	3
59633	33
59634	3
59635	15
59636	9
59637	14
59638	15
59639	8
59640	20
59641	27
59642	22
59643	22
59645	10
59646	24
59647	28
59648	22
59649	25
59650	4
59651	19
59652	21
59653	19
59656	12
59658	8
59659	21
59660	11
59661	7
59662	26
59663	21
59665	11
59666	18
59667	17
59668	8
59669	24
59670	11
59671	19
59672	38
59674	4
59675	20
59676	9
59677	13
59678	9
59679	14
59681	27
59682	22
59683	7
59685	6
59686	15
59687	3
59688	0
59689	21
59690	27
59691	14
59692	21
59694	31
59695	20
59696	28
59698	19
59699	13
59700	26
59701	8
59702	11
59703	10
59704	14
59705	10
59706	29
59707	5
59708	10
59709	14
59710	11
59711	8
59712	23
59714	1
59718	2
59719	4
59720	31
59721	28
59722	5
59723	9
59724	18
59725	7
59726	16
59727	21
59728	8
59729	14
59730	20
59732	12
59733	9
59734	22
59735	14
59737	38
59738	10
59739	20
59740	22
59741	16
59742	14
59745	28
59746	7
59747	33
59748	9
59749	4
59750	22
59751	9
59753	12
59754	11
59756	8
59759	13
59760	9
59761	4
59762	16
59764	9
59765	25
59766	15
59767	8
59768	24
59769	13
59770	12
59771	12
59772	23
59773	22
59774	19
59775	6
59776	2
59777	10
59778	2
59779	19
59780	9
59781	11
59782	30
59783	22
59784	30
59785	15
59786	16
59787	27
59788	17
59789	23
59790	19
59791	24
59792	3
59793	22
59794	16
59796	15
59797	17
59799	17
59800	13
59801	34
59802	11
59803	28
59804	20
59805	20
59807	20
59808	13
59809	23
59810	26
59811	11
59812	7
59813	14
59814	25
59815	26
59816	2
59818	2
59819	15
59820	24
59821	21
59823	19
59824	19
59825	23
59826	8
59827	5
59829	8
59830	21
59832	6
59833	18
59834	29
59835	9
59836	22
59837	20
59838	4
59839	27
59840	34
59842	31
59843	35
59844	15
59845	5
59846	13
59847	4
59848	29
59849	17
59850	24
59851	18
59852	13
59853	42
59854	17
59855	5
59856	21
59858	13
59859	19
59860	25
59861	8
59862	9
59863	3
59864	18
59865	13
59866	15
59867	20
59870	5
59871	12
59872	4
59873	18
59874	43
59875	21
59876	39
59877	11
59878	42
59879	15
59880	10
59881	36
59882	3
59883	26
59885	13
59886	7
59887	25
59889	7
59892	26
59894	8
59895	14
59896	14
59897	11
59898	6
59899	12
59900	21
59901	13
59902	23
59903	13
59904	8
59905	16
59907	19
59908	59
59909	30
59910	25
59911	16
59912	12
59913	19
59914	17
59916	16
59917	18
59918	18
59919	5
59920	4
59921	26
59922	36
59923	43
59924	27
59925	7
59926	11
59928	37
59929	26
59930	9
59931	13
59932	9
59934	26
59935	19
59936	6
59937	11
59938	25
59939	7
59940	15
59941	18
59942	7
59943	10
59944	22
59945	11
59946	10
59947	7
59948	8
59949	1
59950	4
59951	41
59952	38
59953	5
59954	13
59955	0
59956	0
59957	3
59958	20
59960	19
59961	25
59962	7
59963	14
59964	11
59965	19
59966	18
59967	18
59968	5
59970	41
59972	9
59973	16
59974	16
59975	5
59976	16
59982	29
59983	18
59984	13
59985	11
59986	28
59987	13
59988	21
59989	6
59990	31
59991	6
59992	6
59993	2
59994	0
59995	4
59996	12
59997	5
59998	23
59999	10
60000	27
60001	13
60002	8
60003	12
60004	3
60005	10
60006	11
60007	34
60008	10
60009	14
60010	10
60011	34
60013	1
60014	25
60015	28
60017	15
60018	33
60019	5
60020	17
60021	13
60022	18
60023	8
60025	15
60026	0
60027	12
60028	7
60029	17
60030	15
60033	13
60034	9
60035	11
60036	3
60037	25
60038	16
60039	4
60040	21
60041	10
60042	5
60043	12
60044	17
60045	14
60046	11
60047	9
60048	27
60049	10
60050	16
60051	27
60052	6
60053	45
60054	15
60055	9
60056	19
60058	7
60060	25
60061	17
60062	7
60063	3
60064	1
60065	21
60067	13
60068	26
60069	13
60070	16
60071	13
60072	10
60073	6
60074	14
60075	6
60076	19
60078	12
60079	48
60080	11
60081	20
60082	22
60083	4
60084	32
60085	12
60086	13
60088	13
60089	14
60090	10
60091	13
60092	5
60093	12
60094	24
60095	35
60096	16
60097	39
60098	27
60100	7
60101	9
60102	16
60104	6
60106	0
60107	10
60108	9
60109	12
60110	19
60111	13
60112	15
60113	22
60114	25
60115	11
60116	9
60117	13
60118	3
60119	7
60121	14
60122	14
60123	15
60124	37
60125	6
60126	9
60127	24
60128	14
60129	25
60130	17
60131	30
60132	17
60133	22
60134	15
60135	8
60136	28
60137	13
60138	21
60140	22
60141	12
60142	5
60143	17
60144	20
60145	13
60146	27
60147	5
60148	12
60149	5
60150	23
60151	25
60152	14
60154	31
60155	10
60156	39
60157	7
60158	31
60160	1
60162	21
60163	20
60164	15
60165	46
60166	30
60167	1
60168	19
60169	16
60170	6
60171	6
60172	9
60173	12
60174	17
60175	7
60176	28
60177	6
60178	24
60180	25
60181	16
60182	19
60183	8
60184	24
60185	14
60186	31
60187	35
60188	20
60189	25
60190	13
60193	22
60194	20
60195	6
60196	7
60197	16
60198	7
60200	19
60201	8
60202	31
60203	25
60204	8
60205	6
60207	30
60208	1
60209	23
60210	26
60211	17
60212	31
60213	19
60214	1
60215	7
60216	25
60217	7
60218	20
60219	8
60221	4
60223	12
60224	23
60225	17
60226	26
60227	22
60228	33
60229	12
60230	31
60231	24
60232	7
60233	15
60234	5
60235	5
60236	13
60237	20
60239	9
60240	19
60241	17
60242	21
60243	22
60244	22
60245	5
60246	38
60247	9
60248	15
60249	25
60250	21
60251	29
60252	11
60254	1
60255	19
60256	8
60257	8
60258	16
60260	19
60262	1
60263	11
60264	12
60265	17
60267	12
60268	29
60269	8
60270	37
60271	12
60272	15
60273	33
60274	17
60275	16
60276	10
60277	23
60278	12
60279	3
60280	15
60281	28
60282	18
60283	10
60284	1
60285	12
60286	0
60287	15
60288	23
60289	7
60290	9
60291	23
60292	19
60293	45
60294	16
60295	33
60296	26
60297	11
60298	3
60299	18
60301	10
60302	24
60303	15
60304	13
60305	19
60306	25
60307	14
60308	29
60309	14
60310	7
60312	9
60313	25
60315	6
60316	33
60317	10
60318	14
60319	9
60320	27
60321	28
60322	13
60323	13
60324	18
60325	5
60326	14
60328	6
60329	35
60330	33
60331	28
60332	8
60333	40
60334	10
60336	29
60337	21
60338	6
60340	19
60341	25
60342	11
60343	5
60344	19
60346	9
60347	15
60348	17
60349	3
60350	15
60351	25
60352	33
60353	6
60354	24
60356	5
60357	14
60358	16
60359	17
60361	32
60362	16
60363	18
60364	11
60365	21
60366	13
60367	8
60368	7
60369	4
60370	27
60371	27
60372	27
60373	10
60374	10
60375	12
60376	10
60378	13
60379	11
60380	34
60381	11
60382	27
60383	3
60385	42
60387	12
60388	1
60389	29
60390	8
60391	25
60392	17
60393	27
60394	19
60395	8
60396	20
60398	10
60399	6
60400	24
60402	12
60403	26
60404	16
60405	20
60406	3
60407	16
60409	12
60410	15
60411	14
60412	5
60413	13
60414	23
60415	29
60417	33
60418	14
60421	23
60422	10
60423	8
60424	16
60425	30
60426	12
60427	15
60428	14
60429	10
60431	22
60432	27
60433	26
60435	11
60436	21
60437	23
60438	8
60439	12
60440	19
60441	21
60442	6
60443	15
60444	33
60446	11
60447	9
60448	9
60449	25
60450	10
60451	38
60452	36
60453	24
60454	2
60455	11
60456	14
60457	18
60458	17
60459	2
60460	20
60462	28
60463	11
60464	35
60465	12
60466	17
60468	17
60469	14
60470	21
60471	11
60472	20
60473	19
60474	8
60476	6
60477	15
60478	14
60479	16
60481	20
60484	22
60485	15
60486	5
60487	23
60488	6
60490	26
60491	4
60492	5
60493	11
60494	14
60495	10
60496	33
60497	6
60498	32
60499	21
60500	2
60501	10
60502	7
60503	7
60504	11
60505	12
60506	1
60507	0
60508	16
60510	30
60511	19
60512	29
60513	13
60514	7
60516	17
60518	22
60519	24
60520	25
60521	3
60522	19
60523	39
60525	21
60526	23
60527	4
60528	14
60529	31
60530	20
60531	13
60532	10
60533	4
60534	49
60535	9
60536	26
60537	16
60538	12
60539	14
60540	13
60541	33
60542	29
60543	25
60544	8
60545	15
60546	10
60547	28
60548	11
60550	19
60551	10
60552	14
60553	14
60554	8
60556	13
60558	3
60559	6
60560	18
60561	13
60562	1
60563	3
60565	18
60566	21
60568	14
60570	13
60571	6
60572	30
60573	11
60574	10
60575	11
60576	4
60577	10
60578	7
60579	14
60580	26
60581	6
60583	8
60584	11
60585	5
60587	1
60588	19
60589	26
60590	1
60591	29
60592	13
60593	28
60594	19
60595	6
60596	1
60597	15
60598	20
60599	5
60600	13
60601	16
60602	23
60603	20
60604	8
60605	31
60606	9
60607	8
60608	39
60609	38
60610	10
60611	6
60612	15
60613	22
60614	18
60615	9
60616	22
60618	23
60621	4
60622	25
60623	22
60624	6
60625	27
60627	16
60628	13
60630	19
60631	39
60632	37
60633	7
60634	11
60636	15
60637	10
60638	13
60641	12
60642	6
60643	9
60645	33
60647	19
60650	33
60651	19
60652	4
60653	17
60654	3
60656	13
60657	15
60658	9
60659	11
60660	0
60661	5
60662	11
60663	2
60664	18
60666	9
60667	10
60668	25
60669	32
60670	14
60671	16
60672	0
60673	14
60674	15
60675	11
60676	5
60678	9
60679	21
60680	9
60681	13
60682	15
60683	9
60687	13
60688	12
60689	16
60691	36
60692	35
60693	6
60694	30
60695	28
60696	27
60697	11
60698	17
60699	7
60700	8
60701	6
60703	10
60704	26
60705	17
60706	29
60707	8
60708	0
60710	17
60711	32
60712	34
60713	22
60714	29
60716	16
60717	5
60718	18
60719	18
60720	9
60721	11
60722	13
60723	16
60725	14
60726	20
60729	12
60730	11
60731	25
60732	28
60733	16
60734	12
60735	10
60736	20
60737	14
60738	18
60739	24
60740	12
60741	16
60742	12
60743	6
60744	20
60746	21
60747	22
60748	8
60749	13
60750	15
60751	12
60752	9
60753	26
60756	8
60757	7
60758	12
60760	21
60762	10
60763	5
60764	18
60765	9
60766	21
60767	20
60768	15
60769	32
60770	10
60771	5
60772	20
60773	19
60774	14
60775	28
60776	15
60777	10
60779	58
60780	24
60781	27
60782	28
60783	14
60784	4
60785	18
60786	13
60788	15
60789	19
60790	13
60791	21
60792	9
60793	30
60794	10
60796	28
60798	7
60799	30
60800	22
60801	21
60802	7
60803	12
60804	16
60805	14
60806	21
60807	4
60809	9
60810	23
60811	12
60812	17
60814	8
60815	4
60816	15
60817	23
60818	17
60819	23
60820	0
60821	11
60822	38
60824	23
60827	40
60828	11
60829	18
60830	5
60831	18
60833	14
60834	14
60836	8
60837	32
60838	12
60839	32
60840	30
60841	30
60842	10
60843	3
60846	26
60848	10
60849	26
60850	9
60852	14
60853	11
60855	5
60856	12
60857	11
60858	21
60859	10
60860	21
60861	15
60862	15
60863	20
60864	7
60865	15
60866	11
60867	5
60868	32
60869	18
60870	9
60871	20
60872	22
60873	5
60874	43
60875	16
60876	19
60877	20
60878	10
60879	7
60880	23
60881	17
60882	11
60883	14
60884	11
60885	24
60886	16
60887	14
60888	14
60889	9
60891	14
60892	19
60893	18
60894	24
60896	19
60897	7
60898	25
60899	6
60901	11
60902	7
60903	26
60905	3
60906	13
60907	6
60908	32
60909	17
60910	27
60911	29
60912	12
60913	5
60914	11
60915	11
60916	1
60917	16
60919	14
60920	26
60921	16
60922	44
60923	16
60925	5
60926	15
60927	23
60928	11
60929	4
60930	9
60931	32
60932	19
60933	11
60934	23
60935	21
60936	17
60938	15
60939	4
60940	7
60941	11
60942	17
60943	6
60944	26
60946	24
60947	23
60948	20
60949	20
60950	13
60951	10
60952	22
60953	15
60954	28
60955	11
60956	21
60957	9
60958	18
60959	13
60960	17
60961	25
60963	19
60965	4
60966	21
60967	14
60968	25
60969	23
60970	44
60971	14
60972	15
60973	13
60974	29
60975	8
60976	18
60977	12
60978	56
60979	5
60980	16
60981	16
60982	12
60983	39
60986	14
60987	23
60989	20
60990	11
60991	12
60992	12
60993	8
60995	5
60996	4
60997	23
60999	11
61000	5
61001	31
61004	11
61005	13
61006	23
61007	3
61008	26
61009	10
61010	3
61011	24
61012	3
61013	15
61014	25
61015	21
61017	37
61018	30
61019	5
61020	16
61021	9
61023	16
61024	5
61025	3
61026	18
61028	19
61029	3
61030	10
61031	11
61032	9
61033	27
61034	35
61035	20
61036	15
61037	8
61038	16
61039	16
61040	4
61041	19
61042	10
61043	14
61044	37
61045	6
61046	19
61047	11
61048	19
61049	12
61050	24
61051	14
61053	28
61055	25
61056	38
61058	0
61059	26
61060	6
61061	0
61062	20
61063	17
61064	21
61065	24
61066	28
61067	0
61068	12
61069	24
61070	18
61071	18
61072	6
61073	32
61074	1
61075	12
61077	13
61078	17
61079	13
61081	15
61082	12
61083	12
61085	13
61086	8
61087	50
61088	4
61089	21
61090	32
61091	13
61092	11
61093	9
61094	14
61095	19
61097	24
61098	11
61099	16
61100	7
61101	22
61102	14
61103	22
61104	4
61105	16
61106	5
61107	24
61108	9
61109	18
61110	12
61112	25
61113	29
61115	37
61116	19
61117	18
61118	33
61119	11
61120	33
61121	18
61122	14
61123	12
61125	17
61126	12
61127	28
61128	18
61129	4
61130	8
61131	21
61132	20
61133	25
61134	27
61135	26
61136	23
61137	27
61138	9
61139	15
61140	14
61141	6
61142	8
61143	15
61144	12
61145	16
61146	29
61147	45
61148	8
61149	13
61150	22
61151	9
61152	8
61153	17
61154	2
61155	8
61156	26
61157	13
61159	9
61160	2
61161	5
61162	5
61164	18
61165	11
61167	14
61168	26
61169	14
61170	7
61171	27
61172	18
61174	22
61175	13
61176	17
61177	17
61178	6
61180	11
61181	25
61182	21
61183	15
61184	5
61185	25
61186	13
61187	17
61188	15
61189	9
61190	13
61191	14
61192	36
61193	9
61194	39
61195	34
61196	14
61197	25
61198	15
61199	14
61200	11
61202	31
61203	8
61204	19
61205	16
61206	15
61207	22
61209	27
61211	12
61212	7
61213	32
61214	16
61215	14
61217	6
61219	14
61220	13
61221	36
61222	2
61223	22
61224	16
61225	22
61226	33
61227	0
61228	13
61230	21
61231	47
61232	14
61233	44
61234	20
61235	20
61236	10
61237	10
61238	17
61240	26
61241	9
61243	11
61244	8
61246	12
61247	7
61248	18
61249	19
61250	3
61252	6
61254	3
61255	21
61256	19
61257	28
61260	15
61261	19
61262	7
61263	7
61264	25
61265	16
61266	16
61267	23
61268	12
61269	16
61270	8
61271	10
61272	9
61273	20
61274	14
61275	5
61277	17
61278	16
61279	15
61282	17
61283	21
61284	19
61286	10
61287	5
61288	15
61289	20
61290	42
61291	28
61292	20
61293	6
61294	32
61295	29
61296	22
61298	20
61299	28
61300	31
61301	38
61302	21
61303	6
61304	21
61306	23
61307	38
61308	39
61309	23
61310	29
61312	24
61315	12
61316	10
61317	13
61318	14
61320	7
61321	19
61322	14
61323	15
61324	33
61326	12
61327	11
61328	12
61329	8
61330	1
61331	24
61332	21
61334	13
61335	11
61337	5
61338	0
61339	16
61341	24
61342	36
61343	2
61344	3
61345	37
61346	9
61347	5
61348	24
61349	15
61350	10
61351	19
61352	34
61353	24
61354	21
61355	21
61356	8
61357	32
61359	22
61360	24
61361	5
61362	9
61363	10
61364	33
61365	5
61366	27
61367	36
61368	15
61369	4
61370	4
61371	9
61372	44
61373	13
61374	22
61375	36
61376	19
61377	14
61378	40
61380	13
61381	43
61382	9
61383	29
61384	15
61385	21
61386	6
61387	5
61388	4
61389	14
61390	4
61391	36
61392	4
61394	13
61395	49
61396	9
61397	14
61398	17
61399	27
61400	17
61401	29
61402	1
61403	2
61404	6
61405	9
61406	18
61407	24
61408	6
61410	29
61411	24
61412	23
61413	17
61414	12
61415	13
61416	30
61417	6
61418	19
61419	10
61420	14
61421	3
61422	21
61424	15
61425	15
61426	19
61427	29
61428	23
61429	0
61431	21
61434	22
61435	27
61436	8
61437	12
61438	8
61439	10
61440	40
61441	2
61443	5
61445	7
61446	20
61447	20
61448	22
61449	6
61450	32
61451	7
61452	26
61454	4
61456	12
61457	29
61458	7
61459	12
61460	13
61461	2
61462	22
61463	5
61464	29
61465	8
61466	9
61467	13
61468	14
61469	14
61470	24
61471	26
61472	19
61474	21
61475	13
61476	31
61477	19
61478	5
61479	12
61480	36
61481	12
61482	27
61483	11
61484	21
61485	23
61486	0
61487	5
61488	13
61489	13
61490	13
61491	8
61492	21
61493	50
61494	17
61495	8
61496	21
61497	42
61498	38
61499	31
61500	8
61502	21
61503	17
61504	19
61506	21
61507	30
61509	21
61510	6
61511	7
61512	10
61513	27
61514	6
61515	19
61516	31
61517	34
61518	6
61519	21
61520	5
61523	12
61524	24
61525	33
61527	14
61528	18
61529	15
61530	0
61531	36
61532	7
61533	18
61534	15
61536	18
61537	10
61538	12
61539	6
61540	3
61541	15
61542	17
61544	11
61545	10
61546	35
61548	16
61550	14
61551	9
61552	15
61557	4
61558	19
61559	14
61560	33
61561	12
61562	11
61564	14
61565	6
61566	8
61567	9
61568	21
61569	9
61572	26
61573	14
61574	18
61575	16
61576	13
61577	17
61578	19
61579	5
61580	10
61581	41
61582	7
61583	13
61584	15
61585	8
61586	16
61587	35
61588	3
61589	15
61590	4
61591	27
61592	11
61593	22
61594	16
61595	10
61596	17
61598	14
61599	15
61600	14
61602	5
61603	4
61605	32
61607	10
61608	18
61609	27
61610	10
61611	12
61612	9
61613	20
61614	9
61615	29
61616	2
61617	7
61618	1
61619	25
61620	18
61621	19
61622	29
61623	20
61624	14
61625	9
61626	19
61627	10
61628	17
61629	16
61630	23
61631	25
61632	7
61634	26
61635	27
61636	20
61637	10
61638	9
61639	24
61640	19
61641	39
61642	28
61643	17
61644	13
61645	16
61646	18
61648	12
61649	26
61650	6
61651	24
61652	23
61653	14
61655	27
61656	12
61657	16
61658	4
61660	39
61661	27
61663	17
61664	29
61665	2
61667	16
61668	2
61669	18
61670	14
61671	21
61672	27
61673	9
61674	28
61675	22
61676	5
61677	26
61678	24
61679	16
61680	15
61681	11
61682	16
61683	9
61684	14
61685	16
61686	15
61687	8
61688	9
61689	15
61690	3
61691	14
61692	23
61693	22
61694	23
61696	16
61697	44
61698	13
61699	1
61700	1
61701	7
61702	21
61703	11
61704	26
61705	24
61706	14
61707	29
61708	19
61709	5
61710	10
61712	18
61715	20
61716	16
61718	4
61719	25
61720	20
61721	20
61723	11
61724	21
61725	30
61726	19
61727	16
61728	28
61729	8
61730	38
61731	6
61732	18
61733	10
61734	22
61735	29
61736	26
61737	33
61738	11
61739	10
61740	21
61741	20
61742	18
61743	26
61744	20
61745	3
61746	14
61747	4
61748	3
61749	47
61750	22
61751	6
61752	26
61753	16
61754	17
61755	3
61757	34
61758	4
61759	2
61760	20
61762	6
61764	14
61766	9
61767	13
61768	32
61769	17
61770	24
61771	4
61772	9
61773	17
61774	32
61776	20
61777	1
61778	7
61779	11
61780	8
61781	9
61783	8
61784	17
61785	7
61786	10
61787	15
61788	3
61789	27
61790	32
61792	17
61793	18
61794	19
61795	24
61796	24
61797	13
61798	7
61799	19
61800	13
61801	13
61802	37
61803	17
61804	48
61805	15
61806	10
61807	18
61808	18
61809	3
61810	39
61811	12
61812	5
61813	22
61814	24
61815	11
61816	18
61817	26
61818	2
61821	35
61822	17
61823	11
61824	26
61825	19
61826	1
61827	12
61828	30
61829	24
61830	6
61832	22
61834	19
61835	9
61836	11
61837	8
61838	34
61839	6
61842	9
61843	8
61844	12
61845	12
61846	12
61847	22
61848	3
61849	23
61850	3
61851	27
61852	2
61853	17
61854	18
61855	20
61856	18
61857	9
61858	15
61859	4
61860	24
61861	17
61862	20
61863	10
61864	5
61865	19
61866	16
61867	12
61868	2
61869	22
61870	7
61871	7
61872	11
61873	44
61874	12
61875	8
61876	13
61877	20
61878	19
61879	17
61880	17
61881	4
61883	10
61885	12
61886	7
61887	20
61889	9
61890	9
61891	18
61892	4
61893	11
61894	17
61895	9
61897	4
61898	7
61899	14
61900	13
61901	23
61902	22
61903	10
61904	27
61905	20
61906	10
61907	25
61909	7
61910	9
61911	6
61912	12
61913	20
61914	0
61915	6
61916	39
61917	3
61918	5
61919	18
61920	13
61921	7
61922	23
61923	16
61924	14
61925	19
61927	14
61928	23
61929	31
61930	12
61931	5
61932	28
61933	4
61934	5
61935	26
61936	26
61938	6
61939	14
61940	7
61941	15
61942	0
61943	11
61944	9
61945	7
61947	39
61948	16
61949	15
61950	13
61951	26
61952	9
61953	20
61954	24
61955	6
61956	34
61958	8
61959	0
61961	21
61962	40
61963	10
61964	15
61965	26
61967	8
61968	23
61969	20
61971	28
61972	10
61973	13
61974	11
61975	15
61977	41
61978	19
61980	24
61982	19
61983	14
61985	17
61986	27
61988	19
61989	26
61991	40
61992	20
61995	18
61996	16
61997	7
61998	32
61999	9
62001	11
62002	23
62003	17
62004	17
62005	24
62007	28
62008	13
62009	17
62010	10
62011	42
62012	21
62015	13
62016	8
62017	11
62018	21
62019	33
62020	23
62021	11
62022	14
62023	9
62024	14
62025	14
62027	25
62028	12
62029	23
62030	12
62031	12
62032	26
62033	11
62034	14
62035	15
62036	24
62037	15
62038	10
62040	17
62041	10
62045	15
62046	23
62047	24
62048	11
62049	9
62050	1
62051	2
62053	10
62054	3
62055	8
62056	17
62057	15
62058	9
62059	3
62060	17
62061	13
62062	9
62064	8
62065	14
62066	18
62069	3
62070	11
62072	12
62073	17
62074	18
62076	26
62077	12
62078	42
62080	23
62081	16
62082	5
62083	12
62084	19
62085	10
62086	12
62087	3
62088	4
62089	31
62090	6
62091	22
62092	15
62093	21
62094	19
62095	33
62096	7
62097	32
62098	4
62099	9
62100	12
62102	10
62103	43
62104	5
62105	20
62106	15
62107	4
62108	12
62109	13
62110	16
62111	6
62112	26
62113	4
62116	14
62117	18
62118	27
62120	5
62121	5
62122	6
62123	16
62124	19
62125	14
62126	29
62127	15
62128	14
62129	33
62134	45
62135	8
62136	31
62137	22
62139	6
62140	25
62141	49
62142	13
62143	7
62144	10
62145	21
62146	7
62147	0
62149	5
62150	21
62151	10
62152	10
62153	5
62154	16
62155	13
62156	32
62158	16
62159	15
62160	22
62161	8
62163	12
62164	7
62166	12
62168	18
62170	13
62172	18
62173	11
62174	25
62175	23
62176	15
62177	15
62178	14
62179	15
62180	10
62181	21
62182	21
62183	16
62184	46
62187	0
62188	5
62189	42
62190	7
62191	8
62192	17
62193	14
62194	26
62195	31
62196	12
62197	8
62199	22
62200	14
62201	27
62202	8
62203	3
62204	42
62205	13
62206	24
62207	29
62208	29
62210	12
62211	20
62212	8
62213	55
62214	7
62215	2
62216	28
62218	2
62220	6
62221	20
62222	23
62223	14
62224	28
62225	3
62226	5
62227	10
62228	1
62229	2
62230	10
62231	7
62233	14
62234	5
62236	33
62237	3
62238	19
62239	22
62242	22
62244	25
62245	19
62246	10
62247	14
62248	20
62249	15
62250	13
62251	9
62252	41
62253	8
62254	11
62255	10
62256	4
62257	8
62258	6
62260	13
62261	26
62263	13
62264	8
62265	18
62266	12
62268	18
62269	17
62270	31
62271	4
62272	12
62273	26
62274	11
62275	20
62277	26
62278	39
62279	6
62280	6
62281	18
62282	19
62283	27
62284	5
62285	12
62287	42
62288	19
62289	26
62290	43
62291	27
62292	9
62293	12
62294	6
62295	15
62296	25
62298	13
62299	0
62300	15
62301	9
62302	10
62305	9
62306	17
62307	15
62308	17
62309	14
62311	10
62312	27
62313	25
62314	7
62315	21
62316	28
62317	14
62318	41
62319	9
62320	14
62321	33
62323	40
62324	10
62325	16
62327	11
62328	8
62330	32
62332	1
62333	13
62334	21
62335	33
62336	15
62338	18
62340	5
62341	30
62344	18
62345	5
62346	6
62348	9
62349	24
62350	6
62352	18
62353	16
62355	9
62357	45
62358	17
62359	24
62360	24
62361	18
62362	8
62363	17
62364	15
62365	8
62366	16
62368	6
62369	5
62370	15
62371	15
62372	20
62374	32
62375	37
62377	8
62379	13
62380	11
62381	23
62383	11
62384	16
62385	28
62386	27
62387	11
62388	33
62389	19
62390	23
62391	16
62392	13
62394	52
62395	4
62396	22
62397	35
62398	26
62399	30
62400	26
62401	14
62402	22
62403	35
62405	11
62406	15
62407	18
62408	25
62409	5
62410	10
62411	7
62412	23
62413	38
62414	16
62415	27
62416	11
62417	6
62418	14
62419	12
62420	16
62421	7
62422	11
62423	27
62424	12
62425	9
62426	24
62427	25
62428	15
62430	25
62431	14
62432	14
62433	27
62434	23
62435	12
62436	19
62437	15
62438	26
62439	2
62440	15
62441	5
62442	15
62444	13
62445	8
62446	15
62447	25
62450	17
62451	25
62452	54
62453	23
62454	14
62455	19
62456	2
62457	32
62458	14
62460	19
62461	8
62462	11
62463	19
62464	12
62466	32
62467	4
62468	18
62469	39
62470	10
62471	33
62472	18
62473	4
62474	23
62475	21
62476	8
62477	32
62478	16
62479	3
62480	14
62481	5
62482	18
62483	5
62484	10
62486	24
62487	13
62488	16
62489	19
62490	30
62491	13
62492	12
62493	39
62494	32
62496	7
62497	5
62498	22
62499	32
62500	35
62501	5
62502	21
62503	3
62504	17
62505	19
62506	12
62507	12
62508	13
62509	7
62510	9
62511	20
62512	21
62513	5
62515	9
62516	18
62517	16
62518	26
62519	18
62521	9
62523	31
62524	3
62525	10
62526	8
62527	25
62529	6
62530	9
62531	16
62532	25
62533	6
62534	9
62535	24
62536	7
62537	25
62538	26
62539	25
62540	9
62541	3
62542	14
62543	9
62545	2
62546	29
62547	26
62548	8
62549	16
62550	3
62552	6
62555	16
62557	6
62558	26
62559	24
62560	26
62561	25
62562	9
62563	4
62564	4
62566	7
62567	5
62568	18
62569	19
62570	18
62571	31
62572	4
62573	27
62574	17
62575	24
62578	13
62580	29
62581	17
62582	10
62583	14
62585	15
62587	7
62588	8
62589	16
62590	6
62591	10
62592	7
62593	10
62594	41
62595	42
62597	16
62598	26
62599	11
62600	8
62601	35
62603	5
62604	11
62606	11
62607	3
62608	19
62609	6
62610	5
62611	8
62612	32
62613	6
62614	10
62615	9
62617	17
62618	5
62619	47
62620	14
62621	9
62622	9
62623	33
62624	26
62625	3
62626	15
62627	13
62628	8
62630	23
62631	7
62632	10
62633	27
62635	13
62636	1
62637	8
62638	38
62640	20
62641	27
62642	7
62643	7
62644	29
62645	15
62646	2
62647	5
62648	5
62649	28
62650	29
62651	4
62652	12
62653	7
62654	22
62655	16
62656	14
62657	14
62659	28
62660	20
62661	18
62662	8
62664	15
62665	18
62666	30
62667	4
62668	11
62669	37
62671	23
62672	49
62673	19
62674	8
62675	28
62676	13
62677	12
62679	27
62680	16
62681	13
62682	3
62684	22
62685	8
62686	19
62687	16
62688	19
62689	29
62690	6
62691	14
62692	33
62694	5
62695	23
62696	11
62697	20
62698	16
62699	8
62700	8
62701	33
62702	10
62703	25
62704	23
62705	11
62706	1
62707	17
62708	8
62709	17
62710	14
62712	29
62713	7
62714	15
62717	7
62718	40
62721	21
62722	33
62723	17
62725	16
62726	19
62727	6
62728	6
62729	4
62730	17
62731	9
62732	17
62733	19
62734	19
62735	7
62736	8
62737	7
62738	15
62739	16
62740	24
62741	16
62743	46
62745	16
62747	26
62748	22
62749	6
62750	5
62751	16
62752	16
62753	18
62754	6
62755	18
62756	20
62757	18
62758	13
62759	12
62760	18
62761	5
62762	21
62763	36
62764	17
62765	13
62766	17
62767	9
62768	14
62769	6
62770	1
62771	15
62773	10
62774	14
62775	3
62776	34
62777	17
62778	14
62781	24
62782	25
62783	7
62785	6
62786	30
62787	41
62788	37
62789	6
62790	10
62791	11
62793	21
62794	7
62795	5
62796	11
62797	25
62799	23
62801	7
62802	5
62803	27
62805	17
62806	15
62807	22
62808	0
62809	3
62811	21
62812	15
62815	26
62816	2
62817	36
62818	12
62819	22
62820	14
62821	15
62822	13
62823	18
62824	3
62825	14
62826	11
62827	9
62828	17
62829	14
62830	20
62832	17
62833	6
62834	20
62835	18
62836	2
62837	4
62838	13
62839	43
62840	12
62841	14
62842	8
62843	33
62844	21
62845	31
62846	6
62847	41
62848	22
62849	32
62850	20
62851	11
62852	13
62853	36
62854	17
62855	12
62857	12
62858	24
62859	16
62860	9
62862	29
62863	26
62864	27
62865	6
62866	17
62867	10
62869	18
62870	36
62871	2
62873	20
62874	6
62875	22
62876	7
62877	17
62878	9
62879	14
62880	13
62881	10
62882	24
62883	9
62884	10
62885	14
62886	15
62887	15
62888	21
62890	4
62891	19
62892	9
62893	19
62894	14
62895	11
62896	16
62897	15
62899	14
62900	8
62901	16
62903	18
62904	14
62905	9
62906	16
62907	17
62908	5
62909	3
62910	18
62911	10
62912	16
62913	17
62914	15
62915	5
62918	24
62919	10
62920	37
62921	32
62924	7
62925	17
62926	11
62927	13
62929	15
62931	10
62932	9
62933	0
62934	17
62935	16
62936	10
62938	12
62939	19
62940	11
62941	29
62943	12
62944	10
62946	20
62947	47
62948	9
62950	15
62951	7
62952	28
62953	7
62955	15
62956	12
62957	14
62958	18
62959	19
62960	1
62961	32
62962	10
62963	21
62964	19
62966	13
62967	10
62968	20
62969	22
62970	24
62971	48
62972	34
62973	9
62974	20
62975	21
62976	23
62978	6
62979	11
62980	12
62982	37
62984	38
62985	29
62989	9
62990	15
62991	15
62992	21
62993	8
62994	25
62995	9
62997	11
62998	6
62999	18
63000	37
63003	5
63004	2
63005	8
63006	22
63007	10
63008	4
63009	7
63010	16
63011	9
63012	56
63013	8
63014	7
63015	14
63016	11
63018	17
63019	25
63021	19
63023	37
63024	37
63025	12
63026	28
63029	10
63030	6
63031	22
63032	5
63033	30
63035	30
63036	16
63037	19
63038	9
63041	17
63042	51
63044	36
63045	34
63047	7
63048	29
63050	6
63051	21
63052	21
63054	14
63055	27
63056	14
63057	27
63058	35
63059	32
63060	20
63061	11
63062	35
63063	18
63064	2
63065	22
63066	13
63067	19
63068	9
63069	9
63071	7
63072	20
63073	13
63074	16
63075	14
63076	14
63077	7
63078	15
63079	8
63080	35
63081	7
63082	8
63083	17
63084	47
63085	9
63087	25
63088	22
63089	8
63090	16
63091	18
63092	17
63094	13
63095	20
63096	4
63098	27
63099	27
63100	5
63101	5
63102	11
63103	19
63104	4
63106	2
63107	15
63108	14
63109	30
63111	24
63112	15
63113	19
63114	7
63115	17
63116	12
63117	5
63118	20
63119	6
63120	7
63121	14
63122	7
63124	13
63125	33
63126	10
63127	13
63128	5
63129	16
63130	11
63132	13
63133	12
63134	14
63135	29
63136	34
63137	10
63138	21
63139	5
63140	11
63141	19
63142	33
63143	15
63144	43
63146	12
63147	4
63148	17
63149	19
63150	11
63151	4
63153	7
63154	18
63155	13
63156	15
63157	21
63158	29
63159	9
63160	9
63162	14
63164	28
63165	29
63166	22
63167	20
63168	14
63170	7
63172	11
63174	8
63175	9
63177	16
63178	14
63179	10
63180	35
63181	18
63182	33
63183	16
63184	18
63185	32
63186	8
63189	20
63190	15
63191	23
63192	36
63193	14
63194	18
63195	13
63197	16
63198	34
63199	13
63201	4
63202	42
63203	9
63204	28
63205	1
63206	11
63207	18
63208	26
63209	5
63210	0
63211	4
63212	9
63213	10
63214	50
63215	17
63216	33
63217	14
63218	19
63220	28
63221	18
63222	17
63223	12
63224	13
63225	10
63226	3
63227	14
63228	18
63229	30
63230	12
63231	10
63232	21
63233	13
63234	13
63235	21
63236	7
63238	47
63239	29
63240	16
63241	15
63242	17
63243	4
63244	4
63245	17
63246	31
63247	19
63248	15
63249	20
63250	33
63252	6
63253	24
63256	15
63257	20
63258	8
63259	8
63261	11
63262	2
63264	11
63265	14
63266	15
63267	14
63269	18
63270	17
63271	11
63272	12
63273	14
63274	5
63275	17
63276	13
63277	27
63278	7
63279	8
63280	15
63281	23
63282	15
63283	17
63284	12
63285	24
63286	8
63287	26
63288	12
63289	19
63290	20
63291	4
63292	6
63293	9
63294	28
63295	10
63296	13
63298	25
63299	19
63300	33
63301	21
63302	14
63304	11
63305	16
63307	8
63308	17
63309	26
63310	15
63311	1
63312	1
63313	15
63314	16
63315	10
63316	15
63317	6
63318	10
63319	35
63320	8
63321	30
63322	32
63324	15
63325	34
63327	11
63328	10
63329	39
63330	23
63331	6
63332	17
63333	44
63334	34
63335	15
63336	1
63337	24
63338	6
63339	16
63340	11
63341	15
63342	11
63344	25
63345	5
63346	30
63347	18
63348	14
63351	17
63352	35
63353	21
63354	17
63355	34
63356	0
63357	5
63358	7
63359	6
63360	15
63361	27
63362	21
63363	11
63364	7
63365	3
63366	7
63367	40
63368	29
63369	2
63370	40
63371	4
63373	25
63374	25
63375	48
63376	3
63377	19
63378	26
63379	27
63381	3
63382	9
63383	19
63384	0
63385	15
63386	21
63387	16
63389	11
63393	6
63394	13
63395	11
63396	11
63397	10
63398	7
63399	27
63400	20
63401	27
63402	4
63403	7
63404	5
63405	16
63407	4
63408	15
63412	9
63414	19
63415	40
63416	16
63417	12
63418	41
63419	18
63421	16
63422	4
63423	17
63424	2
63425	12
63426	15
63427	56
63428	3
63429	7
63430	10
63431	5
63432	9
63433	14
63434	5
63435	30
63437	16
63438	7
63439	26
63440	6
63441	13
63442	11
63443	16
63444	18
63445	4
63446	24
63447	10
63448	14
63449	24
63450	10
63451	11
63452	20
63453	17
63454	6
63455	7
63456	27
63457	4
63458	9
63459	21
63460	19
63461	15
63462	8
63463	16
63464	24
63465	16
63466	36
63467	11
63468	21
63469	25
63471	10
63472	6
63473	7
63474	8
63475	27
63476	17
63478	26
63479	20
63481	10
63482	35
63483	7
63484	17
63485	8
63486	30
63487	20
63488	5
63489	13
63490	11
63491	18
63493	29
63494	16
63496	10
63497	18
63498	10
63500	20
63501	17
63502	18
63503	22
63504	30
63505	16
63506	15
63507	9
63508	20
63509	16
63510	9
63511	12
63513	16
63514	8
63515	17
63516	23
63517	24
63518	16
63519	8
63520	22
63521	17
63522	10
63524	6
63525	10
63526	25
63527	3
63528	15
63529	19
63530	9
63531	5
63532	20
63533	1
63534	20
63536	14
63537	6
63538	39
63539	19
63540	24
63541	12
63542	10
63543	10
63544	26
63545	8
63546	20
63548	11
63549	5
63550	25
63551	12
63552	25
63553	15
63554	16
63555	17
63556	6
63557	24
63558	25
63559	29
63560	10
63562	3
63563	6
63564	39
63565	26
63566	12
63567	4
63568	23
63570	12
63571	35
63572	38
63573	8
63574	3
63575	22
63576	5
63577	7
63578	45
63579	14
63580	8
63581	14
63583	7
63585	21
63586	23
63587	16
63588	30
63590	3
63591	4
63592	17
63593	31
63594	17
63595	7
63598	33
63599	25
63600	15
63601	10
63602	5
63603	1
63604	15
63605	8
63606	10
63608	4
63610	30
63611	12
63612	25
63613	53
63614	20
63615	7
63616	10
63617	25
63618	13
63619	18
63620	9
63621	38
63622	26
63623	8
63624	31
63625	26
63626	41
63627	25
63628	7
63629	34
63630	12
63631	38
63633	21
63635	10
63636	29
63638	15
63639	11
63641	17
63642	13
63643	14
63644	26
63647	20
63648	4
63649	22
63651	11
63653	19
63654	9
63655	7
63656	25
63657	10
63658	11
63659	15
63660	23
63661	17
63662	15
63663	19
63664	6
63665	11
63666	1
63667	10
63668	4
63669	19
63670	6
63671	25
63672	13
63674	24
63675	10
63676	15
63677	12
63678	11
63679	0
63680	55
63681	34
63682	10
63683	4
63685	26
63686	20
63687	20
63688	12
63689	6
63690	6
63693	10
63695	15
63696	15
63697	13
63698	21
63699	5
63700	26
63702	12
63703	10
63704	15
63705	14
63706	28
63707	16
63708	17
63709	20
63710	13
63711	26
63712	38
63713	11
63715	30
63716	13
63717	8
63718	26
63722	4
63723	6
63724	39
63727	18
63728	12
63731	21
63732	28
63734	13
63735	10
63737	26
63738	6
63739	11
63740	5
63741	14
63742	7
63743	9
63744	22
63746	43
63747	21
63749	36
63750	18
63751	5
63752	30
63753	12
63754	30
63755	26
63756	3
63757	16
63758	16
63759	14
63760	6
63761	15
63764	17
63765	12
63766	29
63767	35
63769	8
63770	28
63771	11
63772	23
63773	12
63774	11
63775	20
63776	11
63777	29
63778	1
63779	21
63780	14
63782	19
63783	8
63785	9
63786	32
63788	14
63789	6
63790	17
63791	18
63792	12
63793	5
63794	12
63795	22
63796	14
63798	29
63799	31
63800	19
63801	33
63802	27
63803	42
63804	20
63805	7
63806	31
63807	18
63808	11
63809	27
63810	24
63813	38
63814	14
63815	6
63816	21
63817	23
63819	19
63820	19
63821	30
63822	9
63823	24
63824	15
63825	15
63826	13
63827	13
63828	18
63829	1
63830	14
63831	32
63832	16
63833	15
63834	17
63835	13
63836	12
63837	6
63838	9
63839	23
63840	31
63842	7
63843	15
63844	16
63845	8
63846	22
63847	3
63848	4
63849	19
63850	13
63851	34
63852	10
63853	11
63854	9
63855	11
63856	7
63857	15
63858	11
63861	15
63862	17
63863	11
63864	10
63865	8
63866	11
63868	8
63869	36
63870	19
63871	30
63872	17
63873	31
63874	19
63875	19
63876	8
63878	14
63879	13
63881	20
63882	13
63884	15
63886	23
63887	24
63888	17
63889	20
63890	27
63891	6
63892	7
63894	29
63896	35
63897	6
63898	9
63899	15
63900	10
63901	10
63903	19
63904	25
63905	17
63906	25
63907	9
63908	5
63909	28
63910	13
63911	1
63912	22
63913	14
63914	17
63915	30
63916	56
63917	10
63918	15
63919	30
63921	16
63922	22
63923	7
63925	3
63926	28
63927	14
63928	8
63929	20
63930	16
63931	23
63932	22
63933	13
63934	25
63935	29
63936	11
63937	23
63938	7
63939	7
63940	29
63941	39
63942	47
63943	11
63944	15
63945	29
63946	19
63947	24
63948	25
63950	28
63951	9
63952	5
63953	33
63954	18
63955	17
63956	2
63957	25
63959	17
63960	11
63961	15
63962	13
63963	11
63964	8
63965	26
63966	29
63968	17
63969	33
63970	35
63972	3
63973	6
63975	14
63976	2
63977	9
63978	22
63979	17
63980	24
63982	4
63983	2
63984	24
63985	21
63986	25
63987	4
63988	21
63989	27
63990	18
63991	19
63992	3
63993	9
63994	4
63995	7
63996	10
63997	24
63998	6
64000	22
64001	13
64002	29
64003	7
64004	4
64005	18
64008	40
64009	37
64010	16
64011	8
64012	35
64013	12
64014	13
64015	5
64016	14
64017	8
64018	8
64020	19
64022	23
64023	5
64024	3
64025	16
64026	16
64027	5
64028	10
64029	14
64030	33
64031	23
64033	5
64034	19
64035	20
64036	26
64037	29
64039	29
64040	6
64041	6
64042	15
64043	26
64045	13
64046	9
64047	19
64048	3
64049	11
64050	7
64051	21
64052	23
64053	8
64054	21
64055	11
64056	17
64057	14
64059	31
64061	17
64062	21
64063	18
64065	14
64066	19
64067	19
64068	9
64069	11
64070	21
64071	10
64072	1
64073	15
64074	7
64075	25
64076	17
64077	6
64078	22
64079	3
64080	13
64081	4
64083	18
64085	6
64086	14
64087	27
64088	23
64089	10
64090	12
64091	50
64092	26
64093	5
64094	17
64095	15
64096	14
64097	21
64098	27
64099	16
64100	1
64101	5
64102	10
64103	17
64104	14
64105	2
64106	16
64107	10
64108	7
64109	12
64110	6
64111	5
64113	8
64114	5
64115	4
64118	48
64119	29
64120	0
64121	6
64122	22
64123	11
64124	8
64126	13
64127	12
64128	11
64129	21
64131	18
64132	23
64133	22
64134	23
64135	11
64136	25
64138	21
64139	2
64141	14
64142	16
64143	0
64144	3
64145	7
64146	19
64147	0
64148	6
64149	13
64150	19
64151	14
64152	51
64153	33
64154	25
64155	23
64156	11
64157	17
64158	4
64159	18
64160	5
64161	17
64162	9
64163	21
64164	13
64165	11
64166	15
64167	12
64168	5
64169	23
64170	11
64171	12
64172	20
64173	7
64174	0
64175	7
64176	9
64177	11
64178	13
64179	42
64180	12
64181	16
64182	24
64183	33
64184	7
64185	38
64186	34
64187	7
64188	9
64189	21
64190	19
64191	30
64192	35
64193	3
64194	40
64195	20
64196	5
64198	22
64200	21
64201	10
64202	18
64203	6
64204	21
64205	31
64206	1
64207	21
64208	10
64210	16
64212	20
64213	9
64214	29
64217	10
64219	22
64220	8
64221	13
64224	11
64225	0
64226	10
64227	5
64228	21
64229	5
64230	27
64231	16
64232	15
64234	32
64235	30
64236	7
64239	15
64240	13
64241	11
64242	13
64243	20
64244	24
64245	10
64246	4
64247	8
64248	20
64249	16
64250	18
64252	11
64253	11
64254	18
64255	27
64256	10
64257	13
64258	6
64260	14
64261	1
64262	26
64263	37
64264	35
64265	19
64266	12
64267	14
64268	15
64269	15
64270	17
64271	24
64272	16
64273	10
64274	39
64275	8
64276	12
64277	16
64278	11
64280	30
64281	13
64282	13
64283	19
64284	5
64285	12
64286	28
64287	3
64288	13
64289	17
64290	13
64291	28
64292	16
64293	17
64294	13
64295	3
64296	9
64297	14
64298	18
64299	2
64300	11
64301	34
64303	12
64304	12
64305	16
64306	16
64307	31
64308	19
64309	19
64310	9
64311	9
64312	10
64314	2
64316	6
64317	8
64318	32
64319	15
64320	31
64321	14
64322	22
64323	7
64324	23
64325	19
64326	25
64327	27
64328	25
64329	35
64330	5
64331	4
64333	18
64336	11
64337	22
64338	13
64339	10
64340	8
64341	14
64343	22
64344	37
64345	7
64346	18
64347	11
64348	15
64349	9
64350	36
64351	10
64352	14
64353	14
64355	20
64356	14
64357	21
64358	22
64359	32
64361	31
64362	8
64363	16
64364	11
64365	12
64366	4
64367	21
64368	28
64370	9
64371	18
64372	12
64373	9
64374	13
64375	20
64376	12
64377	20
64378	9
64379	20
64380	2
64381	18
64382	38
64383	21
64384	36
64385	11
64386	31
64388	16
64389	13
64390	20
64391	27
64392	10
64393	24
64394	35
64395	16
64396	8
64398	15
64399	4
64400	16
64401	15
64402	44
64403	5
64404	14
64405	32
64406	2
64408	7
64409	12
64410	15
64411	15
64412	9
64413	6
64414	19
64415	3
64416	15
64417	8
64418	23
64419	2
64420	11
64421	6
64422	22
64423	38
64424	19
64425	37
64426	39
64428	5
64429	13
64431	16
64432	18
64433	9
64434	10
64435	20
64436	12
64437	17
64438	36
64439	14
64440	27
64442	24
64443	0
64444	1
64446	18
64447	11
64449	11
64451	19
64452	26
64453	15
64454	19
64455	11
64456	7
64457	16
64458	12
64460	30
64461	9
64463	7
64464	45
64467	9
64468	16
64469	6
64470	23
64471	7
64472	11
64473	9
64474	12
64476	10
64477	35
64479	20
64480	9
64481	18
64482	17
64483	12
64484	36
64485	10
64486	19
64488	15
64490	17
64491	16
64492	24
64494	7
64495	8
64496	22
64497	3
64498	22
64501	27
64502	6
64503	1
64504	5
64505	9
64506	18
64507	30
64509	7
64511	23
64512	9
64513	46
64515	47
64516	32
64518	5
64519	8
64520	7
64521	21
64522	24
64523	8
64525	15
64527	13
64528	29
64529	14
64531	8
64532	20
64533	30
64534	30
64535	10
64537	16
64538	40
64539	5
64540	8
64541	34
64542	8
64543	38
64544	9
64545	23
64546	20
64548	16
64549	22
64550	19
64551	16
64552	23
64554	12
64555	13
64556	35
64558	10
64560	23
64562	34
64563	53
64564	10
64565	8
64566	21
64567	21
64568	35
64569	16
64570	22
64571	10
64572	15
64573	3
64574	15
64575	30
64576	11
64577	8
64578	16
64579	13
64580	15
64581	18
64582	18
64583	8
64584	17
64585	24
64586	15
64588	4
64589	29
64590	11
64591	7
64592	11
64593	19
64594	14
64595	7
64596	17
64597	7
64598	20
64599	5
64600	21
64601	2
64602	37
64603	1
64604	19
64605	16
64606	19
64607	11
64608	12
64609	14
64611	34
64612	10
64613	24
64614	13
64615	10
64616	19
64617	29
64618	19
64620	12
64621	9
64622	10
64623	12
64624	4
64626	11
64629	22
64630	10
64631	17
64632	18
64633	3
64634	12
64635	13
64636	16
64637	13
64638	15
64639	20
64640	24
64642	17
64643	13
64644	8
64645	23
64646	19
64647	21
64648	4
64649	15
64650	9
64651	26
64652	18
64653	22
64654	8
64655	31
64656	24
64657	33
64658	14
64659	5
64660	9
64661	20
64662	24
64663	12
64664	29
64665	13
64667	2
64668	10
64669	35
64670	21
64672	27
64673	7
64674	25
64675	32
64676	9
64677	29
64681	41
64682	15
64683	18
64684	9
64685	2
64686	11
64688	10
64689	36
64690	17
64691	9
64692	20
64694	9
64695	14
64696	14
64697	32
64698	14
64699	16
64700	15
64701	0
64702	11
64703	14
64704	19
64705	11
64706	6
64707	1
64708	20
64709	20
64711	17
64712	6
64713	8
64714	17
64715	41
64716	8
64717	24
64719	21
64720	15
64721	0
64722	18
64723	47
64724	21
64725	10
64728	36
64729	33
64730	29
64731	7
64732	11
64733	3
64734	36
64735	24
64736	19
64738	18
64739	13
64740	14
64741	46
64746	31
64747	29
64748	16
64749	35
64750	31
64752	8
64753	3
64754	25
64755	27
64756	23
64757	17
64758	20
64759	21
64760	33
64761	13
64762	15
64763	14
64764	5
64765	29
64766	9
64767	48
64768	15
64769	8
64771	6
64772	10
64773	13
64775	23
64776	3
64777	22
64778	23
64779	18
64781	7
64782	7
64783	34
64785	29
64786	11
64787	22
64788	15
64789	8
64792	12
64794	11
64795	25
64796	21
64797	10
64800	14
64801	22
64802	24
64803	7
64804	19
64805	16
64806	8
64807	10
64808	8
64809	18
64811	12
64812	23
64813	24
64814	12
64816	33
64817	12
64818	22
64819	23
64820	11
64821	10
64822	19
64823	18
64824	18
64825	7
64826	15
64827	24
64828	8
64829	11
64830	21
64831	19
64832	1
64833	17
64834	2
64835	9
64836	27
64837	9
64838	12
64840	8
64841	14
64842	11
64843	34
64844	9
64845	20
64846	33
64847	11
64848	15
64849	20
64850	12
64851	34
64852	37
64853	13
64854	19
64855	3
64856	9
64857	7
64858	4
64859	5
64860	17
64862	6
64863	17
64864	5
64865	26
64866	12
64867	21
64868	7
64869	11
64870	25
64871	31
64872	10
64873	32
64874	21
64876	12
64877	15
64878	22
64879	3
64881	10
64882	19
64883	4
64884	5
64886	30
64887	30
64888	10
64889	30
64890	19
64891	31
64892	9
64893	18
64894	7
64896	5
64897	14
64898	18
64899	21
64900	23
64901	34
64903	17
64905	7
64906	6
64908	22
64909	32
64910	2
64911	13
64912	13
64913	9
64914	7
64915	26
64916	10
64917	15
64918	1
64919	15
64920	19
64922	2
64923	7
64924	19
64925	3
64926	19
64927	17
64928	16
64929	16
64930	25
64931	13
64932	19
64933	5
64934	16
64935	21
64936	10
64938	11
64939	9
64940	10
64941	1
64942	10
64943	14
64944	8
64946	40
64947	3
64948	44
64949	14
64950	6
64951	15
64953	12
64954	18
64955	7
64956	8
64957	32
64958	26
64959	8
64960	10
64961	20
64962	1
64963	8
64964	6
64965	17
64967	13
64968	4
64969	11
64970	21
64972	26
64973	14
64974	22
64975	15
64976	15
64977	5
64978	26
64979	7
64980	13
64981	15
64982	15
64983	11
64984	4
64985	9
64986	21
64987	55
64988	29
64989	8
64990	11
64991	21
64992	11
64993	11
64994	2
64995	5
64997	14
64998	2
64999	14
65001	19
65002	7
65003	9
65004	31
65005	38
65006	10
65007	7
65008	12
65009	13
65010	20
65011	32
65012	23
65013	8
65015	10
65016	25
65017	6
65018	50
65019	6
65020	16
65021	24
65022	15
65024	6
65025	4
65026	14
65027	8
65028	32
65030	26
65031	12
65032	18
65033	27
65034	27
65035	11
65036	12
65037	15
65038	9
65039	15
65041	8
65042	20
65045	11
65046	11
65047	12
65048	15
65049	26
65050	12
65051	6
65053	21
65054	24
65055	17
65056	17
65057	15
65058	10
65059	2
65060	20
65061	5
65062	31
65063	56
65064	7
65065	18
65067	18
65068	6
65069	4
65070	19
65071	34
65072	27
65073	28
65074	12
65075	8
65076	16
65077	10
65079	12
65080	43
65081	19
65082	23
65083	22
65084	6
65085	20
65086	31
65088	19
65089	12
65090	27
65091	16
65092	3
65093	27
65094	3
65096	5
65097	6
65098	26
65099	19
65101	35
65102	24
65104	3
65105	24
65106	10
65107	16
65108	21
65109	6
65110	27
65111	1
65112	25
65113	18
65114	33
65115	11
65116	7
65117	37
65118	3
65119	10
65120	15
65121	44
65122	9
65123	6
65124	11
65125	18
65126	15
65128	7
65130	16
65131	9
65132	30
65133	7
65134	28
65135	15
65136	19
65137	2
65138	14
65139	17
65140	32
65141	11
65142	7
65143	9
65144	25
65145	17
65146	20
65147	8
65148	12
65151	21
65152	7
65153	19
65154	11
65155	18
65156	9
65159	29
65160	13
65161	3
65162	17
65164	5
65165	27
65166	10
65167	11
65168	6
65169	27
65170	10
65171	42
65172	11
65173	12
65174	17
65175	22
65176	27
65178	14
65179	19
65180	28
65181	12
65182	2
65183	14
65184	33
65185	33
65186	2
65187	9
65188	4
65189	17
65190	5
65192	5
65194	29
65195	25
65197	23
65198	16
65199	32
65201	19
65202	21
65203	21
65204	21
65206	19
65207	25
65208	24
65209	4
65210	14
65211	8
65212	31
65213	20
65214	13
65215	12
65216	10
65217	30
65218	27
65219	5
65220	13
65221	12
65223	14
65224	20
65225	24
65227	9
65228	10
65229	34
65230	8
65231	10
65232	5
65233	5
65234	38
65236	19
65237	13
65238	19
65239	4
65240	39
65241	20
65242	23
65243	32
65244	10
65246	12
65248	15
65249	15
65250	22
65252	26
65253	38
65254	8
65255	9
65256	14
65257	14
65258	20
65259	26
65260	32
65261	24
65262	13
65263	9
65264	12
65265	8
65266	9
65268	24
65269	9
65272	18
65273	7
65274	15
65275	15
65276	25
65277	30
65278	19
65279	11
65280	65
65281	14
65282	17
65285	26
65286	10
65287	21
65288	24
65289	15
65290	1
65291	11
65292	19
65293	9
65294	14
65295	15
65296	23
65297	16
65298	27
65299	25
65300	10
65301	17
65302	8
65304	11
65305	7
65306	25
65307	10
65308	38
65309	25
65310	22
65311	9
65312	6
65313	19
65314	15
65315	4
65316	26
65317	25
65318	13
65319	11
65320	11
65322	11
65323	12
65324	2
65325	37
65326	11
65327	23
65328	11
65329	4
65330	8
65335	10
65336	8
65337	15
65340	15
65341	13
65342	43
65343	22
65344	21
65345	13
65346	50
65347	57
65348	0
65349	24
65350	46
65351	25
65352	16
65354	14
65356	1
65357	47
65358	10
65361	8
65362	34
65363	29
65364	10
65365	14
65366	0
65367	21
65369	12
65370	11
65371	16
65372	29
65373	26
65374	6
65376	13
65377	6
65378	50
65379	23
65380	32
65381	12
65382	12
65383	8
65385	9
65387	17
65389	15
65390	15
65391	19
65392	32
65393	16
65394	17
65395	23
65396	28
65397	14
65399	6
65401	39
65402	3
65403	9
65405	1
65406	19
65407	15
65408	22
65409	18
65410	6
65411	20
65412	14
65413	24
65414	11
65415	14
65416	8
65417	31
65418	35
65419	6
65420	31
65421	8
65422	24
65423	45
65424	5
65425	11
65426	23
65427	4
65428	21
65429	20
65430	3
65431	23
65432	6
65433	22
65434	31
65435	20
65436	5
65437	11
65439	13
65440	9
65441	24
65443	18
65445	7
65446	11
65447	2
65449	16
65450	12
65452	17
65454	24
65456	15
65458	3
65461	26
65462	21
65463	28
65464	45
65465	18
65466	8
65467	25
65468	18
65469	17
65470	4
65471	21
65472	20
65473	9
65474	13
65475	4
65477	10
65478	7
65479	12
65480	36
65481	12
65482	16
65484	8
65485	12
65486	4
65487	16
65488	12
65490	9
65491	15
65492	21
65493	12
65495	6
65496	10
65497	13
65499	15
65500	11
65501	39
65502	19
65504	9
65506	18
65507	19
65508	14
65509	8
65510	19
65511	18
65512	20
65513	30
65514	24
65515	6
65516	22
65517	9
65518	21
65519	9
65520	7
65521	14
65522	39
65523	8
65525	7
65526	20
65528	4
65529	43
65530	9
65531	16
65532	7
65533	8
65534	10
65535	25
65537	15
65538	21
65539	9
65540	16
65541	18
65543	0
65544	3
65545	6
65546	16
65547	5
65548	13
65549	14
65550	26
65551	10
65553	17
65554	39
65555	24
65556	18
65557	8
65558	4
65559	11
65560	15
65561	44
65562	18
65563	27
65564	11
65565	22
65566	14
65567	16
65568	13
65569	21
65571	9
65572	37
65574	45
65575	12
65576	8
65577	43
65578	20
65579	28
65581	8
65583	2
65584	29
65585	20
65586	14
65587	15
65589	15
65590	8
65591	8
65592	17
65593	23
65594	20
65595	22
65596	16
65597	11
65598	8
65599	20
65601	25
65602	30
65603	31
65604	18
65605	9
65607	20
65608	26
65609	7
65610	5
65613	13
65614	17
65615	6
65616	18
65617	8
65618	11
65620	28
65621	7
65625	4
65627	23
65628	3
65629	3
65630	4
65631	10
65632	27
65633	7
65634	16
65635	6
65636	18
65638	5
65639	11
65640	12
65641	28
65642	18
65643	15
65645	28
65646	24
65647	6
65648	16
65649	10
65650	22
65651	7
65654	30
65655	4
65656	13
65657	8
65658	22
65659	0
65660	15
65661	17
65662	4
65663	14
65664	16
65665	17
65666	26
65667	36
65668	2
65669	13
65671	0
65673	37
65674	11
65675	19
65676	12
65677	0
65678	15
65679	25
65680	18
65682	19
65683	5
65684	4
65685	30
65686	8
65687	0
65688	15
65689	14
65690	26
65691	3
65692	16
65693	16
65694	4
65695	13
65697	20
65699	25
65700	11
65701	6
65702	3
65703	6
65704	25
65706	20
65707	18
65708	10
65709	10
65711	8
65712	19
65713	31
65714	42
65716	17
65717	0
65718	20
65719	15
65720	20
65721	8
65723	16
65724	17
65725	40
65727	9
65728	20
65729	6
65730	24
65731	4
65733	6
65734	14
65735	16
65736	22
65737	6
65738	25
65739	5
65741	18
65742	20
65743	5
65744	19
65745	24
65746	23
65747	27
65749	21
65750	17
65751	21
65752	13
65754	2
65755	6
65756	18
65757	8
65758	32
65759	25
65760	12
65761	11
65762	31
65763	19
65764	7
65766	29
65767	5
65769	9
65770	7
65771	7
65774	13
65775	24
65776	5
65778	7
65779	16
65780	37
65781	10
65782	9
65783	6
65784	9
65785	12
65786	23
65787	22
65788	23
65789	27
65790	8
65791	10
65793	8
65794	23
65795	1
65796	13
65797	18
65798	7
65799	21
65800	25
65801	4
65802	26
65803	25
65804	11
65805	19
65806	16
65807	16
65808	20
65809	22
65810	10
65811	8
65812	7
65813	28
65814	22
65815	7
65816	13
65820	11
65821	15
65822	4
65823	9
65824	25
65825	13
65826	44
65829	10
65830	26
65832	16
65833	24
65834	22
65835	6
65836	17
65837	44
65838	11
65839	16
65841	20
65842	16
65843	25
65844	33
65845	12
65846	13
65847	20
65848	5
65849	4
65850	20
65851	7
65852	25
65853	11
65854	8
65855	17
65856	13
65857	10
65858	17
65859	12
65860	14
65861	1
65862	10
65863	33
65864	17
65866	49
65867	14
65868	28
65869	7
65870	22
65871	20
65872	17
65873	32
65875	1
65876	2
65877	30
65878	9
65879	23
65880	17
65881	6
65882	11
65883	31
65884	11
65885	4
65886	35
65887	11
65889	28
65890	6
65891	12
65895	15
65896	2
65897	30
65898	21
65899	34
65901	21
65902	16
65903	15
65904	25
65905	15
65906	23
65907	3
65908	15
65909	7
65910	9
65912	26
65913	20
65914	19
65915	21
65916	3
65917	15
65918	9
65919	10
65920	24
65921	16
65922	21
65923	17
65924	10
65925	17
65926	14
65927	7
65928	4
65929	12
65930	9
65931	10
65932	8
65934	24
65935	18
65936	19
65937	16
65938	22
65939	28
65940	27
65941	25
65942	7
65943	17
65944	13
65947	10
65948	20
65949	15
65950	17
65951	19
65953	23
65954	4
65955	8
65956	10
65958	12
65960	30
65961	5
65962	21
65963	7
65964	13
65965	33
65966	52
65967	13
65968	8
65969	29
65970	4
65971	20
65972	19
65973	19
65974	17
65975	19
65976	20
65977	18
65978	29
65979	12
65980	9
65981	35
65982	3
65983	8
65984	5
65985	17
65986	11
65987	28
65988	12
65990	9
65991	16
65992	6
65993	11
65994	30
65995	42
65996	9
65997	11
65999	11
66000	25
66001	8
66002	10
66003	22
66004	8
66006	20
66007	7
66008	13
66009	39
66010	4
66011	11
66012	11
66013	6
66014	12
66015	17
66016	17
66017	13
66018	29
66019	10
66020	12
66022	13
66023	15
66025	3
66027	7
66028	11
66029	4
66030	26
66031	13
66032	24
66034	11
66035	18
66036	19
66037	17
66038	14
66039	10
66040	19
66041	24
66042	11
66043	10
66044	7
66047	18
66048	16
66049	8
66050	4
66051	8
66053	25
66055	17
66056	17
66057	29
66058	16
66059	5
66060	23
66061	2
66062	4
66063	15
66064	12
66065	17
66067	9
66068	19
66069	13
66070	6
66071	13
66072	31
66073	14
66074	19
66075	19
66076	20
66077	10
66078	11
66079	17
66080	18
66081	17
66082	5
66084	7
66085	11
66086	12
66087	8
66088	20
66089	12
66091	33
66092	10
66093	10
66094	37
66096	18
66097	19
66099	13
66100	25
66101	21
66102	13
66103	17
66104	41
66105	13
66106	29
66107	7
66108	25
66110	14
66111	16
66112	26
66113	10
66115	9
66116	11
66117	6
66118	28
66119	35
66122	11
66123	18
66124	21
66125	23
66126	21
66127	4
66128	40
66130	11
66131	9
66132	24
66133	26
66134	7
66135	15
66136	6
66137	11
66138	39
66139	21
66140	18
66141	5
66142	12
66143	13
66144	8
66145	20
66146	30
66147	3
66148	19
66150	10
66152	24
66153	7
66154	14
66155	22
66157	0
66158	34
66159	26
66160	15
66161	17
66163	12
66164	1
66165	14
66166	10
66168	23
66169	7
66170	10
66171	12
66172	8
66173	17
66174	24
66175	16
66176	19
66177	6
66178	38
66179	26
66180	5
66182	7
66183	10
66184	9
66186	0
66187	26
66188	10
66189	12
66190	12
66191	36
66192	18
66193	8
66194	29
66195	19
66197	10
66198	28
66199	14
66200	32
66201	11
66202	11
66203	28
66204	16
66205	15
66206	28
66207	19
66208	21
66210	20
66212	9
66214	11
66215	6
66216	15
66217	2
66218	44
66219	20
66220	12
66221	26
66222	28
66224	3
66225	8
66226	2
66229	20
66230	7
66231	18
66232	11
66233	10
66234	6
66235	20
66236	18
66237	10
66238	18
66240	14
66241	19
66242	24
66244	21
66245	2
66246	8
66247	29
66248	13
66249	26
66250	26
66251	9
66252	11
66253	11
66254	16
66256	7
66257	21
66258	24
66259	2
66260	14
66261	9
66262	6
66263	15
66264	9
66265	28
66266	11
66267	6
66268	12
66269	28
66270	47
66271	10
66272	10
66273	6
66274	24
66275	8
66276	8
66278	29
66279	9
66281	8
66282	21
66283	6
66284	36
66285	26
66286	10
66287	27
66288	28
66289	23
66290	4
66292	8
66293	21
66294	16
66295	13
66296	18
66297	17
66299	5
66300	15
66301	26
66302	7
66303	22
66304	5
66305	27
66306	23
66307	38
66308	14
66309	21
66310	8
66311	17
66312	24
66314	21
66315	8
66316	19
66317	16
66318	34
66319	12
66320	11
66321	9
66322	12
66323	21
66324	19
66325	19
66327	25
66328	15
66331	6
66332	8
66333	1
66334	21
66335	7
66336	18
66337	29
66338	14
66339	9
66340	9
66341	11
66342	18
66343	14
66344	28
66345	12
66346	16
66347	8
66348	21
66349	19
66350	19
66351	6
66352	16
66353	11
66356	5
66357	19
66359	18
66360	42
66361	15
66362	20
66363	16
66364	20
66365	1
66367	16
66368	13
66369	2
66371	17
66372	11
66373	44
66374	31
66375	21
66376	18
66377	9
66379	16
66382	7
66383	26
66384	16
66385	23
66386	12
66387	44
66388	29
66389	12
66390	21
66391	10
66393	20
66394	41
66395	21
66397	53
66398	35
66400	17
66401	18
66402	8
66403	16
66404	9
66405	11
66406	23
66407	5
66408	23
66410	25
66411	6
66412	43
66413	17
66414	22
66415	19
66416	22
66417	11
66418	26
66419	21
66420	37
66421	3
66422	40
66423	25
66424	8
66425	13
66426	19
66427	9
66428	5
66429	23
66430	44
66431	6
66432	19
66433	30
66434	30
66436	19
66439	25
66440	15
66441	10
66442	2
66443	10
66444	9
66445	18
66446	22
66447	3
66448	5
66450	19
66452	23
66453	7
66454	34
66455	20
66456	27
66457	41
66458	23
66459	21
66460	19
66461	19
66462	7
66463	18
66464	14
66465	16
66466	35
66467	14
66468	13
66469	15
66470	31
66471	10
66472	8
66473	41
66474	15
66475	3
66476	21
66477	4
66478	10
66479	34
66480	21
66481	17
66482	15
66483	25
66484	17
66485	20
66487	24
66488	19
66490	5
66491	12
66492	12
66493	5
66494	3
66495	15
66496	16
66498	18
66499	15
66500	27
66501	16
66502	11
66503	52
66504	11
66505	15
66506	17
66507	21
66508	24
66509	25
66510	15
66511	15
66512	8
66513	8
66514	24
66515	18
66516	14
66517	10
66518	8
66521	3
66522	8
66524	21
66525	23
66526	31
66528	43
66529	7
66530	11
66532	12
66533	53
66534	14
66535	10
66536	25
66538	11
66539	23
66541	11
66542	20
66544	10
66545	12
66546	2
66547	5
66548	13
66549	10
66550	4
66551	12
66552	21
66553	12
66554	11
66555	5
66557	15
66559	15
66560	18
66561	27
66562	29
66563	23
66564	17
66565	9
66566	6
66567	20
66568	14
66569	9
66570	10
66571	28
66572	10
66574	17
66575	11
66576	12
66577	6
66579	13
66580	14
66581	13
66582	8
66583	15
66585	6
66586	9
66587	13
66589	5
66590	33
66591	22
66592	17
66593	14
66595	15
66596	42
66598	15
66599	6
66600	17
66601	12
66602	9
66603	10
66604	18
66605	24
66606	9
66607	27
66608	4
66609	13
66610	10
66611	28
66612	15
66613	1
66615	19
66616	8
66617	31
66618	12
66619	19
66620	17
66621	26
66622	3
66624	22
66625	6
66626	7
66627	39
66628	14
66630	17
66631	13
66632	14
66633	17
66634	13
66635	10
66636	18
66637	20
66638	15
66639	19
66640	10
66641	18
66642	41
66643	31
66644	20
66645	20
66646	10
66648	19
66649	7
66650	15
66651	28
66652	15
66653	19
66655	11
66656	8
66657	37
66658	25
66659	11
66660	30
66661	5
66662	20
66663	12
66664	35
66665	7
66666	12
66667	20
66668	14
66669	11
66670	22
66671	21
66673	30
66674	36
66675	38
66676	14
66677	19
66678	9
66679	25
66681	6
66682	47
66683	29
66684	28
66685	11
66687	8
66688	13
66689	22
66690	25
66691	17
66692	24
66693	7
66694	3
66695	19
66697	7
66698	19
66699	33
66700	29
66701	32
66702	0
66703	52
66704	16
66705	17
66706	41
66708	18
66709	6
66710	9
66712	17
66713	24
66714	22
66715	5
66716	28
66717	12
66719	6
66720	23
66722	16
66723	15
66724	17
66725	6
66726	9
66727	9
66728	24
66729	6
66731	14
66733	12
66734	0
66735	19
66736	12
66737	19
66738	15
66739	30
66740	4
66742	15
66743	30
66744	23
66745	3
66746	10
66747	26
66748	11
66750	18
66751	10
66753	18
66754	11
66756	18
66757	8
66758	23
66761	5
66762	30
66763	7
66765	19
66767	10
66768	9
66769	5
66770	2
66771	13
66772	9
66773	14
66774	2
66775	13
66777	10
66779	10
66780	16
66781	25
66782	29
66783	9
66784	36
66785	15
66786	26
66787	4
66788	17
66790	1
66791	5
66792	26
66793	7
66794	12
66795	21
66797	10
66798	7
66799	14
66800	11
66801	19
66803	10
66804	21
66805	17
66806	37
66807	21
66808	4
66809	9
66810	7
66811	13
66812	9
66813	7
66814	23
66815	27
66816	22
66817	12
66819	32
66820	24
66821	9
66822	26
66824	17
66825	37
66826	18
66827	11
66828	24
66829	11
66830	41
66831	7
66832	2
66833	17
66834	13
66835	7
66836	20
66837	17
66838	16
66839	20
66840	19
66841	8
66843	37
66844	14
66847	57
66848	21
66849	26
66850	11
66851	0
66852	22
66853	12
66854	18
66855	28
66856	3
66857	11
66858	20
66860	25
66861	9
66862	14
66863	27
66864	11
66865	5
66867	15
66868	24
66869	20
66870	33
66871	5
66872	6
66873	8
66874	18
66875	13
66876	7
66877	28
66878	19
66879	16
66880	18
66881	12
66883	3
66884	7
66885	15
66887	18
66889	24
66890	14
66891	21
66892	32
66893	5
66894	15
66895	5
66896	14
66897	13
66898	32
66899	29
66900	12
66901	32
66903	15
66904	41
66906	9
66907	17
66908	6
66909	0
66910	2
66911	29
66913	3
66914	28
66915	22
66916	11
66917	9
66918	10
66919	27
66920	8
66921	15
66922	10
66923	18
66925	33
66926	11
66927	16
66928	2
66929	16
66930	22
66931	24
66932	24
66933	11
66934	35
66935	27
66936	2
66937	21
66938	10
66939	8
66942	8
66943	2
66944	7
66945	8
66946	21
66947	31
66948	12
66949	13
66950	15
66951	9
66952	19
66953	23
66954	31
66955	15
66956	9
66957	18
66958	19
66959	16
66960	11
66961	27
66962	21
66964	5
66965	4
66968	4
66969	27
66970	0
66971	9
66972	16
66973	7
66974	24
66975	15
66976	10
66977	20
66978	15
66979	11
66980	14
66981	14
66982	16
66983	27
66985	29
66986	11
66987	36
66988	22
66989	12
66990	18
66991	24
66992	32
66993	11
66994	33
66995	11
66996	3
66997	6
66998	32
66999	6
67000	39
67001	35
67002	16
67003	14
67004	12
67005	6
67006	10
67007	11
67008	21
67009	12
67010	3
67011	20
67012	2
67014	22
67015	48
67017	16
67018	13
67019	8
67020	22
67022	8
67024	16
67025	5
67027	23
67028	8
67029	8
67030	29
67031	11
67032	14
67033	9
67034	7
67035	5
67036	2
67037	11
67038	14
67039	0
67040	10
67041	17
67042	12
67043	15
67045	10
67046	6
67047	27
67049	17
67050	13
67051	5
67052	3
67053	23
67054	8
67055	18
67057	6
67058	9
67059	9
67060	22
67061	11
67062	37
67063	13
67064	14
67065	16
67066	24
67067	26
67069	3
67070	19
67071	5
67072	43
67073	9
67074	10
67075	7
67077	24
67078	20
67079	18
67080	13
67081	13
67084	11
67085	11
67086	12
67087	6
67088	31
67089	23
67090	1
67091	40
67092	8
67093	26
67094	22
67095	37
67097	20
67098	12
67100	9
67101	11
67102	15
67103	24
67104	16
67105	3
67106	6
67107	0
67108	18
67109	14
67110	33
67111	8
67112	14
67113	30
67114	18
67115	16
67116	10
67117	8
67118	7
67119	24
67121	27
67122	14
67123	7
67126	7
67127	5
67128	7
67129	9
67130	8
67131	15
67132	24
67133	15
67134	13
67135	7
67136	11
67137	9
67138	21
67139	13
67140	17
67141	23
67142	16
67143	13
67145	16
67147	9
67148	7
67149	29
67150	14
67151	21
67152	11
67153	28
67154	10
67155	9
67156	43
67157	5
67159	26
67160	5
67161	14
67162	11
67163	10
67164	25
67166	19
67167	26
67168	14
67170	28
67172	20
67173	9
67174	27
67175	13
67176	7
67177	18
67179	7
67180	10
67181	5
67182	12
67183	7
67184	25
67185	9
67186	4
67187	30
67188	16
67189	17
67190	17
67191	27
67192	14
67193	21
67195	26
67196	7
67197	11
67198	28
67199	8
67200	11
67201	49
67202	15
67203	10
67204	14
67208	39
67209	21
67211	7
67212	6
67213	18
67214	18
67215	11
67216	9
67217	15
67219	1
67221	31
67222	8
67223	16
67225	22
67226	14
67227	6
67228	10
67229	22
67231	20
67232	28
67233	14
67234	1
67235	30
67236	25
67237	14
67238	13
67239	35
67240	28
67241	26
67242	14
67243	14
67244	13
67245	14
67246	12
67248	31
67249	14
67250	14
67251	18
67252	18
67253	19
67254	19
67255	15
67257	7
67258	15
67259	20
67261	5
67262	31
67263	34
67264	16
67265	24
67266	20
67267	25
67268	28
67270	7
67273	11
67274	3
67275	13
67277	6
67278	26
67279	13
67280	6
67281	12
67283	30
67284	4
67285	11
67286	18
67287	25
67289	22
67290	24
67291	4
67292	2
67293	17
67294	8
67295	34
67296	27
67298	15
67299	16
67300	19
67301	13
67302	12
67303	17
67304	18
67305	19
67306	17
67307	7
67308	13
67309	11
67310	12
67311	3
67312	24
67314	11
67315	11
67316	36
67317	21
67318	16
67319	14
67320	10
67321	35
67322	8
67323	24
67324	27
67325	29
67326	12
67327	15
67328	10
67329	7
67331	24
67333	3
67334	14
67335	20
67336	13
67337	28
67338	13
67339	28
67340	17
67342	26
67343	6
67344	12
67345	20
67346	8
67347	8
67348	5
67349	9
67350	21
67351	16
67352	10
67354	27
67355	37
67356	6
67357	21
67358	15
67359	9
67360	9
67361	8
67362	21
67364	16
67365	21
67366	20
67367	11
67368	13
67370	11
67371	42
67372	20
67373	11
67374	7
67375	9
67376	8
67377	30
67378	10
67379	31
67380	5
67381	31
67382	22
67383	10
67384	2
67385	14
67386	5
67387	12
67388	8
67390	15
67391	11
67392	13
67394	20
67395	12
67396	16
67397	13
67398	21
67399	15
67400	16
67401	31
67402	10
67403	24
67404	2
67405	15
67406	5
67408	6
67409	4
67410	23
67411	4
67414	8
67415	11
67416	16
67417	6
67418	29
67419	10
67420	13
67421	21
67422	11
67423	11
67424	12
67425	28
67426	9
67427	14
67428	23
67429	38
67430	9
67431	18
67432	20
67433	7
67434	8
67435	19
67436	21
67437	8
67438	22
67440	13
67441	6
67442	19
67443	2
67444	20
67445	21
67447	34
67448	13
67449	5
67450	8
67452	11
67454	22
67455	19
67457	15
67460	28
67461	3
67462	14
67463	35
67465	12
67466	7
67467	10
67468	23
67469	5
67470	5
67471	26
67472	19
67473	10
67474	6
67476	22
67477	11
67478	7
67479	3
67483	10
67484	9
67485	2
67486	26
67488	12
67489	34
67490	37
67491	6
67492	11
67493	10
67494	13
67495	37
67496	8
67497	9
67498	27
67499	7
67501	37
67502	12
67504	10
67505	7
67506	24
67507	20
67508	21
67509	3
67510	19
67511	3
67512	47
67513	17
67516	21
67517	47
67518	19
67519	14
67520	7
67521	20
67522	9
67523	14
67524	5
67527	19
67528	24
67529	6
67530	16
67531	6
67532	30
67534	11
67535	16
67536	4
67537	12
67538	10
67539	11
67540	0
67541	16
67542	15
67543	19
67544	24
67547	1
67548	3
67549	0
67550	11
67552	8
67553	28
67554	16
67555	6
67557	23
67558	24
67559	10
67560	12
67561	9
67562	16
67563	4
67564	14
67565	31
67567	39
67568	11
67569	32
67570	10
67571	14
67572	3
67574	18
67575	18
67576	13
67577	21
67578	6
67579	6
67580	44
67581	11
67582	31
67583	13
67584	5
67585	9
67586	14
67587	13
67588	22
67590	5
67591	40
67592	1
67593	18
67594	16
67595	43
67596	5
67597	12
67598	10
67599	15
67600	28
67601	9
67603	13
67604	19
67605	19
67606	26
67607	37
67608	26
67610	38
67612	12
67613	12
67614	15
67615	10
67617	16
67618	17
67619	8
67620	10
67622	10
67623	16
67624	4
67625	21
67626	10
67627	14
67628	40
67629	22
67630	12
67631	14
67632	6
67633	20
67634	27
67635	17
67636	3
67637	35
67638	14
67641	16
67642	9
67643	28
67644	26
67646	12
67647	18
67648	23
67649	10
67650	15
67652	5
67653	26
67654	19
67655	26
67656	16
67657	10
67658	14
67659	13
67660	25
67661	6
67662	13
67663	16
67664	16
67667	22
67669	6
67670	11
67671	31
67672	16
67673	13
67674	20
67676	11
67677	8
67678	24
67679	13
67680	9
67681	27
67682	9
67683	4
67687	9
67688	19
67690	7
67691	17
67692	0
67693	11
67696	27
67697	11
67698	19
67699	14
67701	6
67703	11
67705	16
67706	18
67707	29
67708	20
67709	1
67710	25
67712	12
67713	14
67714	14
67716	8
67717	9
67719	8
67720	10
67721	10
67722	8
67725	18
67726	16
67727	22
67728	22
67729	14
67730	14
67732	7
67733	13
67734	33
67735	16
67736	10
67737	22
67738	11
67739	14
67740	40
67741	19
67742	25
67743	26
67747	19
67748	30
67749	31
67752	22
67753	32
67754	25
67755	13
67758	13
67759	20
67760	19
67761	9
67762	12
67763	29
67764	15
67766	9
67767	13
67768	13
67769	6
67770	23
67771	22
67772	26
67773	24
67774	16
67775	14
67776	10
67777	15
67778	31
67779	11
67780	49
67781	19
67782	25
67783	9
67785	9
67786	0
67787	21
67788	13
67791	14
67792	18
67793	7
67794	3
67795	18
67797	9
67798	7
67799	11
67800	9
67801	10
67802	14
67804	24
67805	24
67807	8
67808	43
67809	26
67810	22
67811	25
67812	13
67813	12
67814	16
67815	17
67816	18
67817	20
67818	12
67819	10
67820	18
67821	17
67825	22
67826	23
67827	12
67828	21
67829	16
67830	20
67831	13
67833	2
67834	11
67835	7
67836	10
67837	39
67838	15
67839	20
67840	6
67842	27
67843	20
67844	8
67845	9
67846	18
67847	16
67848	20
67849	30
67850	15
67851	38
67854	17
67855	14
67856	15
67857	25
67858	19
67859	33
67860	4
67861	7
67862	14
67863	26
67864	6
67865	32
67866	11
67867	32
67868	34
67869	49
67870	11
67871	16
67872	14
67874	27
67875	30
67876	21
67877	19
67878	18
67879	25
67880	17
67881	16
67882	23
67883	6
67884	11
67885	16
67886	11
67887	8
67888	10
67889	7
67890	23
67891	15
67892	16
67893	15
67894	9
67895	23
67896	7
67897	25
67898	10
67899	8
67900	18
67901	6
67902	3
67903	24
67904	5
67905	8
67906	7
67909	20
67910	12
67913	6
67914	6
67916	26
67917	25
67918	8
67919	12
67920	14
67921	3
67922	12
67924	20
67925	18
67926	27
67927	7
67928	25
67930	14
67931	7
67932	7
67934	24
67935	24
67936	19
67937	9
67938	7
67939	17
67940	24
67941	8
67942	5
67943	23
67945	6
67946	15
67947	12
67948	31
67949	10
67950	24
67951	14
67952	8
67953	25
67954	12
67955	6
67956	38
67957	3
67958	3
67959	14
67960	20
67961	11
67962	12
67963	21
67964	6
67965	16
67966	15
67969	13
67970	20
67971	27
67972	9
67973	11
67974	11
67975	19
67976	16
67977	6
67978	20
67979	37
67980	13
67981	12
67982	39
67984	25
67987	32
67988	17
67990	24
67991	16
67992	3
67993	18
67994	6
67995	31
67996	15
67997	9
67998	30
67999	27
68000	14
68001	32
68002	17
68003	17
68004	17
68005	9
68006	17
68007	16
68008	14
68010	28
68011	13
68012	0
68013	16
68014	14
68015	9
68016	20
68017	21
68018	11
68019	49
68022	22
68024	16
68025	19
68026	18
68027	17
68028	8
68029	16
68030	21
68031	15
68033	35
68034	19
68035	18
68037	5
68038	33
68039	12
68040	20
68041	36
68042	22
68043	18
68044	13
68046	13
68047	16
68048	14
68049	22
68050	31
68051	19
68052	33
68053	29
68054	1
68055	7
68056	22
68057	7
68058	6
68059	31
68060	8
68061	16
68063	38
68064	6
68065	7
68066	6
68068	5
68070	6
68071	12
68072	8
68073	16
68074	20
68075	8
68076	7
68077	9
68078	19
68079	9
68080	13
68081	20
68082	2
68083	12
68085	26
68086	32
68087	16
68088	30
68089	3
68090	6
68091	18
68092	28
68093	4
68094	21
68095	19
68098	20
68099	24
68100	7
68101	21
68102	39
68103	6
68104	6
68105	28
68106	19
68107	0
68109	10
68110	12
68111	22
68113	15
68114	11
68115	10
68116	13
68117	7
68118	11
68119	1
68120	10
68123	17
68124	13
68125	16
68126	42
68127	6
68128	14
68129	20
68130	26
68131	8
68132	30
68133	15
68134	15
68135	16
68137	19
68138	13
68139	5
68141	11
68143	5
68144	8
68145	10
68146	9
68147	30
68148	12
68149	18
68150	19
68151	23
68152	19
68153	35
68154	31
68155	9
68156	23
68157	13
68158	10
68159	19
68160	11
68161	15
68162	40
68163	18
68164	9
68165	13
68166	45
68167	23
68168	11
68169	52
68170	18
68171	8
68172	20
68173	27
68174	12
68175	18
68176	30
68177	30
68178	3
68179	15
68180	14
68181	2
68182	23
68183	16
68184	9
68186	10
68187	21
68188	50
68189	11
68190	40
68191	9
68194	6
68195	23
68196	11
68197	2
68198	19
68199	5
68200	20
68201	6
68202	18
68203	22
68204	8
68205	18
68206	10
68208	11
68209	1
68210	17
68211	17
68213	9
68214	8
68215	14
68216	13
68217	6
68218	10
68219	37
68220	26
68221	17
68222	14
68223	9
68224	8
68226	11
68227	12
68229	12
68230	21
68231	21
68232	24
68233	4
68234	6
68235	11
68236	10
68237	7
68238	26
68239	19
68240	15
68242	5
68243	16
68244	31
68245	16
68246	13
68248	8
68249	27
68250	35
68251	11
68252	5
68253	22
68254	18
68255	1
68256	8
68257	10
68258	9
68259	29
68261	8
68263	13
68264	28
68265	28
68266	29
68267	18
68268	10
68271	9
68272	12
68273	4
68274	8
68276	16
68278	16
68280	13
68281	7
68282	9
68284	18
68285	26
68286	20
68287	20
68288	9
68290	15
68291	8
68292	22
68293	25
68294	12
68295	30
68296	10
68297	15
68298	5
68299	9
68301	6
68302	24
68303	35
68304	3
68305	17
68306	21
68307	23
68308	10
68309	32
68310	12
68311	22
68312	10
68313	7
68314	17
68316	36
68317	12
68318	4
68319	10
68320	16
68321	26
68322	13
68323	17
68324	11
68325	21
68326	20
68327	35
68328	8
68329	19
68330	13
68331	17
68333	23
68334	41
68335	12
68336	22
68337	14
68338	2
68339	7
68340	3
68341	15
68342	30
68343	22
68344	7
68345	17
68346	30
68347	15
68348	44
68350	6
68353	20
68354	14
68355	35
68357	19
68358	14
68359	6
68361	14
68362	21
68363	22
68364	12
68365	15
68366	7
68367	11
68368	27
68369	14
68370	19
68371	24
68372	22
68373	8
68374	17
68375	11
68376	15
68377	23
68378	9
68379	19
68380	13
68381	12
68382	0
68383	11
68384	10
68387	17
68390	0
68391	30
68392	25
68393	12
68395	28
68396	7
68397	6
68398	29
68399	11
68400	30
68401	12
68402	16
68404	13
68405	10
68406	26
68407	14
68408	8
68409	5
68410	12
68411	17
68412	18
68413	0
68414	26
68416	28
68418	34
68420	5
68421	8
68422	24
68423	6
68424	28
68425	14
68426	33
68428	5
68429	9
68430	13
68431	12
68433	23
68434	9
68435	26
68438	23
68439	6
68440	26
68441	21
68443	20
68444	11
68445	3
68446	13
68447	6
68448	23
68449	31
68450	18
68451	22
68452	15
68453	17
68454	18
68455	13
68456	16
68457	13
68458	19
68459	18
68460	27
68461	21
68464	9
68465	6
68466	29
68467	24
68468	4
68469	12
68470	15
68471	13
68472	24
68473	14
68474	6
68477	15
68479	8
68481	30
68482	15
68483	34
68484	10
68486	9
68487	20
68488	11
68489	16
68490	10
68491	2
68492	37
68494	16
68495	4
68496	6
68497	3
68498	41
68499	19
68503	7
68504	5
68505	33
68507	14
68508	11
68509	23
68510	15
68511	30
68512	10
68513	21
68514	14
68515	6
68516	14
68517	5
68518	35
68519	7
68520	19
68521	21
68522	27
68523	10
68524	21
68525	20
68526	37
68527	33
68528	4
68529	44
68530	16
68531	28
68532	9
68533	28
68534	24
68535	44
68536	14
68537	31
68538	26
68539	11
68540	7
68541	10
68542	18
68543	18
68545	6
68546	17
68547	12
68548	12
68549	29
68550	19
68551	18
68552	13
68554	20
68555	8
68556	37
68557	0
68558	17
68559	10
68560	18
68563	5
68564	25
68565	20
68568	25
68569	21
68570	6
68572	17
68573	23
68574	23
68575	12
68576	29
68577	20
68578	23
68579	23
68580	8
68582	10
68583	19
68584	14
68585	31
68586	32
68587	12
68588	21
68589	12
68590	18
68591	6
68592	15
68594	25
68595	18
68596	17
68597	15
68598	27
68599	51
68600	19
68601	43
68602	17
68603	7
68604	15
68605	7
68607	14
68608	1
68609	31
68611	13
68612	29
68613	19
68614	12
68616	31
68617	11
68618	0
68619	9
68620	12
68621	16
68622	14
68623	10
68624	10
68625	8
68626	10
68627	10
68628	1
68629	12
68630	14
68631	26
68632	28
68633	17
68635	21
68636	14
68637	40
68638	25
68639	41
68641	7
68642	21
68643	11
68644	37
68647	12
68648	9
68649	14
68650	2
68651	21
68652	10
68653	14
68654	9
68655	14
68656	15
68657	15
68658	9
68659	16
68660	36
68662	2
68663	15
68664	23
68665	14
68667	9
68668	8
68669	25
68670	27
68671	6
68672	9
68673	23
68674	31
68675	5
68676	5
68678	26
68679	10
68680	16
68681	19
68682	14
68683	7
68685	12
68686	11
68687	13
68688	31
68689	15
68691	18
68692	20
68693	32
68694	27
68695	35
68697	5
68698	8
68699	32
68700	19
68701	10
68702	25
68703	23
68704	18
68705	7
68706	21
68707	22
68709	9
68710	26
68711	18
68712	34
68713	33
68714	9
68715	7
68716	14
68717	17
68718	27
68719	21
68721	26
68723	10
68724	15
68725	11
68726	16
68727	15
68728	14
68729	15
68730	7
68731	14
68732	15
68733	1
68734	35
68736	7
68737	7
68738	10
68739	20
68740	25
68741	14
68742	5
68744	23
68745	7
68747	2
68748	24
68749	13
68750	30
68751	18
68752	15
68753	33
68754	22
68755	15
68756	18
68757	2
68758	5
68759	17
68760	50
68761	14
68763	14
68764	19
68765	17
68768	8
68769	12
68770	21
68771	12
68772	12
68773	45
68775	28
68776	20
68777	25
68778	13
68779	26
68780	15
68781	15
68782	35
68784	7
68785	4
68787	20
68788	20
68790	10
68791	35
68792	8
68793	27
68796	6
68797	10
68799	21
68800	12
68801	11
68802	16
68803	3
68805	23
68806	12
68807	0
68808	0
68809	13
68810	19
68811	30
68812	17
68813	13
68814	15
68815	38
68816	18
68818	17
68819	19
68820	18
68821	15
68822	11
68823	8
68824	26
68825	21
68826	17
68827	24
68828	30
68829	28
68830	14
68831	27
68832	6
68833	23
68834	19
68835	12
68837	8
68840	17
68841	19
68842	31
68844	22
68846	28
68847	26
68848	10
68850	24
68852	5
68853	7
68855	16
68856	9
68857	13
68858	23
68859	13
68860	6
68861	43
68862	9
68863	22
68864	1
68865	29
68866	35
68867	8
68868	13
68872	18
68874	8
68875	17
68876	6
68877	2
68878	10
68879	29
68882	28
68883	47
68885	14
68888	10
68889	13
68890	24
68891	7
68892	16
68893	26
68894	14
68895	15
68896	11
68897	16
68898	5
68900	12
68902	19
68903	12
68905	3
68906	12
68907	12
68908	38
68909	15
68910	16
68911	16
68912	26
68913	28
68914	8
68915	9
68916	17
68917	18
68918	16
68919	20
68920	6
68922	8
68923	14
68924	8
68925	2
68927	21
68928	18
68929	22
68930	13
68931	26
68932	2
68933	16
68934	15
68935	16
68936	16
68937	15
68938	32
68939	23
68941	5
68943	13
68944	11
68945	12
68947	13
68948	11
68949	15
68950	9
68951	14
68953	15
68954	10
68955	24
68956	10
68957	51
68958	21
68959	22
68960	11
68961	28
68962	14
68963	17
68964	10
68965	11
68966	12
68967	9
68968	6
68970	11
68971	7
68973	10
68974	17
68975	12
68976	14
68977	28
68979	23
68981	17
68982	21
68983	24
68984	17
68985	29
68986	20
68987	12
68989	12
68990	18
68992	5
68993	9
68994	13
68995	27
68996	18
68997	32
68998	20
69000	0
69002	5
69003	38
69004	14
69005	17
69006	9
69010	10
69011	12
69013	6
69014	9
69015	9
69016	12
69017	22
69018	3
69021	17
69023	11
69024	11
69025	24
69026	15
69027	18
69028	22
69029	8
69032	23
69034	11
69035	25
69037	23
69040	7
69041	21
69042	17
69043	11
69044	10
69045	15
69046	8
69047	5
69048	7
69049	6
69050	13
69051	9
69052	3
69053	12
69057	20
69058	27
69059	0
69060	14
69061	3
69062	35
69063	22
69064	16
69065	10
69066	1
69067	10
69069	19
69070	5
69071	1
69072	10
69074	7
69076	28
69077	17
69078	21
69079	6
69080	18
69081	6
69082	18
69083	3
69084	25
69085	12
69086	22
69087	11
69088	12
69090	33
69091	3
69093	7
69096	28
69097	8
69098	33
69099	14
69100	18
69101	18
69102	19
69103	10
69104	17
69105	8
69106	17
69107	6
69108	27
69109	29
69110	20
69111	17
69112	9
69113	18
69114	12
69116	28
69117	13
69118	2
69119	40
69120	11
69121	11
69122	22
69123	21
69124	21
69125	11
69126	4
69128	30
69130	15
69131	13
69133	4
69135	13
69136	9
69137	14
69138	12
69139	13
69141	22
69142	10
69143	25
69144	14
69145	57
69147	27
69148	25
69149	15
69150	22
69151	11
69152	24
69153	33
69154	10
69155	3
69156	4
69157	15
69159	40
69160	13
69161	32
69162	22
69165	21
69166	10
69167	29
69168	10
69169	21
69170	2
69171	26
69172	32
69173	7
69174	30
69175	10
69176	23
69177	18
69178	15
69180	17
69181	9
69182	9
69183	4
69184	24
69185	21
69186	24
69188	25
69189	7
69190	14
69191	16
69192	32
69193	21
69194	15
69195	4
69196	3
69197	19
69198	2
69199	25
69202	23
69203	7
69205	30
69206	14
69207	4
69208	13
69209	8
69210	8
69211	9
69212	33
69213	31
69214	14
69215	12
69216	19
69217	8
69218	39
69219	31
69220	16
69221	2
69222	18
69223	12
69224	0
69226	13
69227	17
69228	13
69229	28
69231	17
69232	20
69233	14
69234	5
69237	9
69239	33
69240	13
69241	27
69242	12
69243	13
69244	22
69245	11
69246	19
69247	47
69248	5
69250	29
69251	19
69253	6
69256	35
69257	23
69258	17
69259	17
69263	11
69264	18
69265	11
69268	12
69269	7
69270	34
69271	40
69272	15
69273	8
69274	27
69275	16
69276	25
69277	2
69278	17
69279	27
69280	39
69282	45
69283	7
69285	22
69286	11
69288	2
69289	10
69290	16
69291	21
69293	3
69294	35
69295	5
69296	14
69297	15
69298	28
69300	4
69302	23
69303	10
69304	6
69306	13
69307	17
69308	9
69309	12
69310	19
69311	11
69312	33
69314	5
69315	10
69316	27
69317	2
69318	25
69319	7
69320	14
69321	23
69322	12
69323	29
69324	10
69325	13
69326	3
69327	16
69328	17
69329	30
69330	21
69332	16
69333	28
69335	15
69339	30
69341	6
69342	16
69343	25
69345	21
69346	23
69347	22
69348	12
69349	29
69350	12
69352	16
69353	16
69355	9
69356	5
69357	5
69359	8
69360	24
69361	4
69362	19
69363	12
69364	6
69365	32
69366	28
69368	15
69369	30
69370	18
69371	14
69373	11
69374	9
69375	23
69376	16
69377	8
69378	11
69379	17
69380	11
69381	10
69382	25
69383	6
69384	17
69385	24
69386	18
69387	18
69388	19
69389	12
69390	6
69391	3
69392	27
69394	6
69395	41
69397	27
69398	36
69399	8
69400	20
69401	9
69402	15
69403	11
69404	10
69405	13
69406	20
69407	8
69408	30
69410	13
69411	8
69412	7
69413	23
69414	19
69415	25
69416	6
69417	17
69418	25
69420	8
69421	32
69422	15
69423	22
69424	31
69425	14
69426	11
69428	4
69430	26
69431	10
69433	7
69435	10
69436	21
69437	14
69438	13
69439	11
69440	2
69441	14
69442	15
69443	16
69444	10
69445	6
69446	12
69447	36
69448	7
69450	9
69451	11
69452	19
69453	14
69454	14
69456	15
69457	17
69459	21
69460	14
69461	12
69462	20
69463	19
69464	27
69465	13
69466	17
69467	23
69468	34
69469	5
69471	24
69472	10
69473	11
69474	14
69475	35
69476	13
69477	30
69478	20
69479	26
69480	5
69481	36
69482	57
69483	42
69484	41
69485	4
69487	25
69488	7
69489	28
69491	7
69492	8
69493	9
69494	13
69495	31
69496	21
69500	3
69501	14
69502	34
69503	5
69504	12
69505	9
69506	7
69507	22
69508	10
69509	21
69511	29
69512	14
69513	5
69514	3
69516	7
69518	7
69519	23
69521	29
69522	11
69525	12
69526	9
69527	27
69529	13
69530	20
69531	16
69532	16
69534	14
69536	29
69537	35
69539	3
69540	35
69541	27
69543	1
69544	35
69546	7
69548	23
69549	11
69550	14
69552	1
69553	31
69554	31
69555	21
69556	11
69557	46
69559	6
69561	30
69562	19
69563	15
69564	40
69565	8
69566	23
69567	2
69568	19
69569	9
69570	14
69571	30
69573	6
69574	18
69575	17
69576	28
69577	25
69578	15
69579	10
69580	17
69581	14
69582	66
69583	32
69585	17
69586	16
69587	14
69588	10
69589	9
69590	5
69591	8
69592	10
69593	12
69594	0
69596	28
69597	18
69598	31
69600	25
69601	18
69602	22
69603	4
69604	12
69605	29
69606	7
69607	26
69608	15
69609	21
69610	16
69611	1
69612	6
69613	12
69614	6
69615	13
69616	5
69617	7
69618	24
69619	19
69620	25
69621	23
69624	8
69625	16
69626	11
69627	20
69628	7
69629	16
69631	12
69632	40
69633	19
69634	20
69637	20
69638	13
69640	22
69641	23
69642	14
69643	25
69644	8
69645	16
69647	9
69648	16
69649	0
69650	29
69651	17
69653	27
69654	13
69655	9
69656	15
69657	5
69658	21
69659	14
69661	3
69662	7
69663	11
69664	5
69665	11
69666	1
69667	9
69669	10
69670	19
69671	10
69672	4
69673	24
69674	14
69675	11
69676	16
69678	28
69679	25
69680	26
69681	11
69682	7
69683	19
69685	15
69686	34
69687	6
69690	11
69691	29
69692	26
69693	19
69695	10
69696	12
69697	7
69698	12
69699	25
69700	8
69701	6
69702	39
69704	14
69705	19
69706	37
69707	8
69709	18
69710	12
69711	5
69712	1
69713	15
69714	7
69716	7
69718	19
69719	11
69720	15
69722	17
69723	9
69724	11
69725	42
69726	13
69727	9
69728	44
69729	3
69730	24
69731	9
69733	12
69734	21
69735	42
69736	1
69737	20
69739	38
69741	14
69742	6
69743	14
69744	3
69745	9
69746	36
69747	18
69748	13
69749	10
69751	40
69752	22
69753	16
69754	17
69755	10
69756	13
69757	10
69758	1
69759	18
69760	14
69762	7
69763	5
69764	11
69765	11
69766	10
69767	43
69768	30
69769	9
69770	20
69771	21
69773	10
69774	14
69776	7
69777	17
69778	27
69779	18
69781	8
69784	24
69785	12
69786	10
69787	21
69788	35
69790	37
69792	2
69793	8
69794	19
69795	29
69796	10
69797	4
69798	13
69799	9
69800	19
69801	30
69802	13
69803	10
69804	7
69806	3
69812	13
69814	13
69815	9
69816	10
69817	13
69818	8
69819	25
69820	16
69821	25
69822	20
69823	9
69824	31
69826	8
69827	3
69828	46
69829	10
69830	18
69831	6
69832	40
69833	6
69834	20
69836	23
69837	19
69839	7
69840	5
69842	11
69843	14
69844	21
69845	11
69846	22
69847	42
69848	18
69849	29
69850	7
69851	19
69852	13
69853	26
69854	7
69855	16
69856	25
69857	21
69858	2
69859	20
69860	18
69861	21
69863	32
69864	19
69866	16
69867	9
69868	13
69869	29
69870	18
69871	8
69872	9
69873	11
69874	13
69875	21
69876	9
69877	26
69878	20
69879	21
69880	19
69881	7
69882	22
69883	25
69885	38
69887	34
69888	16
69889	39
69890	22
69891	13
69892	14
69894	12
69895	13
69896	13
69897	27
69898	12
69899	16
69900	14
69901	11
69902	17
69903	31
69904	6
69905	18
69906	4
69907	20
69908	25
69909	1
69910	1
69911	14
69912	4
69913	28
69914	9
69915	13
69916	41
69917	19
69918	23
69919	4
69920	2
69921	19
69922	10
69924	16
69925	12
69926	17
69927	27
69929	30
69931	6
69932	15
69933	6
69934	14
69935	1
69936	32
69937	20
69939	6
69940	16
69941	32
69942	10
69943	21
69944	4
69945	18
69946	9
69947	15
69948	7
69950	46
69951	9
69952	24
69953	21
69955	35
69956	7
69957	22
69958	30
69959	20
69961	23
69963	26
69964	18
69965	32
69966	2
69967	17
69968	13
69970	22
69971	22
69972	13
69973	4
69974	7
69975	15
69976	23
69977	23
69978	16
69979	14
69980	6
69981	18
69982	8
69983	9
69984	25
69985	21
69986	12
69987	24
69988	30
69989	28
69990	24
69992	18
69993	10
69994	5
69996	20
69997	10
69998	5
69999	17
70001	4
70002	7
70003	14
70004	20
70005	18
70006	19
70008	8
70009	13
70010	23
70011	6
70012	13
70013	0
70014	10
70015	6
70016	16
70017	14
70018	4
70019	14
70020	18
70021	27
70022	29
70023	20
70024	13
70025	12
70027	25
70028	34
70029	20
70030	22
70032	23
70033	6
70036	11
70037	7
70038	26
70039	12
70040	19
70041	5
70042	12
70043	29
70044	28
70045	22
70046	22
70047	2
70049	4
70050	8
70051	13
70052	18
70053	19
70054	5
70055	22
70056	26
70057	4
70058	3
70059	11
70060	44
70061	28
70064	18
70065	14
70067	12
70068	17
70069	21
70072	2
70073	13
70074	5
70076	25
70077	15
70078	23
70079	6
70080	8
70081	0
70082	20
70083	25
70084	32
70085	2
70086	17
70088	20
70089	11
70091	29
70092	16
70093	18
70094	27
70095	13
70096	6
70097	16
70098	47
70099	16
70100	3
70101	4
70102	10
70103	3
70104	4
70105	14
70107	46
70108	48
70111	30
70112	19
70113	9
70114	5
70115	4
70116	5
70117	11
70118	16
70120	7
70121	35
70123	26
70124	44
70125	8
70126	39
70127	23
70128	17
70129	31
70130	17
70133	12
70135	9
70136	27
70137	15
70138	10
70139	18
70141	30
70142	12
70143	15
70144	4
70145	22
70146	24
70147	14
70148	21
70149	12
70151	13
70152	22
70153	2
70154	22
70155	34
70156	10
70158	46
70160	21
70161	5
70162	21
70163	8
70164	16
70165	5
70166	28
70168	17
70169	19
70170	15
70171	26
70172	9
70173	5
70174	37
70175	21
70176	27
70178	25
70179	21
70181	15
70182	11
70183	11
70184	25
70185	46
70186	12
70187	30
70189	3
70190	21
70192	29
70193	19
70194	16
70196	8
70197	26
70198	31
70199	18
70200	7
70201	11
70202	10
70203	24
70204	30
70206	19
70208	8
70209	23
70211	23
70212	10
70213	10
70214	13
70215	9
70218	10
70219	22
70220	13
70221	15
70222	16
70223	7
70224	6
70225	8
70226	10
70229	7
70230	16
70231	37
70232	12
70233	15
70234	22
70235	14
70236	16
70237	5
70238	6
70239	23
70240	22
70241	24
70242	8
70243	19
70244	9
70245	5
70248	7
70250	18
70251	34
70253	12
70254	19
70255	30
70256	6
70257	16
70258	5
70259	9
70262	7
70263	10
70264	24
70265	24
70266	10
70267	16
70268	35
70269	10
70270	19
70271	24
70273	9
70275	38
70276	54
70279	11
70280	14
70282	11
70284	10
70285	8
70286	27
70287	24
70288	3
70291	19
70292	22
70293	25
70294	3
70295	22
70296	3
70297	14
70298	0
70299	14
70300	24
70302	33
70303	22
70304	19
70306	21
70307	23
70309	11
70310	6
70311	28
70312	12
70313	19
70314	5
70315	11
70316	16
70317	11
70319	25
70320	28
70321	14
70322	6
70323	7
70325	2
70326	15
70327	12
70328	19
70329	23
70330	9
70331	3
70333	13
70334	4
70335	34
70336	18
70337	8
70339	26
70340	2
70343	17
70344	29
70345	6
70346	12
70347	9
70348	12
70349	10
70350	26
70351	32
70352	37
70353	16
70354	6
70355	15
70356	13
70357	28
70358	14
70359	22
70360	26
70361	11
70362	7
70363	3
70364	5
70365	11
70366	39
70367	27
70368	8
70369	5
70370	8
70371	36
70372	15
70373	28
70375	4
70376	38
70377	10
70378	12
70380	8
70381	5
70382	16
70383	9
70384	9
70385	12
70386	25
70387	27
70388	12
70389	23
70391	5
70392	17
70393	19
70394	27
70395	14
70396	23
70397	11
70398	35
70399	2
70401	25
70402	5
70403	6
70404	9
70405	14
70408	14
70409	8
70410	20
70411	16
70412	44
70413	28
70414	23
70415	29
70417	38
70418	22
70420	0
70421	11
70422	13
70423	8
70425	27
70426	14
70427	7
70428	14
70429	38
70430	13
70431	5
70433	10
70434	23
70435	6
70436	35
70437	6
70438	30
70439	2
70440	19
70441	12
70442	26
70443	27
70444	37
70445	12
70446	12
70447	17
70448	25
70449	3
70450	33
70451	31
70452	4
70453	9
70454	20
70455	19
70456	14
70457	8
70458	41
70460	38
70461	14
70462	11
70463	17
70464	17
70465	17
70466	18
70467	24
70469	9
70470	19
70471	10
70472	12
70473	13
70474	33
70475	29
70476	13
70477	11
70478	7
70480	18
70481	14
70482	2
70483	30
70484	30
70485	6
70486	14
70487	23
70488	21
70489	31
70490	12
70491	11
70492	13
70493	9
70495	17
70496	30
70497	26
70498	17
70499	14
70500	18
70501	10
70502	8
70503	7
70504	6
70505	35
70506	20
70507	20
70508	10
70509	21
70510	15
70511	21
70512	32
70513	14
70515	3
70516	62
70517	13
70518	15
70519	8
70520	9
70521	28
70522	22
70523	27
70524	22
70525	18
70526	6
70527	16
70528	31
70529	15
70530	23
70531	12
70532	11
70533	24
70534	5
70535	26
70536	19
70537	25
70538	10
70540	19
70541	15
70542	16
70543	11
70544	24
70545	15
70546	34
70547	11
70548	22
70549	27
70550	20
70551	7
70553	15
70554	4
70555	13
70556	8
70557	20
70558	14
70559	14
70560	21
70561	18
70562	26
70563	7
70564	12
70565	24
70566	20
70567	27
70568	11
70569	9
70570	13
70571	17
70572	12
70573	37
70574	17
70577	11
70578	37
70579	9
70580	2
70581	21
70582	12
70583	24
70585	1
70586	8
70587	34
70588	18
70589	21
70590	8
70591	23
70593	6
70594	18
70595	9
70598	14
70599	30
70600	0
70601	8
70602	14
70603	29
70604	9
70606	24
70607	25
70609	20
70611	9
70612	17
70613	12
70615	17
70616	14
70617	16
70618	43
70619	5
70621	5
70623	22
70624	5
70625	29
70626	7
70627	7
70628	45
70630	37
70631	11
70633	12
70634	5
70637	34
70638	24
70639	8
70642	5
70643	11
70644	19
70645	33
70646	14
70647	20
70648	11
70649	11
70650	15
70651	25
70654	0
70655	9
70656	27
70658	6
70659	5
70660	14
70661	10
70662	8
70663	12
70664	10
70665	17
70666	13
70667	13
70668	15
70669	10
70670	20
70671	11
70672	11
70674	11
70675	17
70676	6
70677	11
70678	0
70680	6
70681	9
70682	13
70683	8
70684	25
70685	22
70686	14
70687	33
70688	25
70689	17
70691	15
70692	14
70693	32
70694	41
70695	15
70696	25
70697	18
70698	22
70700	5
70701	21
70702	14
70703	17
70705	20
70707	21
70708	16
70709	12
70710	27
70711	16
70712	17
70713	21
70715	8
70716	25
70718	28
70719	33
70720	18
70721	6
70723	29
70724	18
70725	3
70728	6
70730	13
70731	4
70732	30
70733	15
70734	23
70735	17
70736	13
70737	12
70738	16
70739	2
70740	44
70742	24
70743	33
70744	13
70745	14
70746	29
70747	14
70748	17
70749	22
70750	12
70751	22
70752	30
70753	17
70754	27
70755	25
70756	43
70757	28
70758	20
70759	11
70761	17
70762	26
70763	21
70764	14
70765	11
70766	17
70767	11
70768	10
70769	13
70770	10
70771	14
70772	17
70773	13
70775	26
70777	23
70778	16
70779	17
70780	18
70781	14
70782	22
70783	10
70784	14
70785	37
70786	23
70789	3
70790	13
70792	8
70793	7
70794	11
70796	22
70797	9
70798	14
70799	21
70800	17
70801	13
70802	8
70803	16
70804	4
70805	7
70806	16
70808	9
70810	13
70811	14
70812	6
70813	7
70814	13
70815	10
70816	5
70817	11
70818	6
70819	9
70820	14
70821	10
70822	26
70823	15
70825	18
70826	19
70827	18
70828	25
70829	4
70830	3
70831	24
70832	6
70833	7
70834	32
70835	8
70836	7
70837	29
70838	10
70839	9
70840	2
70841	18
70842	8
70843	13
70844	9
70845	24
70846	14
70847	9
70848	3
70849	6
70851	34
70852	5
70853	10
70854	6
70855	17
70856	3
70857	8
70858	18
70859	6
70861	14
70862	41
70865	21
70866	13
70867	30
70868	46
70869	24
70870	0
70872	20
70874	4
70875	47
70877	5
70878	2
70879	8
70880	17
70881	15
70882	1
70883	14
70884	12
70885	25
70886	5
70887	24
70888	25
70889	18
70890	23
70891	0
70892	25
70893	11
70894	37
70895	19
70896	3
70897	19
70898	23
70899	17
70900	37
70901	52
70902	17
70903	11
70904	9
70905	19
70906	6
70907	16
70908	17
70909	20
70910	10
70911	7
70912	13
70913	7
70914	5
70916	11
70917	16
70918	28
70919	14
70920	14
70921	16
70922	25
70923	16
70924	39
70925	12
70926	8
70927	41
70928	7
70929	7
70931	19
70932	27
70933	31
70934	11
70935	17
70936	20
70937	16
70938	37
70939	14
70940	4
70941	31
70942	14
70944	23
70945	11
70946	9
70947	15
70948	10
70949	32
70950	9
70951	9
70952	18
70953	33
70954	33
70956	17
70957	6
70958	22
70959	7
70960	6
70961	9
70962	23
70963	27
70964	45
70965	25
70966	14
70968	17
70969	14
70970	14
70971	12
70972	15
70973	31
70974	10
70975	7
70976	64
70977	33
70978	17
70979	22
70980	8
70981	48
70982	2
70983	32
70984	5
70985	40
70987	17
70988	22
70989	11
70991	17
70993	14
70994	29
70995	27
70996	17
70997	23
70998	6
70999	27
71000	15
71001	16
71002	21
71003	12
71004	5
71005	40
71007	19
71008	5
71010	27
71011	27
71012	13
71013	14
71014	12
71015	16
71016	14
71017	17
71018	3
71019	24
71020	46
71023	13
71024	29
71025	39
71026	22
71028	15
71029	36
71030	21
71031	38
71032	18
71034	8
71036	7
71037	28
71038	13
71040	14
71041	14
71042	23
71043	10
71044	14
71045	18
71046	29
71047	22
71048	28
71049	20
71050	30
71051	14
71052	1
71053	42
71054	14
71055	13
71060	17
71061	29
71062	11
71063	6
71064	7
71065	4
71066	16
71067	40
71068	23
71069	8
71071	22
71072	20
71073	14
71074	13
71075	15
71076	17
71077	12
71078	17
71079	27
71080	23
71081	18
71082	16
71083	33
71084	44
71085	7
71086	9
71087	26
71089	21
71090	14
71091	40
71094	3
71095	21
71096	6
71097	10
71098	22
71100	8
71101	30
71102	19
71103	24
71104	36
71105	19
71106	16
71107	17
71108	34
71109	12
71110	22
71111	11
71112	19
71113	8
71114	18
71115	26
71117	4
71118	18
71119	40
71120	25
71121	15
71123	32
71124	4
71125	13
71126	12
71127	52
71128	12
71129	16
71130	18
71131	5
71132	15
71133	0
71134	9
71135	17
71136	14
71137	17
71138	24
71139	35
71140	20
71141	16
71144	10
71146	26
71147	3
71148	7
71149	19
71150	4
71152	25
71154	28
71155	25
71156	8
71158	8
71159	11
71160	22
71161	11
71162	10
71163	20
71164	24
71165	2
71166	40
71167	6
71168	12
71170	5
71171	11
71172	14
71173	6
71174	12
71175	14
71178	26
71179	15
71180	16
71181	17
71182	40
71183	17
71184	14
71187	16
71188	17
71189	17
71191	27
71192	32
71193	16
71194	23
71195	1
71196	20
71198	3
71199	8
71200	10
71202	9
71204	9
71205	17
71206	8
71207	2
71208	17
71209	15
71210	0
71212	15
71213	20
71214	10
71216	7
71217	14
71218	33
71219	13
71221	24
71222	17
71223	24
71225	21
71226	21
71227	25
71228	41
71229	19
71230	1
71231	9
71232	14
71233	32
71234	6
71235	18
71236	10
71237	2
71239	26
71240	19
71241	13
71243	20
71244	15
71246	9
71247	27
71249	9
71250	16
71251	20
71252	15
71253	2
71254	11
71255	44
71256	12
71257	17
71258	16
71259	25
71260	19
71261	11
71262	18
71263	3
71264	11
71265	20
71266	22
71267	12
71268	17
71269	21
71271	2
71273	27
71274	18
71276	31
71277	28
71278	2
71279	12
71280	8
71281	7
71282	30
71283	16
71284	33
71285	23
71286	19
71287	10
71289	22
71290	16
71291	1
71292	18
71293	24
71294	12
71295	23
71296	8
71297	8
71298	4
71300	6
71301	27
71302	11
71303	8
71304	15
71305	11
71306	31
71308	9
71309	20
71310	48
71311	20
71313	4
71314	38
71315	10
71316	52
71317	20
71318	28
71319	30
71321	3
71322	13
71323	15
71324	10
71325	8
71326	12
71327	11
71328	17
71329	23
71330	31
71331	19
71332	16
71333	11
71334	19
71336	41
71337	31
71338	9
71339	12
71340	17
71341	19
71342	8
71346	31
71347	5
71348	6
71349	17
71350	11
71351	19
71352	2
71353	10
71354	22
71355	41
71356	36
71357	25
71358	9
71359	22
71360	22
71361	22
71362	18
71364	19
71365	17
71366	18
71367	28
71368	15
71369	20
71370	12
71371	26
71372	17
71373	22
71374	28
71375	6
71376	53
71377	33
71378	18
71379	20
71380	50
71381	18
71382	8
71384	17
71385	17
71386	26
71387	24
71388	11
71389	8
71390	11
71391	3
71392	9
71393	3
71395	17
71396	12
71397	10
71398	12
71399	11
71400	18
71401	27
71402	15
71404	8
71405	37
71406	7
71407	8
71408	20
71409	16
71410	9
71412	20
71413	19
71415	8
71416	37
71417	6
71419	5
71420	29
71421	11
71423	21
71424	21
71425	22
71426	18
71427	9
71428	2
71430	12
71432	12
71433	21
71434	13
71435	44
71436	29
71437	34
71438	27
71439	26
71440	17
71441	5
71442	11
71444	16
71445	11
71446	8
71447	2
71448	18
71449	20
71450	18
71451	10
71452	16
71453	19
71454	7
71455	13
71457	15
71459	9
71460	18
71461	0
71462	21
71463	6
71464	20
71465	13
71466	12
71467	16
71468	17
71469	11
71470	30
71472	18
71473	12
71474	10
71475	12
71476	17
71477	2
71478	28
71479	9
71480	24
71481	18
71482	36
71484	8
71485	19
71486	9
71487	6
71488	8
71489	31
71490	12
71491	17
71492	12
71493	8
71494	54
71496	2
71497	4
71498	5
71499	14
71500	13
71501	16
71502	3
71504	42
71505	31
71506	9
71509	11
71511	16
71512	12
71513	12
71514	4
71515	33
71516	27
71517	26
71518	9
71519	15
71520	21
71522	26
71523	9
71524	25
71525	47
71526	4
71527	10
71528	28
71529	6
71530	20
71532	6
71533	21
71534	4
71535	14
71537	19
71538	30
71539	9
71540	20
71541	27
71542	5
71543	11
71544	22
71546	16
71547	23
71548	4
71549	17
71550	34
71552	13
71553	23
71554	36
71555	18
71556	22
71557	19
71558	13
71559	13
71560	14
71562	24
71563	17
71564	16
71565	30
71566	6
71567	24
71568	7
71569	24
71570	12
71571	26
71572	19
71573	11
71574	23
71575	24
71576	29
71577	17
71578	24
71579	15
71580	6
71582	14
71583	3
71584	12
71585	6
71586	38
71587	12
71588	6
71589	15
71591	28
71592	4
71593	13
71594	24
71595	8
71597	34
71598	34
71599	8
71600	2
71601	29
71602	13
71603	22
71604	11
71606	8
71607	20
71608	13
71609	24
71610	31
71611	32
71612	19
71613	29
71614	14
71615	17
71616	36
71617	5
71618	18
71619	3
71620	11
71622	18
71623	13
71624	17
71626	15
71628	7
71629	13
71630	25
71631	19
71632	22
71633	6
71636	12
71637	17
71638	27
71640	16
71641	17
71642	10
71643	13
71644	16
71645	25
71646	16
71647	17
71648	12
71649	12
71650	9
71651	8
71652	16
71653	30
71654	16
71655	17
71656	7
71658	13
71661	18
71662	22
71663	8
71664	5
71665	17
71666	42
71669	14
71670	38
71671	5
71672	23
71673	34
71674	7
71676	13
71677	17
71678	12
71679	19
71680	18
71681	27
71683	33
71684	46
71685	12
71686	21
71687	21
71688	9
71689	17
71690	8
71691	13
71693	18
71694	12
71695	12
71696	14
71697	13
71698	17
71699	11
71700	39
71701	18
71702	10
71703	17
71704	6
71705	46
71706	30
71707	24
71708	28
71709	14
71711	25
71712	13
71713	13
71714	8
71716	15
71717	28
71718	29
71719	15
71720	29
71721	13
71722	8
71723	23
71724	10
71726	27
71727	15
71728	28
71729	6
71730	25
71731	12
71732	13
71733	7
71734	5
71735	22
71736	26
71737	21
71738	15
71739	7
71740	26
71741	9
71742	10
71743	9
71744	13
71745	28
71746	12
71747	7
71748	10
71749	6
71750	23
71751	16
71753	26
71754	13
71755	29
71756	8
71757	19
71758	13
71760	10
71761	17
71762	11
71763	26
71765	18
71766	7
71767	8
71768	17
71769	16
71770	34
71771	13
71772	12
71773	9
71776	16
71777	4
71778	11
71779	16
71780	18
71782	22
71783	24
71784	11
71786	30
71787	27
71788	2
71789	17
71790	19
71791	15
71793	4
71794	21
71795	20
71796	30
71798	21
71800	13
71801	15
71802	9
71803	25
71804	27
71805	16
71806	10
71807	10
71808	6
71809	15
71810	11
71811	12
71812	22
71813	16
71814	10
71815	10
71816	22
71817	19
71818	15
71821	8
71822	9
71823	10
71824	4
71825	10
71826	5
71827	7
71829	26
71830	21
71831	0
71833	32
71834	13
71836	13
71837	12
71838	27
71839	20
71840	15
71841	18
71842	29
71843	4
71844	16
71845	16
71846	34
71847	19
71848	13
71849	4
71850	14
71852	5
71853	19
71854	9
71855	11
71856	9
71857	20
71858	10
71859	9
71860	23
71861	20
71863	17
71864	24
71865	6
71866	17
71868	40
71869	10
71870	22
71871	11
71873	20
71874	38
71875	26
71876	14
71877	10
71879	12
71880	11
71881	2
71882	9
71883	42
71884	18
71885	17
71886	16
71887	36
71888	8
71889	12
71890	4
71891	19
71892	12
71894	16
71895	12
71896	7
71897	28
71898	7
71899	18
71900	3
71901	16
71902	4
71904	13
71905	9
71906	22
71907	17
71908	10
71909	12
71910	23
71911	38
71912	25
71913	18
71914	11
71915	37
71916	7
71917	19
71918	23
71919	11
71920	10
71921	14
71922	15
71923	8
71924	10
71925	8
71926	14
71927	14
71928	35
71929	23
71930	16
71931	18
71932	14
71933	13
71934	20
71935	24
71936	5
71937	18
71938	10
71939	18
71940	26
71941	4
71942	15
71943	7
71946	10
71947	14
71948	29
71949	5
71950	32
71951	18
71952	20
71953	15
71954	40
71955	6
71956	18
71957	7
71958	19
71959	6
71960	34
71963	4
71964	7
71965	10
71967	7
71968	23
71969	20
71970	19
71971	14
71972	11
71973	22
71974	17
71975	16
71976	20
71977	9
71979	17
71980	11
71982	17
71983	32
71984	9
71985	26
71986	19
71987	3
71988	16
71989	28
71991	18
71992	21
71994	4
71995	34
71996	18
71997	8
71999	26
72001	11
72002	15
72003	20
72004	13
72005	31
72007	11
72008	17
72009	19
72010	6
72011	31
72012	4
72013	21
72014	11
72015	12
72016	18
72017	13
72019	25
72020	19
72021	8
72022	14
72023	27
72024	20
72026	12
72027	15
72028	11
72029	11
72030	12
72031	16
72033	12
72034	18
72035	6
72036	19
72038	20
72039	17
72040	9
72041	12
72042	14
72043	21
72044	29
72045	17
72046	37
72047	6
72048	11
72049	21
72051	32
72052	25
72053	21
72054	6
72055	15
72056	41
72058	22
72059	22
72060	4
72061	4
72062	15
72063	13
72064	10
72065	8
72066	7
72067	17
72068	5
72069	0
72070	18
72071	23
72072	10
72073	10
72074	18
72075	6
72076	31
72077	15
72078	8
72079	22
72080	9
72081	15
72082	17
72083	9
72084	8
72085	16
72086	15
72087	53
72089	20
72090	13
72091	18
72093	33
72095	12
72096	16
72097	4
72098	26
72099	19
72100	12
72101	13
72102	12
72103	13
72104	26
72105	35
72106	11
72107	22
72108	9
72109	9
72110	21
72111	12
72112	21
72113	10
72114	29
72115	9
72116	6
72117	5
72118	24
72119	25
72120	10
72121	18
72122	47
72123	25
72125	17
72126	37
72127	24
72128	26
72129	13
72131	22
72132	21
72133	30
72135	9
72136	28
72137	19
72139	30
72140	31
72141	18
72142	6
72143	11
72144	24
72147	22
72148	12
72149	34
72150	10
72151	12
72152	22
72153	29
72154	13
72156	20
72157	36
72158	52
72159	4
72160	9
72161	38
72162	22
72163	7
72164	21
72165	15
72166	4
72167	4
72169	15
72170	8
72171	12
72172	26
72173	43
72174	6
72175	14
72176	30
72177	23
72179	6
72180	17
72181	16
72182	30
72183	12
72186	7
72187	16
72188	13
72190	9
72191	4
72192	12
72194	16
72195	23
72196	32
72197	12
72198	2
72199	13
72200	18
72203	13
72204	7
72205	26
72206	11
72207	22
72208	8
72209	13
72210	20
72211	14
72212	23
72213	47
72214	16
72215	4
72216	10
72217	18
72218	16
72219	12
72220	16
72221	19
72222	0
72224	35
72225	15
72226	22
72228	14
72229	2
72230	15
72231	9
72232	26
72233	15
72234	24
72235	26
72237	21
72238	39
72239	21
72240	20
72243	2
72246	19
72247	10
72248	20
72249	3
72250	11
72251	10
72253	19
72254	16
72255	23
72256	11
72257	10
72258	1
72259	17
72260	28
72262	23
72263	0
72264	1
72265	19
72266	9
72267	32
72269	36
72270	24
72271	18
72273	8
72274	30
72275	19
72276	16
72278	22
72279	10
72280	14
72282	34
72283	14
72285	23
72286	3
72287	6
72288	17
72289	4
72290	14
72291	16
72292	9
72293	13
72294	27
72295	1
72296	10
72297	25
72298	25
72299	9
72300	15
72301	37
72302	10
72303	17
72304	21
72305	19
72306	16
72307	8
72308	17
72309	11
72310	22
72312	20
72313	12
72314	8
72316	33
72317	28
72318	13
72319	32
72320	21
72321	30
72322	14
72323	12
72326	20
72328	23
72329	31
72330	13
72331	15
72332	32
72333	7
72334	20
72335	20
72336	17
72337	22
72338	6
72339	6
72340	8
72342	5
72343	29
72344	11
72345	5
72346	17
72347	15
72350	20
72351	14
72353	15
72356	4
72357	9
72358	38
72359	8
72360	18
72361	18
72362	9
72363	11
72364	10
72365	26
72366	30
72367	19
72368	33
72369	1
72370	21
72371	25
72372	42
72374	16
72375	8
72376	3
72377	20
72378	16
72379	7
72380	13
72381	14
72382	16
72383	10
72384	32
72385	9
72386	6
72387	8
72389	15
72390	3
72391	29
72392	20
72393	7
72394	9
72395	31
72397	11
72398	21
72399	43
72400	20
72401	17
72402	17
72403	10
72404	34
72405	17
72406	25
72407	13
72408	22
72409	11
72410	22
72411	19
72413	27
72414	10
72415	19
72416	22
72419	22
72420	40
72421	24
72422	15
72423	18
72424	23
72425	22
72426	22
72427	7
72428	35
72429	42
72431	6
72432	9
72433	16
72434	24
72435	2
72436	31
72437	8
72438	26
72439	8
72440	6
72441	9
72443	6
72444	19
72445	26
72446	37
72447	11
72448	5
72449	11
72450	28
72451	31
72452	14
72453	1
72454	34
72455	10
72456	12
72457	14
72458	10
72459	23
72460	6
72461	23
72462	23
72463	20
72464	15
72466	6
72468	7
72469	10
72470	36
72471	6
72472	29
72473	16
72474	5
72475	33
72476	24
72477	11
72478	13
72479	10
72480	17
72481	32
72482	14
72483	42
72484	12
72485	7
72486	40
72487	22
72488	12
72489	20
72490	20
72491	12
72492	9
72494	15
72495	13
72496	10
72497	13
72499	18
72500	21
72501	12
72502	34
72503	12
72504	48
72505	6
72506	15
72507	9
72508	28
72510	11
72511	11
72512	20
72513	20
72514	40
72515	23
72516	18
72519	7
72520	13
72521	4
72522	6
72523	6
72524	24
72525	18
72526	8
72527	4
72529	8
72531	19
72532	17
72534	24
72536	9
72537	11
72538	27
72539	9
72541	19
72544	28
72545	8
72546	21
72548	20
72550	12
72551	12
72552	22
72553	49
72554	20
72555	8
72556	19
72558	16
72559	4
72560	6
72561	12
72563	9
72564	3
72565	35
72567	6
72568	24
72569	10
72570	16
72571	19
72572	3
72573	18
72574	6
72575	14
72576	15
72577	20
72578	24
72580	17
72582	21
72583	13
72584	15
72585	22
72586	11
72587	29
72588	25
72589	7
72590	22
72591	26
72592	36
72593	25
72595	10
72599	8
72601	8
72603	15
72604	27
72605	25
72607	14
72608	23
72610	9
72611	14
72612	11
72613	14
72614	13
72616	10
72617	17
72618	12
72620	15
72621	24
72622	5
72623	27
72624	26
72625	20
72626	6
72627	29
72628	19
72629	22
72630	0
72631	18
72632	13
72634	5
72636	22
72637	2
72638	19
72639	14
72640	22
72641	20
72642	1
72643	8
72644	20
72645	6
72646	3
72647	12
72648	16
72649	17
72650	7
72651	11
72652	13
72653	30
72654	12
72655	8
72656	4
72657	7
72658	16
72659	20
72660	10
72662	32
72663	19
72664	5
72665	22
72667	11
72669	22
72670	10
72671	15
72672	20
72673	21
72674	36
72675	27
72676	35
72677	7
72678	15
72679	10
72680	4
72681	16
72682	15
72683	18
72684	6
72685	16
72686	10
72687	22
72688	9
72689	8
72690	7
72691	44
72692	11
72693	21
72694	17
72695	7
72696	11
72697	17
72698	4
72699	27
72700	9
72701	11
72703	11
72704	5
72705	18
72706	6
72708	19
72709	14
72710	18
72711	18
72712	8
72713	3
72714	31
72716	25
72717	10
72718	29
72719	8
72720	17
72721	13
72722	10
72723	17
72724	21
72725	14
72726	8
72728	13
72729	10
72730	16
72732	23
72735	11
72736	15
72737	5
72738	35
72739	7
72740	12
72741	9
72743	20
72744	21
72745	7
72746	19
72748	8
72749	18
72750	15
72751	9
72752	17
72754	27
72755	6
72756	0
72757	10
72758	8
72759	0
72760	27
72761	8
72762	21
72763	27
72764	14
72765	20
72767	18
72768	4
72771	27
72772	19
72773	31
72774	30
72775	12
72777	10
72778	15
72779	21
72780	7
72781	28
72782	32
72783	14
72784	10
72785	33
72786	14
72787	14
72788	47
72789	10
72790	17
72791	15
72792	7
72793	12
72794	13
72795	29
72796	21
72797	17
72798	16
72799	17
72800	5
72801	25
72802	15
72803	5
72804	8
72805	7
72806	19
72807	22
72808	16
72809	12
72810	11
72811	4
72813	20
72816	29
72817	17
72818	20
72819	22
72820	18
72821	24
72822	11
72823	4
72824	21
72825	16
72826	9
72827	23
72828	19
72829	3
72830	35
72831	20
72832	5
72833	2
72834	26
72835	7
72836	21
72838	28
72839	13
72840	22
72841	16
72842	28
72843	12
72845	11
72846	17
72847	22
72848	17
72849	8
72850	21
72851	1
72852	10
72853	6
72854	15
72855	16
72856	33
72857	7
72858	39
72859	18
72860	25
72861	11
72862	40
72863	20
72864	12
72865	24
72866	8
72867	31
72868	36
72869	31
72870	26
72871	28
72872	10
72873	31
72874	25
72875	17
72876	5
72877	9
72878	10
72879	20
72881	6
72882	17
72884	7
72885	17
72886	27
72888	9
72889	23
72890	33
72891	22
72892	24
72893	19
72894	9
72895	20
72897	10
72898	13
72899	13
72900	5
72901	23
72904	15
72905	24
72906	13
72907	19
72908	10
72910	2
72911	34
72912	20
72913	17
72914	12
72915	19
72916	12
72917	16
72918	12
72919	22
72920	27
72921	22
72922	20
72923	20
72924	17
72925	19
72926	42
72927	31
72928	15
72929	28
72930	14
72931	17
72932	18
72933	6
72934	20
72935	34
72938	10
72939	7
72940	8
72941	21
72943	10
72944	4
72945	8
72946	11
72948	26
72949	8
72951	13
72953	22
72954	9
72955	5
72956	27
72957	22
72958	22
72960	17
72961	13
72962	15
72963	18
72965	20
72966	22
72967	21
72968	16
72969	29
72970	4
72971	21
72972	14
72973	18
72974	10
72975	17
72976	11
72977	13
72978	12
72979	27
72980	18
72981	21
72982	16
72984	10
72985	13
72986	5
72987	9
72988	16
72989	17
72990	11
72991	9
72992	16
72993	10
72995	8
72996	17
72997	21
72998	8
72999	11
73000	12
73001	10
73002	17
73004	28
73005	4
73006	38
73007	27
73008	20
73009	6
73010	0
73012	19
73013	14
73014	15
73015	5
73016	27
73018	12
73019	17
73020	29
73021	41
73022	29
73023	42
73024	25
73025	16
73026	3
73027	7
73028	25
73029	0
73030	9
73031	12
73032	8
73034	11
73035	28
73038	5
73039	12
73040	15
73042	4
73043	20
73044	7
73045	23
73046	15
73047	9
73048	16
73049	36
73050	37
73052	29
73053	28
73054	24
73056	13
73057	3
73058	8
73060	6
73062	14
73064	23
73065	18
73066	10
73067	17
73068	10
73069	17
73070	8
73071	5
73072	10
73073	35
73074	5
73075	10
73076	40
73077	31
73078	21
73080	19
73081	19
73082	36
73083	24
73084	19
73085	17
73087	11
73088	24
73089	11
73090	9
73091	13
73092	16
73093	10
73094	46
73095	18
73097	7
73098	8
73099	20
73100	21
73101	7
73102	10
73104	9
73105	26
73107	11
73108	26
73109	25
73111	18
73112	19
73113	12
73114	12
73115	27
73116	3
73117	34
73118	11
73120	13
73121	17
73122	18
73123	14
73124	15
73125	6
73126	5
73127	13
73128	14
73129	17
73130	34
73131	22
73132	25
73133	13
73135	17
73136	8
73139	24
73140	22
73141	9
73142	12
73144	21
73145	16
73147	19
73148	11
73149	9
73150	9
73151	15
73155	19
73156	14
73158	12
73159	12
73160	11
73161	11
73162	4
73163	15
73164	18
73167	20
73168	10
73169	20
73170	38
73171	23
73172	10
73173	13
73174	4
73175	15
73176	16
73177	1
73178	21
73179	20
73180	11
73181	16
73182	14
73184	39
73185	17
73186	21
73187	22
73189	11
73190	6
73191	7
73193	5
73194	10
73195	5
73197	46
73198	4
73199	15
73200	11
73201	20
73202	5
73203	12
73204	15
73205	12
73206	9
73207	37
73208	12
73209	12
73210	19
73211	9
73212	13
73213	26
73214	10
73215	14
73216	32
73217	29
73218	13
73219	13
73220	9
73222	23
73223	21
73224	6
73225	14
73226	8
73227	4
73228	4
73229	10
73230	16
73231	16
73232	8
73233	12
73234	13
73235	16
73236	28
73237	15
73238	21
73239	9
73240	18
73241	22
73242	23
73243	2
73244	3
73245	11
73246	34
73248	14
73250	12
73252	24
73253	20
73254	7
73255	8
73256	15
73257	13
73258	12
73259	10
73260	19
73261	42
73262	29
73263	37
73264	34
73265	5
73266	8
73267	22
73268	9
73269	44
73270	6
73271	39
73274	38
73276	11
73277	22
73278	5
73281	15
73282	10
73283	23
73284	22
73285	28
73286	13
73287	12
73289	6
73290	6
73291	10
73292	21
73293	12
73294	36
73295	9
73296	5
73297	28
73298	5
73299	8
73300	7
73301	12
73302	6
73303	5
73305	17
73306	6
73307	16
73309	14
73310	39
73311	10
73313	9
73314	2
73315	22
73316	24
73317	9
73319	29
73320	20
73321	13
73322	9
73323	6
73324	24
73325	19
73326	18
73327	3
73328	21
73329	12
73330	15
73331	11
73332	5
73333	41
73334	18
73335	8
73336	24
73338	10
73340	24
73341	22
73342	14
73343	24
73344	22
73345	5
73346	38
73347	4
73348	14
73349	17
73351	23
73352	10
73354	35
73355	5
73356	12
73357	2
73359	38
73360	16
73361	7
73362	14
73363	8
73364	11
73365	10
73366	29
73367	13
73368	7
73369	14
73370	19
73371	18
73372	22
73373	17
73374	15
73375	13
73376	20
73377	13
73378	29
73380	18
73381	17
73383	8
73384	20
73385	12
73386	18
73387	26
73388	6
73390	22
73391	7
73393	8
73394	30
73395	11
73396	13
73397	10
73398	19
73400	18
73401	6
73402	11
73403	14
73404	34
73405	0
73406	16
73407	30
73408	10
73410	20
73411	9
73412	16
73413	8
73414	5
73415	18
73416	31
73418	18
73420	9
73422	36
73423	25
73424	9
73425	14
73426	10
73427	26
73428	6
73429	14
73430	29
73431	25
73432	11
73433	39
73434	27
73435	23
73436	9
73437	22
73438	28
73439	19
73440	13
73441	7
73443	8
73444	5
73445	23
73446	17
73448	5
73449	15
73450	17
73451	8
73452	6
73453	9
73454	33
73455	19
73456	14
73457	7
73458	23
73459	28
73461	41
73463	4
73464	4
73465	26
73466	1
73467	18
73468	17
73469	8
73470	14
73471	12
73472	4
73473	8
73476	15
73477	26
73478	31
73479	10
73480	35
73481	17
73482	31
73483	8
73484	20
73485	9
73487	16
73488	13
73490	24
73491	26
73492	4
73493	5
73494	17
73495	9
73496	20
73497	10
73498	8
73499	9
73500	21
73501	24
73502	7
73503	14
73504	16
73505	11
73508	5
73509	15
73510	6
73511	19
73512	33
73513	2
73514	17
73515	33
73516	11
73517	5
73520	11
73521	16
73522	25
73523	10
73524	22
73525	4
73526	36
73527	16
73528	17
73529	8
73530	15
73532	16
73534	1
73535	17
73536	12
73537	8
73538	10
73539	9
73542	12
73543	28
73544	14
73545	15
73546	35
73547	25
73548	24
73549	12
73550	6
73551	22
73552	15
73553	4
73555	24
73556	21
73558	7
73559	27
73560	11
73562	17
73564	12
73568	10
73569	18
73570	28
73571	15
73572	12
73573	8
73574	4
73576	32
73577	34
73578	15
73580	7
73581	15
73582	25
73583	5
73584	17
73585	14
73586	19
73587	24
73588	24
73591	25
73593	16
73594	7
73595	14
73597	15
73598	33
73599	17
73600	16
73601	8
73602	11
73603	13
73604	17
73605	1
73606	16
73607	19
73608	10
73609	23
73610	10
73611	27
73612	4
73613	13
73614	39
73615	40
73616	5
73617	13
73618	8
73619	22
73620	31
73621	15
73623	23
73624	16
73625	13
73627	12
73628	10
73629	14
73630	50
73632	10
73633	18
73634	9
73635	9
73636	12
73637	14
73638	17
73639	5
73640	8
73641	13
73642	18
73643	9
73644	29
73646	7
73647	33
73648	15
73649	34
73650	18
73651	17
73652	6
73653	37
73654	11
73655	23
73656	23
73657	25
73658	30
73659	11
73660	20
73662	14
73663	21
73664	5
73665	30
73666	30
73667	9
73668	15
73670	33
73671	21
73672	17
73673	9
73674	16
73675	28
73676	16
73678	15
73679	6
73680	7
73682	11
73683	21
73684	36
73685	13
73687	5
73688	29
73689	9
73690	14
73691	25
73692	13
73693	24
73694	13
73695	13
73696	14
73698	21
73699	5
73700	31
73701	32
73702	16
73703	22
73704	29
73705	12
73706	14
73707	13
73708	15
73709	21
73711	26
73712	18
73713	6
73715	25
73716	17
73717	14
73718	6
73719	10
73721	22
73722	29
73723	9
73725	15
73726	12
73727	17
73728	18
73729	24
73730	16
73731	41
73732	29
73733	0
73734	14
73735	24
73736	3
73737	12
73739	14
73740	19
73741	9
73742	23
73744	27
73745	20
73746	37
73747	9
73748	22
73749	9
73750	6
73751	40
73752	9
73753	13
73754	17
73755	21
73757	7
73758	17
73759	19
73762	13
73763	2
73764	5
73765	4
73766	22
73767	24
73768	39
73769	1
73770	11
73771	7
73772	22
73773	15
73774	10
73775	28
73776	9
73777	37
73778	19
73780	23
73781	22
73782	9
73783	15
73784	15
73786	8
73787	7
73788	15
73789	8
73790	8
73791	30
73792	23
73793	43
73794	7
73795	13
73796	27
73797	7
73798	5
73799	35
73800	18
73802	7
73803	14
73804	33
73806	15
73808	30
73809	55
73810	16
73811	12
73812	40
73813	13
73814	18
73815	30
73816	13
73817	11
73819	0
73822	5
73823	3
73824	5
73825	16
73826	26
73827	27
73828	13
73829	12
73830	19
73831	11
73833	2
73834	3
73836	4
73838	12
73839	14
73840	29
73841	18
73843	7
73844	2
73845	20
73846	9
73848	22
73849	19
73850	8
73851	16
73852	12
73853	31
73854	29
73855	7
73856	15
73857	11
73859	21
73860	7
73861	9
73862	12
73864	8
73865	17
73866	6
73867	23
73868	24
73869	30
73870	17
73871	21
73872	31
73873	13
73875	20
73876	15
73877	6
73878	6
73879	7
73880	6
73881	10
73882	21
73883	21
73884	31
73885	25
73886	16
73887	44
73889	24
73890	4
73891	12
73892	17
73893	11
73894	0
73895	33
73896	21
73897	29
73898	18
73899	5
73900	18
73901	15
73902	47
73903	27
73905	15
73906	16
73908	21
73909	15
73910	18
73911	6
73912	22
73913	14
73914	18
73915	20
73916	42
73917	28
73918	8
73920	8
73921	11
73922	36
73923	18
73924	16
73925	26
73926	18
73927	11
73928	11
73930	23
73931	26
73932	4
73933	23
73934	10
73935	14
73936	16
73937	8
73938	31
73939	20
73940	31
73942	14
73943	9
73944	9
73945	28
73946	1
73947	11
73948	19
73949	3
73950	15
73951	6
73952	32
73953	14
73955	26
73956	14
73957	13
73958	9
73959	28
73960	5
73962	17
73963	2
73964	11
73966	7
73967	11
73968	7
73969	7
73970	14
73971	23
73972	46
73973	25
73974	39
73975	13
73977	9
73979	10
73980	19
73982	1
73983	27
73984	8
73985	14
73986	24
73987	22
73988	8
73989	23
73990	27
73991	31
73992	8
73993	26
73994	15
73995	21
73997	27
73998	38
73999	7
74000	6
74001	29
74002	12
74004	31
74005	9
74006	18
74007	19
74008	17
74009	28
74010	12
74011	29
74012	14
74013	29
74014	17
74015	15
74016	24
74017	26
74018	15
74019	2
74020	12
74021	14
74022	5
74023	7
74024	12
74025	17
74026	40
74027	13
74028	19
74029	8
74030	16
74031	45
74032	23
74033	28
74035	14
74036	7
74037	7
74038	27
74039	10
74040	2
74041	4
74042	26
74043	20
74044	8
74045	10
74046	13
74048	2
74049	25
74050	15
74051	14
74052	33
74053	25
74054	29
74055	30
74056	20
74057	68
74058	25
74059	7
74060	33
74061	11
74062	17
74064	40
74065	47
74067	16
74068	13
74069	47
74070	1
74071	5
74072	13
74073	19
74074	14
74075	11
74076	8
74077	17
74078	10
74079	12
74080	44
74081	32
74082	20
74083	32
74084	14
74085	8
74086	20
74087	4
74088	4
74089	16
74090	18
74091	24
74092	23
74093	8
74095	15
74096	27
74097	9
74098	12
74099	26
74101	3
74102	5
74103	32
74104	10
74105	26
74106	17
74108	28
74109	15
74111	20
74112	15
74114	2
74115	31
74116	37
74118	41
74119	7
74120	33
74121	14
74123	9
74124	21
74127	24
74129	48
74130	8
74132	33
74133	21
74134	17
74137	31
74138	10
74140	26
74142	7
74143	16
74144	20
74145	33
74146	15
74147	4
74148	12
74149	22
74150	17
74151	30
74153	23
74154	19
74155	20
74156	14
74157	26
74159	8
74160	34
74161	13
74162	27
74163	20
74164	22
74165	10
74166	11
74167	8
74168	29
74169	9
74170	13
74171	18
74172	5
74173	37
74174	15
74175	30
74176	12
74178	7
74180	30
74181	15
74182	10
74183	12
74186	24
74187	22
74190	23
74191	20
74192	34
74193	19
74194	7
74195	5
74196	48
74197	23
74198	7
74199	8
74200	14
74201	24
74202	12
74203	21
74206	4
74207	7
74208	9
74209	17
74210	10
74211	5
74212	15
74213	5
74214	31
74215	28
74216	38
74217	33
74219	24
74221	17
74222	17
74224	20
74225	12
74226	15
74227	4
74228	9
74231	12
74232	34
74233	25
74234	25
74235	16
74236	10
74237	5
74239	26
74241	7
74242	12
74244	17
74245	17
74246	8
74247	27
74248	11
74249	4
74250	18
74251	16
74252	5
74253	31
74255	10
74256	8
74257	4
74258	26
74260	4
74261	10
74262	8
74263	21
74264	18
74265	32
74266	33
74267	8
74268	21
74269	12
74270	5
74271	9
74272	22
74273	17
74274	5
74276	17
74278	14
74280	15
74281	28
74283	16
74284	14
74285	12
74286	16
74288	17
74290	17
74291	10
74292	3
74293	8
74294	30
74295	19
74296	25
74297	10
74298	11
74299	2
74301	9
74303	20
74305	10
74306	37
74308	12
74309	14
74310	28
74311	27
74312	14
74313	19
74314	7
74315	12
74317	7
74318	29
74319	20
74320	26
74321	34
74322	26
74323	1
74324	13
74325	11
74326	16
74328	41
74330	28
74331	9
74332	15
74333	29
74334	17
74335	17
74336	29
74337	34
74338	3
74339	25
74340	23
74343	22
74344	13
74345	6
74346	17
74347	16
74348	13
74349	9
74350	18
74351	11
74352	9
74353	24
74354	17
74356	3
74357	17
74358	3
74359	8
74360	13
74361	20
74362	16
74364	14
74365	27
74366	4
74368	17
74369	28
74370	35
74371	19
74372	12
74373	37
74374	16
74375	4
74376	11
74377	23
74378	20
74379	7
74381	4
74382	8
74383	10
74384	5
74386	21
74387	51
74388	23
74389	37
74390	9
74392	14
74393	14
74394	25
74395	5
74396	27
74397	11
74398	34
74399	10
74400	22
74401	0
74402	13
74404	18
74405	11
74406	14
74407	6
74409	34
74410	10
74411	13
74412	32
74413	11
74414	3
74415	16
74416	14
74417	18
74419	21
74420	17
74421	28
74422	9
74423	12
74424	35
74425	8
74426	40
74427	0
74428	18
74430	14
74431	13
74432	3
74433	13
74436	28
74437	22
74438	14
74440	11
74442	19
74443	11
74444	12
74445	2
74447	20
74448	12
74449	21
74450	20
74451	26
74452	10
74453	13
74454	4
74455	12
74456	14
74458	13
74459	21
74460	9
74461	17
74463	24
74464	29
74465	31
74466	33
74467	18
74468	19
74469	23
74471	23
74472	9
74473	4
74474	18
74475	13
74476	10
74478	4
74480	15
74481	15
74483	46
74484	14
74486	20
74487	5
74489	14
74490	5
74491	4
74492	23
74493	7
74494	12
74495	30
74496	16
74497	9
74498	22
74499	20
74500	33
74501	12
74502	26
74503	15
74504	11
74505	6
74506	15
74507	33
74508	25
74510	4
74511	5
74512	24
74513	23
74514	16
74516	21
74517	19
74518	32
74519	27
74520	13
74521	29
74522	13
74523	11
74524	9
74525	34
74526	10
74527	7
74528	19
74529	28
74530	15
74531	9
74532	12
74534	19
74536	12
74537	23
74538	14
74539	11
74540	22
74541	7
74542	22
74543	0
74544	19
74545	16
74546	11
74547	21
74548	6
74549	22
74550	14
74551	8
74552	4
74553	22
74554	17
74555	12
74556	35
74557	22
74558	17
74559	5
74560	2
74561	21
74562	21
74563	15
74564	24
74565	15
74566	7
74567	6
74568	12
74569	13
74570	22
74571	5
74572	10
74573	22
74574	12
74575	35
74577	17
74578	22
74579	6
74580	21
74581	8
74582	24
74583	32
74584	26
74585	10
74586	12
74587	41
74588	13
74589	17
74591	14
74592	33
74593	28
74594	13
74595	30
74596	38
74597	12
74598	24
74599	17
74600	8
74601	5
74602	13
74603	17
74604	19
74605	34
74607	4
74609	10
74610	16
74611	8
74612	15
74613	16
74614	20
74615	17
74617	28
74618	24
74619	3
74620	26
74621	15
74622	23
74623	6
74624	10
74625	11
74626	24
74627	43
74628	13
74629	3
74630	18
74631	28
74633	10
74634	6
74635	17
74637	12
74638	5
74640	12
74641	1
74642	32
74643	18
74644	25
74645	23
74646	11
74647	28
74650	25
74651	8
74652	24
74653	15
74655	28
74656	36
74657	33
74658	29
74659	26
74660	11
74661	13
74662	8
74663	14
74664	25
74665	4
74666	7
74667	12
74668	23
74669	13
74670	27
74671	19
74672	29
74673	30
74674	14
74676	6
74677	30
74678	13
74679	7
74680	13
74681	11
74682	28
74684	32
74685	30
74686	14
74688	8
74689	18
74690	16
74691	16
74692	5
74694	10
74696	22
74698	33
74699	33
74701	44
74703	23
74704	20
74705	6
74706	7
74708	18
74709	25
74710	11
74711	12
74712	40
74713	6
74714	13
74715	19
74716	12
74717	16
74718	8
74719	24
74720	12
74721	21
74722	4
74723	10
74724	14
74726	17
74727	23
74728	16
74729	22
74730	21
74731	28
74732	10
74733	13
74734	31
74735	15
74737	21
74738	19
74739	12
74740	18
74741	14
74742	8
74743	18
74744	49
74745	13
74746	5
74747	3
74748	33
74749	3
74750	12
74751	36
74752	26
74753	6
74754	50
74756	31
74758	35
74759	18
74763	24
74764	5
74766	14
74767	16
74768	35
74769	18
74770	7
74772	1
74773	22
74775	13
74776	21
74777	38
74778	10
74779	27
74780	19
74781	21
74782	23
74784	15
74786	13
74787	19
74788	3
74789	11
74790	32
74791	48
74795	7
74796	22
74797	24
74798	12
74799	32
74800	20
74801	4
74802	14
74803	13
74804	9
74807	19
74809	24
74810	4
74811	12
74812	26
74813	22
74814	30
74815	4
74816	16
74817	11
74818	30
74819	32
74820	18
74821	36
74822	7
74823	9
74824	16
74825	15
74826	10
74827	25
74828	13
74829	8
74830	11
74831	29
74832	24
74833	37
74834	24
74835	50
74836	19
74837	8
74838	10
74839	46
74840	34
74841	6
74843	2
74844	3
74845	17
74846	18
74847	23
74848	33
74849	9
74850	15
74851	13
74852	32
74853	26
74854	10
74856	12
74857	24
74858	18
74859	10
74860	7
74861	21
74862	8
74863	16
74864	14
74865	15
74866	27
74868	16
74869	15
74870	16
74871	7
74872	32
74873	7
74874	13
74875	2
74876	11
74877	20
74878	5
74880	33
74881	32
74882	26
74883	20
74884	19
74885	8
74887	22
74888	10
74889	24
74890	3
74892	6
74893	31
74894	26
74896	8
74897	16
74898	22
74899	21
74900	14
74901	7
74902	18
74903	33
74904	13
74905	1
74906	5
74907	17
74908	1
74909	13
74910	8
74911	10
74913	28
74914	0
74915	17
74918	23
74919	18
74920	2
74921	28
74922	15
74923	6
74924	8
74925	2
74926	7
74927	6
74928	17
74929	21
74930	5
74932	14
74933	34
74935	7
74936	19
74937	8
74938	29
74941	12
74942	27
74943	27
74946	9
74948	15
74949	7
74951	3
74952	16
74953	20
74954	20
74955	14
74956	15
74957	24
74959	13
74960	12
74961	27
74962	12
74963	2
74964	17
74966	27
74967	13
74968	5
74969	36
74970	16
74971	17
74972	1
74973	9
74974	9
74975	12
74976	44
74977	17
74978	11
74979	4
74980	16
74981	12
74983	39
74984	15
74985	22
74986	12
74987	24
74988	2
74989	40
74990	19
74991	3
74993	12
74995	14
74996	5
74997	14
74998	18
74999	14
75000	14
75001	19
75002	16
75004	5
75006	1
75007	6
75008	21
75010	6
75011	18
75013	13
75014	26
75015	2
75016	18
75017	17
75018	16
75019	11
75021	25
75022	21
75023	23
75024	19
75025	2
75026	18
75027	5
75029	32
75030	23
75031	21
75032	15
75035	13
75036	41
75037	32
75038	10
75039	32
75040	5
75041	16
75042	20
75043	11
75044	32
75045	30
75046	14
75047	5
75048	11
75049	16
75050	23
75051	34
75052	23
75053	48
75054	12
75056	16
75057	15
75058	2
75059	7
75061	13
75062	31
75063	24
75064	12
75065	36
75066	3
75067	18
75068	22
75069	23
75070	3
75071	14
75072	4
75074	13
75075	23
75076	29
75077	9
75078	4
75079	25
75080	1
75081	26
75083	30
75084	10
75085	28
75086	2
75087	5
75088	32
75090	13
75091	16
75093	11
75094	28
75095	7
75096	8
75097	10
75098	25
75099	17
75100	25
75101	27
75102	5
75103	26
75104	24
75105	10
75107	9
75108	27
75109	14
75110	19
75111	18
75112	5
75113	5
75114	24
75115	38
75116	11
75117	18
75118	29
75119	16
75120	36
75121	5
75122	15
75123	6
75124	13
75125	13
75126	12
75127	31
75129	30
75130	0
75131	17
75132	12
75133	7
75134	19
75135	33
75136	16
75137	9
75138	14
75139	15
75140	18
75141	16
75142	14
75143	18
75144	6
75145	21
75146	4
75147	11
75148	17
75149	28
75151	17
75152	14
75153	10
75154	26
75155	10
75156	0
75157	9
75158	4
75159	11
75160	21
75161	19
75163	12
75164	20
75165	17
75167	21
75168	14
75170	16
75171	13
75173	7
75175	25
75176	12
75177	16
75178	43
75179	21
75180	22
75181	10
75182	13
75184	21
75185	11
75186	19
75187	22
75188	28
75189	11
75190	24
75191	19
75192	20
75193	3
75194	16
75195	15
75196	8
75197	22
75198	1
75199	7
75201	22
75202	23
75203	32
75204	10
75205	19
75206	36
75207	7
75208	15
75209	38
75210	9
75211	3
75212	27
75213	9
75214	4
75215	15
75216	21
75217	7
75218	10
75219	24
75222	10
75223	10
75224	10
75226	24
75227	18
75229	6
75230	11
75231	17
75232	40
75233	32
75235	4
75236	0
75238	5
75239	12
75240	13
75241	21
75243	24
75244	13
75245	29
75246	2
75247	14
75248	8
75250	31
75251	9
75252	8
75253	10
75254	31
75255	13
75256	7
75257	13
75258	5
75259	16
75260	1
75261	19
75262	35
75263	8
75264	12
75266	11
75267	26
75268	14
75269	13
75270	41
75271	7
75272	14
75273	35
75274	19
75275	8
75276	24
75277	9
75279	17
75280	13
75283	23
75285	6
75286	30
75287	11
75289	13
75290	35
75291	23
75292	5
75293	4
75294	16
75295	10
75296	4
75298	9
75299	10
75300	25
75301	17
75302	20
75303	7
75305	18
75306	21
75307	22
75308	27
75311	16
75312	30
75313	15
75314	19
75315	11
75316	15
75317	8
75318	30
75319	40
75320	11
75321	15
75323	10
75324	9
75325	2
75326	10
75327	21
75329	15
75331	5
75332	7
75333	7
75334	17
75335	21
75336	34
75337	13
75338	11
75339	7
75340	1
75341	4
75342	50
75343	15
75345	26
75346	13
75347	12
75348	39
75349	14
75350	2
75351	9
75352	9
75353	6
75354	52
75355	9
75356	25
75357	7
75358	34
75359	12
75361	12
75362	5
75363	7
75364	15
75365	14
75366	14
75367	13
75368	42
75369	29
75370	11
75371	11
75372	30
75373	10
75375	26
75376	22
75377	13
75378	15
75379	6
75380	16
75381	13
75382	16
75383	7
75384	15
75385	9
75387	7
75388	26
75389	18
75390	6
75392	11
75393	15
75394	39
75395	29
75396	25
75397	13
75398	26
75399	3
75400	27
75401	0
75402	24
75403	29
75404	6
75405	8
75406	12
75408	13
75409	9
75410	25
75411	22
75412	12
75414	14
75415	3
75416	4
75417	30
75418	17
75419	13
75421	36
75422	23
75423	22
75424	16
75425	11
75427	5
75428	16
75429	11
75430	3
75431	11
75432	32
75433	34
75434	14
75435	10
75436	11
75437	10
75439	30
75441	9
75442	10
75444	15
75445	5
75446	7
75447	13
75448	34
75449	22
75450	12
75451	12
75453	4
75454	15
75455	9
75456	2
75457	16
75459	16
75460	23
75461	16
75462	15
75463	20
75464	11
75465	15
75466	13
75468	27
75469	41
75470	8
75471	6
75473	22
75474	30
75475	9
75477	34
75478	18
75480	25
75481	18
75482	32
75483	26
75484	34
75486	18
75487	10
75488	6
75490	6
75491	25
75492	5
75493	4
75494	18
75496	6
75497	3
75500	24
75501	4
75502	21
75503	23
75504	26
75505	23
75506	9
75507	43
75508	16
75509	17
75510	15
75511	19
75512	13
75513	16
75514	35
75515	16
75516	32
75518	19
75519	22
75521	41
75522	23
75523	38
75524	14
75525	13
75526	17
75527	13
75528	28
75529	22
75530	31
75531	21
75532	7
75533	2
75534	18
75535	24
75536	20
75538	16
75539	14
75542	6
75543	19
75544	6
75545	2
75546	6
75549	36
75550	12
75551	12
75553	10
75555	5
75556	25
75557	9
75558	29
75559	28
75560	33
75561	13
75563	23
75564	20
75565	14
75566	9
75568	27
75569	20
75570	3
75571	9
75572	15
75573	6
75574	49
75575	23
75576	13
75577	15
75578	18
75579	7
75580	13
75581	9
75582	23
75583	21
75585	23
75586	12
75587	9
75588	13
75589	13
75590	10
75591	20
75592	40
75594	9
75595	12
75596	14
75597	19
75598	10
75600	13
75601	5
75602	9
75603	13
75604	2
75605	24
75607	32
75608	12
75609	3
75610	12
75611	44
75612	7
75613	40
75614	10
75615	9
75617	22
75619	23
75621	14
75622	17
75623	2
75624	16
75625	4
75626	12
75627	11
75628	26
75629	11
75630	5
75631	31
75633	32
75634	17
75635	22
75636	31
75637	24
75638	19
75639	16
75641	15
75642	4
75643	20
75644	17
75645	14
75646	3
75647	22
75648	14
75649	14
75650	25
75651	7
75653	9
75654	24
75655	3
75656	25
75657	9
75658	12
75659	31
75660	18
75661	26
75662	24
75663	28
75664	26
75665	10
75666	4
75668	17
75669	22
75671	21
75672	5
75673	12
75674	15
75675	31
75676	7
75678	6
75679	8
75680	5
75681	30
75682	16
75683	8
75684	20
75685	12
75686	2
75688	22
75689	30
75690	19
75691	12
75692	15
75694	17
75695	34
75696	10
75697	32
75698	7
75699	26
75700	20
75702	52
75703	29
75704	7
75705	33
75706	25
75707	30
75708	9
75709	22
75710	14
75711	10
75712	19
75713	8
75715	10
75716	19
75717	1
75719	8
75720	16
75721	27
75722	9
75724	15
75725	11
75726	13
75727	11
75728	10
75729	9
75730	13
75731	25
75732	19
75733	7
75734	26
75735	22
75736	14
75737	30
75738	18
75739	10
75740	14
75741	10
75742	38
75743	2
75744	23
75745	9
75749	14
75750	7
75751	26
75752	16
75753	19
75754	0
75755	27
75756	13
75757	9
75758	14
75759	13
75760	9
75761	17
75762	18
75763	33
75764	11
75765	5
75766	27
75767	17
75768	19
75769	49
75770	3
75771	27
75772	14
75773	38
75774	19
75775	11
75776	6
75777	37
75778	29
75779	15
75780	21
75782	9
75783	12
75785	21
75787	40
75789	3
75790	14
75791	12
75792	17
75793	11
75794	9
75795	9
75796	18
75799	8
75800	12
75801	26
75804	17
75806	21
75807	20
75808	3
75809	15
75810	11
75812	6
75813	15
75814	7
75815	14
75816	12
75817	15
75818	21
75819	11
75820	15
75821	10
75822	13
75823	16
75825	10
75826	11
75827	19
75828	23
75829	8
75830	10
75831	24
75832	16
75834	3
75835	19
75836	3
75837	18
75838	29
75839	11
75841	12
75842	28
75843	11
75845	10
75846	33
75847	11
75848	5
75849	22
75850	5
75851	19
75852	5
75853	30
75854	15
75855	5
75856	24
75857	8
75858	13
75860	26
75861	33
75862	36
75863	19
75864	12
75866	8
75867	5
75868	31
75871	19
75873	21
75874	7
75875	13
75876	8
75877	24
75878	5
75879	17
75880	21
75881	15
75882	15
75884	14
75885	22
75886	21
75887	6
75888	23
75889	16
75890	18
75892	4
75893	14
75894	36
75895	16
75898	27
75899	9
75900	23
75901	7
75902	9
75904	2
75905	25
75906	22
75907	32
75908	22
75909	13
75910	15
75911	21
75912	16
75913	4
75914	0
75917	24
75918	35
75919	0
75920	14
75921	5
75922	12
75924	14
75925	14
75926	4
75927	14
75928	11
75930	22
75931	14
75932	26
75933	11
75934	10
75936	24
75937	26
75938	17
75939	12
75940	9
75941	35
75942	13
75943	9
75944	9
75945	10
75946	15
75947	21
75948	8
75949	11
75950	8
75951	29
75952	2
75953	27
75954	20
75955	23
75956	17
75957	20
75958	32
75960	21
75962	15
75963	50
75964	9
75966	11
75967	17
75968	5
75969	18
75970	10
75972	22
75976	36
75977	7
75978	14
75979	21
75980	16
75981	6
75982	6
75983	26
75986	4
75988	16
75989	26
75990	33
75991	12
75992	43
75993	13
75994	19
75995	14
75996	43
75998	6
75999	7
76000	6
76001	3
76002	9
76003	4
76004	15
76005	5
76006	21
76007	12
76008	16
76009	10
76010	42
76011	18
76012	20
76013	26
76014	13
76015	9
76016	14
76017	8
76018	23
76019	47
76020	17
76021	15
76022	11
76023	9
76024	22
76025	21
76026	10
76027	9
76028	18
76029	32
76032	11
76033	16
76035	13
76036	19
76037	7
76038	15
76039	18
76040	22
76041	20
76045	30
76046	22
76047	29
76049	23
76050	26
76052	19
76053	20
76055	27
76056	0
76057	3
76059	36
76060	4
76061	29
76062	5
76063	9
76064	11
76065	30
76066	10
76067	19
76068	16
76069	16
76070	7
76071	8
76072	0
76073	20
76075	8
76076	10
76077	12
76078	24
76079	2
76080	23
76081	10
76082	9
76083	41
76084	7
76086	15
76087	7
76089	7
76090	40
76091	10
76092	34
76093	15
76094	18
76095	21
76096	6
76097	16
76098	22
76099	23
76100	25
76101	41
76102	28
76103	16
76104	15
76106	24
76108	40
76109	29
76110	18
76111	32
76112	10
76113	14
76114	24
76115	10
76116	3
76117	12
76118	4
76119	3
76120	16
76121	34
76122	16
76123	22
76124	43
76125	18
76126	11
76127	4
76129	6
76130	5
76131	26
76133	27
76134	11
76136	24
76137	33
76138	8
76140	5
76141	7
76142	13
76143	8
76144	25
76145	24
76146	9
76147	11
76148	8
76149	13
76150	15
76151	8
76152	20
76153	41
76154	12
76155	16
76156	13
76157	0
76158	18
76159	21
76160	16
76161	4
76162	20
76163	7
76164	9
76165	13
76166	32
76167	10
76168	34
76169	19
76171	23
76172	12
76173	6
76174	10
76175	25
76176	20
76177	9
76178	27
76179	18
76180	36
76181	28
76183	16
76185	23
76186	34
76187	19
76188	5
76189	15
76190	7
76191	22
76192	30
76193	3
76195	16
76198	1
76199	11
76200	19
76201	21
76203	31
76204	20
76205	11
76206	14
76207	24
76208	50
76209	18
76210	6
76211	12
76212	33
76213	9
76214	16
76215	11
76216	27
76217	40
76218	5
76219	18
76220	21
76221	13
76222	13
76223	9
76224	47
76226	5
76228	47
76229	26
76230	17
76231	38
76232	34
76233	6
76234	26
76235	4
76236	5
76237	25
76238	46
76239	24
76240	11
76242	20
76243	10
76244	22
76245	15
76246	21
76248	8
76249	5
76250	11
76251	8
76252	43
76254	15
76255	27
76256	10
76257	18
76258	25
76260	14
76261	9
76262	14
76263	10
76264	9
76265	7
76266	13
76267	20
76268	12
76269	21
76270	4
76271	9
76272	15
76273	9
76275	11
76277	27
76278	17
76279	22
76281	13
76282	1
76283	23
76284	14
76286	15
76287	24
76288	22
76289	10
76290	5
76291	5
76292	13
76293	14
76294	4
76295	9
76297	2
76298	10
76299	3
76300	24
76301	12
76302	35
76303	16
76304	24
76305	11
76306	30
76307	34
76308	34
76309	6
76310	2
76311	23
76313	13
76314	9
76315	6
76316	9
76318	40
76319	29
76320	16
76322	14
76323	21
76325	15
76326	41
76327	19
76328	13
76329	13
76331	10
76332	12
76334	7
76335	12
76336	4
76337	19
76338	18
76339	15
76340	15
76341	3
76343	5
76345	11
76346	19
76347	16
76348	1
76349	30
76350	7
76351	10
76353	30
76354	15
76355	14
76356	40
76358	22
76359	3
76361	14
76362	2
76363	20
76364	12
76365	25
76366	5
76367	27
76368	13
76369	16
76370	27
76371	16
76372	29
76373	11
76374	7
76375	7
76376	11
76377	15
76378	29
76379	46
76380	4
76381	11
76383	24
76384	30
76385	29
76386	26
76388	12
76389	19
76390	17
76391	27
76392	11
76393	13
76394	24
76395	28
76396	13
76397	11
76398	11
76399	22
76400	15
76401	38
76402	2
76403	28
76405	19
76407	10
76408	16
76409	7
76410	23
76411	13
76412	15
76413	22
76414	12
76415	16
76416	6
76417	22
76419	10
76420	24
76421	14
76422	27
76423	11
76424	21
76425	11
76426	20
76427	3
76428	26
76430	9
76431	6
76433	24
76434	4
76436	26
76437	6
76438	3
76439	4
76440	16
76441	8
76442	10
76443	21
76444	27
76445	18
76446	18
76447	22
76448	12
76449	22
76450	17
76451	5
76452	16
76453	4
76454	9
76457	8
76459	14
76460	10
76461	12
76462	11
76463	11
76464	14
76467	14
76469	10
76470	26
76471	35
76472	10
76474	10
76476	23
76478	13
76480	8
76481	12
76482	16
76483	9
76484	6
76485	19
76486	12
76487	13
76488	9
76489	33
76490	9
76491	22
76492	22
76493	6
76496	30
76497	37
76498	6
76499	10
76500	12
76501	9
76504	19
76505	16
76506	14
76507	21
76508	15
76509	34
76510	19
76511	8
76512	33
76513	20
76514	20
76516	7
76517	4
76518	12
76519	22
76520	23
76521	8
76522	22
76524	4
76526	24
76527	32
76528	26
76529	4
76530	14
76531	15
76532	5
76534	19
76535	15
76536	16
76537	22
76539	18
76540	14
76541	16
76542	25
76543	7
76545	28
76546	3
76547	22
76549	6
76550	8
76551	9
76552	10
76553	15
76554	19
76555	11
76556	10
76557	10
76559	24
76560	21
76561	27
76562	22
76563	28
76564	15
76565	25
76566	17
76567	18
76568	25
76569	8
76570	37
76571	23
76572	18
76573	13
76574	25
76576	3
76577	27
76580	27
76581	9
76582	13
76583	18
76584	19
76585	13
76586	24
76587	9
76588	35
76589	2
76590	20
76592	24
76593	25
76594	13
76595	14
76596	19
76597	27
76598	25
76599	10
76600	34
76601	30
76603	39
76604	12
76606	14
76607	5
76608	16
76609	5
76610	15
76612	5
76613	12
76615	26
76616	1
76617	26
76618	21
76621	19
76623	8
76624	4
76626	15
76627	42
76628	3
76629	8
76631	6
76632	16
76633	17
76634	32
76637	26
76638	13
76639	30
76642	20
76643	11
76644	4
76645	11
76647	19
76648	12
76650	14
76651	14
76652	22
76653	17
76654	14
76655	40
76657	20
76659	22
76660	6
76661	22
76662	28
76663	22
76664	29
76665	23
76666	8
76667	15
76668	7
76669	16
76670	8
76672	11
76673	7
76674	8
76676	2
76677	16
76678	8
76681	7
76683	5
76684	12
76685	12
76686	5
76687	22
76688	21
76689	15
76690	8
76691	12
76693	18
76694	9
76695	25
76697	15
76699	11
76700	20
76701	21
76702	18
76703	42
76704	2
76705	21
76706	15
76707	10
76708	5
76709	12
76711	10
76712	52
76713	26
76714	7
76715	13
76717	23
76718	15
76720	4
76721	19
76722	4
76723	26
76724	20
76727	17
76728	14
76729	5
76730	1
76732	5
76733	14
76734	21
76735	16
76736	32
76737	11
76738	5
76740	18
76741	10
76742	18
76743	5
76744	11
76745	12
76746	14
76747	10
76748	18
76749	10
76750	1
76751	10
76752	8
76753	17
76754	23
76755	16
76756	12
76757	16
76758	6
76759	12
76760	2
76761	17
76762	18
76763	6
76765	11
76766	29
76767	32
76768	24
76769	8
76770	6
76771	10
76773	37
76774	22
76775	16
76776	50
76777	29
76778	19
76779	8
76780	24
76781	40
76782	19
76783	11
76784	10
76785	25
76786	5
76788	9
76789	19
76790	12
76791	22
76793	17
76794	5
76795	22
76796	23
76797	10
76798	7
76799	9
76800	14
76801	9
76802	23
76803	8
76804	3
76806	18
76807	19
76808	28
76809	7
76810	34
76811	7
76813	22
76814	18
76815	22
76816	24
76817	24
76818	3
76819	5
76820	18
76821	17
76822	26
76823	19
76825	31
76826	21
76827	19
76828	10
76829	20
76831	22
76832	15
76833	47
76834	7
76835	21
76836	43
76837	11
76838	11
76839	6
76840	7
76841	21
76842	15
76843	9
76844	2
76845	30
76846	21
76848	11
76849	18
76851	5
76852	15
76853	25
76854	18
76855	30
76857	29
76858	15
76859	22
76860	10
76861	37
76862	16
76863	13
76864	9
76865	11
76866	14
76867	5
76868	16
76869	17
76870	28
76871	17
76874	15
76875	8
76876	3
76877	24
76878	17
76879	21
76880	4
76883	17
76884	7
76885	33
76886	14
76887	11
76888	15
76890	9
76891	17
76892	36
76893	16
76894	9
76895	18
76896	4
76897	22
76898	7
76899	18
76901	3
76903	10
76904	20
76905	7
76906	10
76907	14
76909	22
76910	17
76911	14
76912	21
76914	11
76915	4
76916	23
76917	17
76918	1
76919	52
76920	14
76921	21
76922	25
76924	55
76925	14
76926	39
76927	12
76929	8
76930	17
76931	7
76932	15
76933	14
76934	13
76935	8
76936	22
76937	39
76938	13
76939	7
76940	10
76941	21
76943	20
76944	14
76945	12
76946	18
76948	8
76949	11
76950	14
76952	9
76953	32
76954	11
76955	10
76956	10
76957	7
76958	7
76959	21
76960	2
76962	18
76964	16
76967	18
76969	28
76970	4
76971	17
76972	6
76973	13
76974	16
76975	11
76976	8
76978	20
76979	19
76980	15
76981	25
76984	18
76986	2
76987	7
76988	17
76989	12
76990	19
76991	14
76992	14
76993	14
76994	14
76995	32
76996	29
76997	16
76998	13
77000	9
77001	23
77002	12
77003	7
77004	10
77005	11
77006	41
77007	48
77008	14
77009	11
77010	26
77012	19
77014	27
77015	19
77016	10
77017	2
77018	45
77020	18
77021	17
77023	9
77024	8
77025	18
77026	15
77027	12
77028	33
77029	23
77030	10
77033	23
77034	5
77035	12
77036	23
77037	29
77038	8
77039	12
77040	6
77041	20
77043	20
77044	16
77045	20
77046	16
77047	14
77049	12
77050	8
77051	23
77053	29
77054	38
77055	20
77056	15
77057	21
77058	11
77060	55
77061	20
77062	9
77064	9
77065	7
77066	7
77067	10
77068	11
77069	13
77070	1
77071	17
77072	36
77073	16
77074	9
77075	7
77076	23
77077	11
77079	24
77080	16
77081	11
77082	13
77083	8
77084	19
77085	6
77086	5
77087	33
77088	8
77092	20
77093	8
77094	7
77095	3
77096	12
77098	28
77099	10
77100	13
77101	9
77102	29
77103	4
77104	45
77105	10
77106	34
77107	7
77108	4
77109	45
77110	18
77111	12
77112	7
77113	15
77114	18
77115	14
77116	13
77117	11
77118	6
77119	16
77120	21
77122	26
77123	36
77124	7
77125	26
77126	13
77127	11
77128	16
77129	13
77130	18
77131	14
77132	14
77133	21
77134	12
77136	7
77138	1
77139	14
77141	17
77142	12
77143	18
77144	47
77145	23
77146	11
77148	17
77149	28
77150	5
77151	18
77152	8
77153	23
77154	20
77155	3
77156	15
77157	8
77159	37
77161	31
77162	2
77163	22
77164	3
77165	5
77166	6
77167	8
77168	12
77169	13
77170	14
77171	20
77172	7
77173	12
77174	12
77175	12
77176	22
77177	11
77179	33
77180	6
77181	10
77182	14
77183	23
77184	17
77186	19
77187	31
77188	6
77189	27
77190	11
77192	3
77193	31
77194	15
77195	36
77196	15
77197	23
77198	15
77199	8
77200	7
77201	16
77202	16
77203	7
77204	10
77206	10
77207	35
77208	15
77209	25
77210	25
77211	23
77212	13
77214	17
77215	10
77216	23
77217	31
77218	0
77219	24
77220	26
77221	12
77222	15
77223	26
77224	5
77225	26
77226	13
77227	26
77229	22
77230	12
77231	11
77232	24
77233	14
77236	8
77237	12
77238	63
77239	21
77241	4
77242	40
77243	18
77244	22
77245	9
77246	9
77248	13
77249	14
77250	14
77252	5
77253	11
77254	36
77256	11
77257	12
77258	12
77259	4
77260	20
77261	27
77262	27
77263	14
77264	14
77265	13
77266	29
77270	12
77271	12
77274	33
77277	19
77278	10
77279	19
77280	18
77281	1
77282	2
77284	44
77285	39
77286	28
77287	26
77288	18
77290	25
77291	9
77292	25
77293	9
77294	14
77295	10
77296	11
77297	28
77299	10
77300	40
77301	3
77303	4
77304	6
77305	12
77306	18
77307	26
77308	18
77309	29
77310	12
77311	4
77312	20
77313	9
77314	8
77315	28
77316	1
77317	16
77319	3
77320	10
77321	20
77322	9
77323	23
77324	27
77325	17
77326	11
77327	16
77328	15
77329	10
77330	10
77331	12
77332	12
77334	25
77335	30
77336	10
77337	6
77338	9
77339	8
77341	10
77342	7
77343	10
77345	12
77347	10
77349	18
77350	40
77351	1
77352	5
77353	13
77354	9
77355	3
77358	23
77360	10
77361	27
77362	24
77363	5
77364	11
77365	11
77366	17
77367	6
77368	5
77370	15
77372	20
77373	35
77374	24
77375	9
77376	7
77377	18
77379	10
77380	21
77381	29
77382	16
77384	4
77385	8
77386	18
77387	20
77388	7
77389	33
77390	4
77391	19
77392	21
77393	17
77394	15
77395	37
77396	17
77397	12
77398	11
77400	19
77402	8
77403	1
77404	23
77405	21
77407	27
77409	12
77410	1
77412	19
77413	13
77414	36
77415	22
77416	19
77417	51
77418	7
77419	20
77420	15
77421	23
77422	6
77423	15
77424	3
77425	13
77427	9
77428	6
77431	24
77432	9
77433	22
77434	39
77435	10
77436	8
77437	7
77438	3
77439	17
77441	26
77442	5
77443	15
77445	13
77446	18
77447	23
77448	10
77450	8
77451	44
77452	18
77453	14
77454	7
77455	27
77456	7
77457	13
77458	4
77460	5
77461	27
77462	21
77463	13
77465	17
77466	18
77467	11
77468	6
77469	11
77471	28
77472	42
77473	25
77474	14
77475	6
77476	44
77477	5
77478	8
77479	5
77483	21
77484	5
77485	8
77486	8
77488	32
77489	11
77490	8
77491	9
77492	12
77493	14
77494	4
77495	17
77496	13
77499	27
77500	5
77501	17
77502	24
77503	5
77504	13
77505	23
77506	17
77507	7
77508	19
77510	16
77511	19
77512	10
77513	8
77514	10
77515	13
77516	48
77517	37
77518	14
77519	31
77520	11
77521	10
77522	7
77524	22
77525	6
77526	4
77527	4
77528	27
77530	4
77532	13
77533	27
77535	39
77536	42
77537	13
77538	3
77539	12
77540	4
77541	32
77542	17
77543	11
77544	5
77545	23
77546	6
77547	31
77549	46
77550	16
77551	2
77552	13
77553	1
77555	16
77557	49
77558	20
77559	7
77560	23
77561	8
77562	22
77563	9
77564	41
77565	19
77566	18
77567	10
77568	4
77569	8
77571	9
77572	13
77573	17
77574	19
77575	1
77576	6
77577	28
77580	5
77581	15
77582	20
77583	13
77584	14
77585	17
77586	2
77587	16
77588	14
77589	6
77590	22
77591	19
77593	29
77594	21
77595	27
77596	4
77597	20
77598	8
77599	14
77600	3
77602	16
77604	13
77605	15
77608	11
77609	10
77610	20
77611	1
77612	8
77613	20
77614	2
77615	28
77616	10
77617	12
77618	10
77619	3
77620	10
77621	17
77622	17
77623	9
77624	16
77625	24
77627	27
77629	17
77630	23
77631	14
77633	4
77635	5
77636	10
77637	28
77638	8
77639	8
77640	5
77641	15
77642	6
77643	21
77644	39
77645	40
77646	24
77647	18
77648	30
77649	9
77651	4
77652	28
77654	15
77655	12
77656	2
77658	30
77659	9
77661	3
77662	16
77663	6
77664	21
77665	26
77667	18
77668	5
77669	18
77670	14
77671	53
77673	14
77674	12
77675	17
77676	13
77677	21
77678	18
77679	17
77680	3
77681	17
77682	11
77683	14
77684	8
77685	20
77686	7
77687	10
77688	28
77689	9
77690	11
77691	23
77692	2
77693	9
77694	14
77695	21
77696	27
77697	12
77698	10
77700	7
77702	25
77703	16
77704	40
77705	16
77706	10
77707	16
77708	23
77709	32
77710	11
77711	16
77712	5
77713	7
77714	26
77716	9
77718	25
77719	20
77721	29
77722	15
77723	23
77724	24
77725	7
77726	7
77727	0
77728	12
77729	37
77730	6
77731	19
77732	31
77733	11
77734	8
77735	13
77736	11
77737	11
77738	1
77739	16
77740	11
77741	13
77743	2
77744	17
77746	23
77747	24
77748	11
77749	5
77750	22
77751	0
77752	12
77753	9
77754	35
77755	15
77756	10
77757	18
77758	21
77759	3
77760	7
77761	29
77762	25
77764	18
77765	9
77766	4
77767	30
77768	46
77769	29
77770	17
77772	5
77775	7
77776	13
77777	35
77778	16
77780	17
77781	8
77782	19
77783	42
77784	5
77785	16
77786	34
77788	10
77789	28
77790	12
77791	8
77792	18
77793	9
77794	26
77795	26
77796	8
77797	19
77798	20
77799	10
77800	5
77801	19
77802	17
77803	10
77804	21
77805	32
77806	12
77807	20
77808	16
77809	21
77810	12
77812	12
77813	26
77815	30
77817	10
77818	23
77819	3
77820	5
77822	18
77823	5
77824	9
77825	9
77826	26
77827	24
77829	17
77830	11
77832	6
77834	11
77835	9
77836	42
77837	13
77838	6
77839	36
77841	33
77842	16
77843	4
77844	6
77845	12
77846	28
77847	20
77848	10
77849	2
77850	10
77851	9
77852	13
77854	10
77855	30
77856	21
77857	17
77858	25
77861	4
77863	13
77864	19
77865	26
77866	16
77867	15
77868	9
77869	12
77871	11
77872	20
77873	17
77874	11
77875	19
77876	15
77877	11
77878	15
77879	10
77880	15
77881	11
77882	19
77883	20
77884	29
77885	24
77886	15
77887	30
77888	4
77890	9
77891	51
77892	2
77893	18
77894	14
77895	20
77896	30
77898	23
77900	19
77901	2
77904	9
77905	40
77906	36
77907	38
77908	18
77911	6
77912	20
77913	18
77914	17
77915	8
77916	4
77917	13
77918	11
77919	21
77920	22
77921	10
77922	14
77924	12
77925	17
77926	12
77927	11
77928	9
77929	15
77930	8
77931	5
77932	31
77933	3
77934	28
77935	12
77936	7
77937	12
77938	36
77939	11
77940	5
77941	3
77942	8
77943	10
77944	9
77945	19
77946	13
77948	5
77949	6
77950	8
77951	14
77952	6
77953	7
77954	10
77955	32
77956	6
77957	9
77958	23
77959	29
77960	22
77961	8
77962	19
77963	13
77964	12
77965	6
77966	28
77969	25
77970	5
77971	7
77972	7
77973	32
77974	25
77977	20
77978	4
77979	14
77980	21
77981	20
77982	15
77983	16
77984	16
77985	10
77986	11
77987	6
77988	8
77989	6
77990	12
77991	11
77992	1
77993	36
77994	22
77995	8
77996	4
77997	0
77998	24
77999	26
78000	12
78001	30
78002	6
78003	9
78004	7
78005	28
78006	14
78008	16
78009	6
78010	25
78012	21
78013	8
78014	18
78015	11
78016	9
78017	13
78018	25
78019	18
78020	6
78022	27
78023	18
78024	15
78025	10
78027	9
78028	12
78029	17
78030	26
78031	18
78032	12
78034	6
78036	8
78037	24
78040	23
78041	11
78042	20
78043	8
78045	4
78046	21
78047	24
78048	10
78049	12
78050	15
78051	23
78052	11
78053	13
78055	6
78056	25
78057	20
78058	13
78059	0
78060	27
78062	0
78063	22
78064	24
78065	13
78066	44
78067	13
78068	11
78070	19
78071	17
78073	18
78074	24
78075	10
78077	11
78078	12
78079	23
78080	1
78081	3
78082	8
78083	20
78084	26
78085	20
78086	5
78087	21
78088	6
78089	35
78090	7
78091	12
78092	41
78093	28
78094	16
78095	25
78096	6
78097	10
78100	29
78101	17
78102	21
78103	12
78105	33
78106	4
78107	18
78108	9
78109	28
78110	17
78112	10
78113	25
78114	36
78115	19
78117	24
78118	11
78119	3
78120	13
78122	11
78123	34
78124	10
78125	27
78127	20
78128	14
78129	27
78130	9
78131	20
78132	2
78133	30
78134	5
78135	15
78136	8
78137	21
78138	7
78139	39
78140	12
78141	4
78142	14
78143	14
78144	14
78145	7
78146	16
78147	40
78148	25
78149	10
78150	21
78151	15
78152	7
78153	11
78154	16
78155	22
78156	31
78157	14
78158	7
78159	32
78161	22
78162	9
78163	20
78164	11
78166	14
78167	36
78168	39
78169	48
78170	17
78172	16
78174	18
78175	7
78176	15
78178	7
78179	38
78181	16
78183	9
78184	10
78185	16
78186	11
78187	8
78188	20
78189	36
78191	29
78192	23
78194	16
78195	15
78197	2
78198	14
78199	4
78201	21
78202	17
78203	4
78204	10
78206	3
78207	4
78208	15
78209	8
78210	13
78211	12
78212	50
78213	20
78214	20
78215	10
78216	21
78217	12
78218	8
78219	12
78220	27
78221	30
78223	29
78225	16
78226	11
78227	11
78228	12
78229	22
78231	16
78232	13
78233	16
78234	10
78235	20
78236	7
78237	24
78238	30
78239	21
78240	6
78241	10
78242	3
78243	16
78244	6
78245	12
78246	5
78247	13
78248	20
78249	10
78250	10
78251	3
78252	34
78253	23
78254	19
78255	5
78256	10
78257	29
78258	6
78259	32
78260	31
78261	12
78262	13
78263	1
78264	36
78265	26
78266	18
78267	11
78268	53
78270	5
78271	18
78272	4
78273	21
78275	26
78276	13
78277	8
78278	21
78280	0
78284	12
78285	13
78286	26
78287	7
78288	23
78289	27
78290	35
78291	24
78292	19
78293	25
78294	14
78295	22
78296	17
78297	22
78298	34
78300	16
78301	11
78302	20
78303	18
78305	16
78306	27
78307	10
78308	19
78309	12
78310	8
78311	18
78313	6
78314	20
78315	14
78316	31
78317	12
78318	15
78320	8
78322	15
78323	13
78324	32
78325	19
78327	29
78328	26
78329	36
78331	13
78332	18
78333	25
78334	13
78335	8
78336	25
78337	10
78338	20
78339	23
78340	5
78341	20
78342	12
78343	37
78344	21
78345	8
78346	32
78347	15
78349	19
78350	21
78352	28
78353	4
78354	1
78355	33
78356	11
78357	4
78358	23
78359	13
78360	3
78361	27
78362	17
78363	11
78364	27
78365	7
78366	29
78367	7
78369	6
78370	5
78372	25
78373	12
78375	12
78376	15
78377	9
78378	12
78379	14
78380	21
78381	11
78383	28
78384	13
78386	2
78387	12
78388	6
78389	9
78390	15
78391	30
78392	18
78393	16
78394	33
78395	23
78396	20
78397	35
78398	3
78399	4
78400	19
78402	15
78403	5
78404	32
78405	19
78406	21
78407	4
78408	22
78409	6
78410	24
78411	8
78412	21
78413	21
78414	2
78415	5
78416	20
78417	9
78418	10
78420	19
78421	16
78422	17
78423	7
78424	15
78426	14
78427	29
78428	14
78429	24
78430	29
78431	33
78432	2
78433	12
78435	15
78436	9
78437	8
78438	2
78439	26
78440	1
78441	12
78442	20
78443	22
78444	22
78445	10
78446	17
78447	12
78448	7
78449	19
78450	3
78451	33
78452	9
78453	32
78454	3
78455	19
78456	41
78457	20
78458	10
78459	22
78460	11
78461	22
78462	32
78463	15
78464	9
78465	12
78466	17
78467	22
78468	12
78469	34
78470	27
78471	25
78473	8
78474	11
78475	18
78476	5
78477	12
78478	18
78479	7
78482	18
78483	6
78484	21
78485	13
78486	26
78487	17
78490	14
78491	12
78492	27
78493	31
78494	12
78496	15
78497	25
78498	13
78499	9
78500	15
78502	9
78503	2
78504	23
78505	20
78506	5
78507	12
78509	39
78511	12
78512	8
78513	13
78514	17
78515	23
78517	16
78518	45
78519	13
78520	14
78521	10
78522	28
78523	12
78524	14
78525	23
78527	13
78528	4
78529	12
78530	10
78531	22
78532	35
78534	20
78535	21
78536	24
78537	7
78538	10
78539	3
78540	17
78541	12
78542	21
78543	31
78544	11
78545	27
78547	9
78548	22
78550	16
78551	9
78552	31
78553	6
78554	10
78555	21
78556	37
78557	13
78559	28
78560	17
78562	8
78563	27
78565	42
78566	13
78567	25
78568	9
78569	19
78571	10
78572	6
78573	14
78574	15
78575	8
78576	36
78577	12
78578	33
78579	20
78580	14
78581	25
78582	42
78583	22
78584	17
78586	16
78587	21
78589	10
78590	15
78591	44
78592	28
78593	29
78594	7
78595	18
78596	17
78597	14
78598	34
78599	19
78601	13
78602	17
78603	9
78604	14
78605	19
78606	5
78607	24
78608	14
78611	13
78613	4
78615	20
78616	10
78617	11
78618	11
78619	30
78620	15
78621	19
78624	16
78625	8
78626	7
78627	18
78628	22
78629	10
78630	18
78631	6
78632	23
78633	4
78634	12
78635	9
78636	12
78637	35
78638	11
78639	15
78640	22
78641	14
78642	22
78643	30
78644	24
78646	9
78647	15
78648	22
78649	10
78650	15
78651	15
78652	30
78653	4
78654	19
78655	43
78656	24
78657	15
78658	26
78659	16
78660	8
78661	13
78662	6
78663	16
78664	7
78665	9
78666	13
78667	25
78669	30
78670	28
78671	18
78672	2
78673	1
78674	8
78675	8
78676	12
78677	24
78678	3
78679	30
78680	13
78681	26
78682	18
78683	26
78684	6
78685	4
78686	19
78687	18
78688	14
78689	19
78690	11
78691	6
78693	21
78694	25
78695	7
78696	9
78697	12
78698	13
78699	34
78700	12
78701	17
78702	2
78703	4
78704	19
78705	8
78706	16
78707	17
78708	14
78709	12
78710	18
78711	4
78712	15
78713	19
78714	19
78715	15
78716	46
78717	28
78718	19
78720	20
78721	17
78722	18
78723	5
78724	17
78725	12
78726	11
78727	12
78728	27
78730	14
78731	21
78734	19
78735	21
78736	11
78737	35
78738	27
78740	10
78741	17
78742	13
78743	5
78744	25
78745	15
78746	27
78747	20
78749	8
78750	11
78751	15
78753	18
78754	19
78755	1
78756	22
78757	13
78758	15
78759	18
78760	4
78761	23
78762	16
78764	19
78765	27
78767	6
78768	22
78769	3
78770	17
78771	28
78772	6
78773	29
78774	23
78777	12
78778	14
78779	27
78780	23
78781	6
78782	9
78783	17
78786	13
78787	20
78788	3
78789	43
78790	22
78791	16
78792	26
78794	11
78795	12
78796	13
78797	10
78798	15
78799	17
78800	6
78801	5
78802	2
78803	17
78804	13
78805	24
78806	18
78807	13
78808	29
78809	8
78810	18
78811	39
78813	7
78814	38
78815	15
78816	17
78819	18
78821	27
78822	10
78824	17
78825	8
78826	28
78827	7
78828	25
78829	27
78830	8
78831	15
78832	16
78834	27
78835	10
78836	12
78837	21
78838	38
78839	14
78840	9
78841	25
78842	4
78844	14
78845	11
78846	6
78847	7
78848	17
78849	6
78850	18
78851	29
78852	27
78853	12
78855	30
78856	2
78857	20
78858	12
78859	33
78860	19
78861	22
78862	23
78863	13
78864	10
78865	7
78867	24
78868	19
78869	14
78870	22
78871	42
78872	9
78874	14
78875	14
78876	20
78877	41
78878	39
78879	21
78880	31
78881	17
78882	26
78883	6
78884	7
78885	12
78886	15
78887	16
78888	10
78889	5
78890	23
78891	18
78893	3
78894	10
78895	16
78896	17
78897	11
78898	19
78899	20
78900	11
78902	32
78903	25
78904	17
78906	3
78907	19
78908	52
78909	11
78910	11
78911	11
78912	14
78913	34
78914	19
78915	32
78916	16
78917	24
78918	18
78919	23
78920	15
78921	7
78922	13
78923	31
78924	4
78925	25
78926	14
78927	12
78928	12
78929	10
78930	15
78931	20
78932	10
78933	19
78934	17
78935	18
78936	4
78937	36
78938	18
78939	25
78940	15
78941	16
78942	23
78943	9
78944	9
78945	31
78946	21
78947	25
78948	25
78949	25
78950	16
78952	16
78953	23
78954	25
78955	8
78956	19
78957	13
78958	13
78959	9
78960	24
78961	16
78962	21
78964	31
78967	22
78968	19
78969	24
78970	17
78971	15
78972	7
78973	23
78974	19
78975	20
78976	6
78977	3
78978	7
78980	14
78981	11
78982	14
78983	7
78984	14
78985	21
78986	3
78987	4
78988	20
78989	15
78991	12
78992	16
78994	24
78995	29
78996	10
78997	13
78998	41
78999	6
79000	1
79001	20
79002	34
79003	21
79004	8
79005	26
79006	14
79007	15
79008	26
79009	5
79010	36
79011	3
79012	28
79013	13
79014	38
79015	3
79016	5
79017	27
79018	27
79019	31
79020	23
79021	12
79023	15
79024	35
79027	14
79028	27
79029	16
79030	43
79031	30
79033	12
79034	21
79035	23
79036	17
79037	21
79038	13
79040	30
79041	31
79042	35
79043	14
79044	37
79045	12
79047	11
79049	10
79050	5
79051	17
79053	4
79054	33
79055	18
79056	20
79058	47
79060	11
79061	16
79062	15
79063	17
79064	20
79065	15
79066	12
79068	0
79069	9
79070	20
79071	5
79072	9
79073	11
79074	19
79076	25
79077	4
79078	6
79079	1
79080	15
79081	19
79082	3
79083	9
79084	13
79085	23
79086	43
79087	8
79088	16
79089	8
79090	17
79091	27
79092	13
79093	31
79096	17
79097	10
79098	8
79099	4
79100	0
79101	29
79103	14
79104	17
79106	8
79107	2
79109	21
79110	20
79112	23
79113	19
79114	22
79115	17
79116	14
79117	7
79120	10
79121	21
79122	28
79123	6
79124	2
79125	10
79126	14
79127	6
79129	6
79131	13
79132	8
79133	24
79134	10
79135	5
79137	24
79139	5
79140	19
79141	13
79142	13
79143	20
79144	18
79145	17
79146	12
79147	11
79148	20
79150	8
79151	19
79152	11
79153	14
79154	10
79155	27
79156	4
79157	39
79158	32
79159	12
79160	12
79161	18
79162	12
79165	33
79166	21
79167	25
79168	31
79169	11
79170	17
79171	18
79172	4
79173	0
79175	10
79176	10
79177	13
79178	7
79179	8
79181	29
79182	20
79183	20
79184	3
79185	22
79186	18
79187	8
79188	7
79189	17
79191	12
79192	19
79193	29
79194	8
79195	4
79197	11
79198	2
79199	18
79200	28
79201	16
79202	12
79203	2
79204	31
79205	21
79206	19
79207	30
79208	18
79209	9
79210	10
79211	15
79212	7
79213	18
79215	8
79216	8
79218	10
79219	30
79220	30
79222	7
79223	29
79224	9
79225	11
79226	13
79228	14
79229	7
79231	16
79233	8
79236	16
79239	15
79240	23
79241	14
79242	24
79243	4
79244	29
79245	19
79246	5
79247	17
79248	18
79249	51
79250	11
79251	2
79252	38
79253	11
79254	14
79255	19
79256	4
79257	15
79258	19
79259	24
79260	21
79261	24
79262	19
79263	32
79264	11
79265	9
79267	32
79268	6
79269	5
79270	2
79272	15
79273	20
79274	44
79275	14
79278	4
79279	6
79281	12
79282	11
79283	18
79284	26
79287	7
79288	30
79289	13
79290	28
79291	12
79292	3
79293	12
79295	16
79296	23
79298	8
79299	15
79300	9
79301	11
79303	6
79304	21
79305	5
79306	5
79307	17
79308	16
79309	11
79310	8
79311	25
79313	2
79314	7
79315	19
79316	12
79317	22
79318	8
79319	15
79322	26
79323	6
79324	15
79325	14
79326	12
79327	28
79328	5
79329	23
79330	10
79331	10
79332	13
79333	30
79335	9
79336	10
79337	4
79338	15
79340	4
79342	12
79343	19
79344	22
79345	38
79346	13
79348	33
79349	13
79350	23
79351	10
79352	32
79354	14
79355	57
79356	19
79357	3
79359	16
79360	15
79361	33
79364	23
79365	17
79366	23
79367	40
79369	3
79370	7
79371	11
79372	23
79374	19
79375	10
79376	7
79377	31
79378	28
79380	18
79381	13
79382	18
79383	50
79384	7
79385	3
79386	25
79387	16
79388	7
79389	30
79390	4
79392	16
79393	16
79394	40
79395	25
79396	1
79397	10
79399	13
79400	6
79401	31
79402	17
79404	7
79405	17
79406	21
79407	22
79409	16
79410	26
79411	4
79412	17
79413	5
79414	14
79415	14
79416	11
79417	22
79419	26
79420	11
79421	17
79423	17
79424	7
79425	10
79426	5
79427	13
79428	7
79429	25
79430	10
79432	20
79433	25
79435	8
79436	24
79437	34
79438	5
79439	28
79440	7
79441	7
79444	15
79445	22
79447	8
79448	8
79449	10
79450	21
79451	26
79452	36
79453	9
79454	17
79455	24
79457	17
79458	8
79459	12
79460	9
79461	17
79462	12
79463	21
79464	41
79466	27
79468	12
79469	13
79470	12
79471	15
79472	7
79473	10
79474	7
79475	9
79476	9
79477	34
79478	8
79479	11
79480	20
79481	10
79482	22
79483	11
79484	4
79485	16
79486	46
79487	20
79489	17
79490	19
79491	8
79492	20
79493	8
79494	11
79495	17
79496	16
79497	16
79498	11
79499	21
79501	19
79502	6
79503	3
79504	11
79505	24
79506	17
79507	7
79508	11
79509	7
79510	47
79511	26
79512	45
79514	10
79516	10
79517	21
79518	5
79519	24
79520	8
79522	7
79523	18
79524	15
79526	7
79527	34
79528	13
79529	15
79530	14
79531	20
79532	34
79534	3
79535	6
79536	30
79537	10
79538	16
79540	0
79541	12
79542	31
79543	8
79544	30
79545	27
79546	11
79547	13
79548	17
79549	8
79550	7
79552	13
79553	36
79555	26
79556	7
79559	16
79560	21
79561	24
79564	10
79565	14
79566	6
79569	6
79570	16
79571	13
79572	11
79573	7
79574	22
79575	6
79576	9
79577	29
79578	1
79579	11
79580	3
79582	15
79583	10
79584	22
79585	12
79586	22
79587	11
79588	25
79589	20
79590	13
79591	11
79592	31
79593	21
79594	33
79595	9
79596	3
79597	3
79599	9
79600	22
79601	5
79602	17
79603	22
79604	16
79605	25
79606	25
79607	9
79610	13
79611	31
79612	4
79613	8
79614	12
79616	8
79617	6
79618	7
79619	7
79620	10
79621	18
79622	17
79623	31
79624	10
79625	18
79627	14
79628	17
79630	27
79631	4
79632	18
79633	11
79634	13
79636	22
79637	21
79638	16
79639	5
79640	7
79641	13
79642	29
79643	7
79644	4
79645	18
79646	14
79647	11
79648	7
79649	6
79652	3
79653	14
79654	27
79656	18
79657	17
79658	30
79659	10
79660	16
79661	8
79662	26
79663	10
79664	16
79665	12
79666	16
79668	12
79669	3
79670	13
79672	18
79673	3
79674	25
79675	14
79676	14
79677	15
79678	8
79679	19
79680	12
79682	24
79684	12
79685	3
79687	14
79688	5
79689	9
79690	6
79691	6
79692	11
79693	57
79694	5
79695	6
79696	9
79697	2
79698	10
79699	20
79700	16
79701	11
79702	13
79703	19
79704	26
79705	12
79706	22
79707	14
79708	27
79709	25
79710	8
79711	30
79712	27
79713	9
79714	6
79715	14
79716	30
79718	6
79719	7
79720	12
79721	35
79722	8
79723	9
79724	15
79725	17
79726	9
79728	14
79729	18
79730	8
79731	26
79732	24
79733	17
79734	11
79735	23
79736	14
79737	4
79738	28
79739	10
79740	13
79741	7
79743	12
79744	32
79745	14
79746	14
79747	30
79748	29
79750	6
79751	9
79752	16
79753	4
79754	27
79756	20
79757	20
79758	17
79759	17
79760	29
79761	15
79762	49
79763	35
79764	3
79766	1
79767	15
79768	20
79769	3
79770	8
79771	8
79773	6
79774	13
79775	4
79776	19
79777	44
79778	18
79779	41
79780	13
79781	9
79782	16
79783	14
79784	12
79785	7
79786	13
79787	41
79788	9
79789	12
79790	18
79791	32
79792	11
79793	17
79794	17
79796	23
79797	11
79798	26
79799	8
79800	21
79802	7
79803	11
79805	37
79806	5
79807	11
79808	20
79809	8
79810	25
79811	28
79812	20
79813	26
79814	16
79815	28
79816	34
79818	6
79819	25
79820	18
79821	10
79822	12
79823	20
79824	17
79825	10
79826	13
79827	5
79829	14
79830	24
79832	4
79833	18
79834	2
79836	18
79838	22
79839	45
79840	19
79841	25
79842	22
79843	1
79844	14
79845	14
79846	6
79847	8
79848	15
79849	20
79850	13
79851	22
79852	28
79853	19
79854	17
79855	6
79856	13
79857	34
79858	25
79859	17
79860	24
79861	33
79862	11
79863	25
79864	10
79865	11
79866	18
79867	15
79868	22
79869	21
79870	49
79871	11
79872	6
79873	6
79874	25
79875	10
79877	12
79878	8
79879	18
79880	22
79881	19
79882	20
79883	13
79884	28
79885	4
79886	14
79887	28
79888	22
79889	11
79890	17
79891	20
79892	12
79893	26
79894	10
79895	19
79896	26
79897	14
79898	6
79899	7
79900	17
79901	34
79902	24
79903	25
79904	27
79907	13
79908	3
79909	18
79910	17
79911	13
79912	15
79913	16
79914	7
79915	26
79916	11
79917	28
79918	18
79919	20
79920	22
79922	17
79923	12
79924	6
79925	1
79926	13
79928	31
79929	6
79930	9
79931	13
79932	22
79934	22
79935	18
79936	10
79937	10
79938	49
79940	14
79941	7
79942	15
79943	13
79944	13
79945	18
79946	20
79947	23
79948	25
79950	27
79951	5
79952	7
79953	14
79955	22
79956	19
79958	10
79959	11
79960	29
79961	20
79962	2
79963	8
79964	14
79965	14
79966	5
79967	28
79968	13
79969	22
79970	39
79971	3
79972	9
79973	5
79974	20
79975	17
79976	17
79977	20
79978	6
79979	9
79981	25
79982	17
79983	57
79984	24
79986	8
79987	9
79988	14
79989	6
79990	0
79991	11
79992	21
79993	29
79994	20
79995	12
79996	24
79998	3
79999	7
80000	2
80001	11
80003	7
80006	5
80007	13
80008	12
80009	13
80010	17
80011	16
80012	21
80013	18
80015	12
80016	4
80017	19
80018	18
80019	24
80020	17
80022	26
80023	14
80024	44
80026	8
80027	15
80028	16
80030	27
80031	13
80032	38
80034	6
80035	10
80036	18
80037	15
80039	16
80040	11
80041	1
80042	27
80043	11
80044	38
80045	12
80046	30
80047	18
80048	11
80049	3
80052	49
80053	30
80054	14
80055	14
80056	25
80057	10
80058	21
80059	25
80060	20
80061	23
80062	23
80063	5
80064	21
80065	5
80066	37
80067	19
80068	13
80069	22
80070	19
80071	36
80072	12
80073	27
80074	5
80075	1
80076	10
80077	16
80078	13
80079	24
80080	14
80082	9
80083	8
80085	20
80087	8
80088	22
80089	13
80091	14
80092	33
80093	11
80094	14
80095	10
80096	12
80097	7
80100	6
80101	15
80102	18
80103	2
80104	22
80105	32
80106	7
80107	13
80108	10
80109	30
80110	21
80111	29
80112	39
80114	10
80115	10
80116	0
80117	9
80118	22
80119	11
80120	45
80121	21
80122	40
80123	12
80124	23
80126	13
80127	12
80128	31
80129	6
80130	15
80131	23
80132	21
80133	35
80134	33
80135	11
80136	10
80137	6
80138	30
80139	8
80140	9
80143	10
80144	13
80145	21
80146	14
80147	41
80148	27
80149	22
80150	16
80151	4
80152	12
80153	12
80155	0
80156	21
80157	10
80158	13
80159	22
80160	24
80161	23
80163	14
80164	11
80165	16
80166	27
80167	7
80168	36
80169	16
80170	25
80171	28
80172	10
80173	9
80174	5
80175	18
80177	3
80178	16
80179	17
80180	11
80181	15
80182	25
80183	22
80184	6
80185	10
80186	26
80188	17
80189	25
80190	23
80191	16
80192	43
80193	24
80194	9
80196	22
80197	12
80198	8
80200	19
80202	46
80203	12
80204	15
80205	11
80206	14
80207	11
80208	15
80209	23
80212	9
80213	21
80214	5
80215	13
80217	7
80220	11
80221	8
80222	10
80223	11
80224	6
80226	12
80227	14
80228	3
80229	20
80230	4
80231	16
80232	8
80233	35
80234	19
80235	8
80236	13
80237	10
80238	7
80239	24
80240	13
80241	12
80242	5
80243	48
80244	3
80245	5
80246	39
80248	14
80249	20
80250	7
80252	15
80253	24
80254	21
80255	5
80256	3
80257	35
80258	22
80259	18
80260	10
80261	22
80265	3
80266	16
80267	12
80268	27
80269	14
80270	10
80271	5
80272	10
80273	22
80274	35
80276	9
80277	21
80278	22
80279	11
80280	10
80281	5
80282	13
80283	13
80285	1
80286	11
80287	24
80288	19
80289	21
80290	15
80292	15
80293	8
80294	16
80295	20
80296	19
80297	22
80298	8
80300	3
80302	9
80303	20
80304	9
80305	36
80306	50
80308	10
80309	28
80311	16
80312	5
80313	9
80319	4
80320	19
80321	11
80324	3
80325	7
80326	31
80327	37
80328	10
80333	16
80334	3
80335	26
80337	20
80338	7
80339	20
80340	25
80341	9
80342	16
80343	11
80344	18
80345	11
80346	13
80347	14
80348	10
80349	7
80350	0
80351	36
80352	23
80353	27
80354	63
80355	1
80356	24
80358	22
80359	6
80360	7
80361	13
80363	8
80364	14
80365	23
80367	15
80368	18
80369	33
80370	8
80371	21
80372	7
80373	38
80374	17
80375	8
80376	22
80377	14
80379	39
80380	25
80381	15
80382	12
80384	47
80385	33
80388	6
80389	0
80390	18
80391	27
80392	9
80394	24
80395	12
80396	16
80397	14
80398	7
80399	13
80400	20
80401	6
80402	22
80403	12
80404	22
80406	5
80408	11
80409	36
80410	12
80411	29
80412	14
80413	8
80414	5
80415	14
80416	10
80418	14
80419	14
80420	12
80421	13
80422	25
80423	33
80424	14
80425	14
80426	1
80427	8
80428	28
80429	15
80430	11
80431	17
80433	16
80434	28
80435	2
80437	22
80438	12
80439	25
80440	9
80441	20
80443	9
80444	24
80445	14
80446	21
80447	29
80448	34
80449	14
80450	12
80451	6
80452	16
80453	18
80454	20
80455	4
80456	5
80457	10
80458	30
80459	19
80460	1
80461	4
80464	16
80466	23
80468	11
80469	16
80470	30
80471	16
80472	40
80475	3
80476	10
80477	14
80478	8
80479	29
80480	21
80481	22
80483	4
80484	23
80485	11
80486	25
80487	39
80488	17
80489	15
80492	30
80494	22
80495	12
80496	22
80497	13
80498	13
80500	9
80502	9
80503	9
80504	14
80505	14
80506	8
80507	11
80508	37
80509	9
80510	20
80511	9
80513	20
80514	26
80515	20
80516	19
80517	23
80518	6
80520	46
80522	18
80523	10
80524	5
80526	8
80527	29
80528	19
80529	38
80530	11
80531	21
80532	7
80533	8
80534	16
80535	42
80537	7
80538	0
80539	14
80540	21
80541	34
80543	8
80544	21
80545	26
80546	1
80548	23
80550	26
80551	13
80552	4
80553	29
80554	5
80555	23
80556	29
80557	8
80558	11
80559	12
80561	37
80562	25
80563	7
80564	10
80565	14
80567	17
80568	38
80569	16
80570	24
80571	14
80572	16
80573	30
80574	13
80575	15
80576	16
80577	37
80578	5
80579	13
80580	10
80582	23
80583	20
80584	38
80585	8
80586	8
80587	11
80588	12
80589	31
80590	11
80591	25
80592	17
80593	4
80594	17
80595	29
80596	5
80597	20
80599	9
80600	12
80601	15
80602	24
80603	8
80604	10
80605	12
80606	16
80607	10
80608	16
80609	20
80611	16
80612	35
80614	13
80615	6
80616	19
80617	12
80618	10
80619	34
80620	19
80621	24
80623	6
80625	17
80626	13
80627	6
80628	13
80629	4
80630	14
80631	23
80632	14
80633	0
80637	18
80638	5
80639	18
80640	12
80641	6
80642	6
80643	34
80644	9
80645	32
80646	10
80647	21
80648	27
80649	4
80650	23
80651	2
80652	10
80653	4
80654	8
80655	28
80656	25
80657	40
80658	21
80660	15
80661	54
80662	40
80663	18
80664	9
80665	41
80666	38
80667	15
80668	9
80669	5
80670	10
80671	30
80672	19
80673	14
80675	18
80676	7
80677	12
80678	12
80679	6
80680	19
80682	20
80683	8
80684	9
80685	4
80686	15
80687	29
80688	18
80690	15
80691	2
80692	15
80693	12
80694	53
80695	33
80696	14
80697	25
80699	15
80700	10
80701	13
80702	24
80703	10
80704	8
80705	33
80706	20
80707	12
80708	10
80709	32
80710	14
80712	17
80713	6
80714	10
80715	10
80716	23
80717	1
80718	25
80719	3
80721	17
80723	10
80724	35
80725	13
80726	15
80727	44
80728	20
80729	9
80731	23
80732	20
80733	11
80734	31
80735	13
80736	6
80738	32
80740	8
80741	9
80742	37
80743	14
80744	28
80746	10
80747	22
80749	26
80750	20
80751	33
80752	8
80753	27
80754	12
80755	3
80757	29
80758	23
80759	8
80760	14
80762	14
80763	16
80764	24
80765	10
80766	24
80768	9
80770	19
80771	18
80772	16
80773	7
80774	22
80775	13
80776	7
80777	15
80778	7
80779	17
80780	29
80781	19
80782	6
80783	3
80784	25
80785	13
80786	14
80787	34
80788	26
80789	20
80790	8
80791	9
80792	4
80793	10
80795	23
80796	4
80797	23
80799	24
80800	19
80804	8
80806	12
80807	14
80808	18
80809	18
80810	17
80811	10
80812	20
80813	5
80814	13
80815	33
80816	16
80817	5
80818	18
80819	11
80820	15
80821	11
80822	22
80823	22
80824	15
80825	28
80826	25
80827	7
80828	9
80829	8
80830	14
80831	19
80832	16
80833	10
80834	12
80835	9
80836	9
80837	23
80838	5
80839	45
80840	24
80841	1
80842	19
80843	13
80845	14
80846	18
80847	30
80848	30
80850	17
80851	9
80852	30
80853	9
80854	13
80855	5
80857	13
80858	33
80859	45
80860	22
80862	16
80863	22
80864	28
80865	1
80866	13
80868	12
80869	5
80870	19
80871	0
80872	31
80873	24
80874	22
80875	28
80876	25
80877	13
80878	17
80879	27
80880	6
80881	25
80882	21
80883	10
80885	16
80886	5
80887	9
80888	14
80889	4
80890	9
80891	17
80892	6
80893	22
80894	36
80895	28
80897	19
80899	12
80900	23
80901	3
80902	14
80903	46
80905	26
80907	40
80908	0
80909	22
80912	6
80913	16
80914	30
80915	10
80916	32
80918	7
80919	15
80920	34
80921	32
80922	5
80923	15
80924	36
80925	12
80928	20
80929	11
80931	10
80932	10
80933	7
80934	29
80935	20
80938	14
80939	5
80940	6
80941	21
80942	15
80943	24
80944	38
80945	18
80947	27
80948	13
80949	27
80950	4
80951	15
80952	14
80953	8
80954	22
80955	17
80956	24
80957	14
80958	10
80959	13
80960	23
80961	7
80962	11
80963	14
80964	18
80965	16
80966	16
80967	8
80968	16
80969	22
80970	39
80971	2
80973	27
80974	35
80976	22
80979	12
80980	8
80981	18
80982	15
80983	23
80984	11
80985	16
80986	14
80987	8
80988	17
80989	25
80992	6
80993	9
80994	8
80995	39
80997	20
80998	6
81000	19
81001	30
81002	19
81003	17
81004	8
81007	5
81008	19
81009	21
81012	43
81014	6
81015	18
81016	36
81017	4
81018	8
81019	16
81020	13
81021	8
81022	30
81023	4
81024	6
81025	17
81026	18
81027	21
81028	0
81030	20
81031	9
81032	18
81033	2
81034	34
81035	13
81038	2
81039	9
81040	8
81041	26
81042	8
81043	6
81044	24
81045	11
81046	4
81047	36
81048	14
81049	23
81050	8
81051	28
81052	16
81053	13
81055	15
81056	14
81057	3
81058	19
81059	28
81061	18
81062	8
81064	11
81065	9
81066	12
81067	7
81068	15
81069	9
81070	17
81071	26
81072	13
81074	18
81075	31
81076	8
81077	8
81079	17
81081	9
81082	2
81083	29
81085	19
81086	15
81087	17
81089	45
81090	34
81091	27
81092	13
81093	8
81094	13
81095	11
81096	6
81097	19
81098	20
81099	11
81102	15
81103	31
81104	7
81105	4
81106	35
81107	6
81108	9
81109	22
81110	5
81111	18
81112	5
81114	12
81115	7
81116	23
81117	11
81118	10
81119	33
81120	21
81121	9
81122	16
81123	29
81124	9
81125	13
81126	11
81127	11
81128	29
81129	11
81131	4
81132	6
81133	12
81134	40
81135	17
81136	6
81137	25
81138	12
81140	20
81141	21
81143	9
81144	7
81145	25
81146	17
81148	12
81149	15
81150	15
81151	18
81152	10
81153	2
81154	1
81155	10
81156	23
81157	13
81158	21
81159	13
81161	9
81162	15
81163	19
81164	20
81165	18
81166	10
81167	11
81168	19
81170	31
81171	18
81172	6
81173	13
81175	9
81176	22
81177	19
81178	15
81179	12
81180	4
81181	15
81182	31
81183	26
81184	7
81185	27
81186	11
81187	11
81188	32
81189	15
81190	3
81191	36
81193	18
81194	9
81195	16
81196	14
81197	2
81198	14
81199	20
81200	16
81201	32
81202	30
81203	25
81204	11
81205	17
81206	8
81207	14
81209	9
81210	9
81211	9
81213	20
81214	13
81215	14
81217	19
81218	6
81219	32
81220	13
81221	17
81222	14
81223	24
81224	13
81225	7
81226	7
81227	23
81228	15
81230	11
81231	21
81232	12
81233	26
81234	16
81238	9
81239	14
81240	19
81241	5
81242	16
81243	2
81244	7
81245	26
81246	18
81247	29
81248	32
81249	32
81251	28
81252	4
81254	10
81255	13
81256	15
81257	13
81258	9
81259	21
81260	18
81261	30
81262	20
81263	14
81265	7
81267	5
81268	15
81269	7
81270	10
81271	53
81273	18
81274	15
81275	12
81276	13
81277	38
81278	7
81279	17
81281	23
81282	7
81284	11
81286	7
81287	38
81288	36
81289	7
81290	0
81291	13
81292	22
81294	13
81295	27
81296	15
81298	23
81299	35
81301	16
81302	16
81303	2
81304	19
81305	25
81306	13
81307	22
81308	0
81309	24
81310	31
81312	16
81313	16
81314	5
81315	19
81316	22
81318	18
81319	15
81320	5
81321	12
81322	14
81323	10
81325	27
81326	14
81327	19
81328	17
81329	13
81330	18
81331	12
81332	8
81333	8
81335	11
81336	7
81337	16
81338	12
81339	13
81340	7
81342	5
81344	19
81345	18
81346	20
81347	13
81349	28
81350	14
81351	18
81352	6
81353	33
81354	4
81355	8
81356	9
81357	23
81358	50
81360	31
81361	7
81362	21
81363	19
81364	25
81365	29
81366	16
81368	12
81369	18
81370	5
81371	5
81372	17
81373	19
81374	20
81375	32
81377	15
81378	30
81379	18
81380	29
81383	21
81384	17
81385	13
81386	13
81387	18
81388	30
81389	4
81390	12
81391	15
81392	18
81393	17
81394	22
81395	3
81396	17
81397	14
81398	7
81399	31
81400	26
81401	11
81402	46
81403	4
81404	9
81405	16
81406	11
81407	7
81408	7
81409	2
81410	6
81411	17
81412	34
81413	8
81414	9
81415	33
81416	17
81417	6
81418	22
81419	11
81420	36
81421	5
81422	11
81423	5
81424	11
81425	25
81426	24
81427	19
81428	9
81430	18
81431	8
81433	12
81434	5
81435	7
81436	16
81437	7
81439	30
81440	17
81441	27
81442	26
81444	14
81445	16
81446	14
81447	1
81449	10
81450	8
81451	13
81453	15
81454	25
81455	19
81456	11
81457	6
81458	7
81459	8
81460	5
81461	18
81462	7
81463	19
81464	13
81465	26
81467	20
81469	26
81470	21
81471	16
81472	7
81473	1
81474	6
81475	20
81476	0
81477	16
81480	15
81481	12
81482	16
81483	17
81485	12
81486	20
81488	14
81489	8
81490	20
81491	4
81492	28
81493	21
81494	32
81495	35
81496	18
81497	5
81498	5
81499	26
81500	18
81501	20
81502	8
81503	11
81505	19
81506	11
81507	15
81508	18
81511	16
81512	21
81513	27
81514	0
81516	2
81517	4
81518	6
81520	11
81521	8
81522	13
81523	0
81524	14
81525	27
81526	23
81527	4
81528	15
81530	13
81531	13
81532	34
81533	4
81534	9
81535	4
81536	12
81537	7
81538	11
81539	16
81540	6
81541	14
81542	23
81543	10
81544	19
81545	4
81546	14
81547	15
81549	3
81550	10
81551	24
81552	22
81553	7
81554	34
81556	19
81557	4
81558	17
81559	19
81561	21
81562	27
81565	15
81566	13
81567	19
81568	10
81569	17
81570	7
81571	10
81572	6
81573	14
81574	15
81575	20
81576	31
81577	27
81578	19
81579	13
81580	24
81581	6
81582	6
81583	40
81584	3
81585	14
81586	22
81587	5
81588	8
81589	27
81590	14
81591	6
81592	21
81593	21
81594	9
81595	10
81596	10
81597	18
81600	21
81601	23
81602	11
81603	17
81604	39
81605	18
81606	15
81607	11
81608	12
81609	8
81610	6
81611	33
81612	17
81614	7
81615	8
81617	7
81619	26
81620	11
81621	3
81622	8
81623	27
81626	3
81627	26
81628	3
81630	16
81631	17
81632	16
81634	9
81635	18
81636	13
81637	11
81639	23
81640	23
81641	15
81643	17
81644	29
81645	7
81646	21
81647	30
81648	7
81651	11
81653	23
81654	10
81655	11
81656	5
81657	7
81659	6
81660	48
81661	0
81663	14
81664	23
81665	11
81666	18
81667	45
81668	9
81671	13
81672	36
81673	3
81675	15
81676	1
81677	13
81678	7
81679	23
81680	10
81681	33
81682	16
81683	17
81684	12
81685	10
81686	20
81687	15
81688	36
81689	11
81691	19
81693	8
81694	8
81696	19
81697	16
81698	8
81700	12
81702	2
81703	6
81704	11
81705	16
81706	9
81707	8
81708	10
81709	14
81711	19
81712	11
81713	30
81714	25
81715	9
81717	21
81719	37
81720	33
81721	19
81722	5
81723	15
81724	18
81725	7
81726	28
81727	5
81729	7
81730	25
81731	32
81732	3
81734	40
81735	18
81737	3
81739	29
81740	8
81741	14
81742	24
81743	8
81744	20
81745	17
81746	6
81747	12
81748	9
81749	7
81750	2
81752	14
81753	27
81754	21
81755	11
81756	16
81757	21
81758	10
81760	30
81761	6
81762	10
81763	15
81765	11
81766	15
81767	3
81768	16
81769	34
81770	22
81771	15
81772	18
81773	12
81774	19
81776	14
81777	7
81778	25
81780	17
81781	37
81783	24
81784	16
81785	38
81786	14
81787	11
81788	27
81789	14
81790	12
81791	14
81792	9
81793	9
81794	23
81795	33
81796	16
81797	8
81798	35
81799	43
81800	9
81802	13
81803	33
81804	7
81805	15
81806	9
81808	29
81809	4
81810	16
81812	19
81814	2
81815	10
81816	9
81817	18
81819	12
81820	8
81821	19
81823	31
81824	13
81825	1
81826	7
81827	5
81828	15
81829	7
81830	9
81831	8
81832	48
81833	13
81834	8
81835	20
81836	4
81837	18
81838	7
81839	7
81840	3
81841	18
81843	9
81844	20
81845	14
81846	16
81847	16
81848	11
81849	11
81851	8
81852	26
81853	8
81854	18
81855	1
81858	0
81860	13
81861	8
81864	7
81865	8
81866	13
81867	10
81870	6
81872	11
81873	29
81874	10
81875	22
81876	26
81877	37
81878	14
81879	7
81880	27
81881	9
81882	5
81883	35
81884	15
81885	41
81886	26
81887	2
81888	26
81889	11
81890	56
81891	4
81892	33
81893	12
81894	16
81895	9
81896	10
81897	8
81898	20
81899	9
81900	20
81902	47
81903	12
81904	41
81905	27
81906	8
81911	7
81912	35
81913	10
81914	29
81916	31
81917	12
81918	18
81919	8
81921	4
81922	21
81925	13
81926	15
81927	26
81928	21
81929	5
81930	13
81931	20
81932	18
81933	4
81934	16
81935	12
81937	24
81940	21
81941	10
81942	9
81943	0
81945	18
81947	8
81948	23
81949	7
81950	16
81951	6
81952	13
81953	27
81954	19
81955	35
81958	9
81959	28
81961	25
81963	6
81964	4
81967	10
81968	26
81969	15
81970	10
81971	38
81973	6
81974	1
81975	7
81977	19
81978	15
81979	37
81980	15
81981	14
81982	6
81983	12
81984	10
81985	9
81986	16
81988	9
81989	20
81990	25
81991	13
81992	16
81993	22
81994	35
81995	21
81996	15
81997	12
81998	20
81999	12
82000	29
82001	25
82002	18
82003	11
82004	3
82005	18
82006	3
82007	9
82008	23
82009	26
82010	29
82011	12
82012	27
82013	48
82014	9
82015	9
82017	5
82018	4
82019	10
82020	22
82021	11
82022	2
82023	31
82024	10
82025	17
82026	17
82027	21
82029	17
82030	34
82031	30
82032	8
82033	17
82034	36
82035	12
82036	3
82037	37
82038	14
82039	7
82040	14
82042	27
82043	2
82044	9
82045	5
82046	16
82047	29
82049	18
82050	13
82051	4
82052	17
82053	14
82054	5
82055	14
82056	40
82058	6
82059	18
82060	27
82061	53
82063	20
82064	10
82065	16
82066	14
82067	17
82068	10
82069	13
82070	15
82071	17
82072	6
82073	27
82074	2
82076	8
82077	38
82078	9
82079	4
82080	13
82081	18
82082	10
82083	17
82085	3
82086	26
82088	19
82089	26
82090	16
82091	24
82092	20
82093	25
82094	25
82095	17
82096	20
82097	11
82098	22
82100	25
82101	11
82102	22
82103	9
82104	20
82105	25
82106	15
82107	13
82108	17
82109	18
82110	34
82112	1
82115	26
82117	18
82118	27
82119	7
82120	32
82121	8
82122	17
82123	8
82124	7
82125	16
82126	17
82129	9
82130	22
82131	18
82132	21
82134	22
82135	13
82136	23
82137	22
82138	19
82139	17
82140	6
82142	11
82143	32
82144	11
82145	23
82147	9
82148	2
82149	3
82150	32
82151	9
82152	12
82153	27
82154	34
82155	25
82156	15
82157	17
82158	36
82160	23
82161	7
82163	15
82164	6
82165	28
82166	17
82167	42
82169	10
82170	11
82171	18
82172	13
82173	23
82175	11
82176	28
82177	11
82178	12
82179	29
82180	52
82181	17
82182	6
82183	10
82184	3
82185	29
82186	10
82188	20
82189	26
82190	21
82191	14
82192	20
82193	42
82194	21
82195	10
82196	16
82198	16
82200	17
82201	3
82202	16
82203	16
82204	6
82205	11
82206	15
82207	5
82208	9
82209	6
82210	22
82211	13
82212	13
82213	20
82214	9
82215	22
82216	32
82217	3
82219	21
82220	7
82221	12
82222	11
82223	2
82224	3
82225	19
82226	8
82227	8
82228	45
82230	15
82231	9
82232	14
82233	8
82234	4
82236	9
82237	13
82238	13
82239	32
82240	7
82241	19
82242	7
82243	25
82244	15
82245	24
82247	22
82248	5
82249	15
82250	20
82251	23
82252	16
82253	29
82254	10
82255	14
82256	24
82257	9
82258	16
82259	26
82262	16
82263	15
82264	12
82265	9
82266	23
82267	2
82268	24
82269	14
82270	18
82271	5
82272	15
82273	9
82274	22
82275	19
82278	12
82279	18
82281	8
82282	27
82283	18
82284	17
82285	3
82286	10
82287	3
82288	7
82289	16
82291	36
82292	32
82293	22
82294	12
82295	5
82296	10
82297	4
82299	18
82300	14
82301	8
82302	3
82303	13
82304	26
82305	5
82306	17
82307	10
82308	12
82309	33
82310	25
82311	0
82312	10
82313	23
82314	15
82315	15
82316	14
82317	12
82318	18
82320	14
82322	4
82323	11
82324	28
82325	22
82326	26
82329	20
82330	21
82331	13
82332	15
82333	12
82334	13
82335	12
82336	13
82337	9
82338	4
82340	7
82342	21
82343	17
82345	4
82346	30
82347	10
82348	18
82349	15
82350	6
82351	16
82352	12
82353	14
82354	11
82355	19
82356	32
82358	6
82359	13
82360	9
82361	7
82362	14
82364	9
82365	2
82366	21
82367	19
82368	9
82369	22
82371	20
82373	8
82374	6
82376	16
82377	16
82378	31
82379	23
82380	2
82381	0
82383	25
82384	24
82386	25
82387	7
82388	36
82389	7
82390	28
82391	21
82392	7
82393	31
82394	1
82395	8
82396	8
82397	8
82399	14
82400	35
82401	5
82402	8
82403	24
82405	3
82407	18
82408	13
82409	5
82410	12
82411	20
82412	17
82413	17
82414	16
82415	8
82416	15
82417	33
82418	19
82419	27
82420	19
82421	25
82422	17
82423	9
82424	12
82425	25
82426	16
82427	18
82428	48
82429	25
82430	12
82431	16
82433	25
82434	3
82435	22
82436	13
82437	2
82438	19
82439	18
82440	18
82441	29
82442	14
82443	22
82444	31
82445	50
82446	21
82447	21
82448	8
82449	35
82451	23
82452	12
82453	29
82454	6
82455	22
82456	14
82457	7
82458	10
82459	29
82460	8
82461	3
82462	49
82463	10
82464	35
82465	14
82466	20
82467	16
82468	23
82469	17
82470	10
82471	11
82472	17
82473	12
82474	6
82475	2
82477	9
82479	17
82480	13
82481	19
82482	15
82484	8
82485	14
82486	25
82487	18
82488	23
82489	22
82490	23
82491	27
82492	5
82493	31
82496	17
82498	6
82499	19
82500	0
82502	14
82503	16
82505	9
82506	11
82507	24
82508	6
82509	16
82510	16
82512	10
82513	20
82514	17
82515	17
82516	43
82517	9
82518	15
82519	9
82520	11
82521	11
82522	29
82523	7
82524	19
82526	22
82527	14
82528	3
82529	10
82530	30
82531	11
82532	13
82533	3
82534	31
82535	15
82537	20
82538	1
82539	20
82540	21
82541	15
82542	15
82543	11
82544	14
82545	18
82546	23
82548	19
82549	9
82550	8
82551	29
82552	4
82553	8
82554	30
82555	19
82556	39
82558	21
82559	56
82560	19
82562	25
82563	16
82564	10
82566	12
82567	38
82568	16
82571	38
82572	4
82575	12
82577	13
82578	13
82579	32
82580	4
82581	13
82582	7
82583	13
82584	12
82585	16
82586	8
82587	15
82588	8
82589	16
82590	32
82591	11
82592	5
82593	13
82594	24
82595	1
82596	8
82597	4
82598	4
82600	34
82601	10
82603	23
82604	15
82605	24
82606	24
82607	16
82608	8
82609	26
82610	15
82611	28
82612	0
82613	13
82614	25
82615	17
82616	12
82617	22
82618	16
82619	18
82620	11
82621	14
82622	5
82624	24
82625	17
82626	8
82627	7
82628	2
82631	1
82632	3
82633	16
82634	14
82635	23
82637	6
82638	10
82639	14
82640	7
82641	17
82642	19
82644	22
82645	26
82646	10
82647	15
82648	15
82649	6
82650	24
82651	25
82652	12
82653	23
82654	11
82655	4
82656	14
82657	38
82660	7
82662	14
82663	1
82664	8
82665	14
82666	17
82667	37
82668	27
82669	3
82670	22
82671	11
82672	17
82673	21
82674	17
82675	10
82676	14
82677	2
82678	12
82679	7
82680	17
82682	11
82683	32
82684	6
82685	16
82686	20
82687	11
82688	16
82689	34
82690	4
82692	5
82693	9
82694	6
82695	2
82696	6
82697	1
82699	19
82700	33
82701	32
82702	27
82703	23
82704	16
82705	25
82706	3
82707	12
82708	32
82709	32
82710	48
82711	12
82712	6
82715	17
82716	18
82717	14
82718	5
82719	16
82720	9
82721	45
82723	36
82725	17
82726	16
82728	33
82729	19
82730	11
82733	6
82735	24
82736	9
82737	9
82738	19
82740	12
82741	14
82742	21
82743	15
82744	17
82745	16
82746	12
82747	15
82748	16
82749	28
82750	17
82751	7
82753	14
82755	13
82756	24
82757	6
82758	7
82759	3
82760	11
82761	11
82762	18
82763	37
82764	16
82765	29
82766	18
82767	13
82768	33
82769	25
82771	18
82775	7
82776	15
82777	17
82778	17
82779	11
82780	15
82781	29
82782	12
82785	15
82786	25
82787	16
82788	13
82789	6
82790	7
82791	7
82792	6
82793	32
82795	23
82796	12
82798	17
82799	12
82800	12
82801	12
82802	26
82803	15
82804	11
82805	15
82806	10
82807	19
82808	19
82809	4
82810	18
82811	22
82813	14
82814	25
82815	19
82816	9
82817	7
82819	0
82820	22
82821	31
82822	30
82823	13
82824	3
82825	28
82826	17
82827	23
82828	29
82829	34
82831	28
82832	13
82833	13
82835	14
82836	9
82838	12
82840	21
82841	5
82843	3
82844	19
82845	16
82846	40
82847	13
82848	12
82849	26
82850	5
82852	13
82854	30
82855	23
82856	10
82857	22
82858	23
82859	20
82860	49
82861	22
82862	11
82863	26
82864	25
82865	26
82866	10
82867	15
82868	39
82869	6
82870	9
82871	18
82872	26
82873	30
82874	2
82876	17
82877	8
82878	23
82879	6
82880	15
82881	16
82882	31
82883	15
82884	7
82885	4
82888	27
82889	25
82891	11
82892	1
82893	21
82894	17
82895	17
82897	36
82900	27
82901	3
82902	6
82903	27
82904	11
82906	12
82908	34
82909	11
82910	29
82911	22
82913	4
82915	21
82916	13
82917	10
82918	16
82919	24
82921	11
82922	20
82923	16
82924	13
82925	5
82926	20
82928	5
82929	26
82931	16
82932	16
82933	10
82934	11
82935	12
82936	21
82938	5
82939	24
82940	13
82942	7
82943	31
82944	5
82945	15
82946	11
82948	35
82949	35
82950	16
82951	12
82952	11
82953	24
82955	14
82956	2
82958	10
82959	13
82960	5
82961	20
82962	14
82963	9
82965	11
82967	17
82968	22
82969	18
82970	29
82971	20
82972	23
82973	16
82974	16
82975	3
82977	7
82978	10
82980	15
82981	20
82982	24
82983	23
82984	11
82986	14
82987	21
82990	4
82991	24
82992	21
82993	13
82994	15
82995	17
82996	8
82997	21
82998	17
82999	22
83000	7
83002	3
83004	4
83005	3
83006	5
83007	10
83008	6
83009	14
83011	21
83012	20
83014	33
83015	10
83016	12
83017	5
83018	13
83019	13
83020	38
83021	14
83022	14
83023	14
83024	15
83025	6
83026	14
83027	12
83028	41
83029	15
83030	24
83031	9
83032	5
83033	17
83034	9
83035	13
83036	10
83037	18
83038	15
83039	15
83040	28
83041	21
83042	45
83045	7
83046	43
83048	9
83049	4
83050	5
83051	45
83052	41
83053	11
83054	1
83056	14
83058	11
83059	20
83060	18
83061	13
83062	18
83063	20
83065	19
83066	9
83067	7
83068	1
83070	6
83071	18
83073	9
83074	7
83075	13
83076	20
83077	21
83078	42
83079	5
83080	22
83081	9
83082	12
83083	29
83084	8
83085	24
83086	14
83087	1
83089	0
83090	24
83091	29
83092	11
83093	8
83094	13
83096	10
83097	41
83098	15
83099	26
83100	21
83101	11
83102	56
83103	11
83104	19
83105	15
83106	35
83107	31
83108	16
83109	8
83110	15
83111	16
83112	11
83113	16
83114	31
83115	5
83116	8
83117	24
83118	19
83119	3
83120	23
83121	8
83122	47
83123	19
83124	16
83126	12
83127	30
83128	9
83129	51
83130	11
83131	23
83132	18
83133	13
83134	2
83135	14
83137	8
83138	32
83139	9
83140	15
83141	28
83142	14
83143	9
83144	7
83145	3
83146	7
83147	15
83149	19
83150	8
83151	12
83152	14
83155	16
83156	4
83158	19
83159	18
83160	18
83161	10
83162	4
83163	19
83164	5
83166	0
83167	17
83168	13
83169	27
83173	10
83174	33
83175	20
83176	6
83177	12
83178	3
83179	15
83180	34
83182	26
83183	14
83184	8
83185	32
83186	18
83187	20
83188	16
83189	13
83190	27
83191	6
83192	27
83193	6
83194	15
83195	7
83196	4
83197	4
83198	23
83199	0
83200	13
83201	17
83202	8
83203	6
83205	16
83206	36
83207	10
83208	28
83209	28
83210	11
83211	34
83212	16
83213	4
83214	29
83215	8
83216	4
83217	8
83218	18
83219	5
83220	10
83221	12
83223	10
83225	27
83226	9
83228	9
83230	20
83231	6
83232	13
83234	10
83236	5
83237	29
83238	4
83239	22
83240	26
83241	17
83242	11
83243	12
83244	5
83245	13
83246	8
83247	6
83248	11
83249	13
83250	2
83251	12
83252	7
83253	15
83254	18
83255	13
83256	16
83257	13
83258	15
83259	22
83260	9
83261	12
83262	27
83265	8
83266	11
83267	14
83268	23
83269	17
83270	25
83271	28
83274	23
83275	18
83276	6
83277	23
83278	34
83279	4
83280	33
83281	23
83282	5
83284	13
83285	16
83286	8
83287	10
83288	16
83289	16
83290	7
83294	14
83295	17
83296	10
83297	36
83299	26
83300	8
83301	11
83302	9
83303	32
83304	8
83306	21
83308	17
83309	13
83310	14
83311	28
83312	8
83313	5
83314	17
83315	22
83316	18
83317	23
83320	15
83321	26
83323	21
83324	3
83325	41
83326	10
83327	8
83329	22
83330	10
83331	31
83332	25
83333	6
83335	4
83337	20
83338	17
83339	16
83340	28
83341	20
83342	4
83343	3
83346	31
83347	23
83349	2
83350	33
83351	15
83352	10
83353	23
83354	24
83355	5
83356	5
83357	33
83358	18
83361	17
83362	18
83363	11
83364	22
83365	9
83366	15
83367	31
83368	21
83369	12
83370	28
83371	27
83373	33
83375	4
83376	14
83377	7
83379	14
83380	9
83381	8
83382	12
83383	12
83384	8
83385	42
83386	17
83388	18
83389	14
83390	7
83391	14
83392	2
83393	20
83395	22
83396	34
83397	6
83398	27
83400	25
83402	23
83403	18
83404	13
83405	24
83406	7
83407	22
83408	9
83409	12
83410	24
83411	9
83412	32
83413	21
83414	8
83415	21
83416	20
83418	18
83419	18
83420	13
83421	28
83422	9
83423	23
83425	36
83426	21
83427	5
83428	25
83429	14
83430	18
83431	10
83432	28
83433	25
83434	18
83435	24
83436	34
83439	7
83440	11
83442	10
83443	25
83444	3
83445	11
83446	23
83448	27
83449	33
83451	32
83452	9
83453	13
83454	37
83455	21
83456	7
83457	18
83458	11
83459	18
83460	17
83461	15
83462	31
83463	13
83464	10
83465	12
83466	3
83468	11
83469	47
83470	10
83471	26
83473	24
83476	5
83478	16
83481	25
83482	26
83484	1
83485	3
83486	7
83487	26
83488	16
83489	15
83490	28
83491	15
83492	13
83493	16
83494	11
83495	15
83496	13
83497	11
83498	5
83499	19
83501	13
83502	11
83503	18
83504	11
83505	14
83506	4
83507	17
83508	20
83509	9
83510	23
83514	16
83515	12
83516	16
83517	9
83518	39
83519	18
83520	14
83521	3
83522	22
83523	38
83524	11
83525	17
83526	41
83527	9
83528	15
83529	8
83530	9
83531	34
83532	18
83533	40
83534	20
83535	15
83536	24
83537	19
83538	13
83539	29
83540	7
83541	14
83542	26
83543	7
83544	0
83545	19
83546	11
83547	27
83548	18
83549	23
83551	39
83552	5
83554	43
83555	12
83556	16
83557	15
83558	32
83559	6
83561	21
83562	24
83563	4
83564	16
83565	20
83566	29
83567	22
83568	17
83569	29
83570	28
83571	6
83572	30
83574	1
83575	10
83576	8
83577	18
83578	21
83579	9
83580	22
83581	12
83582	2
83583	18
83584	19
83585	12
83589	16
83590	26
83591	11
83592	7
83593	5
83594	25
83595	1
83596	7
83597	21
83598	30
83599	13
83600	11
83601	8
83602	10
83603	15
83604	12
83605	18
83606	21
83607	16
83608	35
83609	18
83610	35
83612	20
83613	4
83614	19
83616	28
83617	19
83618	21
83619	12
83620	5
83621	12
83622	15
83623	42
83625	22
83626	39
83627	1
83628	9
83629	3
83630	18
83631	23
83632	9
83633	20
83635	15
83636	19
83637	16
83639	10
83640	18
83641	9
83642	34
83643	21
83644	13
83645	18
83646	17
83647	12
83648	22
83650	9
83651	12
83652	4
83654	16
83655	17
83656	12
83657	26
83658	18
83659	7
83661	10
83662	8
83663	16
83665	15
83666	11
83667	11
83668	15
83669	14
83671	19
83672	15
83673	0
83674	17
83676	28
83677	18
83678	3
83679	16
83680	12
83683	11
83684	8
83685	11
83686	24
83687	23
83688	31
83689	10
83690	27
83692	13
83693	24
83694	31
83695	16
83696	9
83697	14
83698	22
83699	5
83700	7
83702	8
83704	14
83705	16
83706	16
83707	8
83708	28
83710	19
83711	13
83712	13
83713	4
83714	29
83715	6
83716	13
83718	11
83721	11
83722	26
83723	9
83724	37
83727	7
83728	11
83729	6
83730	23
83731	22
83732	3
83733	32
83735	41
83736	12
83739	10
83740	18
83741	11
83742	15
83744	17
83745	10
83746	29
83747	21
83748	4
83749	11
83750	9
83752	23
83753	7
83754	7
83755	12
83756	19
83757	18
83760	18
83761	14
83762	18
83763	9
83764	8
83766	16
83767	19
83768	3
83769	9
83771	9
83773	33
83774	31
83775	20
83776	23
83777	12
83778	64
83779	12
83780	4
83782	14
83784	12
83785	32
83786	16
83787	13
83788	13
83789	17
83790	22
83791	44
83792	20
83793	30
83795	11
83796	31
83797	30
83798	20
83799	12
83800	20
83801	26
83802	0
83803	4
83804	17
83805	17
83806	6
83808	14
83809	39
83810	8
83812	7
83813	22
83814	12
83819	15
83820	26
83821	7
83822	22
83824	16
83825	13
83826	18
83827	9
83828	8
83829	21
83830	14
83831	30
83832	8
83833	16
83834	18
83835	25
83836	0
83837	10
83838	16
83839	4
83840	11
83841	30
83842	3
83843	7
83845	12
83846	11
83847	18
83848	19
83849	18
83850	10
83851	11
83852	14
83853	35
83854	21
83855	31
83856	14
83857	23
83858	14
83859	12
83860	14
83862	17
83863	22
83864	4
83865	17
83866	6
83867	40
83868	4
83869	15
83870	16
83871	21
83872	13
83873	8
83874	14
83875	25
83876	21
83877	7
83878	6
83880	10
83881	26
83882	19
83885	6
83886	10
83887	15
83889	5
83891	11
83892	4
83893	17
83894	6
83895	10
83898	15
83899	15
83900	34
83901	10
83902	10
83903	12
83904	18
83905	21
83906	4
83907	16
83908	7
83909	19
83910	28
83911	12
83912	13
83913	15
83914	7
83915	6
83916	9
83917	27
83920	9
83921	41
83922	13
83925	9
83926	11
83927	12
83928	10
83929	14
83931	35
83933	16
83934	6
83935	8
83936	32
83937	17
83938	22
83939	1
83940	9
83941	33
83944	23
83945	12
83946	20
83948	13
83949	29
83950	8
83951	25
83952	12
83954	29
83955	14
83956	0
83957	12
83958	7
83959	8
83960	16
83963	37
83964	8
83965	10
83967	8
83968	5
83969	7
83970	13
83971	17
83972	7
83973	41
83974	6
83975	16
83976	23
83978	20
83979	17
83980	17
83981	47
83982	4
83983	16
83984	15
83986	7
83987	13
83988	3
83989	25
83990	17
83991	21
83992	17
83993	9
83994	11
83997	1
83999	13
84000	20
84001	18
84003	3
84004	22
84005	26
84006	3
84007	1
84008	27
84009	21
84010	36
84011	4
84012	20
84013	20
84014	11
84016	13
84017	17
84018	38
84020	24
84021	13
84022	26
84023	29
84024	5
84025	33
84026	16
84028	32
84029	10
84030	22
84032	14
84033	6
84034	14
84035	8
84036	15
84037	16
84038	54
84039	7
84040	4
84041	27
84042	26
84043	26
84044	14
84045	18
84046	22
84047	9
84048	16
84049	13
84050	10
84051	5
84052	25
84053	4
84054	21
84055	25
84057	9
84058	7
84060	14
84061	5
84062	24
84063	15
84064	20
84065	27
84066	32
84067	9
84068	2
84069	24
84070	53
84071	15
84072	16
84073	16
84074	16
84075	22
84076	20
84077	12
84078	15
84079	41
84080	22
84081	9
84082	22
84083	4
84084	8
84085	12
84086	10
84087	16
84088	1
84089	18
84091	8
84092	15
84093	10
84094	10
84095	10
84097	8
84098	20
84099	20
84102	8
84103	4
84104	19
84105	10
84106	18
84107	7
84108	29
84109	12
84111	24
84112	14
84113	12
84114	23
84115	19
84116	10
84117	8
84118	30
84119	30
84120	19
84121	16
84122	6
84123	12
84124	24
84125	8
84130	14
84132	12
84133	20
84135	12
84136	12
84137	18
84138	34
84139	6
84140	20
84141	24
84142	16
84143	8
84144	4
84145	20
84147	7
84148	9
84149	21
84150	11
84151	14
84153	5
84154	23
84155	23
84156	26
84157	5
84158	11
84159	7
84160	4
84161	23
84162	22
84163	16
84165	19
84168	11
84169	9
84170	15
84171	8
84172	31
84174	13
84175	3
84178	23
84179	17
84180	8
84182	15
84183	17
84184	9
84187	23
84188	15
84189	6
84190	6
84191	23
84192	10
84194	23
84195	22
84197	3
84198	16
84199	13
84200	24
84201	15
84202	27
84203	4
84204	11
84205	16
84206	10
84207	28
84209	16
84210	37
84211	6
84212	3
84213	1
84214	28
84215	0
84216	22
84217	12
84218	45
84219	5
84221	28
84222	8
84223	7
84224	13
84226	16
84227	26
84228	15
84229	31
84230	13
84231	26
84232	19
84233	12
84234	12
84235	16
84236	21
84237	9
84239	27
84240	35
84242	21
84243	24
84246	11
84247	11
84248	6
84249	29
84250	11
84251	44
84252	15
84253	23
84255	19
84259	28
84260	31
84261	21
84262	23
84263	6
84264	25
84265	38
84266	28
84267	24
84268	30
84269	10
84270	19
84271	7
84272	16
84273	26
84274	21
84275	21
84276	28
84277	29
84278	13
84281	26
84282	10
84284	23
84285	12
84288	7
84289	15
84290	30
84291	4
84292	0
84293	15
84294	26
84295	8
84296	14
84298	8
84299	12
84300	31
84301	34
84302	17
84304	10
84305	32
84306	3
84307	34
84309	26
84310	27
84311	5
84312	23
84314	25
84315	12
84316	23
84317	12
84318	4
84319	15
84320	21
84322	24
84323	9
84324	14
84325	14
84326	1
84327	12
84328	46
84329	13
84332	8
84333	17
84334	18
84335	19
84336	14
84337	18
84338	15
84339	49
84340	3
84341	16
84342	13
84343	20
84344	8
84345	9
84346	14
84347	31
84348	5
84349	16
84350	14
84351	8
84352	24
84353	24
84354	26
84356	17
84358	16
84359	12
84360	26
84362	26
84363	22
84369	21
84370	3
84371	19
84372	42
84373	14
84375	21
84376	31
84377	6
84378	31
84379	10
84380	10
84381	20
84383	18
84384	42
84385	15
84386	24
84387	35
84388	3
84389	19
84390	13
84391	16
84392	10
84393	8
84394	13
84395	12
84396	23
84398	16
84399	21
84400	13
84401	8
84402	13
84405	40
84406	22
84407	10
84408	2
84409	20
84410	41
84411	8
84413	4
84414	27
84415	32
84416	17
84417	11
84418	22
84419	27
84420	21
84421	15
84422	30
84424	40
84425	18
84426	22
84427	18
84428	8
84429	10
84431	19
84432	16
84433	19
84434	36
84435	12
84436	16
84437	35
84439	8
84440	1
84441	16
84443	24
84444	9
84445	13
84446	15
84447	31
84448	9
84449	14
84450	8
84451	14
84452	13
84453	16
84454	39
84455	8
84456	29
84458	40
84460	34
84461	0
84462	48
84464	15
84465	20
84466	14
84467	12
84468	6
84469	10
84471	13
84472	12
84473	31
84474	1
84476	4
84477	16
84478	36
84479	26
84480	10
84481	22
84483	11
84484	29
84485	29
84486	14
84487	15
84488	15
84489	16
84490	19
84491	12
84492	43
84494	18
84495	12
84496	13
84498	20
84499	25
84502	7
84504	31
84505	0
84507	20
84508	14
84509	23
84510	31
84511	11
84512	17
84513	4
84514	25
84515	17
84516	1
84517	11
84519	24
84520	5
84521	12
84522	16
84524	18
84526	21
84527	7
84528	23
84530	16
84531	34
84532	20
84533	13
84534	10
84535	15
84536	18
84537	17
84539	10
84540	25
84541	22
84542	12
84543	17
84544	10
84545	19
84546	10
84547	6
84548	33
84549	7
84550	13
84551	12
84552	15
84554	9
84555	13
84557	12
84558	21
84559	34
84560	32
84561	20
84562	24
84563	7
84564	8
84565	6
84566	29
84568	22
84570	2
84571	11
84572	24
84573	18
84574	28
84575	21
84576	23
84577	22
84578	22
84579	4
84580	10
84581	12
84583	14
84585	28
84586	6
84587	5
84589	26
84590	16
84591	20
84592	19
84593	21
84594	16
84595	14
84597	3
84598	27
84599	13
84600	17
84601	22
84603	20
84604	8
84605	10
84606	0
84607	2
84608	22
84609	11
84610	35
84611	0
84612	1
84613	12
84614	18
84615	13
84616	29
84617	22
84618	9
84619	8
84620	21
84621	27
84623	15
84624	4
84626	5
84627	9
84628	24
84629	13
84631	27
84633	6
84634	46
84635	13
84636	26
84637	35
84638	16
84640	17
84641	16
84642	25
84643	49
84644	30
84645	34
84646	15
84647	25
84648	19
84650	18
84651	23
84652	24
84653	36
84654	12
84655	20
84656	13
84657	7
84658	10
84659	2
84660	20
84661	50
84663	14
84664	21
84665	14
84667	22
84668	24
84669	10
84670	14
84671	16
84673	12
84674	16
84675	24
84676	11
84677	10
84678	22
84679	8
84680	22
84682	22
84683	24
84684	21
84685	13
84686	13
84687	18
84688	24
84689	5
84690	20
84691	9
84692	17
84694	20
84695	34
84696	8
84697	15
84698	44
84699	41
84700	12
84701	6
84702	16
84703	16
84704	11
84705	20
84706	20
84707	4
84709	10
84710	6
84712	13
84713	5
84714	12
84715	34
84717	5
84718	21
84719	25
84720	23
84721	16
84722	15
84723	21
84724	10
84725	11
84726	4
84727	16
84728	14
84729	18
84730	9
84732	10
84733	21
84735	8
84736	17
84737	12
84738	15
84739	19
84740	34
84741	20
84742	46
84744	9
84746	9
84749	6
84750	37
84751	6
84752	30
84753	7
84754	17
84755	9
84756	21
84757	22
84758	0
84759	19
84760	9
84761	12
84762	50
84763	5
84764	15
84765	28
84766	7
84767	19
84768	11
84769	16
84770	1
84771	31
84772	22
84773	21
84774	11
84775	11
84776	22
84777	11
84778	23
84779	25
84780	13
84781	15
84783	13
84784	16
84785	16
84786	11
84787	19
84789	20
84790	20
84791	31
84792	15
84794	10
84795	30
84796	12
84798	13
84799	39
84800	27
84802	16
84803	22
84804	19
84805	15
84806	33
84807	19
84809	27
84810	28
84811	19
84812	25
84813	24
84814	20
84815	17
84816	5
84817	16
84818	8
84819	22
84820	3
84821	28
84822	25
84823	31
84825	8
84826	5
84827	9
84828	16
84829	24
84830	28
84831	15
84832	1
84833	8
84834	9
84835	53
84836	24
84837	7
84839	19
84840	21
84841	19
84842	15
84843	27
84845	11
84846	7
84847	29
84848	7
84850	2
84851	32
84852	12
84853	3
84854	19
84855	29
84856	28
84857	24
84858	32
84860	8
84862	19
84863	14
84864	10
84865	4
84866	12
84867	30
84868	10
84869	18
84870	21
84871	9
84872	1
84873	3
84874	8
84875	23
84876	16
84877	33
84879	27
84880	16
84881	7
84882	12
84883	2
84884	11
84886	12
84887	15
84888	6
84889	23
84890	14
84891	22
84892	26
84893	7
84894	20
84895	9
84897	14
84898	30
84899	23
84902	6
84903	14
84904	16
84906	18
84907	24
84908	20
84909	36
84910	13
84911	8
84912	38
84913	11
84914	18
84915	39
84916	36
84917	16
84918	27
84919	5
84921	10
84922	34
84923	32
84924	13
84925	3
84926	6
84927	11
84928	4
84929	25
84930	9
84931	13
84932	5
84933	13
84934	15
84935	19
84937	10
84938	9
84939	29
84940	34
84941	18
84942	31
84943	16
84944	8
84945	6
84947	14
84948	8
84949	21
84950	26
84951	9
84952	17
84953	18
84956	28
84957	6
84958	12
84959	28
84961	26
84962	18
84963	18
84964	1
84965	29
84966	10
84967	15
84968	24
84970	16
84971	2
84972	18
84973	11
84975	32
84976	8
84977	3
84978	6
84979	6
84980	23
84982	6
84983	9
84984	16
84985	28
84986	14
84988	18
84989	19
84991	18
84992	31
84993	33
84996	5
84997	40
84998	11
84999	12
85001	20
85002	15
85004	14
85006	14
85008	15
85009	5
85010	8
85011	9
85012	10
85013	12
85014	7
85016	11
85017	15
85018	13
85019	4
85020	23
85021	22
85022	14
85023	12
85024	43
85025	8
85026	23
85027	12
85029	9
85030	5
85031	13
85032	18
85033	19
85034	22
85035	15
85036	35
85038	16
85039	6
85041	13
85042	4
85043	5
85045	41
85046	26
85047	33
85048	9
85049	21
85050	6
85051	19
85053	13
85055	9
85058	34
85059	9
85060	1
85061	5
85062	10
85065	6
85066	28
85068	28
85069	6
85070	11
85071	27
85072	12
85073	11
85074	11
85076	3
85077	6
85078	7
85080	8
85082	50
85083	17
85084	6
85086	4
85089	15
85090	4
85091	20
85092	9
85093	7
85094	21
85095	12
85096	25
85097	6
85098	30
85099	12
85100	14
85101	9
85102	37
85103	15
85104	23
85105	3
85106	15
85107	21
85108	36
85109	25
85110	23
85111	39
85112	14
85113	15
85114	32
85115	27
85116	2
85117	12
85118	14
85119	8
85120	23
85121	22
85123	31
85124	38
85125	13
85126	26
85127	19
85128	23
85129	24
85130	20
85131	12
85132	41
85133	20
85134	26
85135	7
85136	9
85137	15
85138	27
85139	14
85140	11
85142	14
85143	15
85144	4
85145	8
85146	8
85147	18
85148	14
85149	3
85150	11
85151	11
85152	13
85153	34
85154	31
85155	15
85156	23
85157	8
85158	37
85159	26
85162	1
85163	11
85164	5
85165	2
85166	13
85167	34
85168	10
85169	31
85170	25
85171	9
85172	14
85174	39
85176	6
85177	5
85178	26
85179	8
85180	5
85181	22
85183	6
85184	4
85185	19
85187	10
85188	12
85189	4
85190	40
85191	6
85193	20
85194	12
85196	19
85197	24
85198	8
85199	13
85200	6
85201	23
85202	25
85203	20
85204	10
85205	10
85206	6
85207	4
85208	13
85209	34
85212	20
85213	13
85214	17
85215	25
85216	15
85217	23
85218	28
85219	11
85220	13
85221	17
85222	32
85223	17
85224	19
85225	14
85226	17
85227	10
85229	10
85230	12
85231	21
85232	4
85233	6
85234	10
85235	16
85237	33
85238	15
85239	41
85240	9
85241	17
85242	30
85246	21
85247	43
85248	8
85249	31
85250	7
85251	12
85253	18
85254	5
85255	22
85256	8
85258	34
85259	9
85260	10
85261	7
85262	22
85263	9
85264	18
85265	14
85266	17
85267	22
85268	15
85269	7
85270	18
85271	9
85273	15
85274	23
85275	11
85277	37
85278	18
85281	7
85282	7
85283	8
85284	15
85286	6
85287	26
85289	23
85290	4
85291	14
85293	8
85294	7
85295	21
85297	14
85298	8
85299	9
85300	9
85301	17
85302	12
85303	36
85304	23
85305	34
85306	14
85307	22
85308	6
85309	12
85310	26
85312	6
85313	18
85314	23
85315	29
85316	19
85317	17
85318	12
85319	3
85320	30
85323	11
85324	9
85325	11
85326	6
85327	9
85328	3
85329	9
85330	5
85331	24
85332	14
85333	10
85335	4
85336	19
85337	15
85338	8
85339	22
85342	12
85343	8
85345	8
85346	9
85347	23
85348	14
85349	25
85350	17
85351	3
85353	20
85354	0
85355	28
85357	7
85358	9
85359	20
85360	9
85361	8
85362	11
85363	23
85364	14
85365	15
85366	11
85367	15
85368	0
85369	10
85370	10
85371	18
85372	34
85373	7
85374	33
85375	11
85376	10
85377	19
85378	16
85379	17
85380	2
85381	5
85383	21
85384	43
85385	10
85386	14
85387	36
85388	19
85389	19
85390	16
85391	13
85392	34
85394	1
85395	19
85397	2
85398	13
85399	10
85400	27
85401	7
85403	12
85404	5
85405	13
85406	19
85407	13
85408	35
85409	15
85410	29
85411	17
85413	19
85415	13
85417	24
85418	8
85419	8
85420	20
85421	2
85422	6
85423	15
85424	23
85425	9
85426	30
85427	16
85428	27
85429	20
85430	12
85432	12
85433	29
85435	20
85436	19
85437	13
85438	32
85439	4
85440	10
85441	9
85442	22
85443	13
85444	6
85445	6
85446	13
85447	24
85448	18
85449	24
85450	21
85451	5
85452	25
85453	15
85454	6
85455	16
85456	12
85457	14
85459	36
85460	11
85461	6
85462	23
85463	26
85464	14
85465	9
85466	24
85467	36
85468	6
85469	10
85471	35
85473	18
85474	13
85476	35
85478	4
85479	17
85480	20
85481	16
85483	33
85484	18
85485	24
85486	10
85489	36
85490	23
85491	6
85493	14
85494	0
85495	9
85496	7
85497	17
85498	14
85499	9
85500	9
85501	13
85502	9
85503	4
85504	9
85505	10
85506	16
85507	36
85508	11
85509	2
85510	8
85511	22
85512	22
85514	9
85515	6
85516	9
85517	11
85518	6
85520	12
85521	5
85522	11
85523	35
85524	9
85526	13
85527	25
85528	1
85529	10
85530	16
85531	34
85534	17
85535	15
85536	12
85537	30
85538	37
85539	16
85540	12
85542	8
85543	16
85544	22
85545	14
85546	38
85547	25
85548	14
85549	38
85550	17
85551	6
85552	11
85553	9
85554	21
85555	22
85556	27
85557	15
85558	17
85559	17
85560	17
85561	4
85562	29
85563	10
85564	17
85565	10
85566	10
85568	21
85569	2
85572	15
85573	17
85574	20
85575	9
85576	41
85577	11
85578	14
85579	24
85580	15
85581	30
85585	34
85586	10
85587	14
85588	20
85589	15
85590	16
85591	23
85592	13
85593	4
85594	15
85595	14
85596	12
85597	11
85598	23
85600	15
85601	18
85602	4
85604	25
85605	27
85606	19
85607	10
85608	17
85609	47
85612	10
85613	12
85614	28
85615	13
85616	11
85617	48
85618	31
85619	7
85620	15
85621	19
85622	19
85623	1
85624	10
85625	32
85626	26
85627	34
85628	17
85629	33
85630	26
85632	8
85633	19
85635	36
85636	16
85637	4
85638	20
85639	22
85640	15
85641	24
85642	11
85643	12
85644	29
85645	10
85646	32
85647	10
85648	14
85649	21
85650	1
85651	21
85652	18
85653	16
85654	16
85655	15
85656	9
85657	14
85658	9
85659	11
85663	9
85664	6
85665	11
85666	11
85667	20
85669	14
85670	15
85671	15
85672	17
85673	22
85674	14
85675	8
85676	1
85677	13
85678	21
85679	25
85680	10
85681	11
85682	38
85683	20
85685	5
85687	26
85688	7
85689	30
85690	19
85691	27
85692	19
85693	22
85694	24
85696	11
85697	12
85698	3
85699	28
85700	5
85701	26
85702	7
85703	14
85704	9
85705	10
85706	17
85707	7
85708	13
85709	8
85710	27
85711	22
85712	24
85713	6
85714	35
85715	26
85716	18
85717	10
85719	11
85721	3
85723	5
85724	3
85725	10
85726	13
85727	7
85731	18
85732	33
85733	6
85734	14
85735	10
85736	11
85738	15
85739	8
85740	12
85741	31
85744	11
85745	2
85746	13
85747	21
85748	47
85750	25
85751	12
85753	28
85754	22
85755	43
85756	7
85757	18
85758	17
85759	4
85760	33
85761	20
85762	10
85763	19
85764	41
85765	32
85766	19
85767	42
85768	27
85769	3
85770	23
85771	5
85772	18
85773	22
85774	7
85776	10
85777	9
85778	24
85779	15
85780	5
85781	34
85782	25
85783	15
85784	11
85785	19
85786	26
85787	27
85789	27
85790	22
85791	21
85792	39
85793	20
85794	30
85795	20
85796	37
85797	2
85798	43
85799	16
85800	42
85802	20
85803	17
85805	7
85806	35
85807	5
85809	9
85810	3
85811	3
85812	21
85813	19
85814	33
85815	10
85816	8
85817	26
85818	24
85819	0
85820	17
85821	3
85822	41
85823	11
85824	16
85825	19
85826	28
85828	35
85830	14
85833	19
85834	24
85835	6
85836	26
85837	22
85838	5
85839	17
85840	8
85842	24
85843	12
85844	17
85845	10
85846	18
85847	22
85848	18
85849	9
85850	21
85851	19
85852	21
85853	16
85854	22
85855	7
85856	18
85857	16
85858	23
85859	10
85860	10
85861	26
85862	27
85863	6
85865	13
85866	25
85867	17
85868	19
85869	27
85870	5
85871	11
85872	12
85873	13
85874	12
85875	12
85876	11
85877	14
85878	10
85881	16
85882	30
85883	25
85884	11
85885	17
85886	5
85887	22
85888	1
85889	6
85890	17
85891	5
85892	13
85893	30
85894	11
85895	12
85896	31
85898	30
85899	21
85900	7
85901	24
85902	23
85905	16
85906	10
85907	38
85908	26
85910	16
85911	17
85912	13
85913	29
85914	16
85916	13
85917	11
85919	9
85920	28
85921	9
85924	29
85925	14
85926	25
85928	26
85929	19
85930	24
85931	15
85932	17
85933	17
85934	18
85935	12
85936	24
85937	12
85938	10
85939	3
85940	27
85941	5
85942	24
85943	3
85944	11
85945	19
85946	17
85947	18
85948	7
85949	15
85950	2
85952	29
85953	17
85954	10
85955	17
85956	12
85957	14
85958	7
85959	9
85960	12
85961	13
85962	23
85964	12
85965	27
85966	7
85967	1
85968	17
85969	17
85970	8
85971	13
85972	24
85973	9
85974	9
85975	6
85976	20
85977	10
85978	12
85980	17
85982	16
85983	23
85984	34
85985	19
85988	21
85989	12
85990	10
85991	23
85992	16
85993	13
85994	24
85995	12
85996	11
85997	17
85999	34
86000	3
86001	9
86002	31
86003	3
86004	12
86005	16
86007	9
86008	19
86009	35
86010	23
86011	14
86012	14
86013	18
86014	19
86015	30
86016	15
86017	23
86018	6
86019	43
86020	16
86021	6
86022	12
86024	15
86025	33
86026	21
86027	10
86028	28
86029	27
86031	12
86032	25
86033	10
86034	5
86035	31
86036	17
86037	13
86041	12
86042	23
86044	22
86046	26
86047	19
86048	28
86049	7
86050	25
86051	14
86052	15
86053	13
86054	9
86055	32
86056	16
86057	11
86058	14
86059	16
86060	14
86061	39
86062	11
86063	22
86064	33
86065	4
86066	6
86067	43
86068	16
86069	27
86070	24
86071	9
86072	9
86073	6
86074	27
86075	15
86076	12
86077	17
86078	11
86079	9
86080	24
86081	15
86082	23
86084	6
86085	24
86086	31
86088	30
86089	12
86090	12
86091	6
86092	21
86093	21
86094	17
86095	12
86097	13
86098	17
86099	18
86100	15
86102	1
86103	20
86104	14
86105	7
86106	2
86107	16
86108	9
86109	16
86110	18
86111	8
86112	5
86113	19
86115	14
86116	8
86117	49
86118	7
86119	16
86120	4
86121	21
86122	11
86123	14
86124	8
86125	12
86126	9
86127	7
86128	9
86129	33
86130	6
86132	24
86134	16
86135	4
86136	11
86137	15
86138	20
86139	8
86140	9
86141	14
86143	2
86144	6
86145	29
86146	41
86147	4
86148	27
86149	15
86150	20
86151	11
86152	6
86153	31
86154	9
86155	18
86156	20
86158	9
86159	10
86160	16
86162	4
86163	31
86165	29
86166	21
86167	24
86169	4
86170	7
86171	30
86172	23
86174	22
86175	13
86176	20
86177	17
86178	5
86179	47
86180	20
86181	46
86182	25
86183	13
86185	22
86186	36
86187	22
86188	14
86189	15
86190	16
86192	3
86193	17
86194	14
86195	7
86196	14
86197	22
86198	30
86199	23
86200	6
86201	4
86202	35
86203	9
86204	17
86205	5
86206	16
86208	14
86209	24
86210	44
86211	31
86212	26
86213	13
86214	21
86216	13
86218	23
86219	14
86220	5
86221	10
86222	6
86223	26
86224	11
86225	15
86226	7
86227	9
86228	20
86229	28
86230	21
86231	21
86232	12
86233	39
86234	16
86235	9
86236	17
86238	7
86239	19
86240	18
86241	11
86242	6
86243	32
86245	13
86246	12
86247	9
86248	24
86249	10
86250	21
86251	8
86252	14
86256	12
86257	4
86258	6
86259	23
86260	29
86261	21
86262	22
86263	21
86264	25
86265	1
86266	15
86267	8
86268	22
86269	15
86270	41
86271	32
86272	9
86273	26
86275	4
86276	21
86277	10
86280	16
86282	5
86283	31
86284	8
86285	20
86288	30
86289	26
86290	30
86291	28
86292	14
86293	10
86294	21
86295	20
86296	16
86297	9
86298	21
86299	15
86300	15
86301	32
86302	10
86303	9
86304	13
86305	15
86306	57
86307	16
86308	31
86309	13
86311	15
86313	13
86314	29
86315	14
86316	13
86317	10
86318	43
86319	14
86320	17
86321	11
86322	24
86323	11
86324	17
86325	12
86328	11
86330	11
86331	18
86333	2
86334	20
86335	14
86336	17
86337	22
86338	15
86339	39
86340	2
86341	30
86342	14
86343	17
86345	19
86347	7
86348	5
86349	1
86350	33
86351	6
86352	8
86353	7
86354	11
86355	14
86356	7
86358	31
86359	5
86360	19
86361	9
86362	7
86363	30
86364	17
86365	27
86366	25
86368	45
86369	13
86370	13
86371	13
86372	11
86373	2
86374	12
86376	22
86377	3
86378	20
86379	11
86380	7
86381	13
86382	4
86383	11
86384	2
86385	31
86387	22
86388	12
86390	21
86391	8
86392	30
86393	13
86394	8
86395	11
86396	10
86397	24
86398	18
86399	14
86400	0
86401	15
86403	14
86404	12
86405	37
86406	16
86407	8
86408	10
86409	29
86410	7
86411	5
86412	10
86413	12
86414	11
86415	4
86417	17
86418	27
86419	16
86420	51
86422	24
86423	5
86425	32
86426	14
86427	27
86430	20
86431	11
86432	8
86433	14
86434	15
86436	12
86437	10
86438	34
86439	18
86440	11
86441	16
86442	21
86444	17
86445	2
86447	14
86449	27
86450	35
86451	29
86452	18
86453	5
86454	11
86455	10
86456	13
86457	44
86458	22
86459	28
86460	13
86461	28
86462	8
86463	24
86464	19
86465	23
86466	11
86467	25
86468	13
86469	7
86470	43
86471	12
86472	0
86473	17
86474	8
86475	10
86476	25
86478	4
86479	21
86481	9
86482	18
86483	13
86484	34
86485	13
86486	16
86488	25
86489	18
86490	12
86491	29
86492	8
86493	28
86494	9
86495	22
86496	26
86497	7
86498	19
86499	28
86500	13
86501	18
86502	24
86503	11
86504	17
86505	8
86506	1
86508	5
86509	10
86510	12
86511	26
86512	10
86513	36
86515	17
86516	32
86518	14
86520	13
86521	13
86522	10
86523	19
86524	20
86525	18
86526	18
86527	40
86528	20
86529	26
86532	27
86533	21
86534	8
86535	4
86536	3
86537	23
86538	9
86539	32
86540	17
86541	12
86542	36
86545	31
86546	13
86547	38
86548	2
86549	5
86550	17
86552	28
86553	14
86554	5
86555	11
86556	17
86557	11
86558	12
86559	25
86560	15
86561	34
86562	6
86563	13
86564	20
86565	18
86566	7
86567	18
86568	15
86569	0
86570	6
86571	5
86572	0
86573	13
86575	24
86576	18
86577	24
86578	24
86579	19
86580	8
86581	21
86583	15
86584	12
86585	18
86586	24
86587	22
86588	23
86590	13
86591	14
86592	23
86594	20
86595	12
86596	3
86597	1
86598	16
86601	11
86602	9
86603	18
86604	10
86605	7
86606	13
86607	11
86608	4
86609	25
86610	10
86611	4
86612	6
86613	14
86614	45
86615	40
86616	19
86617	33
86618	8
86619	33
86620	8
86621	9
86622	13
86623	25
86624	9
86626	14
86627	11
86628	11
86629	5
86631	11
86632	5
86633	15
86634	30
86635	10
86636	16
86637	5
86638	35
86639	29
86640	13
86641	11
86642	6
86644	6
86645	30
86646	22
86647	7
86648	5
86649	18
86650	30
86651	19
86652	23
86653	32
86654	29
86655	18
86656	17
86657	16
86658	10
86659	14
86660	14
86661	17
86663	29
86664	12
86665	17
86666	8
86667	32
86668	16
86669	28
86670	13
86672	11
86673	24
86674	45
86676	25
86677	8
86678	16
86679	23
86680	4
86681	15
86682	22
86683	19
86684	6
86685	19
86686	23
86687	8
86688	27
86689	14
86690	12
86691	5
86692	15
86693	15
86694	4
86695	22
86696	9
86698	9
86699	11
86700	16
86702	8
86703	11
86704	31
86705	28
86706	16
86707	13
86708	15
86709	12
86710	6
86711	19
86712	8
86713	11
86714	18
86715	13
86716	22
86717	40
86718	1
86719	23
86720	11
86721	14
86722	11
86724	8
86725	18
86726	22
86727	32
86728	13
86729	19
86730	5
86731	17
86732	6
86734	18
86735	28
86736	20
86737	27
86738	10
86739	24
86740	37
86741	10
86742	36
86744	27
86745	15
86746	4
86747	33
86748	7
86750	0
86751	13
86752	44
86754	7
86756	22
86757	20
86758	28
86759	36
86760	21
86761	4
86762	9
86764	19
86765	13
86766	6
86767	10
86768	15
86770	15
86771	24
86772	7
86774	17
86775	31
86776	7
86777	9
86778	22
86779	4
86780	16
86781	30
86782	27
86783	42
86786	5
86787	32
86788	14
86789	43
86790	11
86791	2
86792	34
86793	17
86794	16
86796	21
86797	14
86798	9
86799	4
86800	9
86801	23
86802	17
86803	22
86804	16
86805	43
86806	17
86808	20
86809	29
86810	24
86811	31
86812	7
86813	3
86814	15
86816	31
86817	12
86818	16
86819	23
86820	19
86822	6
86823	26
86824	13
86825	11
86826	12
86827	8
86828	11
86829	22
86830	23
86831	2
86833	10
86834	21
86835	22
86836	18
86837	13
86838	15
86841	23
86842	0
86843	12
86844	5
86845	15
86846	14
86848	17
86849	22
86850	24
86851	12
86852	2
86853	35
86854	32
86855	13
86856	19
86857	5
86858	25
86859	5
86860	38
86861	20
86862	8
86863	20
86864	13
86865	33
86866	13
86867	3
86868	23
86869	42
86871	9
86872	26
86873	27
86874	23
86875	9
86877	22
86880	44
86881	16
86882	14
86883	23
86884	6
86885	0
86886	6
86887	15
86888	11
86889	29
86890	7
86891	25
86892	8
86893	16
86894	17
86895	26
86896	25
86897	7
86898	13
86899	25
86900	23
86901	5
86902	21
86903	16
86904	27
86905	7
86906	42
86907	23
86909	2
86913	35
86915	18
86916	5
86917	34
86918	13
86919	31
86920	10
86921	16
86922	21
86923	16
86924	14
86925	19
86926	12
86927	9
86928	23
86929	16
86930	17
86931	16
86932	17
86933	14
86934	17
86935	29
86937	5
86938	24
86939	11
86940	28
86942	27
86943	11
86945	23
86946	10
86947	23
86949	10
86950	21
86951	11
86952	21
86953	15
86954	10
86956	22
86957	6
86958	42
86960	5
86961	26
86962	46
86963	2
86964	22
86966	8
86967	19
86968	9
86969	9
86970	21
86971	22
86972	19
86973	27
86974	13
86975	14
86976	21
86977	16
86978	17
86979	8
86982	5
86983	21
86984	8
86985	13
86986	5
86987	7
86988	30
86989	22
86990	10
86991	23
86993	25
86994	13
86995	5
86996	22
86997	41
86998	17
86999	29
87000	12
87001	12
87002	7
87003	26
87004	7
87005	42
87006	34
87007	24
87008	8
87009	10
87010	3
87011	16
87012	35
87013	21
87014	4
87016	22
87017	13
87018	18
87019	8
87020	5
87021	14
87022	26
87024	12
87025	1
87026	11
87027	35
87028	1
87029	16
87030	17
87031	7
87032	25
87033	23
87034	8
87035	16
87036	15
87037	16
87038	3
87039	20
87041	7
87042	40
87043	15
87044	7
87045	46
87046	48
87047	12
87048	2
87050	9
87051	13
87053	11
87054	2
87055	24
87056	20
87058	13
87059	26
87060	24
87061	8
87062	12
87064	19
87066	14
87067	23
87068	14
87069	39
87070	12
87072	11
87073	5
87074	52
87075	11
87077	6
87078	19
87079	15
87080	4
87081	24
87082	6
87083	16
87084	20
87085	8
87086	13
87087	6
87088	9
87089	18
87090	0
87091	9
87093	18
87094	5
87095	9
87096	13
87097	4
87098	6
87099	32
87102	15
87103	12
87104	4
87105	28
87107	21
87108	22
87109	6
87110	1
87112	28
87113	27
87115	8
87117	33
87118	24
87120	11
87121	11
87123	3
87124	15
87125	6
87127	19
87128	19
87129	23
87130	19
87131	16
87132	14
87133	5
87135	17
87136	21
87137	35
87138	35
87140	17
87141	2
87142	12
87143	12
87144	12
87145	4
87146	12
87147	17
87148	10
87150	24
87151	25
87152	7
87153	26
87155	14
87156	22
87157	16
87158	23
87159	10
87160	11
87161	13
87162	10
87163	27
87164	11
87166	14
87167	19
87168	11
87169	14
87170	30
87171	12
87172	22
87173	19
87175	18
87176	15
87177	6
87178	17
87179	44
87180	6
87181	18
87182	12
87183	11
87184	18
87185	9
87186	33
87187	33
87188	3
87189	2
87190	13
87191	28
87192	23
87193	5
87194	8
87195	7
87196	37
87197	24
87198	12
87199	10
87200	37
87201	13
87202	13
87203	8
87204	3
87205	10
87207	5
87208	14
87209	5
87210	35
87211	3
87212	14
87213	11
87214	14
87215	5
87216	22
87217	12
87218	22
87219	19
87220	19
87221	8
87222	14
87223	9
87224	2
87225	8
87226	10
87227	4
87228	15
87229	8
87232	25
87233	8
87234	5
87235	36
87236	19
87238	27
87239	16
87240	7
87241	29
87242	29
87243	20
87244	4
87245	14
87247	30
87248	15
87249	11
87250	20
87251	12
87252	20
87253	6
87254	10
87256	17
87257	22
87258	15
87259	9
87260	41
87261	9
87262	16
87263	13
87264	29
87265	9
87266	29
87268	16
87269	26
87270	11
87272	11
87273	20
87274	15
87275	14
87276	17
87278	14
87280	13
87282	20
87283	6
87284	3
87285	9
87286	6
87287	16
87288	17
87290	28
87291	5
87293	15
87294	13
87295	44
87296	19
87297	17
87298	19
87299	12
87300	17
87301	18
87302	1
87303	20
87304	9
87305	13
87306	31
87307	15
87308	17
87309	14
87310	21
87311	21
87312	6
87314	13
87315	32
87316	19
87317	12
87318	8
87319	24
87320	19
87321	19
87322	29
87323	33
87324	12
87325	5
87326	11
87327	18
87329	5
87330	21
87331	17
87333	29
87334	27
87335	5
87336	5
87338	11
87339	24
87340	27
87341	23
87343	10
87345	22
87346	34
87347	18
87348	11
87349	21
87350	23
87351	4
87352	16
87353	13
87355	3
87356	27
87357	11
87358	8
87359	2
87360	10
87362	20
87363	19
87364	17
87365	14
87366	9
87368	19
87369	34
87370	11
87371	17
87372	22
87373	12
87374	42
87376	23
87377	37
87378	2
87379	19
87381	36
87382	19
87383	27
87384	17
87385	32
87386	29
87387	13
87388	24
87389	7
87390	25
87391	13
87392	26
87393	25
87394	5
87395	1
87396	11
87397	44
87398	16
87399	10
87400	18
87401	14
87403	14
87404	18
87405	15
87406	39
87407	18
87408	5
87409	7
87410	9
87411	15
87413	14
87415	10
87417	9
87418	10
87419	4
87420	18
87421	11
87422	12
87423	26
87424	10
87425	9
87426	5
87427	22
87428	24
87429	9
87430	20
87431	1
87433	40
87434	0
87435	10
87436	9
87438	19
87439	16
87440	33
87441	21
87442	6
87443	11
87444	9
87445	14
87446	28
87447	8
87449	21
87450	19
87451	24
87452	15
87453	3
87454	21
87455	21
87456	36
87457	28
87458	25
87460	13
87461	9
87462	29
87463	21
87464	21
87465	33
87466	6
87467	23
87468	25
87470	22
87471	7
87472	7
87473	11
87474	41
87475	15
87476	13
87478	13
87479	2
87480	14
87481	16
87483	32
87484	25
87486	16
87487	48
87488	15
87489	28
87490	18
87492	9
87493	26
87494	12
87496	12
87497	15
87498	5
87499	9
87500	9
87501	31
87502	9
87503	1
87504	21
87505	5
87507	12
87509	12
87510	11
87511	31
87512	28
87513	17
87514	6
87515	31
87518	14
87519	15
87520	15
87521	9
87522	25
87523	18
87524	11
87525	50
87526	27
87528	36
87529	11
87531	9
87532	24
87533	16
87534	6
87535	4
87536	9
87538	9
87539	5
87540	11
87541	11
87542	14
87543	34
87544	3
87545	4
87546	5
87547	10
87548	25
87549	16
87550	22
87551	17
87552	14
87553	44
87554	11
87555	4
87558	35
87560	21
87561	34
87562	11
87563	11
87564	39
87565	5
87566	18
87569	28
87571	23
87572	30
87573	3
87574	33
87575	8
87577	35
87578	4
87579	13
87581	16
87582	6
87583	21
87585	12
87586	28
87587	32
87588	64
87590	9
87593	6
87594	29
87595	27
87596	28
87598	11
87599	11
87600	19
87601	42
87602	5
87603	4
87605	12
87606	10
87607	13
87608	29
87609	2
87610	28
87611	22
87612	9
87613	10
87615	21
87616	19
87617	12
87618	7
87619	27
87620	17
87621	34
87622	20
87623	20
87624	22
87625	36
87626	43
87627	28
87628	9
87630	21
87632	16
87633	5
87634	37
87635	11
87636	22
87637	8
87638	7
87639	21
87640	5
87641	19
87643	32
87644	7
87645	10
87646	10
87647	20
87649	15
87651	31
87652	11
87654	28
87656	25
87658	3
87660	25
87661	20
87662	15
87663	20
87664	11
87665	23
87667	15
87668	20
87669	10
87670	9
87671	18
87672	10
87673	11
87674	15
87675	25
87676	15
87677	15
87678	22
87679	29
87680	20
87681	13
87682	6
87683	2
87684	32
87685	11
87686	35
87687	1
87689	16
87690	9
87691	5
87692	14
87693	10
87695	5
87696	5
87698	13
87699	25
87700	9
87701	14
87702	13
87703	6
87704	15
87705	5
87706	10
87707	7
87708	19
87709	11
87710	12
87711	13
87712	10
87714	6
87715	13
87716	34
87717	10
87718	5
87719	15
87720	21
87721	17
87722	9
87723	14
87724	9
87727	9
87728	10
87729	13
87730	32
87731	8
87732	8
87733	12
87734	12
87735	18
87737	29
87738	38
87739	6
87740	5
87741	16
87742	14
87743	12
87744	19
87745	20
87746	18
87748	24
87749	11
87750	13
87752	25
87753	23
87754	15
87755	34
87756	12
87757	14
87758	10
87759	16
87760	22
87761	24
87762	13
87763	35
87764	22
87766	10
87767	33
87768	22
87769	10
87770	17
87771	8
87772	15
87773	8
87774	18
87775	17
87777	16
87778	11
87779	23
87780	5
87781	11
87782	9
87783	30
87784	18
87785	26
87786	13
87787	11
87788	13
87790	28
87791	19
87792	14
87793	32
87794	12
87795	19
87796	11
87798	1
87799	11
87800	18
87802	5
87803	7
87804	23
87805	0
87806	34
87807	17
87808	5
87809	25
87810	23
87811	11
87812	13
87813	30
87815	37
87816	10
87818	31
87821	29
87822	9
87823	23
87824	7
87825	32
87826	7
87827	40
87828	30
87829	9
87831	45
87832	32
87833	30
87834	26
87835	11
87836	22
87837	22
87838	10
87839	16
87840	3
87842	12
87843	13
87844	31
87845	9
87846	25
87847	13
87848	18
87849	16
87850	16
87851	35
87852	27
87853	14
87854	17
87856	8
87858	8
87859	23
87861	15
87863	11
87864	7
87865	22
87866	16
87867	16
87868	14
87869	26
87870	9
87872	14
87873	22
87875	28
87876	32
87877	7
87879	24
87880	23
87882	14
87883	15
87884	3
87885	23
87886	24
87888	27
87889	42
87891	0
87893	5
87894	12
87895	12
87896	11
87897	7
87898	15
87899	4
87901	8
87902	21
87903	14
87905	34
87906	10
87907	10
87909	8
87911	28
87913	22
87914	22
87915	17
87917	15
87918	2
87920	15
87922	5
87923	35
87924	13
87925	23
87926	17
87927	13
87928	11
87929	34
87930	8
87931	18
87932	8
87933	21
87934	24
87936	15
87937	9
87938	29
87939	18
87940	14
87941	20
87942	31
87943	15
87944	20
87945	23
87946	9
87947	14
87948	9
87949	13
87950	11
87951	44
87952	9
87954	24
87955	10
87956	16
87957	25
87958	11
87959	15
87960	12
87962	8
87963	42
87964	2
87965	29
87966	12
87967	11
87968	27
87969	9
87970	16
87971	43
87973	8
87974	10
87975	10
87976	7
87978	33
87979	28
87981	3
87982	7
87983	12
87984	20
87986	11
87987	13
87988	10
87989	13
87990	11
87991	4
87992	10
87993	18
87995	4
87996	8
87997	14
87998	16
87999	13
88000	10
88001	19
88002	12
88004	8
88005	15
88006	20
88007	26
88008	22
88009	24
88010	7
88011	12
88013	28
88014	22
88015	24
88016	26
88017	9
88018	8
88019	8
88020	0
88021	11
88022	15
88024	18
88025	7
88026	13
88028	14
88030	34
88031	14
88033	9
88034	26
88037	10
88039	8
88040	9
88041	27
88042	41
88043	7
88044	25
88045	20
88046	27
88047	25
88048	15
88049	25
88050	12
88051	14
88052	3
88054	19
88055	9
88056	32
88057	18
88058	9
88059	7
88061	32
88062	23
88063	6
88064	19
88065	17
88066	19
88067	17
88068	20
88069	21
88070	4
88071	31
88072	10
88073	18
88074	8
88075	3
88076	32
88078	2
88079	23
88080	13
88082	26
88083	4
88084	9
88085	9
88086	15
88087	9
88088	11
88089	38
88090	25
88091	15
88093	15
88094	2
88095	12
88096	15
88098	31
88099	13
88100	18
88101	16
88102	8
88105	10
88106	8
88107	10
88108	5
88109	22
88110	25
88111	27
88112	8
88113	13
88114	11
88115	20
88116	5
88117	13
88118	17
88119	10
88120	17
88121	31
88122	7
88123	7
88124	8
88125	14
88127	7
88128	17
88129	5
88130	13
88131	8
88133	15
88134	15
88135	12
88136	12
88137	22
88138	17
88140	20
88141	20
88142	14
88143	18
88144	6
88145	18
88146	25
88147	36
88149	20
88151	14
88152	23
88153	12
88154	8
88155	7
88156	1
88157	20
88158	15
88159	6
88160	6
88164	6
88165	32
88166	4
88167	18
88168	6
88169	19
88170	4
88171	15
88172	19
88173	13
88174	25
88175	46
88176	25
88177	4
88179	25
88180	23
88182	39
88183	9
88185	48
88186	3
88187	19
88188	32
88189	14
88191	3
88192	13
88193	19
88195	17
88196	16
88197	6
88198	16
88199	22
88200	4
88201	10
88202	10
88203	32
88206	5
88207	19
88208	15
88210	39
88212	19
88213	10
88214	19
88215	13
88216	23
88217	12
88218	5
88219	11
88220	7
88221	6
88222	13
88223	8
88224	10
88226	26
88227	13
88228	18
88229	7
88231	21
88233	8
88234	9
88235	14
88237	13
88238	18
88239	9
88240	13
88241	16
88242	15
88243	20
88244	24
88245	20
88246	1
88247	4
88248	13
88250	26
88251	15
88252	2
88253	4
88254	11
88255	43
88257	1
88258	11
88261	7
88262	25
88264	20
88265	17
88267	12
88268	11
88269	21
88270	27
88272	20
88273	8
88274	13
88275	20
88276	12
88277	10
88278	11
88280	26
88281	15
88282	11
88283	3
88284	22
88286	4
88287	27
88288	1
88289	11
88290	14
88291	13
88292	13
88294	20
88295	13
88296	4
88297	24
88298	19
88299	14
88300	12
88301	29
88302	19
88303	20
88304	35
88305	25
88309	24
88310	12
88311	28
88312	3
88313	14
88314	15
88316	18
88317	8
88318	20
88319	10
88320	14
88321	11
88322	7
88323	5
88324	38
88325	7
88326	25
88327	31
88328	18
88329	26
88330	11
88331	28
88332	49
88333	16
88334	14
88336	29
88337	18
88339	6
88340	13
88341	22
88343	16
88344	13
88345	17
88346	0
88347	21
88348	13
88349	30
88350	15
88351	22
88352	10
88353	26
88355	6
88356	6
88358	8
88360	11
88361	30
88363	13
88364	8
88365	26
88366	20
88367	17
88369	27
88370	31
88372	32
88375	14
88376	40
88377	27
88378	19
88379	21
88380	18
88381	5
88384	35
88385	10
88387	7
88388	11
88389	13
88390	12
88391	12
88393	10
88394	21
88396	18
88397	5
88398	24
88400	9
88401	17
88402	29
88403	17
88404	7
88405	4
88406	30
88407	14
88408	15
88409	28
88410	7
88412	55
88414	16
88415	15
88416	13
88417	20
88418	6
88420	23
88421	38
88422	18
88423	14
88424	17
88425	37
88426	10
88427	34
88428	17
88429	13
88430	13
88431	17
88432	13
88433	9
88434	24
88436	16
88437	19
88438	20
88439	4
88441	6
88443	13
88445	17
88446	24
88447	22
88449	14
88450	18
88451	37
88452	30
88453	6
88454	25
88455	19
88457	5
88458	4
88459	5
88460	4
88461	14
88462	17
88463	40
88464	18
88465	25
88466	18
88467	13
88469	13
88472	32
88474	7
88475	10
88476	20
88478	20
88479	10
88480	21
88481	21
88482	24
88483	14
88484	13
88487	8
88489	6
88491	12
88492	15
88493	20
88494	5
88495	11
88496	17
88497	17
88498	13
88499	17
88500	8
88501	29
88502	24
88503	23
88504	14
88505	7
88506	22
88507	23
88508	28
88509	20
88510	24
88511	15
88512	4
88513	18
88514	49
88515	21
88516	29
88517	10
88518	17
88519	16
88520	27
88521	11
88522	27
88525	3
88527	21
88528	14
88529	18
88530	4
88531	7
88532	5
88533	46
88534	16
88535	16
88536	8
88537	20
88538	21
88539	10
88540	13
88541	16
88542	16
88543	20
88544	12
88545	13
88546	14
88547	30
88548	10
88549	26
88550	16
88551	17
88552	20
88553	5
88554	6
88555	8
88556	18
88557	16
88558	9
88559	4
88562	17
88563	11
88565	15
88566	22
88567	25
88569	35
88570	23
88571	27
88572	0
88573	15
88574	19
88575	19
88576	7
88577	14
88579	10
88580	29
88581	13
88582	8
88583	6
88584	6
88585	30
88586	18
88587	7
88588	15
88589	2
88590	12
88591	6
88592	18
88593	14
88595	13
88596	1
88597	16
88598	35
88600	20
88602	12
88603	21
88604	21
88605	21
88606	14
88607	12
88608	10
88610	23
88611	11
88612	14
88613	11
88614	20
88615	8
88616	20
88617	14
88618	26
88619	2
88620	10
88621	10
88622	29
88623	43
88624	9
88625	32
88626	9
88627	6
88628	10
88629	28
88630	8
88631	8
88632	19
88633	20
88634	39
88635	26
88636	11
88637	6
88638	15
88639	6
88640	7
88642	14
88643	6
88644	31
88645	22
88646	8
88647	13
88648	26
88649	25
88650	41
88652	8
88653	21
88656	11
88657	19
88658	6
88659	8
88660	11
88661	31
88662	17
88663	2
88664	9
88665	37
88666	11
88667	9
88668	22
88669	9
88670	17
88671	8
88672	14
88673	36
88674	12
88675	10
88676	35
88677	8
88678	13
88679	40
88680	23
88681	26
88682	21
88683	12
88684	4
88685	6
88686	28
88687	20
88688	41
88689	46
88690	11
88691	5
88692	15
88693	21
88694	7
88695	13
88696	16
88697	11
88698	24
88700	19
88701	7
88702	27
88703	37
88705	9
88707	9
88708	11
88711	24
88712	11
88714	14
88715	21
88716	18
88718	20
88719	15
88720	10
88721	21
88722	24
88723	13
88724	3
88726	21
88727	17
88728	13
88729	18
88730	26
88731	12
88732	28
88733	13
88734	37
88735	38
88736	40
88737	19
88738	6
88739	36
88740	5
88742	16
88743	10
88744	20
88745	5
88746	8
88747	23
88748	4
88749	21
88750	14
88752	4
88753	19
88754	19
88756	30
88757	10
88758	12
88759	11
88761	17
88762	11
88763	16
88766	26
88767	30
88768	12
88772	21
88773	13
88774	8
88776	18
88777	11
88778	18
88779	16
88780	18
88781	7
88783	9
88787	16
88788	7
88789	1
88790	19
88791	14
88792	14
88794	14
88795	16
88796	23
88797	22
88798	0
88799	18
88800	9
88801	25
88802	6
88804	15
88806	11
88808	11
88809	21
88810	18
88811	37
88812	4
88814	17
88815	14
88816	4
88818	9
88819	27
88820	24
88823	10
88824	14
88825	33
88826	8
88828	17
88829	12
88831	13
88832	10
88833	13
88835	15
88836	10
88837	12
88838	19
88839	2
88841	10
88842	10
88843	12
88844	23
88845	15
88846	10
88847	20
88849	14
88850	18
88851	4
88852	26
88853	29
88854	26
88855	38
88856	31
88857	12
88858	12
88860	9
88861	8
88862	5
88863	6
88864	8
88865	18
88866	11
88867	9
88868	28
88870	18
88871	31
88872	3
88873	13
88875	28
88876	11
88877	12
88878	30
88879	22
88880	35
88881	5
88882	10
88883	25
88884	17
88885	9
88886	10
88887	6
88888	41
88889	21
88890	13
88891	32
88892	21
88893	9
88894	22
88895	47
88896	9
88897	7
88898	11
88899	34
88900	15
88901	6
88902	5
88903	36
88904	0
88905	30
88906	8
88907	12
88908	7
88910	21
88911	38
88912	10
88913	29
88916	23
88917	21
88918	26
88919	7
88920	18
88921	12
88922	22
88923	19
88924	16
88925	8
88926	24
88927	7
88928	15
88929	23
88930	18
88931	17
88932	9
88933	2
88934	13
88935	7
88936	11
88937	17
88938	9
88939	6
88940	27
88941	4
88942	25
88944	9
88945	18
88946	15
88947	6
88949	30
88950	13
88951	15
88952	13
88953	7
88954	21
88955	23
88956	10
88957	15
88958	26
88959	21
88960	11
88962	13
88963	8
88964	11
88965	36
88966	13
88967	18
88969	27
88970	17
88971	15
88972	30
88973	40
88974	25
88975	9
88976	14
88977	7
88978	11
88981	11
88983	22
88984	2
88986	10
88987	12
88988	17
88989	22
88991	34
88994	17
88995	6
88996	14
88997	7
88998	23
88999	15
89000	30
89001	12
89002	11
89003	18
89004	6
89005	26
89006	13
89007	17
89009	33
89010	18
89011	18
89012	24
89013	14
89014	16
89015	8
89016	4
89017	2
89018	16
89019	1
89020	23
89021	18
89022	5
89023	24
89025	24
89027	14
89029	7
89030	19
89031	13
89032	14
89033	15
89035	2
89036	19
89037	36
89038	13
89040	23
89041	13
89042	29
89043	8
89044	8
89045	8
89046	16
89047	15
89049	10
89050	10
89051	23
89052	21
89055	32
89056	8
89058	15
89059	13
89060	5
89061	18
89062	15
89063	17
89064	20
89065	20
89066	8
89067	10
89068	30
89069	34
89070	34
89071	8
89072	10
89073	15
89074	15
89075	13
89076	12
89077	12
89078	12
89079	38
89080	16
89081	16
89083	8
89084	6
89085	26
89086	24
89087	26
89088	13
89089	2
89090	7
89091	8
89092	18
89093	14
89094	14
89095	12
89096	18
89097	18
89098	7
89100	14
89101	18
89102	13
89103	6
89105	4
89106	14
89109	16
89110	17
89111	31
89112	9
89113	18
89114	7
89115	11
89117	27
89118	11
89119	14
89120	19
89121	15
89122	21
89123	33
89124	10
89125	9
89126	16
89127	8
89128	25
89129	22
89130	15
89131	25
89133	13
89134	24
89138	34
89139	12
89140	9
89142	28
89144	19
89145	17
89146	9
89147	12
89148	15
89149	26
89150	6
89151	12
89152	11
89153	24
89154	7
89155	10
89156	4
89158	0
89159	24
89160	19
89161	13
89162	11
89163	28
89164	21
89166	16
89167	23
89169	26
89170	19
89172	4
89173	18
89174	40
89175	11
89176	15
89177	4
89178	20
89179	8
89180	29
89181	6
89182	21
89183	15
89184	12
89186	39
89188	14
89190	26
89191	6
89192	10
89193	18
89194	18
89195	7
89196	18
89197	36
89198	5
89199	21
89200	7
89201	23
89203	22
89205	38
89206	30
89207	10
89208	11
89209	18
89210	25
89212	31
89213	2
89214	13
89215	29
89217	11
89218	14
89220	49
89221	25
89222	16
89223	15
89224	13
89225	1
89226	20
89227	10
89228	16
89229	21
89230	8
89231	9
89232	12
89233	16
89234	12
89235	5
89236	13
89237	17
89238	24
89239	10
89240	5
89241	30
89242	5
89243	22
89246	18
89247	13
89248	15
89249	22
89250	21
89251	7
89253	17
89254	28
89255	8
89256	21
89257	36
89258	5
89259	20
89260	10
89261	15
89262	11
89263	27
89264	6
89265	15
89268	5
89269	16
89270	8
89272	39
89273	5
89274	15
89275	7
89276	11
89277	14
89278	29
89279	20
89280	14
89281	24
89283	8
89284	7
89285	9
89286	9
89287	15
89288	12
89289	11
89291	13
89294	31
89295	17
89296	6
89297	34
89298	14
89299	2
89300	23
89301	17
89302	7
89303	37
89304	19
89305	11
89306	8
89307	15
89309	22
89310	15
89312	27
89313	2
89314	7
89315	10
89316	9
89317	33
89318	11
89321	14
89322	38
89324	6
89325	19
89326	9
89327	8
89328	28
89329	20
89330	21
89331	14
89332	21
89333	26
89334	20
89336	8
89337	27
89338	14
89339	9
89340	14
89341	16
89342	6
89343	8
89344	2
89345	16
89346	21
89347	15
89348	15
89349	28
89350	33
89351	10
89352	9
89353	11
89354	8
89355	6
89356	4
89357	17
89358	12
89359	19
89360	25
89361	12
89362	15
89363	10
89364	12
89365	16
89366	5
89367	41
89368	19
89369	15
89371	15
89372	18
89374	3
89375	20
89376	11
89377	4
89378	36
89379	14
89380	0
89381	32
89382	10
89383	10
89384	12
89385	23
89386	19
89387	10
89388	9
89389	27
89390	11
89391	9
89392	11
89394	16
89395	12
89396	10
89397	19
89398	6
89399	25
89400	21
89401	27
89402	7
89403	12
89404	24
89405	25
89406	11
89407	11
89408	20
89409	2
89410	9
89411	3
89412	24
89413	21
89414	13
89415	5
89416	13
89418	15
89419	28
89420	14
89421	4
89422	7
89423	7
89425	3
89427	8
89428	11
89429	21
89430	10
89433	8
89434	26
89436	28
89437	21
89438	26
89439	14
89441	7
89442	14
89443	7
89444	19
89445	6
89446	37
89448	14
89449	9
89450	4
89451	16
89452	6
89453	25
89455	16
89456	24
89457	14
89458	17
89459	18
89460	12
89462	22
89463	29
89464	8
89465	36
89466	9
89467	19
89468	19
89469	15
89470	8
89471	1
89472	17
89473	18
89474	3
89475	16
89476	26
89477	5
89478	12
89479	20
89480	26
89481	22
89482	13
89483	17
89484	7
89485	26
89487	19
89488	9
89489	3
89490	3
89491	24
89492	18
89493	31
89494	20
89495	20
89496	13
89497	8
89498	17
89499	14
89500	11
89501	18
89502	18
89503	19
89505	14
89506	1
89507	12
89509	33
89510	15
89511	12
89512	26
89514	13
89515	20
89516	3
89517	2
89518	25
89519	26
89520	12
89521	20
89522	17
89523	7
89524	13
89525	17
89526	6
89527	28
89529	6
89531	32
89532	17
89533	13
89535	24
89537	6
89538	27
89539	14
89540	27
89541	22
89542	32
89543	10
89545	21
89546	14
89547	19
89548	10
89549	18
89550	7
89551	24
89552	9
89554	20
89557	14
89558	9
89560	13
89561	8
89562	19
89563	14
89564	8
89565	31
89566	15
89567	30
89568	13
89569	8
89571	12
89572	13
89573	10
89574	14
89575	8
89576	1
89577	6
89578	32
89579	9
89581	8
89582	26
89583	8
89584	15
89585	36
89586	36
89588	38
89591	7
89592	11
89594	18
89595	6
89596	17
89598	16
89600	25
89601	21
89602	15
89603	26
89604	12
89605	19
89606	19
89607	16
89609	21
89610	8
89611	27
89612	4
89613	15
89615	11
89616	12
89617	4
89618	24
89619	8
89620	16
89621	14
89622	9
89623	18
89624	4
89625	6
89626	15
89627	10
89629	26
89630	16
89631	13
89632	19
89633	10
89634	11
89635	18
89636	11
89637	10
89638	23
89639	31
89640	13
89641	13
89642	32
89643	4
89645	18
89646	23
89647	11
89649	14
89650	14
89652	37
89653	27
89654	24
89655	7
89656	34
89658	12
89660	24
89661	7
89662	19
89663	16
89664	8
89665	10
89666	31
89667	6
89669	15
89670	14
89672	28
89674	12
89675	16
89676	9
89677	8
89679	24
89681	9
89682	18
89683	28
89685	18
89686	13
89690	28
89692	34
89693	8
89694	12
89695	10
89697	18
89699	21
89700	11
89701	24
89702	30
89703	11
89704	13
89705	19
89706	0
89707	20
89708	29
89709	12
89710	27
89711	11
89712	7
89713	31
89714	30
89715	10
89716	23
89717	4
89718	15
89719	16
89720	34
89721	28
89722	9
89723	23
89724	7
89725	22
89726	12
89727	8
89728	14
89729	33
89730	10
89731	15
89732	6
89733	31
89734	17
89735	7
89736	24
89737	4
89738	20
89739	12
89740	43
89741	18
89742	19
89746	31
89747	11
89748	29
89750	36
89751	19
89753	25
89754	6
89755	13
89756	12
89757	14
89758	16
89759	24
89760	6
89761	9
89762	43
89764	0
89765	2
89766	14
89767	40
89770	35
89772	12
89773	10
89774	21
89775	13
89776	10
89777	18
89778	9
89779	27
89780	20
89781	23
89782	14
89783	39
89784	12
89785	20
89786	40
89787	6
89788	3
89789	31
89790	9
89791	25
89792	7
89793	10
89795	7
89796	21
89797	5
89798	27
89799	24
89800	13
89801	7
89802	7
89803	15
89804	21
89805	1
89807	24
89808	12
89809	10
89810	8
89811	28
89812	13
89813	26
89814	6
89815	14
89816	8
89817	14
89818	19
89819	15
89820	9
89821	18
89822	10
89823	10
89824	12
89825	13
89826	24
89827	5
89828	25
89829	40
89830	19
89831	8
89833	19
89834	15
89835	19
89837	6
89838	13
89839	5
89840	25
89842	20
89843	25
89846	2
89847	9
89848	19
89849	5
89850	10
89851	8
89852	28
89853	21
89854	14
89855	13
89856	30
89857	25
89858	11
89860	11
89861	26
89862	8
89863	27
89864	29
89865	21
89866	24
89868	43
89869	9
89870	15
89871	10
89872	2
89873	20
89874	13
89875	25
89876	22
89879	8
89880	16
89881	34
89883	9
89884	18
89885	4
89886	33
89887	31
89888	14
89889	17
89890	4
89891	43
89892	16
89893	28
89894	19
89897	13
89898	19
89899	12
89900	11
89901	6
89902	12
89903	17
89904	16
89905	4
89906	27
89907	8
89908	12
89909	16
89910	26
89911	2
89912	15
89913	22
89915	14
89916	11
89917	7
89918	10
89919	16
89921	38
89922	11
89923	10
89924	0
89925	9
89927	22
89928	12
89930	12
89932	9
89933	30
89934	12
89935	19
89936	13
89938	7
89939	11
89942	21
89943	11
89944	26
89945	19
89946	34
89947	5
89948	26
89949	9
89950	23
89952	14
89953	12
89954	2
89956	15
89957	20
89958	33
89959	9
89960	35
89961	3
89962	18
89963	42
89964	13
89965	10
89966	19
89967	8
89968	9
89970	6
89971	14
89972	16
89973	4
89975	5
89976	20
89979	18
89980	13
89981	25
89982	26
89983	3
89984	8
89985	12
89988	7
89990	26
89991	8
89992	2
89993	24
89994	6
89995	16
89996	10
89997	15
89999	14
90000	12
90001	13
90002	2
90003	27
90004	15
90005	12
90006	13
90008	34
90009	11
90010	14
90011	15
90012	25
90013	37
90014	18
90016	3
90017	24
90018	5
90019	8
90022	27
90023	20
90024	4
90025	19
90026	16
90027	8
90028	5
90029	17
90031	15
90032	27
90033	36
90035	9
90036	6
90038	11
90039	32
90040	5
90041	7
90042	8
90043	5
90044	39
90045	13
90046	20
90047	21
90048	16
90049	14
90050	26
90051	13
90052	53
90054	14
90055	14
90056	26
90057	20
90058	5
90059	40
90060	20
90061	25
90062	22
90063	18
90064	13
90065	11
90066	9
90067	13
90068	10
90070	9
90071	14
90072	9
90073	25
90074	21
90075	15
90077	7
90078	14
90079	26
90080	7
90081	23
90082	27
90083	46
90084	17
90085	17
90086	16
90087	5
90088	6
90089	43
90090	29
90091	15
90092	11
90093	10
90094	17
90095	14
90096	26
90097	20
90098	7
90099	7
90100	23
90101	27
90102	19
90103	19
90104	7
90105	5
90106	11
90107	7
90108	10
90109	15
90110	11
90111	1
90112	27
90113	11
90114	8
90115	8
90116	8
90117	16
90118	9
90119	13
90120	10
90121	18
90122	23
90123	7
90125	11
90126	0
90127	19
90129	11
90130	11
90131	37
90132	33
90133	9
90134	19
90136	3
90137	46
90138	11
90139	11
90140	15
90141	12
90142	16
90143	6
90144	19
90146	7
90147	12
90148	19
90150	4
90151	13
90152	25
90153	7
90154	14
90155	8
90156	13
90157	35
90158	28
90159	3
90161	10
90163	14
90164	12
90165	9
90166	0
90167	3
90168	17
90170	11
90171	17
90172	1
90173	27
90174	32
90175	19
90178	4
90179	12
90181	18
90183	12
90184	24
90185	17
90187	14
90188	8
90190	19
90192	18
90193	31
90194	14
90195	6
90197	11
90198	32
90199	3
90200	15
90203	23
90204	14
90205	10
90206	5
90207	28
90208	2
90209	20
90210	13
90211	8
90214	21
90215	17
90216	16
90217	9
90218	17
90220	9
90221	3
90222	18
90223	20
90224	18
90227	6
90228	2
90229	18
90230	21
90231	32
90232	10
90233	16
90234	22
90235	15
90236	30
90238	13
90239	18
90240	7
90241	23
90242	18
90244	11
90245	3
90246	23
90248	30
90249	9
90250	11
90251	13
90252	26
90253	6
90254	23
90256	7
90257	10
90259	11
90260	20
90261	6
90262	15
90263	25
90264	16
90265	13
90266	9
90267	14
90269	30
90270	33
90271	18
90272	14
90273	15
90274	3
90275	34
90276	27
90277	18
90278	34
90279	18
90280	23
90281	10
90283	17
90286	11
90287	21
90288	12
90289	25
90290	34
90291	24
90292	15
90293	40
90294	5
90295	13
90296	24
90297	11
90298	29
90299	5
90300	5
90301	10
90302	7
90303	17
90305	4
90306	32
90307	5
90308	18
90309	23
90310	17
90311	17
90312	15
90313	5
90314	27
90315	12
90316	7
90317	9
90318	1
90319	10
90320	19
90321	27
90322	29
90323	24
90324	14
90325	12
90326	28
90328	20
90329	0
90330	4
90331	8
90332	24
90334	10
90336	20
90337	30
90338	10
90339	11
90340	11
90342	31
90343	34
90344	2
90345	1
90346	34
90347	20
90348	9
90350	10
90351	27
90352	21
90354	6
90355	31
90356	6
90358	16
90359	42
90361	32
90362	10
90364	16
90366	14
90367	9
90368	14
90370	28
90371	12
90372	33
90373	8
90374	14
90375	19
90376	13
90377	8
90378	0
90379	54
90380	7
90382	11
90383	33
90384	14
90385	31
90386	30
90387	6
90388	17
90389	8
90390	10
90392	21
90393	22
90395	31
90397	11
90398	23
90399	16
90401	8
90404	21
90405	15
90406	20
90407	10
90408	38
90409	11
90412	28
90413	2
90414	13
90415	8
90416	10
90417	25
90419	13
90420	16
90421	3
90422	12
90423	16
90424	33
90425	16
90426	7
90427	6
90429	13
90430	18
90431	9
90432	23
90433	13
90434	19
90435	21
90436	27
90437	21
90438	12
90439	6
90440	18
90441	8
90442	37
90443	14
90444	2
90446	7
90447	15
90448	15
90449	17
90450	29
90451	15
90452	15
90453	20
90454	5
90455	16
90456	34
90457	24
90458	9
90459	18
90460	22
90461	10
90462	17
90463	5
90464	8
90465	22
90466	8
90467	13
90468	10
90469	16
90470	18
90471	7
90472	1
90473	9
90474	10
90475	25
90477	24
90479	17
90481	8
90482	4
90484	13
90485	20
90486	16
90487	39
90489	11
90491	5
90492	14
90493	5
90495	30
90497	4
90498	20
90499	18
90500	14
90502	3
90504	16
90505	13
90507	27
90508	14
90509	22
90510	11
90511	16
90513	7
90514	14
90515	7
90516	28
90517	34
90518	31
90519	20
90520	23
90521	14
90523	15
90524	1
90525	5
90526	10
90527	14
90528	9
90530	12
90531	7
90532	18
90533	14
90534	29
90535	11
90538	19
90539	26
90540	13
90541	12
90542	29
90543	4
90544	12
90545	13
90546	15
90547	5
90548	37
90549	24
90550	13
90552	8
90553	25
90554	19
90555	8
90556	10
90557	13
90558	19
90559	12
90560	33
90561	28
90562	24
90563	10
90564	5
90565	22
90566	23
90567	11
90569	7
90570	10
90572	12
90573	19
90575	30
90576	12
90577	12
90578	56
90579	16
90580	23
90581	41
90582	19
90583	16
90585	28
90586	17
90588	31
90589	12
90590	5
90591	5
90593	17
90594	21
90596	14
90597	24
90599	28
90600	7
90601	11
90602	16
90603	19
90604	16
90606	33
90607	34
90608	11
90609	7
90610	19
90611	30
90612	15
90613	15
90614	6
90615	25
90616	12
90617	6
90618	7
90619	16
90620	7
90621	4
90622	23
90624	6
90625	14
90626	6
90627	11
90629	16
90630	11
90632	24
90633	17
90634	13
90635	27
90636	13
90637	20
90638	17
90639	17
90640	14
90641	12
90642	15
90643	7
90644	10
90645	18
90646	22
90647	13
90648	1
90649	14
90651	20
90652	8
90654	25
90655	18
90656	18
90657	20
90658	12
90659	27
90660	0
90663	14
90664	7
90665	20
90666	13
90667	4
90668	13
90669	19
90671	26
90672	7
90673	13
90674	14
90675	8
90676	8
90677	22
90678	6
90679	4
90680	31
90681	23
90682	7
90683	11
90684	12
90685	13
90686	27
90687	26
90688	9
90689	21
90690	8
90691	10
90692	29
90693	20
90695	12
90696	19
90697	22
90699	31
90700	5
90701	22
90704	0
90706	13
90707	33
90708	32
90709	26
90710	12
90711	16
90712	22
90715	16
90716	16
90718	35
90719	28
90720	18
90721	1
90723	17
90724	28
90726	30
90728	4
90729	13
90730	13
90732	21
90733	22
90734	10
90735	15
90737	29
90738	12
90739	24
90740	13
90741	27
90742	5
90743	5
90744	10
90745	13
90746	21
90747	27
90748	4
90749	26
90751	12
90755	9
90756	21
90758	10
90759	8
90760	17
90761	8
90762	8
90763	26
90764	12
90765	13
90766	14
90767	9
90768	5
90769	36
90770	20
90771	19
90772	4
90773	6
90774	26
90775	19
90776	34
90777	11
90778	14
90779	12
90780	27
90781	34
90782	24
90783	16
90785	15
90786	20
90787	11
90788	7
90789	24
90790	8
90791	30
90793	17
90794	19
90795	32
90796	4
90797	7
90798	12
90799	11
90801	8
90802	15
90803	10
90804	10
90805	4
90806	27
90807	2
90808	3
90809	2
90810	11
90811	24
90812	24
90813	12
90815	16
90817	16
90818	18
90820	17
90821	18
90822	10
90825	26
90826	14
90828	14
90829	22
90831	20
90832	18
90833	10
90834	12
90835	5
90836	18
90837	19
90838	47
90839	3
90840	21
90841	15
90843	2
90844	17
90845	7
90847	7
90848	0
90849	3
90850	8
90851	15
90853	14
90854	0
90855	14
90857	18
90858	6
90859	13
90860	13
90861	15
90862	16
90863	4
90864	18
90865	35
90866	10
90867	20
90868	36
90869	30
90871	14
90872	13
90873	8
90874	18
90876	30
90877	5
90878	8
90879	9
90880	19
90881	0
90882	28
90884	18
90885	7
90886	0
90887	18
90888	23
90889	7
90890	24
90891	10
90892	0
90893	34
90894	40
90895	13
90896	16
90897	20
90898	9
90899	3
90900	10
90901	18
90902	13
90903	10
90904	34
90905	14
90906	6
90907	9
90908	34
90909	41
90910	24
90913	36
90914	21
90915	23
90916	25
90918	18
90919	12
90920	5
90922	15
90923	6
90924	18
90925	37
90926	13
90928	30
90929	4
90932	19
90933	22
90934	19
90937	12
90939	32
90940	31
90941	6
90942	13
90943	10
90944	25
90945	22
90946	17
90947	7
90948	7
90949	20
90950	3
90951	22
90952	36
90953	21
90955	19
90956	1
90957	13
90959	16
90960	6
90964	6
90965	20
90966	24
90967	8
90968	21
90969	17
90970	4
90971	2
90972	4
90973	32
90974	20
90975	9
90976	24
90978	15
90979	31
90980	41
90981	26
90982	15
90985	13
90986	10
90987	2
90988	9
90989	39
90990	11
90991	22
90992	13
90993	14
90994	27
90996	29
90997	19
90998	17
90999	24
91000	24
91001	10
91002	9
91003	10
91004	34
91005	5
91006	11
91007	21
91008	6
91009	11
91010	24
91011	16
91012	16
91013	26
91014	12
91015	9
91016	13
91017	19
91018	27
91019	6
91020	7
91022	15
91023	35
91024	36
91025	14
91026	23
91028	5
91030	14
91031	10
91032	11
91033	7
91034	7
91035	4
91036	14
91037	5
91039	5
91040	6
91041	31
91042	5
91043	16
91044	33
91045	19
91046	11
91047	29
91048	15
91050	10
91051	10
91054	10
91055	18
91058	6
91059	3
91060	40
91062	1
91063	2
91064	8
91065	24
91066	9
91067	12
91068	40
91069	21
91071	20
91072	47
91073	20
91074	6
91075	8
91076	6
91077	31
91078	1
91079	17
91080	29
91082	16
91083	24
91084	14
91085	16
91086	16
91087	7
91088	3
91089	13
91090	26
91092	9
91093	12
91094	15
91095	20
91096	16
91097	24
91098	25
91099	10
91102	4
91103	15
91107	17
91108	19
91109	27
91110	21
91111	18
91112	35
91113	26
91115	27
91116	15
91117	4
91118	6
91119	10
91120	6
91122	12
91124	27
91125	16
91127	23
91128	1
91129	29
91130	21
91131	33
91132	25
91133	9
91134	1
91135	22
91136	21
91137	16
91138	12
91139	35
91140	11
91141	25
91142	9
91143	13
91144	9
91145	27
91146	45
91147	23
91149	22
91150	18
91151	30
91153	29
91155	27
91156	8
91157	21
91158	11
91159	18
91160	30
91161	26
91163	8
91164	21
91166	5
91167	12
91168	9
91169	7
91170	23
91171	23
91172	18
91173	43
91174	10
91175	6
91176	24
91177	25
91179	4
91181	22
91182	25
91184	8
91185	18
91186	21
91187	13
91188	5
91189	3
91190	45
91191	10
91193	34
91194	8
91195	8
91196	28
91197	5
91198	9
91200	14
91201	8
91202	21
91203	7
91204	13
91205	18
91206	10
91207	8
91208	8
91209	10
91210	17
91211	30
91213	20
91214	4
91215	18
91216	20
91217	6
91218	9
91220	8
91221	10
91222	24
91223	22
91224	22
91225	23
91226	17
91227	10
91228	4
91229	14
91230	16
91231	39
91232	14
91233	12
91234	22
91235	10
91236	14
91237	7
91238	18
91239	22
91242	10
91243	19
91244	22
91245	11
91246	12
91248	12
91249	4
91250	9
91251	11
91252	5
91254	13
91255	19
91256	22
91257	11
91258	8
91260	11
91261	43
91262	21
91263	8
91264	5
91265	19
91266	15
91267	6
91269	29
91270	21
91271	5
91272	20
91273	24
91274	4
91276	14
91278	16
91279	15
91280	11
91281	20
91282	14
91283	27
91284	8
91285	15
91286	19
91287	10
91288	48
91289	29
91290	34
91291	23
91292	10
91294	2
91295	25
91296	8
91297	23
91298	5
91299	11
91300	6
91302	25
91303	16
91304	11
91305	10
91306	7
91307	7
91308	16
91310	21
91311	23
91312	22
91313	5
91314	19
91315	15
91316	4
91317	19
91318	29
91320	23
91321	35
91322	11
91323	6
91324	4
91327	2
91328	10
91330	4
91331	7
91332	8
91333	23
91334	12
91335	7
91336	7
91337	25
91338	2
91339	5
91340	0
91341	14
91342	18
91343	3
91344	29
91345	15
91346	39
91347	10
91348	13
91349	13
91350	23
91351	24
91352	16
91353	5
91354	6
91355	22
91357	10
91359	42
91361	6
91362	40
91363	16
91364	31
91365	7
91366	16
91367	21
91368	4
91370	24
91371	6
91372	7
91373	17
91374	20
91375	28
91376	2
91377	5
91378	32
91379	2
91380	27
91381	27
91382	14
91384	17
91385	6
91386	6
91387	9
91389	21
91390	25
91395	10
91398	11
91399	23
91400	7
91401	11
91402	4
91403	44
91404	24
91405	6
91406	37
91407	12
91408	5
91412	14
91413	10
91414	19
91415	8
91416	14
91417	4
91418	14
91419	12
91420	9
91421	27
91422	35
91423	17
91424	30
91425	11
91426	8
91427	13
91428	13
91430	27
91431	4
91432	11
91433	4
91435	27
91436	0
91437	17
91438	24
91439	20
91440	18
91442	13
91443	3
91444	24
91445	22
91447	15
91448	7
91449	30
91450	11
91453	4
91454	33
91455	10
91456	9
91457	15
91458	19
91459	9
91460	7
91462	14
91463	20
91466	17
91467	10
91469	38
91470	8
91471	5
91472	35
91473	16
91474	11
91475	25
91476	15
91478	26
91479	7
91480	10
91481	22
91482	27
91483	13
91484	9
91485	33
91486	22
91488	11
91489	18
91491	0
91493	19
91494	14
91495	26
91496	8
91497	10
91499	22
91501	10
91502	9
91503	4
91504	22
91505	21
91506	38
91507	7
91508	24
91511	22
91512	28
91513	31
91514	18
91515	38
91516	18
91517	15
91518	10
91519	36
91520	44
91521	7
91522	12
91523	19
91524	12
91525	14
91526	19
91527	4
91528	20
91529	8
91530	17
91531	8
91532	19
91533	7
91534	5
91535	9
91536	43
91537	20
91538	31
91540	12
91541	11
91542	9
91543	1
91545	11
91546	27
91547	3
91548	11
91549	3
91550	9
91552	10
91553	16
91554	26
91556	20
91557	39
91558	26
91559	0
91561	11
91562	5
91563	0
91564	32
91565	16
91566	16
91567	6
91568	19
91570	8
91571	24
91572	9
91573	28
91574	13
91575	26
91576	5
91577	19
91578	29
91580	32
91582	15
91583	28
91585	11
91586	19
91587	16
91588	14
91589	10
91590	1
91591	15
91592	25
91593	20
91595	25
91597	20
91598	21
91599	15
91600	17
91601	27
91602	24
91603	39
91604	4
91606	15
91607	14
91608	30
91609	14
91611	10
91614	11
91615	8
91616	19
91617	16
91619	10
91620	31
91621	9
91622	20
91623	34
91625	6
91626	3
91627	20
91628	33
91629	23
91630	10
91631	5
91632	4
91635	24
91636	30
91637	6
91638	21
91639	19
91640	5
91641	19
91642	24
91643	8
91644	11
91645	12
91646	17
91647	13
91648	18
91649	19
91650	14
91651	32
91652	24
91654	11
91655	5
91657	24
91658	21
91659	4
91660	19
91662	7
91663	20
91664	7
91665	6
91666	13
91667	12
91668	12
91669	23
91670	25
91671	11
91675	6
91676	17
91677	23
91678	11
91679	12
91680	2
91681	59
91682	19
91684	14
91686	5
91687	8
91688	11
91689	13
91690	4
91691	9
91692	12
91694	10
91695	26
91696	13
91698	36
91699	17
91700	18
91701	28
91702	2
91703	6
91705	6
91706	7
91707	41
91708	15
91709	12
91711	11
91712	17
91713	12
91714	32
91715	9
91716	25
91717	18
91718	20
91719	31
91720	10
91721	8
91722	6
91723	19
91724	20
91725	26
91726	21
91727	8
91728	10
91729	7
91730	20
91731	12
91732	10
91733	7
91735	15
91737	2
91738	9
91739	35
91740	13
91741	13
91742	17
91743	13
91744	26
91746	23
91747	15
91749	18
91750	12
91751	9
91752	3
91753	13
91754	19
91755	9
91756	10
91757	9
91758	28
91760	25
91761	8
91762	18
91763	2
91764	23
91765	0
91766	4
91768	7
91769	33
91770	26
91771	32
91772	15
91773	15
91774	7
91775	16
91777	46
91778	9
91779	15
91780	10
91781	11
91782	9
91783	7
91784	20
91786	6
91787	12
91788	7
91789	26
91790	1
91791	9
91792	22
91793	17
91794	0
91795	10
91798	17
91799	19
91800	18
91804	16
91805	15
91806	13
91807	4
91808	13
91809	2
91810	20
91812	22
91813	19
91814	16
91815	4
91816	9
91817	18
91818	6
91819	11
91820	42
91821	24
91822	11
91823	29
91824	5
91825	12
91826	14
91827	19
91828	9
91829	12
91830	19
91831	10
91832	21
91833	30
91835	11
91836	9
91837	14
91838	4
91839	45
91840	24
91841	5
91842	21
91843	31
91844	7
91845	16
91846	9
91847	13
91848	21
91849	14
91850	13
91852	30
91853	11
91854	30
91855	4
91856	25
91858	8
91859	27
91860	17
91861	7
91862	9
91863	25
91865	10
91866	24
91867	11
91868	7
91869	11
91870	12
91871	23
91872	34
91873	22
91874	24
91875	30
91876	28
91877	11
91880	7
91883	38
91884	28
91885	33
91887	9
91888	13
91889	25
91890	12
91891	12
91892	8
91893	22
91894	12
91895	9
91896	15
91897	19
91898	16
91899	16
91900	34
91901	6
91902	12
91903	22
91905	8
91906	16
91907	10
91908	14
91909	12
91911	12
91912	35
91913	12
91914	11
91915	26
91916	15
91917	13
91918	43
91919	22
91920	12
91921	15
91922	21
91923	11
91924	21
91925	17
91926	34
91927	9
91929	14
91930	28
91931	12
91934	7
91935	11
91936	31
91937	13
91938	12
91941	19
91942	8
91943	9
91944	11
91945	11
91946	16
91947	17
91948	24
91949	33
91950	30
91951	12
91953	34
91954	2
91955	17
91956	29
91958	19
91959	9
91960	22
91961	5
91962	10
91963	18
91964	50
91965	12
91966	15
91967	7
91968	21
91969	12
91970	10
91971	10
91972	6
91973	49
91974	7
91975	7
91976	12
91977	20
91979	12
91980	40
91981	10
91982	7
91983	23
91984	25
91985	23
91986	17
91987	9
91988	10
91990	18
91991	27
91992	14
91993	12
91994	25
91995	11
91996	29
91997	34
91998	5
91999	8
92002	12
92003	21
92004	11
92005	7
92006	4
92007	8
92008	30
92009	10
92010	15
92011	12
92012	22
92013	24
92015	12
92017	4
92018	4
92019	12
92020	10
92021	27
92022	7
92023	4
92024	37
92025	7
92026	9
92027	14
92028	11
92029	5
92030	12
92031	26
92032	15
92033	15
92034	5
92035	17
92036	25
92037	0
92038	12
92039	1
92040	15
92041	23
92043	12
92044	20
92045	10
92046	14
92047	11
92048	13
92049	14
92050	20
92051	13
92053	14
92056	8
92057	2
92058	31
92059	7
92060	22
92061	17
92062	4
92063	32
92064	40
92065	13
92066	6
92067	4
92068	27
92069	25
92070	28
92071	21
92073	9
92074	9
92075	9
92076	11
92077	10
92078	4
92079	20
92080	16
92082	7
92083	11
92084	14
92085	22
92086	22
92087	0
92088	33
92089	30
92090	24
92091	11
92092	3
92093	10
92094	27
92095	7
92096	17
92097	10
92098	6
92099	13
92100	56
92102	38
92104	10
92105	29
92106	27
92107	9
92108	17
92109	16
92110	11
92111	6
92112	12
92113	14
92114	16
92115	17
92119	31
92120	10
92121	39
92122	36
92123	5
92124	25
92125	16
92126	10
92128	35
92129	7
92130	27
92131	5
92132	21
92133	17
92134	22
92135	18
92136	17
92137	11
92138	2
92139	5
92140	25
92141	12
92143	4
92145	13
92146	2
92148	22
92149	10
92150	12
92151	16
92152	19
92153	13
92154	33
92155	8
92157	32
92158	11
92159	10
92160	9
92161	17
92163	13
92164	13
92166	16
92167	27
92168	13
92169	19
92170	6
92171	43
92172	18
92173	10
92176	9
92177	7
92178	22
92179	17
92180	17
92181	4
92182	25
92183	19
92184	4
92185	13
92186	26
92187	12
92188	30
92189	18
92191	13
92192	27
92193	11
92194	18
92195	6
92196	42
92197	12
92198	18
92199	15
92200	20
92201	8
92203	16
92204	31
92205	11
92207	12
92208	4
92209	37
92210	12
92211	12
92212	6
92214	9
92215	15
92216	19
92217	16
92218	32
92219	23
92221	11
92222	28
92223	20
92224	13
92225	18
92226	22
92227	12
92228	27
92229	15
92230	48
92231	23
92232	18
92233	19
92234	31
92235	13
92236	21
92237	10
92238	9
92239	9
92240	9
92241	17
92243	30
92244	25
92245	25
92246	61
92247	30
92248	19
92249	23
92250	31
92251	22
92253	10
92254	7
92255	8
92258	19
92259	5
92260	36
92261	3
92262	13
92263	17
92264	4
92265	19
92266	5
92267	29
92268	6
92269	27
92271	5
92272	6
92273	28
92275	7
92276	7
92277	42
92278	16
92280	26
92281	51
92282	52
92283	26
92284	7
92285	8
92286	6
92287	23
92288	3
92289	28
92290	27
92291	7
92292	14
92293	13
92294	26
92297	20
92298	8
92300	12
92301	15
92303	21
92304	18
92306	10
92307	24
92308	1
92311	19
92312	31
92313	18
92314	9
92315	16
92316	10
92317	11
92318	46
92319	8
92320	14
92321	24
92322	16
92323	16
92324	15
92325	13
92326	10
92327	21
92328	4
92329	12
92330	20
92331	13
92332	17
92334	5
92335	20
92336	4
92337	11
92339	5
92340	16
92341	10
92343	28
92344	14
92345	16
92347	25
92348	15
92349	6
92350	31
92351	5
92352	26
92353	39
92354	15
92355	11
92356	7
92357	17
92358	15
92360	30
92361	17
92362	19
92363	0
92365	15
92366	14
92367	15
92371	10
92373	7
92375	5
92376	13
92378	11
92379	8
92380	17
92381	23
92382	16
92383	16
92385	40
92386	10
92387	26
92388	30
92389	6
92390	6
92391	16
92393	32
92394	7
92395	13
92396	19
92397	5
92398	11
92399	19
92400	17
92401	9
92402	7
92403	25
92406	9
92407	15
92408	13
92409	17
92410	11
92411	15
92412	21
92413	15
92414	6
92415	13
92416	12
92417	13
92418	15
92419	15
92420	21
92421	9
92422	33
92423	13
92424	15
92425	32
92426	16
92427	8
92428	15
92429	13
92430	15
92431	17
92432	9
92433	5
92435	17
92436	30
92437	19
92438	8
92439	11
92440	18
92441	28
92443	4
92444	20
92446	20
92447	3
92449	0
92450	20
92451	29
92452	32
92453	9
92454	21
92456	15
92457	13
92458	10
92459	19
92460	27
92461	27
92462	24
92463	6
92464	16
92465	9
92466	9
92467	12
92468	22
92469	21
92472	29
92473	33
92474	32
92475	37
92476	11
92477	14
92478	3
92479	20
92480	17
92481	10
92482	9
92484	15
92485	6
92486	13
92488	18
92490	27
92491	28
92492	13
92493	7
92494	36
92495	12
92496	12
92497	7
92498	24
92499	14
92500	17
92501	36
92503	3
92504	10
92505	17
92506	7
92507	9
92508	33
92509	6
92510	23
92511	9
92512	14
92513	7
92514	22
92515	18
92516	4
92517	4
92518	31
92520	28
92522	13
92523	25
92524	5
92525	9
92526	36
92527	2
92528	8
92529	1
92530	11
92532	10
92533	14
92534	10
92535	9
92536	7
92537	15
92538	8
92539	29
92540	10
92541	11
92542	20
92543	36
92544	8
92545	16
92547	22
92549	12
92551	11
92552	10
92553	5
92554	21
92555	24
92557	15
92558	41
92559	24
92560	19
92562	17
92563	14
92564	19
92565	11
92566	2
92567	14
92568	7
92569	9
92570	15
92571	11
92572	9
92573	2
92574	34
92575	14
92576	21
92577	3
92578	15
92579	12
92580	11
92583	5
92584	32
92586	17
92587	24
92588	29
92589	7
92591	6
92592	37
92594	23
92595	7
92596	2
92598	22
92599	8
92600	22
92601	15
92602	8
92603	36
92604	16
92605	21
92606	10
92607	16
92608	4
92609	4
92610	10
92611	9
92613	16
92614	0
92615	19
92616	20
92618	26
92622	4
92623	9
92624	11
92625	22
92626	24
92627	37
92628	18
92630	27
92631	10
92632	13
92634	23
92635	16
92636	19
92637	28
92638	14
92639	21
92640	23
92641	13
92642	39
92643	21
92644	8
92645	5
92646	9
92647	35
92648	14
92649	17
92650	13
92651	28
92652	34
92653	7
92655	10
92656	12
92657	14
92658	25
92659	24
92660	20
92662	16
92663	5
92664	10
92666	15
92667	8
92668	23
92669	34
92670	11
92673	22
92674	34
92675	11
92676	21
92677	10
92678	8
92680	23
92681	9
92682	15
92683	35
92684	29
92686	26
92687	22
92688	17
92690	14
92691	19
92692	13
92693	23
92694	34
92695	13
92696	11
92697	37
92698	20
92700	11
92702	21
92703	13
92704	38
92705	6
92707	8
92708	26
92709	20
92712	15
92713	25
92714	13
92715	24
92716	9
92717	24
92718	26
92719	23
92720	23
92721	4
92722	17
92723	18
92724	15
92725	7
92726	0
92727	14
92728	27
92729	43
92730	17
92731	22
92732	19
92734	20
92735	22
92736	6
92737	11
92738	12
92739	6
92741	10
92742	29
92743	20
92744	19
92745	9
92746	31
92747	19
92748	18
92749	13
92751	14
92752	0
92753	14
92754	12
92755	13
92756	13
92757	8
92758	43
92759	11
92760	13
92761	15
92763	28
92764	14
92765	21
92768	18
92769	12
92770	7
92771	18
92772	27
92773	25
92774	37
92776	34
92778	24
92780	4
92782	4
92783	11
92784	5
92785	14
92787	0
92788	32
92789	19
92790	12
92791	14
92792	18
92793	18
92795	14
92797	17
92798	16
92799	21
92801	32
92803	15
92804	16
92805	7
92806	21
92807	19
92808	9
92809	17
92811	18
92812	12
92813	15
92814	25
92815	58
92816	17
92817	3
92818	3
92819	18
92820	11
92822	6
92823	15
92824	17
92826	28
92827	5
92828	24
92829	10
92830	33
92831	5
92832	17
92834	17
92835	12
92836	8
92837	12
92839	16
92840	16
92841	14
92842	9
92843	15
92844	43
92845	21
92846	5
92847	17
92848	29
92849	11
92850	33
92851	6
92853	3
92854	21
92855	2
92856	9
92857	14
92858	17
92859	23
92861	18
92863	18
92864	27
92865	8
92866	26
92867	22
92868	19
92869	18
92870	13
92871	16
92872	30
92873	6
92874	17
92875	13
92876	5
92877	17
92878	30
92879	2
92880	17
92881	12
92882	9
92884	1
92886	7
92888	30
92889	24
92890	5
92892	3
92893	31
92894	7
92895	32
92896	27
92897	7
92898	16
92900	12
92901	24
92902	4
92903	18
92904	34
92905	6
92906	16
92907	7
92908	30
92911	32
92912	18
92913	19
92914	16
92915	7
92917	12
92918	10
92919	13
92920	18
92921	8
92922	14
92923	20
92924	8
92925	19
92926	27
92927	25
92928	12
92929	15
92930	23
92931	28
92932	24
92933	9
92934	33
92935	20
92937	39
92939	20
92940	13
92941	27
92942	17
92943	18
92944	9
92945	21
92946	19
92947	20
92949	33
92951	23
92952	6
92955	22
92956	8
92957	10
92958	5
92959	13
92960	17
92961	12
92962	5
92963	17
92964	10
92965	13
92966	9
92968	7
92969	8
92970	8
92971	18
92972	34
92973	25
92974	10
92975	21
92976	28
92977	6
92978	7
92979	7
92980	14
92981	8
92982	12
92983	30
92984	8
92985	6
92987	8
92988	34
92989	19
92990	21
92991	22
92992	4
92993	17
92994	16
92995	2
92996	12
92997	16
92998	10
93000	27
93001	23
93002	6
93003	18
93004	16
93005	13
93009	8
93010	29
93011	21
93012	17
93013	5
93014	32
93015	6
93016	6
93017	13
93018	25
93020	15
93021	8
93023	13
93025	12
93026	11
93027	4
93028	19
93030	20
93031	26
93032	12
93033	25
93035	33
93036	20
93037	3
93038	8
93039	8
93040	17
93042	18
93043	25
93044	20
93045	14
93046	21
93047	11
93048	20
93049	6
93050	36
93051	9
93052	25
93053	12
93054	13
93055	23
93057	21
93058	28
93059	0
93060	11
93061	15
93062	35
93063	23
93064	23
93065	14
93066	21
93067	16
93068	18
93069	21
93070	4
93071	25
93072	22
93073	18
93074	26
93075	13
93076	29
93077	37
93078	17
93080	21
93081	6
93083	20
93084	22
93085	11
93086	7
93087	19
93088	8
93089	9
93091	27
93092	21
93093	31
93094	18
93095	32
93096	5
93097	35
93098	28
93099	1
93100	29
93101	55
93103	9
93104	17
93106	10
93108	23
93109	17
93110	24
93111	25
93113	41
93114	19
93115	12
93116	7
93117	27
93118	32
93119	17
93120	17
93121	4
93122	30
93123	13
93124	14
93125	10
93126	16
93128	5
93129	17
93130	15
93131	9
93132	5
93134	24
93135	27
93136	6
93137	13
93138	18
93139	16
93140	18
93141	26
93142	9
93143	23
93144	19
93145	20
93146	25
93148	10
93149	9
93150	30
93151	4
93152	18
93153	6
93154	10
93155	3
93156	24
93157	21
93158	14
93159	10
93160	10
93161	20
93164	5
93165	7
93167	13
93168	18
93169	10
93170	9
93171	21
93172	9
93173	18
93174	40
93175	7
93176	14
93177	9
93178	28
93179	19
93180	27
93181	41
93182	6
93184	9
93186	29
93187	9
93188	3
93189	0
93190	12
93191	10
93192	14
93193	4
93194	8
93195	26
93196	2
93197	8
93198	28
93199	27
93200	3
93201	11
93202	11
93203	31
93204	6
93205	32
93206	14
93207	13
93208	12
93209	7
93210	22
93211	21
93212	17
93213	30
93214	10
93215	12
93216	12
93217	15
93218	20
93219	31
93220	29
93221	4
93222	33
93224	0
93225	24
93226	32
93227	10
93229	24
93230	41
93231	30
93233	16
93234	6
93235	29
93236	5
93237	17
93238	18
93239	12
93240	13
93241	6
93242	16
93243	10
93244	53
93245	21
93247	17
93248	26
93250	28
93251	30
93252	9
93254	17
93255	27
93256	33
93257	39
93258	1
93259	17
93260	14
93261	17
93262	18
93263	10
93264	9
93265	13
93266	12
93268	11
93269	12
93270	30
93271	24
93272	0
93273	22
93274	9
93275	24
93276	11
93278	0
93279	16
93280	36
93281	9
93282	38
93284	13
93287	14
93288	11
93289	19
93290	23
93291	22
93292	17
93293	35
93294	6
93295	18
93296	10
93297	33
93298	13
93299	25
93300	22
93301	8
93302	29
93303	14
93304	20
93305	12
93306	27
93307	38
93308	13
93310	24
93311	10
93312	20
93313	3
93314	12
93315	24
93316	30
93317	25
93320	6
93321	9
93323	24
93324	9
93325	19
93326	7
93327	22
93328	18
93329	24
93331	16
93332	10
93333	11
93334	15
93335	24
93337	13
93338	20
93339	17
93341	8
93342	10
93343	12
93345	25
93347	14
93348	23
93349	17
93351	33
93352	12
93353	8
93354	21
93356	5
93357	28
93358	25
93359	7
93360	8
93361	7
93362	8
93363	14
93364	8
93365	17
93366	11
93367	11
93368	19
93369	15
93370	24
93371	8
93372	33
93373	39
93375	46
93377	8
93378	22
93379	2
93380	17
93382	2
93383	30
93384	16
93386	9
93387	11
93388	30
93390	17
93391	4
93392	40
93393	17
93394	11
93395	18
93396	10
93397	9
93398	36
93399	23
93401	29
93402	24
93403	6
93404	19
93405	2
93408	11
93409	2
93410	45
93411	8
93412	16
93413	13
93414	31
93415	9
93416	19
93417	27
93418	0
93419	13
93420	23
93421	20
93423	16
93424	26
93425	26
93426	16
93428	16
93429	10
93430	22
93433	15
93434	3
93435	15
93436	10
93437	6
93438	8
93439	6
93440	10
93441	22
93442	15
93443	30
93445	4
93446	43
93447	9
93448	6
93449	37
93450	12
93451	1
93452	13
93453	19
93454	22
93455	8
93456	34
93457	14
93458	20
93459	13
93460	23
93461	7
93462	15
93463	24
93464	32
93465	39
93466	20
93467	13
93468	8
93469	23
93470	7
93471	10
93472	17
93473	20
93474	16
93475	11
93476	21
93477	16
93478	12
93479	8
93480	52
93481	43
93482	17
93483	13
93484	21
93486	15
93488	14
93489	8
93491	22
93492	28
93493	28
93494	26
93495	20
93496	18
93497	26
93498	28
93499	36
93501	11
93503	6
93505	3
93506	14
93507	34
93508	24
93509	15
93512	14
93513	18
93514	21
93515	25
93516	14
93517	7
93518	5
93519	12
93520	26
93521	30
93523	9
93524	19
93525	9
93526	9
93528	3
93529	0
93530	10
93531	19
93532	17
93533	39
93534	19
93537	19
93538	7
93539	10
93540	29
93541	15
93542	4
93543	7
93544	12
93545	11
93546	6
93547	17
93548	42
93549	53
93550	28
93551	4
93552	8
93553	4
93556	37
93557	12
93558	9
93559	34
93560	16
93561	11
93562	18
93564	4
93565	4
93566	6
93567	6
93568	9
93569	16
93570	23
93571	38
93572	24
93573	12
93574	25
93575	21
93577	7
93578	26
93579	5
93580	7
93581	20
93582	30
93583	8
93584	19
93585	0
93586	24
93587	40
93588	7
93589	34
93590	15
93591	21
93593	8
93594	33
93595	16
93596	7
93598	4
93600	19
93603	18
93604	14
93605	20
93606	10
93607	23
93608	3
93609	16
93610	20
93611	20
93613	18
93614	29
93615	15
93617	14
93618	12
93620	6
93621	21
93624	15
93625	2
93626	6
93627	15
93628	14
93629	14
93631	14
93634	2
93637	4
93639	16
93640	5
93641	4
93642	21
93643	15
93644	34
93645	17
93646	16
93647	9
93648	4
93649	0
93651	14
93652	4
93653	25
93654	12
93656	11
93657	18
93658	11
93659	30
93660	21
93661	28
93662	32
93663	10
93664	10
93665	14
93666	10
93667	36
93668	25
93669	7
93670	10
93671	18
93672	25
93673	9
93674	22
93675	4
93676	6
93677	14
93678	11
93679	19
93680	12
93681	27
93682	10
93683	19
93684	11
93685	27
93686	12
93687	20
93688	32
93689	21
93691	6
93692	17
93694	23
93695	13
93696	18
93697	4
93698	14
93699	13
93700	21
93701	7
93702	13
93703	7
93704	10
93705	6
93706	28
93707	13
93709	5
93710	9
93711	11
93712	14
93713	9
93715	18
93716	25
93718	17
93719	14
93720	9
93721	6
93722	5
93724	3
93725	17
93726	32
93727	22
93728	11
93729	29
93731	40
93733	5
93734	10
93735	17
93736	9
93737	11
93739	9
93740	35
93741	23
93742	8
93743	10
93744	18
93745	26
93746	31
93748	11
93749	10
93750	18
93751	3
93752	7
93753	30
93754	30
93755	25
93756	15
93757	25
93758	11
93759	20
93760	15
93761	5
93762	7
93763	12
93764	22
93765	15
93766	16
93767	17
93768	14
93769	26
93770	12
93771	10
93772	6
93773	20
93774	9
93775	19
93776	10
93777	25
93779	5
93780	2
93781	19
93782	13
93783	24
93785	12
93786	11
93787	15
93788	9
93789	7
93790	31
93792	12
93793	6
93795	10
93797	4
93798	5
93799	24
93800	22
93801	17
93802	9
93803	46
93804	27
93805	11
93806	40
93807	9
93808	19
93809	12
93810	29
93812	21
93813	10
93814	3
93816	8
93817	44
93818	22
93819	7
93820	25
93821	5
93822	27
93824	29
93825	15
93828	7
93829	4
93830	22
93831	4
93832	17
93833	22
93834	40
93835	10
93836	16
93837	12
93838	19
93840	26
93841	11
93842	13
93843	14
93844	11
93847	16
93848	5
93849	10
93850	5
93851	13
93852	5
93853	11
93854	22
93855	17
93856	7
93858	10
93859	8
93860	9
93861	22
93862	16
93863	29
93864	18
93866	6
93869	5
93870	12
93871	32
93873	20
93874	13
93877	24
93878	21
93879	40
93880	34
93881	16
93883	9
93884	17
93885	21
93886	10
93887	7
93888	18
93889	52
93890	17
93891	4
93892	24
93893	15
93894	11
93895	13
93897	10
93898	8
93899	7
93900	22
93902	11
93903	9
93904	9
93905	25
93906	8
93908	22
93909	22
93910	1
93911	1
93912	6
93913	7
93914	28
93915	20
93916	12
93917	25
93918	34
93919	37
93920	9
93921	7
93922	18
93923	16
93924	25
93925	39
93926	17
93927	12
93928	16
93929	12
93930	23
93931	13
93933	46
93934	6
93935	14
93936	17
93937	12
93939	20
93940	12
93941	9
93942	6
93943	12
93944	23
93945	15
93946	20
93947	16
93948	12
93949	9
93950	10
93951	13
93952	28
93953	26
93954	24
93955	8
93956	25
93957	22
93958	17
93959	19
93962	14
93963	0
93965	24
93966	16
93967	29
93968	11
93969	25
93971	16
93972	24
93974	41
93975	10
93976	15
93977	2
93978	8
93979	2
93980	13
93981	18
93982	2
93984	23
93985	23
93987	5
93988	7
93989	17
93990	11
93991	3
93992	9
93994	43
93995	13
93996	17
93998	16
93999	16
94001	6
94002	25
94003	9
94004	5
94005	11
94006	52
94007	4
94008	26
94009	6
94010	11
94011	24
94012	7
94013	20
94014	16
94015	3
94016	17
94017	13
94018	25
94019	21
94020	4
94021	19
94022	9
94023	18
94024	20
94025	11
94026	28
94027	25
94028	20
94029	12
94030	20
94031	4
94034	17
94035	11
94036	26
94037	0
94038	18
94040	12
94041	19
94042	16
94043	12
94045	11
94046	14
94047	18
94048	10
94049	5
94050	11
94051	13
94052	18
94053	9
94054	12
94055	20
94056	10
94057	18
94058	26
94059	21
94060	12
94061	5
94062	24
94063	30
94065	7
94066	35
94067	20
94069	2
94070	16
94072	14
94073	27
94074	12
94075	10
94076	10
94077	28
94078	40
94079	9
94081	9
94082	17
94083	2
94084	27
94085	19
94086	6
94087	8
94088	22
94090	12
94091	12
94092	12
94093	39
94094	18
94096	14
94097	38
94098	26
94099	6
94100	30
94101	12
94102	11
94103	4
94104	11
94105	5
94106	22
94109	9
94110	15
94111	24
94112	40
94113	35
94115	11
94116	6
94117	4
94118	17
94119	11
94121	14
94123	16
94125	21
94126	9
94127	2
94128	29
94129	27
94130	3
94131	28
94132	22
94133	18
94134	9
94135	12
94136	15
94137	26
94138	5
94139	35
94140	20
94141	18
94142	29
94143	20
94147	18
94148	22
94149	19
94150	19
94152	7
94153	20
94154	9
94155	26
94156	15
94157	18
94159	26
94160	8
94162	15
94163	20
94164	1
94165	23
94166	13
94167	8
94168	1
94169	25
94171	9
94172	9
94173	11
94177	11
94178	31
94181	7
94182	35
94185	31
94186	15
94187	0
94188	16
94189	23
94190	26
94191	15
94192	20
94193	14
94194	8
94195	9
94197	23
94198	25
94199	20
94200	24
94202	11
94204	9
94205	11
94206	24
94207	28
94208	3
94209	7
94212	9
94213	4
94214	15
94215	46
94217	30
94218	16
94219	10
94220	6
94221	18
94222	22
94225	23
94226	17
94227	5
94228	23
94229	7
94230	13
94231	16
94233	13
94234	21
94235	32
94236	25
94237	29
94238	16
94239	11
94240	17
94243	29
94244	24
94245	23
94246	13
94247	14
94248	13
94249	22
94250	14
94251	19
94253	3
94254	16
94255	10
94256	15
94257	0
94258	18
94259	18
94260	3
94262	18
94263	4
94266	21
94267	23
94268	30
94270	16
94271	13
94272	25
94274	8
94275	7
94276	11
94278	9
94279	49
94281	9
94282	13
94283	31
94284	7
94285	9
94286	31
94287	20
94288	53
94289	6
94290	4
94291	29
94292	9
94293	1
94295	16
94296	30
94298	6
94299	27
94300	26
94301	1
94302	29
94303	8
94305	8
94306	9
94308	17
94309	25
94310	13
94311	26
94312	19
94313	9
94315	22
94316	8
94317	15
94318	27
94319	14
94320	0
94321	21
94322	14
94323	16
94324	18
94325	12
94326	11
94327	21
94328	8
94329	9
94331	14
94332	19
94333	19
94334	48
94335	29
94338	6
94339	15
94340	6
94341	16
94342	20
94343	45
94344	10
94345	17
94347	18
94348	19
94349	20
94350	5
94351	18
94353	27
94355	12
94357	3
94359	6
94360	23
94361	7
94362	11
94363	19
94364	14
94365	33
94366	14
94367	18
94368	3
94369	9
94372	11
94373	15
94374	22
94375	9
94377	10
94378	3
94379	19
94381	6
94382	16
94383	4
94384	31
94386	13
94387	2
94388	1
94389	6
94390	9
94391	20
94392	18
94393	14
94394	23
94395	14
94396	8
94397	15
94398	8
94399	17
94400	15
94401	28
94402	13
94404	10
94405	9
94406	19
94407	27
94408	44
94409	15
94410	8
94411	17
94412	10
94413	4
94414	2
94415	23
94416	3
94417	7
94418	33
94419	8
94420	7
94421	14
94422	0
94423	16
94425	27
94426	18
94427	12
94428	14
94429	7
94430	21
94431	17
94432	4
94433	18
94434	21
94435	10
94436	10
94437	19
94438	2
94439	22
94440	10
94441	9
94442	13
94443	8
94445	5
94446	23
94447	12
94448	20
94449	2
94450	20
94451	18
94452	19
94453	32
94454	32
94455	39
94456	31
94457	19
94458	18
94459	18
94461	26
94462	14
94463	16
94464	38
94465	5
94466	4
94467	19
94469	22
94470	15
94471	15
94472	17
94474	13
94475	6
94476	5
94478	14
94479	18
94480	11
94481	26
94482	27
94484	14
94485	21
94487	11
94488	8
94489	19
94490	31
94493	19
94494	19
94496	30
94497	37
94498	12
94500	22
94501	52
94502	11
94503	6
94504	6
94506	26
94507	12
94508	15
94509	9
94510	8
94512	17
94514	21
94515	7
94516	16
94517	24
94518	7
94519	9
94520	23
94521	13
94522	24
94523	23
94524	7
94525	10
94526	13
94527	14
94528	13
94529	24
94530	13
94531	28
94532	30
94535	13
94536	31
94537	12
94539	53
94541	16
94542	13
94543	7
94544	13
94545	5
94546	11
94547	52
94549	7
94550	16
94551	18
94552	20
94553	25
94554	5
94555	13
94556	20
94557	14
94558	15
94559	11
94560	9
94561	28
94562	13
94564	20
94565	8
94566	16
94567	13
94568	10
94569	28
94570	26
94571	26
94572	20
94573	9
94574	18
94576	15
94577	7
94578	13
94579	29
94581	21
94582	6
94583	7
94584	6
94585	9
94586	9
94587	3
94588	12
94589	5
94590	19
94591	16
94592	21
94593	7
94594	2
94595	19
94596	18
94597	17
94598	33
94599	22
94600	1
94601	20
94602	5
94603	11
94604	19
94605	13
94606	4
94607	6
94608	4
94610	3
94612	12
94613	15
94614	7
94615	26
94616	33
94617	32
94618	15
94620	22
94621	8
94622	2
94623	21
94624	41
94625	11
94627	10
94628	0
94629	33
94630	0
94631	14
94633	26
94635	13
94636	26
94637	8
94638	15
94640	25
94643	23
94644	20
94645	20
94646	5
94647	16
94648	22
94650	16
94651	24
94652	9
94653	12
94654	21
94655	9
94656	5
94657	7
94658	0
94659	25
94660	38
94661	25
94662	29
94663	12
94664	13
94665	26
94666	11
94668	20
94669	17
94670	16
94671	10
94672	6
94674	14
94675	14
94676	20
94677	5
94678	6
94679	24
94680	23
94681	30
94682	3
94683	11
94684	16
94685	23
94686	13
94687	14
94688	21
94689	19
94690	13
94691	16
94692	10
94693	10
94694	9
94695	49
94696	8
94697	35
94699	15
94700	17
94701	21
94702	10
94703	14
94704	7
94706	11
94707	17
94708	9
94709	19
94712	3
94713	16
94714	13
94715	37
94716	20
94718	20
94719	18
94720	19
94721	13
94723	27
94724	13
94726	38
94727	13
94729	18
94730	11
94732	5
94733	18
94734	21
94735	10
94737	19
94738	17
94739	26
94740	19
94741	9
94742	13
94743	7
94744	4
94745	12
94747	15
94748	25
94749	20
94750	17
94751	6
94752	10
94753	11
94754	21
94755	22
94756	3
94757	28
94758	21
94759	11
94760	22
94761	23
94762	9
94763	7
94764	6
94765	26
94766	16
94767	15
94768	28
94769	16
94770	11
94771	17
94772	28
94773	14
94774	17
94775	14
94777	11
94778	45
94779	15
94780	12
94781	26
94782	1
94783	15
94784	23
94785	18
94787	10
94788	36
94789	23
94790	18
94792	22
94793	17
94794	17
94796	15
94797	27
94798	24
94799	6
94800	4
94801	10
94802	14
94803	3
94804	13
94805	9
94806	5
94808	9
94809	48
94810	23
94811	32
94812	20
94814	5
94815	7
94817	7
94818	26
94819	5
94820	17
94821	26
94822	13
94823	25
94824	10
94825	12
94826	33
94827	20
94828	14
94829	13
94830	27
94831	21
94832	29
94833	21
94835	19
94836	5
94837	33
94838	13
94839	9
94840	8
94841	11
94843	3
94844	32
94845	24
94846	12
94847	26
94848	15
94849	7
94851	20
94852	25
94853	9
94854	16
94855	20
94856	23
94857	11
94858	10
94859	14
94860	26
94861	34
94862	19
94863	5
94865	1
94866	10
94867	13
94868	20
94869	6
94871	16
94873	19
94874	14
94875	12
94876	10
94877	8
94878	15
94879	13
94880	41
94881	6
94882	7
94883	7
94884	11
94885	12
94888	9
94889	22
94890	26
94891	11
94892	7
94895	32
94896	26
94897	20
94898	10
94899	7
94900	8
94901	9
94902	6
94903	19
94904	27
94905	30
94906	21
94908	16
94909	8
94910	21
94911	19
94912	1
94913	16
94915	11
94916	8
94917	15
94918	19
94919	38
94920	23
94921	14
94922	12
94923	7
94924	10
94925	13
94926	27
94928	13
94930	7
94931	2
94932	4
94933	11
94934	19
94935	7
94937	54
94938	10
94939	22
94940	9
94941	2
94942	3
94944	9
94945	42
94946	24
94947	15
94949	14
94950	1
94951	10
94952	1
94953	23
94954	3
94955	19
94956	13
94957	12
94958	7
94959	9
94960	9
94961	19
94962	34
94964	5
94965	28
94966	27
94967	28
94969	18
94970	4
94971	6
94972	46
94973	12
94974	11
94975	14
94976	22
94977	14
94980	18
94981	9
94982	2
94983	25
94985	16
94986	6
94987	16
94988	19
94989	5
94990	44
94991	19
94992	24
94993	14
94995	8
94997	9
94998	15
94999	33
95000	8
95001	17
95002	6
95003	5
95004	9
95005	9
95006	5
95007	12
95008	12
95009	16
95011	24
95012	15
95013	22
95014	25
95015	5
95018	16
95021	15
95022	17
95023	20
95024	12
95026	14
95027	8
95028	23
95029	13
95031	17
95032	10
95033	2
95034	24
95035	19
95036	16
95037	5
95038	16
95039	22
95040	7
95041	18
95042	15
95043	18
95044	12
95045	10
95046	9
95047	19
95048	9
95049	13
95051	5
95052	35
95053	28
95054	5
95055	26
95057	31
95059	34
95061	11
95062	12
95063	31
95065	33
95067	20
95068	24
95069	12
95070	23
95071	27
95072	4
95073	17
95074	19
95077	21
95078	29
95079	5
95080	24
95081	36
95082	8
95083	39
95086	15
95088	9
95090	12
95091	23
95092	9
95093	5
95094	12
95095	15
95096	20
95097	28
95099	20
95101	15
95103	25
95104	33
95105	3
95106	19
95107	13
95108	8
95109	12
95110	9
95111	3
95112	13
95113	29
95114	13
95115	41
95116	8
95117	16
95118	28
95119	12
95120	24
95121	20
95122	38
95123	28
95124	10
95125	6
95126	10
95127	2
95128	12
95129	8
95130	13
95131	4
95132	14
95134	13
95135	17
95136	10
95137	12
95138	15
95139	31
95140	6
95141	12
95142	15
95144	9
95145	24
95146	14
95147	19
95148	7
95149	23
95151	13
95152	8
95154	25
95155	26
95156	21
95157	13
95158	30
95159	31
95160	18
95161	4
95162	14
95163	5
95164	9
95165	9
95166	0
95167	25
95168	17
95170	6
95171	16
95172	33
95173	22
95174	18
95175	15
95176	20
95177	28
95178	26
95179	25
95180	29
95181	10
95182	17
95183	24
95184	47
95185	15
95186	23
95187	18
95188	5
95189	24
95190	8
95193	22
95194	7
95195	10
95197	6
95198	10
95199	8
95200	15
95202	8
95205	20
95206	3
95207	17
95208	22
95209	30
95210	23
95211	10
95212	7
95213	27
95214	9
95215	9
95216	18
95218	4
95219	33
95221	22
95222	40
95223	26
95224	19
95225	6
95226	21
95227	28
95228	13
95229	14
95230	24
95231	2
95232	36
95234	7
95235	9
95236	43
95237	12
95238	15
95239	3
95240	26
95241	6
95242	17
95243	16
95244	42
95245	8
95246	16
95247	27
95248	31
95249	22
95250	7
95251	12
95252	18
95253	32
95254	20
95255	1
95256	2
95257	11
95258	26
95259	21
95261	14
95262	34
95263	18
95264	7
95266	10
95268	15
95269	6
95270	9
95271	14
95272	24
95273	16
95274	15
95275	12
95277	17
95278	4
95279	13
95280	11
95281	11
95282	15
95283	11
95284	8
95285	14
95286	14
95287	29
95288	16
95289	37
95290	6
95292	39
95293	3
95294	7
95295	5
95296	25
95297	37
95298	7
95299	14
95300	13
95301	18
95303	37
95304	31
95305	15
95306	29
95307	21
95308	18
95309	11
95311	10
95312	36
95313	25
95314	5
95317	11
95318	21
95319	33
95321	15
95322	20
95323	9
95325	26
95326	26
95327	19
95328	7
95329	17
95330	36
95331	38
95332	22
95333	33
95334	20
95335	6
95336	11
95337	8
95338	23
95339	24
95340	14
95341	17
95342	5
95343	12
95344	12
95345	9
95346	22
95347	14
95348	23
95349	7
95351	13
95352	15
95353	6
95354	16
95355	8
95356	15
95357	35
95358	20
95359	5
95361	13
95362	3
95363	2
95364	18
95365	27
95366	28
95367	10
95368	18
95369	13
95370	15
95371	25
95372	15
95373	30
95374	17
95376	10
95377	16
95378	17
95379	6
95380	7
95384	8
95385	27
95386	30
95388	3
95389	14
95390	14
95391	20
95394	9
95395	8
95397	13
95398	15
95399	17
95400	16
95401	15
95402	9
95403	16
95404	14
95405	24
95406	36
95407	8
95408	30
95409	15
95410	24
95411	8
95412	6
95413	9
95414	8
95415	16
95416	13
95417	9
95418	11
95419	15
95420	4
95421	37
95422	13
95423	21
95424	4
95425	9
95427	44
95428	18
95429	22
95430	4
95432	16
95434	16
95435	21
95436	22
95437	10
95438	8
95440	29
95441	6
95442	9
95443	26
95444	13
95445	7
95446	30
95447	22
95448	21
95449	7
95450	20
95451	9
95452	20
95453	9
95455	9
95456	21
95457	11
95458	12
95459	24
95460	0
95461	13
95462	9
95463	19
95464	15
95465	12
95466	10
95467	4
95468	0
95470	13
95471	6
95472	17
95473	21
95474	6
95475	14
95476	16
95477	4
95478	5
95479	26
95480	16
95483	23
95485	26
95486	24
95487	17
95488	14
95489	34
95491	18
95492	16
95493	15
95494	6
95496	9
95497	25
95498	6
95499	10
95500	9
95501	24
95502	16
95503	12
95504	25
95505	18
95506	31
95508	30
95509	22
95511	18
95512	37
95513	16
95516	9
95517	15
95518	28
95519	15
95520	21
95521	12
95522	18
95523	23
95524	8
95525	4
95526	9
95527	17
95528	23
95529	35
95530	20
95531	17
95532	7
95533	17
95534	26
95535	16
95537	28
95538	22
95539	10
95540	8
95541	19
95542	29
95544	5
95545	3
95546	34
95547	31
95548	6
95549	8
95550	30
95551	6
95552	5
95553	13
95555	13
95556	25
95557	17
95558	32
95559	26
95560	30
95561	15
95562	24
95563	7
95564	44
95565	10
95566	32
95567	6
95568	6
95569	12
95571	12
95572	20
95573	10
95574	18
95575	2
95576	4
95577	8
95578	14
95579	13
95581	11
95585	8
95586	29
95587	9
95588	9
95589	16
95590	8
95591	2
95592	18
95594	18
95595	28
95596	23
95599	6
95600	16
95601	8
95602	15
95603	7
95605	29
95606	9
95607	7
95609	7
95610	4
95611	9
95612	20
95613	21
95614	0
95616	17
95619	45
95620	13
95621	11
95622	35
95624	12
95625	20
95626	28
95627	3
95628	21
95629	3
95633	33
95635	12
95637	20
95638	8
95639	1
95640	12
95642	7
95643	2
95644	4
95645	23
95646	24
95647	38
95648	34
95649	22
95650	15
95651	7
95652	3
95654	11
95655	4
95656	3
95657	27
95658	32
95659	22
95660	10
95661	7
95662	10
95663	26
95664	11
95665	36
95666	12
95667	19
95668	24
95669	39
95670	11
95672	22
95673	23
95675	6
95676	19
95677	23
95678	4
95679	45
95682	6
95683	34
95684	16
95685	16
95686	3
95688	20
95690	3
95691	6
95692	6
95693	14
95695	22
95696	19
95697	45
95699	15
95700	15
95701	44
95702	7
95703	19
95704	18
95705	23
95706	31
95707	26
95708	33
95709	10
95710	28
95711	18
95712	7
95713	18
95714	37
95715	18
95717	20
95718	22
95719	20
95720	14
95721	2
95722	14
95723	37
95724	7
95725	19
95726	2
95727	20
95728	17
95729	19
95731	28
95732	18
95734	24
95737	30
95738	20
95740	17
95742	37
95744	7
95745	1
95746	6
95747	20
95749	22
95750	28
95751	34
95752	5
95753	26
95754	26
95755	12
95756	14
95757	7
95759	15
95761	21
95762	4
95763	9
95764	9
95766	7
95767	16
95768	12
95769	6
95770	22
95771	31
95772	7
95773	13
95774	10
95775	18
95776	5
95777	12
95778	13
95780	10
95781	10
95782	27
95783	11
95784	8
95786	21
95787	45
95788	11
95789	6
95790	6
95791	12
95792	6
95793	14
95795	13
95796	8
95797	15
95799	7
95800	23
95801	36
95802	8
95804	10
95805	18
95806	8
95807	21
95808	6
95809	9
95810	15
95811	14
95812	12
95813	40
95814	19
95815	24
95817	22
95819	8
95820	5
95821	11
95822	23
95823	20
95824	9
95825	16
95826	10
95827	7
95828	9
95829	12
95830	4
95832	2
95833	12
95834	12
95836	11
95837	37
95838	38
95839	18
95841	21
95844	22
95845	34
95846	8
95847	10
95848	21
95849	6
95850	6
95851	15
95852	13
95853	35
95854	12
95855	14
95856	36
95857	21
95858	11
95859	5
95860	4
95861	18
95862	29
95863	7
95865	29
95866	7
95867	6
95869	8
95870	9
95871	7
95872	9
95873	3
95874	12
95875	20
95876	2
95877	10
95878	4
95879	16
95880	15
95881	17
95883	10
95885	34
95886	18
95887	17
95889	5
95890	4
95891	15
95892	29
95893	22
95894	25
95895	12
95896	10
95897	24
95898	25
95900	27
95901	13
95902	7
95904	5
95905	12
95906	10
95907	18
95908	8
95909	4
95910	23
95911	23
95912	10
95913	10
95915	5
95916	9
95917	5
95918	8
95919	7
95920	0
95921	7
95922	16
95923	8
95924	14
95926	8
95927	5
95928	1
95929	10
95930	3
95931	25
95932	3
95933	34
95934	9
95935	14
95936	24
95938	8
95939	13
95940	36
95941	1
95942	13
95943	23
95944	14
95946	37
95947	18
95948	17
95949	20
95950	8
95951	5
95952	35
95953	0
95954	25
95956	15
95957	7
95958	26
95959	14
95960	13
95961	24
95962	31
95963	42
95964	24
95965	28
95966	6
95967	11
95968	26
95969	14
95970	17
95971	7
95972	13
95974	11
95975	19
95976	13
95977	9
95979	33
95980	14
95981	23
95983	18
95984	7
95985	11
95986	14
95987	14
95988	23
95989	16
95990	5
95991	20
95992	5
95993	8
95994	29
95995	42
95996	20
95998	10
95999	18
96000	21
96001	12
96002	11
96003	7
96004	9
96005	14
96006	10
96007	6
96008	15
96010	14
96011	13
96012	18
96013	10
96014	17
96016	40
96017	15
96018	9
96019	8
96020	19
96021	15
96022	11
96023	39
96024	0
96025	31
96026	5
96027	19
96028	2
96029	10
96030	25
96031	9
96032	10
96033	16
96034	36
96035	26
96036	11
96039	8
96040	15
96041	15
96042	27
96044	30
96045	22
96046	27
96047	22
96048	16
96049	19
96050	10
96051	17
96052	11
96054	5
96055	21
96056	0
96058	18
96060	9
96061	9
96062	13
96063	4
96064	17
96065	18
96066	33
96067	7
96068	14
96069	9
96070	21
96071	23
96072	11
96073	10
96074	36
96075	9
96077	32
96078	17
96079	5
96080	7
96081	6
96082	1
96083	26
96084	7
96085	8
96086	13
96087	27
96088	14
96089	8
96090	6
96091	27
96092	3
96093	12
96094	29
96096	34
96097	29
96098	22
96099	28
96100	5
96102	18
96103	2
96104	12
96106	20
96107	9
96108	13
96109	16
96110	14
96111	1
96112	14
96113	26
96114	20
96115	9
96117	8
96118	8
96119	23
96122	18
96123	17
96124	15
96125	0
96126	14
96127	13
96128	45
96130	24
96132	22
96133	0
96134	5
96135	32
96136	7
96137	29
96138	5
96139	24
96140	19
96141	28
96142	8
96143	29
96146	10
96148	11
96149	18
96150	18
96151	26
96152	29
96154	14
96155	10
96156	26
96157	13
96158	9
96159	4
96160	34
96161	24
96162	4
96163	15
96164	10
96165	15
96166	20
96168	9
96169	0
96170	30
96172	28
96173	18
96174	12
96175	29
96176	9
96177	17
96178	14
96179	17
96181	15
96184	14
96185	25
96186	4
96187	18
96188	10
96189	12
96190	7
96191	9
96192	15
96193	38
96194	18
96195	0
96196	11
96198	5
96200	15
96201	33
96202	7
96203	1
96204	40
96205	6
96206	2
96207	30
96208	16
96209	17
96210	10
96211	31
96212	6
96213	4
96214	13
96215	10
96216	37
96217	18
96218	13
96219	19
96220	11
96221	16
96223	6
96224	19
96226	13
96228	14
96229	55
96230	26
96231	9
96232	27
96233	40
96234	23
96235	6
96237	12
96240	11
96241	19
96242	26
96243	8
96244	10
96246	18
96247	15
96248	7
96249	23
96251	9
96252	31
96254	15
96255	12
96256	15
96257	37
96258	16
96259	12
96260	12
96261	2
96262	22
96263	4
96264	15
96266	26
96267	17
96268	13
96269	12
96271	16
96273	6
96274	16
96275	10
96276	20
96277	29
96278	15
96279	3
96280	4
96281	8
96283	28
96285	24
96287	4
96288	19
96289	15
96290	18
96291	23
96293	9
96294	20
96295	11
96296	21
96297	13
96298	35
96299	27
96301	19
96302	9
96303	7
96304	2
96305	16
96306	6
96307	2
96309	20
96310	26
96311	9
96312	20
96313	23
96314	1
96315	10
96317	7
96318	16
96319	7
96320	8
96321	31
96322	6
96323	3
96324	17
96325	5
96327	18
96328	4
96329	13
96331	8
96333	35
96334	16
96335	15
96336	6
96337	29
96338	12
96339	14
96340	18
96341	22
96343	12
96344	5
96345	15
96346	18
96347	4
96348	7
96349	17
96350	23
96352	24
96353	2
96354	25
96355	26
96356	44
96357	8
96358	14
96359	19
96360	13
96361	31
96362	33
96365	14
96366	7
96367	21
96368	8
96369	12
96370	6
96371	32
96372	30
96373	22
96374	36
96376	37
96377	15
96378	20
96379	33
96380	24
96381	8
96382	29
96383	15
96385	13
96386	12
96387	7
96388	6
96390	39
96392	4
96393	22
96394	10
96395	25
96396	11
96397	10
96398	10
96400	13
96401	14
96402	31
96403	11
96404	11
96405	19
96406	0
96407	9
96408	8
96410	19
96411	17
96413	13
96414	10
96415	24
96416	14
96417	15
96418	9
96421	15
96422	34
96423	4
96424	6
96425	9
96426	11
96427	14
96429	6
96431	3
96432	12
96433	9
96434	15
96436	15
96438	4
96439	14
96440	7
96441	27
96442	27
96443	31
96444	29
96447	4
96448	4
96450	4
96451	17
96452	4
96453	19
96454	14
96455	25
96457	6
96458	1
96459	5
96461	27
96463	10
96464	28
96465	26
96466	31
96467	1
96468	34
96469	39
96470	12
96471	9
96472	13
96473	23
96474	16
96475	33
96476	22
96477	16
96478	17
96479	6
96481	12
96482	17
96484	10
96485	20
96491	10
96492	8
96493	16
96494	10
96495	25
96496	4
96497	18
96498	19
96499	6
96502	0
96503	18
96504	2
96508	25
96509	21
96513	15
96514	7
96515	15
96516	21
96517	14
96518	13
96519	23
96521	31
96522	10
96523	16
96524	11
96525	14
96526	12
96527	15
96528	8
96529	6
96530	14
96531	18
96533	13
96534	18
96536	8
96537	13
96538	20
96539	14
96540	17
96542	23
96543	13
96544	15
96545	23
96546	11
96549	20
96550	27
96551	18
96552	6
96553	20
96554	12
96555	13
96557	7
96558	4
96559	3
96560	25
96561	15
96562	27
96564	26
96567	17
96568	15
96570	20
96571	13
96572	7
96573	38
96574	22
96575	6
96576	10
96578	6
96579	6
96582	1
96583	0
96584	22
96585	3
96586	16
96587	36
96588	5
96589	9
96590	11
96591	38
96592	15
96593	13
96594	24
96595	3
96596	32
96598	13
96599	23
96600	9
96601	21
96602	22
96603	18
96604	39
96605	14
96606	22
96607	9
96608	21
96609	10
96611	31
96612	16
96613	19
96614	16
96615	24
96616	18
96617	5
96618	27
96619	20
96620	2
96622	13
96624	24
96625	20
96626	20
96627	11
96628	12
96629	9
96631	0
96632	1
96633	14
96634	13
96635	6
96636	21
96638	38
96639	27
96640	7
96641	19
96642	3
96644	28
96645	26
96646	19
96647	35
96648	16
96650	13
96651	15
96652	7
96653	15
96654	9
96655	14
96656	34
96657	15
96659	9
96661	21
96662	32
96663	6
96664	37
96665	5
96666	35
96667	16
96668	24
96669	11
96670	5
96671	22
96672	19
96673	11
96674	25
96675	16
96676	8
96677	8
96678	9
96679	2
96680	22
96682	37
96683	18
96684	38
96685	8
96686	12
96688	7
96689	22
96690	15
96691	4
96692	21
96693	24
96696	30
96697	36
96698	36
96699	12
96701	11
96704	4
96705	14
96706	9
96707	23
96708	1
96711	18
96712	22
96713	15
96714	14
96715	20
96717	22
96719	16
96720	14
96721	11
96722	24
96723	21
96724	17
96725	22
96726	12
96727	30
96728	13
96729	11
96730	14
96731	9
96732	6
96733	10
96734	22
96735	12
96736	16
96737	18
96738	0
96741	16
96742	7
96743	8
96744	19
96745	2
96746	13
96748	17
96749	16
96750	4
96753	12
96754	23
96755	12
96756	31
96757	25
96758	16
96759	18
96760	17
96761	19
96762	13
96763	16
96764	10
96766	19
96767	16
96768	9
96769	6
96771	12
96772	35
96773	6
96774	4
96775	7
96776	11
96777	6
96778	8
96779	13
96780	15
96782	24
96783	9
96784	11
96785	5
96786	15
96787	20
96788	13
96789	29
96790	4
96791	17
96792	35
96793	18
96795	12
96796	24
96797	26
96798	20
96799	2
96800	16
96801	12
96803	15
96804	38
96805	27
96806	17
96807	9
96808	32
96810	7
96811	14
96813	12
96814	35
96815	8
96817	16
96818	4
96819	32
96820	5
96822	25
96823	11
96824	11
96825	26
96826	19
96827	4
96828	18
96830	12
96831	10
96832	10
96833	4
96834	3
96835	14
96836	6
96837	16
96838	2
96839	4
96840	18
96841	6
96842	8
96843	15
96844	26
96845	8
96846	26
96848	16
96849	17
96850	6
96851	17
96852	7
96853	25
96854	19
96856	6
96857	29
96858	30
96859	24
96860	16
96861	21
96862	19
96863	14
96864	21
96865	16
96866	19
96867	14
96868	9
96869	40
96870	37
96871	13
96872	12
96873	12
96874	10
96875	2
96876	24
96877	6
96878	9
96879	28
96880	20
96881	19
96882	32
96883	7
96884	4
96885	14
96886	31
96889	29
96890	24
96891	13
96892	8
96893	7
96894	18
96895	8
96896	22
96897	20
96898	8
96899	5
96900	31
96901	29
96902	7
96903	22
96904	16
96905	9
96906	8
96907	13
96908	16
96910	8
96911	6
96912	7
96913	14
96914	35
96915	7
96916	29
96917	26
96918	22
96919	9
96922	3
96923	14
96924	21
96925	26
96926	40
96927	18
96928	15
96929	28
96930	6
96931	24
96932	15
96933	10
96935	21
96937	33
96938	9
96939	17
96940	37
96941	7
96942	15
96943	10
96945	13
96946	15
96947	12
96948	38
96949	16
96950	32
96951	12
96952	60
96953	30
96954	8
96955	9
96956	5
96957	8
96958	32
96959	9
96960	22
96961	4
96962	39
96963	17
96964	12
96965	1
96966	43
96967	14
96968	19
96969	25
96970	20
96972	7
96974	15
96975	25
96976	23
96977	2
96978	9
96979	28
96980	14
96981	10
96982	30
96983	10
96984	14
96985	28
96986	40
96987	17
96988	10
96989	15
96990	10
96991	23
96992	18
96994	12
96995	9
96996	11
96997	16
96998	16
97000	14
97001	15
97002	11
97003	5
97004	9
97005	8
97007	14
97008	9
97009	4
97010	10
97011	13
97012	13
97014	15
97015	26
97016	26
97017	23
97018	17
97019	15
97020	3
97021	7
97022	9
97023	12
97024	6
97025	28
97026	9
97027	16
97028	25
97029	21
97030	17
97031	16
97032	32
97033	26
97034	19
97035	20
97036	21
97037	31
97038	8
97040	15
97041	18
97042	11
97043	25
97044	14
97046	38
97048	14
97049	7
97050	13
97051	12
97052	11
97053	19
97055	23
97056	32
97057	4
97058	38
97059	26
97060	3
97061	7
97062	19
97063	11
97065	14
97066	30
97067	9
97069	10
97070	37
97071	18
97072	3
97073	11
97074	11
97075	11
97076	16
97078	10
97079	18
97080	17
97081	18
97082	18
97083	17
97084	23
97085	23
97086	11
97087	8
97088	46
97089	24
97090	7
97091	12
97092	18
97094	8
97095	18
97096	16
97097	12
97099	17
97101	11
97102	24
97103	23
97104	23
97105	13
97106	12
97107	17
97108	14
97109	11
97110	7
97111	21
97112	1
97114	7
97115	25
97116	44
97117	12
97118	15
97119	22
97121	7
97122	19
97123	10
97124	19
97126	15
97127	25
97128	12
97129	12
97130	9
97131	8
97132	19
97133	39
97134	6
97136	4
97137	2
97138	29
97139	11
97141	9
97143	31
97144	8
97145	27
97146	11
97147	17
97149	2
97150	17
97151	6
97152	22
97153	12
97155	17
97156	20
97157	15
97158	31
97159	0
97160	8
97161	27
97162	8
97163	14
97165	24
97166	13
97167	27
97169	34
97170	3
97171	26
97173	11
97174	13
97175	5
97176	20
97177	21
97178	5
97179	27
97180	6
97181	12
97183	24
97184	9
97185	34
97186	20
97187	22
97190	35
97191	10
97192	5
97193	12
97194	13
97195	18
97196	32
97197	32
97198	20
97199	15
97200	2
97202	50
97203	13
97204	10
97206	10
97208	27
97211	2
97212	9
97213	12
97214	15
97215	1
97216	15
97217	3
97218	21
97220	11
97221	10
97224	28
97225	17
97226	6
97227	14
97229	18
97230	20
97231	17
97232	26
97233	13
97234	8
97235	15
97237	12
97238	20
97239	14
97240	15
97241	23
97242	10
97243	12
97244	9
97245	21
97246	38
97247	27
97249	10
97250	6
97251	27
97252	6
97253	22
97255	13
97256	17
97257	32
97258	10
97259	11
97260	5
97261	13
97262	11
97263	7
97264	18
97265	14
97266	9
97267	13
97268	5
97269	11
97271	12
97273	14
97274	11
97275	19
97276	8
97277	29
97278	5
97280	12
97281	8
97282	22
97284	18
97285	5
97286	26
97287	37
97288	20
97290	10
97292	12
97293	23
97294	18
97295	9
97296	11
97297	18
97298	12
97299	9
97300	21
97301	7
97302	27
97304	20
97305	14
97306	5
97307	12
97308	33
97309	19
97310	27
97311	51
97313	10
97314	11
97316	16
97317	16
97318	13
97319	18
97320	21
97321	16
97323	12
97324	15
97325	11
97327	8
97328	13
97329	39
97331	15
97332	8
97333	8
97334	18
97335	29
97336	48
97337	27
97338	8
97339	20
97340	2
97342	35
97343	7
97344	14
97345	13
97346	13
97347	16
97349	27
97350	12
97351	3
97352	22
97353	14
97354	10
97355	19
97356	26
97357	15
97358	26
97359	6
97361	10
97362	17
97364	17
97365	17
97367	17
97368	13
97369	27
97370	11
97371	1
97372	40
97373	16
97374	19
97377	8
97378	16
97379	16
97380	12
97381	9
97382	5
97383	5
97384	3
97387	3
97388	6
97389	19
97390	16
97391	34
97392	14
97393	34
97394	8
97395	8
97396	13
97397	21
97398	20
97400	21
97401	18
97402	24
97404	14
97405	28
97406	18
97407	18
97408	15
97409	21
97410	52
97412	35
97413	10
97414	10
97415	14
97416	24
97417	21
97418	56
97419	2
97420	16
97421	29
97422	7
97423	28
97424	6
97425	20
97426	10
97427	4
97428	16
97429	10
97430	6
97431	16
97433	5
97434	16
97435	10
97436	4
97438	21
97439	3
97440	28
97443	26
97444	4
97446	14
97447	16
97448	30
97449	19
97450	30
97451	24
97452	30
97453	25
97454	5
97455	31
97456	43
97457	21
97458	32
97459	28
97460	11
97462	37
97463	27
97464	17
97465	19
97466	35
97467	19
97469	17
97470	6
97471	31
97472	7
97473	14
97474	20
97475	6
97476	11
97477	21
97478	24
97479	14
97480	15
97482	0
97483	27
97484	16
97485	20
97486	16
97487	18
97488	4
97489	23
97490	9
97491	41
97492	23
97493	10
97494	12
97496	15
97497	20
97499	13
97501	14
97502	29
97503	18
97504	11
97505	5
97506	16
97507	26
97508	15
97511	9
97512	9
97513	13
97514	8
97515	9
97516	12
97517	9
97518	10
97519	27
97520	9
97521	18
97522	12
97523	12
97524	12
97527	7
97529	6
97530	14
97531	31
97532	36
97533	11
97534	11
97535	17
97536	14
97537	19
97538	21
97539	19
97540	18
97541	48
97542	24
97544	21
97545	15
97546	18
97547	5
97548	8
97549	9
97551	26
97552	13
97553	18
97554	4
97556	15
97557	12
97558	1
97559	6
97560	2
97561	1
97562	8
97563	25
97564	14
97565	43
97566	18
97568	7
97569	23
97570	4
97571	19
97572	5
97573	8
97574	8
97575	9
97576	17
97577	8
97578	12
97580	15
97581	25
97582	15
97583	14
97584	18
97585	18
97587	34
97588	20
97589	4
97590	19
97591	10
97592	43
97593	6
97595	18
97596	20
97597	27
97598	27
97599	25
97600	17
97601	13
97602	16
97603	29
97604	13
97605	12
97606	26
97607	11
97608	23
97609	24
97610	34
97611	16
97612	12
97613	4
97614	27
97615	24
97616	23
97617	32
97618	6
97619	10
97620	11
97621	22
97622	13
97623	22
97625	19
97626	13
97627	32
97628	16
97629	5
97631	56
97632	26
97633	18
97634	25
97635	6
97636	32
97638	1
97640	11
97641	0
97642	18
97643	8
97644	15
97645	13
97646	21
97647	12
97648	16
97649	13
97650	17
97651	26
97652	15
97653	28
97655	13
97657	15
97658	17
97659	19
97660	12
97662	24
97663	19
97664	29
97668	12
97669	13
97670	24
97671	13
97672	8
97673	27
97674	15
97675	20
97676	33
97677	2
97678	5
97679	17
97680	24
97681	5
97682	21
97683	3
97684	4
97685	1
97686	13
97687	7
97688	18
97689	16
97690	27
97691	8
97692	10
97694	7
97695	38
97697	14
97698	38
97700	14
97701	22
97702	14
97703	12
97704	8
97705	5
97706	19
97708	21
97709	22
97711	6
97712	10
97713	9
97714	27
97715	14
97716	8
97718	10
97719	18
97720	28
97721	16
97722	27
97723	5
97725	8
97726	10
97727	19
97728	10
97729	10
97730	13
97732	31
97733	6
97734	19
97735	2
97736	42
97737	17
97738	16
97739	5
97740	33
97741	13
97742	3
97743	21
97744	21
97745	2
97746	1
97747	22
97748	21
97749	24
97750	16
97751	10
97752	9
97753	13
97754	5
97755	33
97756	37
97757	23
97758	29
97759	21
97761	17
97762	19
97763	20
97764	10
97767	6
97768	12
97770	25
97771	15
97772	5
97773	24
97775	17
97777	17
97778	21
97779	18
97780	22
97781	8
97782	19
97783	39
97784	34
97785	6
97786	20
97788	18
97789	32
97790	2
97791	12
97792	19
97793	9
97795	0
97796	15
97797	25
97798	32
97799	21
97800	8
97801	22
97802	12
97803	16
97804	15
97805	17
97806	21
97807	1
97809	28
97810	13
97811	15
97812	15
97813	24
97814	14
97816	8
97817	15
97818	20
97819	26
97820	12
97821	4
97822	14
97823	17
97824	8
97825	2
97826	15
97828	13
97829	30
97830	14
97831	14
97832	38
97833	14
97835	10
97836	26
97837	28
97838	13
97840	18
97841	17
97842	6
97843	9
97844	26
97845	12
97846	5
97847	6
97848	16
97850	24
97852	21
97855	15
97856	30
97857	18
97859	20
97860	22
97861	36
97862	32
97864	31
97865	23
97867	11
97868	5
97869	18
97870	5
97871	8
97873	31
97875	28
97876	9
97877	13
97879	7
97880	9
97881	4
97882	12
97883	13
97884	8
97885	15
97886	25
97887	12
97889	8
97890	13
97891	9
97892	18
97893	5
97894	21
97895	12
97896	34
97897	22
97898	9
97899	14
97900	5
97901	11
97902	13
97903	14
97904	6
97905	9
97906	36
97907	10
97908	10
97909	3
97910	11
97911	16
97912	18
97913	31
97914	6
97917	19
97918	15
97919	9
97920	6
97921	13
97922	13
97923	14
97924	13
97925	11
97926	12
97927	18
97928	6
97930	7
97931	1
97932	7
97934	25
97935	23
97936	17
97937	14
97938	16
97939	10
97940	10
97941	12
97942	11
97943	0
97944	17
97945	26
97946	22
97947	11
97948	5
97949	17
97950	32
97951	12
97952	16
97953	13
97954	17
97955	22
97956	20
97957	11
97958	28
97959	21
97960	13
97961	14
97963	9
97964	6
97965	15
97966	2
97967	7
97968	11
97970	27
97971	21
97972	14
97973	8
97974	25
97975	33
97977	7
97978	13
97979	7
97980	13
97981	13
97982	27
97985	14
97986	16
97989	22
97990	25
97991	9
97992	14
97993	8
97994	19
97995	4
97996	9
97997	14
98000	32
98001	31
98002	29
98003	20
98004	13
98006	13
98007	34
98008	18
98009	14
98010	33
98011	19
98012	5
98013	24
98014	25
98016	1
98017	3
98019	25
98020	13
98021	17
98022	9
98023	11
98024	20
98025	21
98026	24
98027	18
98028	21
98029	7
98030	3
98031	3
98032	10
98033	15
98034	7
98035	16
98036	7
98037	9
98038	29
98039	16
98040	17
98041	38
98042	5
98043	17
98044	26
98045	18
98046	25
98047	33
98048	23
98049	25
98050	28
98051	36
98052	32
98053	32
98054	9
98055	42
98056	29
98057	6
98059	7
98060	16
98061	16
98062	11
98063	15
98064	11
98065	17
98066	8
98067	19
98068	16
98069	5
98070	12
98071	19
98072	20
98074	18
98075	11
98076	10
98077	7
98078	9
98079	15
98080	9
98081	23
98082	20
98083	22
98086	6
98087	8
98088	19
98090	12
98092	26
98094	18
98097	4
98098	9
98100	3
98101	21
98103	13
98104	18
98105	16
98106	11
98107	29
98108	9
98109	14
98110	10
98111	7
98113	7
98114	5
98116	4
98117	10
98118	11
98119	3
98120	9
98121	12
98122	12
98123	14
98124	9
98125	11
98126	22
98127	18
98128	8
98129	7
98130	33
98132	15
98133	8
98134	12
98135	19
98136	12
98137	5
98138	6
98139	19
98140	24
98141	7
98142	15
98143	22
98144	12
98146	8
98147	26
98148	35
98149	8
98151	34
98152	21
98153	18
98154	35
98155	10
98156	17
98157	26
98158	12
98159	16
98161	8
98163	2
98164	24
98165	23
98166	26
98167	26
98168	26
98169	31
98170	17
98171	16
98172	12
98174	10
98175	6
98176	0
98177	10
98178	1
98179	18
98180	14
98181	8
98182	50
98183	16
98185	24
98186	25
98187	16
98190	44
98192	10
98193	8
98194	27
98195	40
98196	6
98197	7
98199	36
98200	21
98201	5
98202	5
98203	17
98204	31
98205	22
98206	7
98207	11
98208	23
98209	26
98210	30
98212	30
98213	15
98214	21
98215	14
98217	13
98219	29
98220	10
98221	27
98222	32
98223	8
98224	19
98225	21
98226	17
98227	9
98228	10
98229	12
98230	4
98231	14
98232	4
98233	7
98234	11
98235	7
98236	9
98237	5
98238	38
98240	1
98241	5
98242	17
98245	28
98246	9
98247	24
98248	18
98249	40
98251	10
98252	20
98253	1
98254	36
98255	12
98256	28
98259	3
98260	10
98261	17
98262	11
98263	26
98264	19
98266	11
98267	9
98268	7
98269	8
98270	9
98271	15
98272	15
98273	9
98274	4
98275	10
98276	8
98277	23
98278	1
98279	13
98281	8
98283	15
98284	20
98285	18
98286	25
98287	10
98288	8
98289	17
98290	14
98291	4
98292	3
98293	8
98294	2
98296	3
98297	28
98298	32
98299	43
98302	20
98303	6
98304	22
98306	44
98307	48
98308	4
98309	9
98310	28
98311	23
98312	25
98313	12
98314	20
98316	4
98317	31
98318	24
98319	39
98320	2
98321	8
98323	35
98324	12
98325	14
98326	4
98327	21
98328	9
98329	20
98330	8
98332	25
98333	18
98334	9
98335	7
98336	13
98337	16
98339	6
98341	4
98342	0
98343	9
98344	13
98345	14
98346	4
98347	6
98348	4
98349	13
98351	15
98352	29
98354	29
98355	21
98357	40
98358	8
98360	18
98361	10
98362	11
98363	14
98364	5
98365	20
98367	26
98368	9
98369	10
98370	15
98371	11
98372	25
98373	7
98374	16
98376	16
98377	10
98378	27
98379	16
98380	13
98381	17
98382	19
98383	28
98384	21
98385	5
98388	5
98389	36
98390	2
98391	11
98392	11
98394	37
98396	10
98397	24
98400	8
98402	21
98403	9
98404	31
98405	18
98406	33
98408	14
98409	11
98411	11
98412	26
98413	17
98414	35
98415	18
98416	3
98417	41
98418	12
98420	30
98421	21
98422	8
98423	7
98425	9
98427	20
98428	14
98429	16
98430	22
98431	37
98432	15
98434	17
98435	19
98436	14
98437	16
98438	35
98439	17
98440	59
98441	5
98442	10
98443	24
98444	11
98446	10
98447	18
98448	23
98450	18
98451	12
98452	18
98453	3
98455	13
98456	26
98457	13
98460	4
98461	17
98462	12
98463	22
98464	15
98465	14
98466	28
98468	4
98469	18
98472	10
98473	20
98474	18
98476	12
98478	30
98479	7
98480	8
98481	12
98482	16
98483	23
98484	3
98485	17
98487	29
98489	5
98491	16
98492	15
98493	13
98494	30
98495	28
98497	8
98498	10
98499	14
98501	10
98502	25
98503	15
98504	17
98506	22
98507	10
98509	28
98510	19
98511	17
98512	20
98513	12
98514	12
98515	6
98516	29
98517	17
98518	17
98519	26
98520	7
98521	13
98522	18
98523	20
98524	20
98525	11
98526	3
98527	10
98528	23
98529	13
98530	45
98531	9
98532	4
98534	18
98535	14
98536	28
98537	7
98538	10
98539	13
98540	25
98541	10
98542	11
98543	28
98545	29
98546	15
98547	24
98548	30
98549	11
98550	9
98551	24
98552	18
98553	27
98554	31
98556	26
98557	35
98560	2
98561	13
98562	21
98564	16
98566	18
98568	13
98569	14
98570	14
98572	30
98573	14
98574	8
98575	42
98576	22
98577	24
98578	11
98580	32
98581	12
98582	6
98583	11
98584	1
98585	18
98586	5
98587	3
98588	5
98589	11
98590	29
98591	3
98593	6
98594	4
98595	38
98596	31
98597	51
98598	12
98599	33
98600	10
98601	32
98602	36
98603	13
98604	5
98606	27
98608	16
98609	12
98610	26
98611	17
98612	4
98613	7
98614	5
98615	3
98617	32
98619	16
98620	31
98621	21
98622	6
98623	22
98624	7
98625	27
98626	5
98627	11
98628	19
98629	1
98631	23
98632	12
98633	30
98635	24
98637	6
98638	15
98639	18
98640	19
98641	3
98642	14
98644	29
98645	7
98646	10
98647	14
98651	25
98652	20
98653	6
98654	14
98655	18
98656	33
98657	21
98658	3
98659	0
98660	10
98661	12
98662	24
98663	22
98664	5
98665	1
98667	10
98668	21
98669	4
98670	5
98672	3
98673	2
98674	10
98676	9
98677	17
98678	19
98679	5
98680	16
98681	15
98682	3
98683	14
98684	16
98685	20
98686	16
98687	32
98689	25
98690	17
98691	9
98692	26
98693	7
98694	23
98695	21
98696	7
98697	19
98698	27
98700	37
98703	21
98704	8
98705	27
98706	6
98707	5
98708	14
98710	11
98711	17
98712	11
98713	28
98714	8
98715	7
98716	3
98717	6
98719	19
98720	17
98721	21
98722	42
98723	13
98724	34
98725	12
98726	15
98727	8
98728	16
98729	7
98730	24
98731	9
98732	20
98734	4
98735	27
98737	16
98738	13
98739	18
98740	8
98741	8
98742	21
98743	21
98744	12
98745	13
98746	13
98747	22
98748	23
98749	28
98750	9
98751	16
98753	13
98754	8
98755	18
98756	5
98757	5
98760	34
98761	13
98763	27
98764	7
98765	16
98766	16
98767	19
98768	10
98769	24
98770	8
98771	19
98772	11
98774	35
98775	6
98776	12
98778	13
98779	14
98782	10
98783	5
98786	37
98787	13
98789	8
98790	22
98791	8
98792	24
98793	9
98794	7
98795	25
98796	8
98798	20
98799	12
98800	10
98801	29
98802	14
98803	28
98804	21
98805	27
98806	19
98807	11
98808	22
98809	20
98810	35
98811	9
98812	15
98813	17
98814	50
98815	16
98816	9
98817	41
98818	26
98820	9
98821	16
98822	5
98823	36
98824	11
98825	47
98826	25
98827	18
98828	11
98829	22
98830	10
98831	23
98832	12
98833	26
98834	41
98835	5
98836	13
98837	44
98838	2
98839	9
98840	29
98842	18
98843	3
98844	28
98845	25
98846	8
98847	9
98848	6
98849	21
98850	23
98851	36
98852	14
98854	13
98855	20
98856	14
98857	21
98858	24
98859	15
98860	21
98861	35
98862	19
98863	28
98864	33
98865	21
98866	37
98867	6
98868	10
98869	27
98870	21
98871	8
98872	14
98873	26
98874	8
98875	17
98876	14
98877	21
98878	22
98879	11
98880	8
98881	15
98882	32
98883	11
98884	33
98885	12
98886	26
98887	2
98888	3
98890	17
98891	13
98892	27
98893	28
98894	19
98895	6
98896	36
98897	6
98898	12
98899	6
98900	29
98901	36
98902	29
98903	30
98906	20
98907	33
98908	21
98909	10
98910	8
98911	27
98912	5
98913	34
98914	15
98915	10
98917	26
98918	26
98919	10
98920	0
98921	23
98922	11
98923	8
98924	18
98925	12
98926	21
98927	14
98929	18
98930	6
98931	11
98932	8
98933	17
98934	35
98937	6
98941	18
98942	5
98943	45
98944	25
98945	13
98946	6
98947	16
98948	5
98949	35
98950	22
98951	20
98952	11
98954	41
98955	15
98956	22
98957	5
98958	22
98959	21
98960	5
98961	5
98962	22
98963	21
98964	24
98965	1
98966	3
98967	12
98968	17
98969	9
98973	16
98974	17
98976	30
98977	24
98978	30
98979	9
98980	8
98981	8
98982	10
98983	18
98984	17
98985	32
98987	35
98988	20
98989	15
98990	32
98991	8
98992	25
98994	24
98996	8
98997	4
98998	18
98999	23
99000	12
99001	29
99002	15
99004	7
99005	8
99006	17
99007	11
99008	26
99009	7
99011	16
99012	1
99013	11
99014	9
99015	25
99016	10
99017	18
99018	30
99020	21
99021	32
99022	6
99023	23
99024	18
99026	17
99027	15
99028	29
99029	1
99030	19
99031	10
99032	8
99033	18
99034	24
99036	25
99037	15
99038	18
99039	13
99040	12
99041	3
99043	45
99044	10
99046	22
99047	7
99048	6
99049	7
99050	26
99051	21
99052	31
99054	23
99055	9
99056	7
99057	10
99059	25
99060	22
99062	9
99064	10
99065	15
99066	8
99067	15
99069	19
99071	22
99072	1
99073	2
99074	17
99075	22
99076	28
99077	14
99078	8
99079	3
99080	15
99081	15
99082	19
99083	34
99084	9
99085	35
99086	12
99087	22
99088	9
99089	15
99091	18
99092	15
99093	29
99094	40
99095	7
99096	15
99097	13
99098	30
99099	18
99100	20
99102	16
99103	7
99104	11
99105	19
99106	10
99107	15
99109	10
99110	13
99111	12
99112	11
99113	23
99114	29
99115	37
99117	30
99118	25
99119	28
99120	22
99123	21
99124	8
99125	20
99128	24
99129	32
99130	8
99131	31
99132	12
99133	4
99134	16
99135	3
99136	25
99137	19
99138	25
99139	20
99140	8
99143	13
99145	10
99146	9
99147	18
99148	9
99149	30
99150	1
99152	20
99153	14
99154	2
99155	12
99156	5
99158	10
99159	18
99160	13
99161	11
99162	10
99163	16
99164	46
99166	12
99167	6
99168	16
99170	12
99171	15
99172	22
99173	4
99174	11
99175	6
99177	6
99178	7
99180	3
99182	2
99184	10
99186	18
99187	20
99188	4
99189	4
99190	20
99191	1
99192	24
99193	12
99194	12
99195	13
99196	25
99197	14
99198	18
99199	37
99200	9
99202	36
99203	14
99204	11
99205	3
99206	9
99207	3
99209	28
99210	7
99211	28
99212	11
99213	8
99214	19
99215	34
99216	29
99217	4
99218	31
99220	17
99221	13
99222	2
99223	7
99224	13
99225	12
99226	21
99227	17
99228	37
99229	10
99230	16
99231	19
99232	10
99233	2
99235	7
99236	14
99237	13
99238	23
99239	15
99240	30
99241	44
99245	23
99246	12
99247	12
99248	8
99250	30
99251	28
99252	10
99253	21
99254	10
99255	6
99256	28
99257	16
99258	22
99259	12
99260	26
99261	15
99262	35
99263	14
99264	2
99265	13
99267	4
99268	20
99269	20
99270	32
99272	11
99273	30
99275	13
99276	18
99277	42
99278	8
99279	10
99280	17
99281	2
99282	6
99283	18
99284	5
99285	26
99286	7
99287	20
99288	14
99290	15
99291	3
99292	1
99293	16
99294	16
99295	13
99296	7
99297	3
99298	4
99299	24
99300	13
99302	4
99303	17
99304	34
99305	10
99307	19
99309	0
99310	19
99311	8
99312	5
99313	29
99314	26
99315	15
99316	22
99317	19
99319	5
99320	10
99322	21
99323	6
99324	11
99325	10
99326	9
99327	20
99328	18
99330	11
99331	8
99332	29
99333	16
99334	16
99335	2
99336	11
99338	17
99340	13
99341	9
99342	18
99343	11
99344	29
99345	10
99346	15
99347	29
99348	14
99349	0
99350	20
99352	13
99353	11
99354	17
99355	15
99357	20
99360	8
99361	17
99362	9
99363	32
99364	18
99365	34
99366	25
99367	22
99368	27
99369	19
99370	6
99371	0
99372	15
99373	7
99374	20
99375	19
99377	27
99378	59
99379	11
99380	8
99381	35
99383	9
99384	12
99385	0
99386	13
99387	8
99388	15
99390	38
99392	7
99393	13
99394	4
99395	7
99396	11
99397	17
99398	17
99399	13
99400	10
99401	13
99402	8
99403	16
99405	10
99406	8
99407	11
99408	12
99409	12
99410	7
99411	11
99412	22
99414	15
99415	24
99416	15
99417	23
99418	22
99419	21
99420	30
99421	13
99422	6
99424	34
99425	10
99426	13
99429	18
99430	16
99432	4
99433	22
99435	16
99436	3
99437	27
99438	19
99439	6
99440	12
99441	6
99442	11
99443	12
99444	8
99445	16
99446	17
99447	42
99448	10
99450	23
99451	20
99452	23
99453	12
99454	18
99455	28
99456	16
99457	12
99458	16
99459	16
99460	12
99461	13
99463	25
99466	7
99467	31
99468	14
99469	10
99470	3
99472	21
99474	7
99475	17
99476	16
99477	28
99478	9
99479	44
99480	15
99481	14
99483	9
99485	32
99487	10
99488	17
99489	26
99490	10
99492	7
99493	23
99494	21
99495	36
99496	14
99497	18
99499	15
99501	7
99502	23
99503	17
99504	25
99506	3
99507	38
99508	41
99509	5
99511	7
99512	15
99513	44
99514	16
99515	25
99516	34
99518	13
99520	27
99521	36
99522	11
99523	25
99524	27
99525	7
99526	41
99528	16
99529	12
99530	12
99531	4
99532	21
99533	22
99534	26
99536	8
99537	6
99538	8
99539	40
99540	28
99541	3
99542	24
99544	12
99545	18
99546	15
99547	2
99548	33
99549	14
99550	8
99551	18
99554	12
99555	15
99556	15
99557	17
99558	2
99559	16
99560	19
99561	29
99562	12
99564	9
99565	1
99567	17
99568	4
99570	7
99571	9
99572	8
99573	34
99574	1
99575	6
99576	47
99577	6
99578	11
99579	12
99580	21
99581	15
99582	16
99583	22
99584	9
99585	18
99587	23
99588	13
99589	25
99591	22
99592	13
99593	10
99594	7
99596	32
99597	9
99598	2
99600	19
99602	10
99603	9
99604	18
99605	22
99606	21
99607	11
99608	9
99609	6
99610	24
99611	50
99612	14
99613	36
99615	22
99616	32
99617	37
99618	8
99619	43
99621	17
99622	8
99623	30
99624	16
99625	27
99626	9
99627	8
99628	6
99629	36
99630	21
99631	33
99632	14
99633	5
99634	10
99635	19
99636	18
99637	4
99638	2
99639	15
99640	29
99641	7
99642	22
99643	22
99644	23
99645	19
99646	25
99647	17
99648	22
99649	4
99650	16
99651	5
99652	4
99653	17
99654	3
99655	15
99656	15
99657	17
99659	11
99660	10
99661	11
99662	27
99663	17
99664	22
99665	10
99666	3
99667	22
99668	23
99669	14
99670	11
99671	6
99672	45
99673	25
99674	4
99676	10
99677	7
99678	19
99679	42
99681	4
99682	2
99683	16
99684	11
99686	4
99687	7
99688	9
99689	15
99690	4
99692	25
99693	7
99694	6
99695	30
99696	12
99698	26
99699	17
99701	16
99702	28
99703	13
99704	16
99706	8
99707	21
99708	7
99709	26
99710	20
99712	7
99713	13
99715	21
99717	17
99719	20
99720	32
99721	12
99722	11
99723	20
99724	10
99725	21
99726	19
99727	33
99728	5
99729	12
99730	19
99731	15
99732	3
99733	15
99734	33
99735	19
99736	14
99739	35
99740	20
99741	10
99742	22
99745	15
99746	8
99747	8
99748	29
99749	10
99750	14
99751	16
99752	21
99753	19
99754	17
99755	18
99757	19
99759	13
99760	6
99761	5
99762	11
99763	23
99765	5
99767	7
99768	11
99769	4
99770	23
99771	12
99772	6
99773	4
99774	2
99775	9
99777	13
99778	18
99779	27
99780	23
99782	9
99783	16
99785	13
99786	24
99789	13
99791	7
99793	18
99794	9
99795	27
99796	22
99797	10
99798	20
99799	8
99800	17
99801	16
99802	16
99803	20
99804	16
99807	18
99808	12
99809	5
99810	29
99811	25
99812	8
99813	30
99814	25
99815	19
99816	9
99818	14
99820	38
99821	10
99822	24
99823	38
99824	36
99825	5
99826	7
99827	18
99828	11
99829	10
99830	18
99831	38
99832	9
99833	31
99835	5
99836	3
99837	14
99839	6
99840	9
99841	9
99842	29
99843	35
99844	23
99845	3
99846	37
99847	15
99849	19
99850	17
99851	8
99852	25
99856	20
99857	12
99858	2
99859	19
99860	4
99861	28
99862	13
99863	23
99864	12
99865	13
99866	9
99867	5
99868	12
99869	17
99871	5
99872	22
99873	12
99874	23
99875	15
99876	15
99878	23
99879	14
99880	26
99881	25
99883	6
99884	35
99885	16
99886	10
99887	7
99888	32
99889	11
99890	13
99891	36
99892	19
99894	0
99895	20
99896	21
99897	33
99898	9
99899	26
99900	19
99901	20
99902	6
99903	23
99906	14
99907	11
99908	5
99909	13
99910	6
99911	15
99912	23
99914	5
99915	23
99916	15
99917	11
99918	8
99919	32
99920	10
99922	14
99923	1
99924	7
99925	30
99926	15
99927	21
99928	6
99929	16
99930	28
99931	9
99932	11
99933	13
99934	2
99935	1
99936	11
99937	7
99938	17
99939	10
99940	47
99941	7
99943	11
99944	6
99946	24
99947	12
99948	16
99950	16
99951	13
99952	15
99953	28
99954	14
99955	18
99956	31
99957	22
99958	24
99959	17
99960	24
99961	15
99962	17
99964	32
99965	17
99966	16
99967	7
99968	1
99970	14
99971	4
99973	16
99974	53
99976	2
99977	29
99979	12
99980	10
99981	8
99982	21
99983	19
99984	22
99985	11
99986	7
99988	15
99990	8
99991	16
99992	17
99993	30
99994	20
99995	24
99996	12
99999	4
