Total_runs	Turns
1	0
2	9
3	8
4	7
5	0
6	0
7	10
8	0
9	5
11	0
13	2
14	2
16	1
17	10
18	1
19	10
21	6
22	0
23	5
24	7
25	6
26	0
27	5
28	7
29	5
30	5
31	10
32	0
33	9
34	0
35	6
36	1
37	0
38	6
40	12
41	6
42	0
43	6
44	8
46	2
47	8
49	1
50	0
51	5
52	24
54	0
55	0
56	17
57	0
58	0
59	1
60	0
61	0
63	8
64	3
65	0
66	0
67	10
68	2
69	3
70	2
71	2
72	8
73	0
74	0
75	0
76	1
77	0
78	7
79	1
80	0
81	0
82	16
83	0
84	2
85	5
86	13
87	4
88	1
89	11
91	2
92	5
93	3
94	5
95	0
96	0
97	3
98	9
99	4
100	0
101	1
102	3
103	4
104	0
105	13
106	0
107	5
109	8
110	7
111	5
112	17
113	1
114	5
115	12
116	0
118	15
119	1
120	11
121	2
122	1
123	9
124	2
125	6
126	4
127	0
128	1
129	0
130	6
131	6
132	8
133	3
134	0
135	3
136	12
138	0
139	0
140	0
141	0
142	0
143	9
144	14
147	3
148	10
149	9
150	0
152	2
154	1
155	7
156	13
157	0
158	4
160	25
163	10
164	26
166	2
167	15
168	0
169	11
171	1
174	0
175	4
176	20
177	3
178	7
179	2
180	11
181	0
182	5
183	5
184	20
185	0
186	0
188	4
189	6
190	0
191	6
192	0
193	5
194	7
195	1
196	4
198	0
199	0
200	0
201	0
202	1
203	0
205	3
206	8
207	21
209	2
210	0
211	0
212	16
213	5
214	0
215	0
216	6
217	6
218	0
219	3
220	6
221	6
222	13
223	18
224	0
225	0
226	3
227	0
228	5
229	1
230	4
231	19
232	26
233	20
234	2
235	1
236	4
237	0
238	0
239	5
240	0
241	0
242	7
243	12
244	0
245	4
246	9
247	2
248	4
249	3
250	10
251	2
252	7
253	2
254	0
255	2
256	28
257	0
258	0
259	7
260	0
261	2
262	7
263	7
265	3
266	0
267	4
268	0
269	2
270	0
271	10
274	8
277	11
278	0
281	0
282	0
283	2
284	2
285	7
286	6
287	13
288	3
289	1
291	12
293	5
295	2
296	10
297	0
300	15
301	5
302	9
303	0
304	0
305	5
306	3
307	6
308	0
309	1
310	24
311	0
312	8
313	10
314	0
315	10
316	24
317	0
318	6
319	11
320	0
321	19
322	10
323	1
324	4
325	14
326	1
327	5
328	1
329	1
330	16
331	7
332	6
333	6
334	9
335	2
336	0
337	5
339	8
340	7
341	12
342	0
343	1
344	1
346	5
347	7
348	0
350	2
352	0
353	1
354	5
356	2
357	0
358	1
359	10
360	0
361	9
362	7
363	1
364	6
365	2
366	10
367	6
368	10
369	7
370	4
371	11
372	0
373	5
374	14
375	0
376	6
377	2
378	0
379	12
381	6
382	2
383	0
384	35
385	10
386	4
387	4
388	2
390	7
391	0
392	3
394	5
395	8
397	16
398	0
399	17
400	4
401	0
402	0
403	0
404	0
405	9
406	1
407	2
408	0
409	4
411	1
414	0
415	0
416	15
417	14
418	3
419	2
420	9
421	17
422	0
423	10
425	14
427	7
428	24
429	4
430	12
431	0
432	6
433	2
434	2
435	0
436	4
438	5
439	6
440	12
441	0
442	3
443	0
444	7
445	9
446	14
447	0
448	3
449	0
450	0
451	3
452	3
453	2
455	0
456	0
457	4
458	3
460	2
461	21
462	1
463	3
464	0
465	2
466	5
467	0
468	0
469	0
470	15
471	13
472	0
473	10
474	15
476	5
477	4
478	1
479	14
480	0
481	0
482	3
483	3
484	11
485	13
486	2
487	9
488	1
489	0
490	4
491	4
493	3
494	5
495	0
496	3
497	3
498	1
499	8
501	3
502	1
503	1
504	4
505	8
507	4
508	7
509	0
510	12
511	0
512	23
514	6
515	3
516	16
517	12
518	7
519	13
521	1
522	0
524	24
525	4
526	12
527	14
528	0
529	1
530	7
531	8
532	16
533	0
534	0
535	9
536	19
537	5
538	6
539	0
540	0
541	14
542	3
543	1
544	1
545	1
546	1
547	7
548	3
549	5
551	16
553	5
554	11
555	2
556	13
557	2
558	0
559	9
560	1
561	15
562	2
563	15
564	0
565	1
566	7
567	0
568	0
569	3
571	1
572	2
573	0
574	1
575	6
576	0
577	2
579	0
580	18
581	0
582	0
583	22
585	0
586	18
588	7
589	18
590	21
591	0
593	11
594	12
595	2
596	14
597	0
598	6
599	2
600	1
601	5
602	3
603	7
606	0
607	0
608	0
609	3
610	1
611	0
612	7
614	2
615	0
616	15
617	3
618	1
619	0
620	1
621	0
622	1
623	4
624	6
625	5
627	17
628	0
629	0
631	4
632	3
633	1
634	16
635	0
636	16
637	21
638	7
639	0
640	3
641	1
642	8
643	11
644	4
646	14
647	2
649	10
650	11
651	5
652	22
653	0
654	0
655	3
656	6
657	18
658	13
659	0
660	11
661	3
663	6
664	2
665	0
666	4
667	0
668	0
669	5
675	0
677	6
678	0
679	0
680	1
681	0
682	2
683	4
684	2
685	6
686	11
687	0
688	0
689	13
690	12
691	2
692	0
693	11
694	15
695	1
696	1
698	19
699	0
700	0
702	9
703	6
704	0
705	2
706	13
707	3
709	0
710	23
711	8
712	2
713	0
714	10
715	16
717	12
718	5
719	11
720	7
721	1
722	0
723	4
724	3
726	0
727	5
728	13
729	6
730	11
731	2
732	6
733	15
734	0
735	4
736	0
737	1
739	2
740	0
741	0
742	16
743	5
744	18
745	0
746	1
748	0
749	23
751	4
753	9
754	0
755	14
757	2
758	0
759	5
760	2
762	18
763	2
764	12
765	15
767	11
768	0
769	5
770	6
771	4
772	11
773	8
774	3
775	14
777	5
778	6
780	11
781	0
782	1
783	2
784	3
785	4
786	0
788	2
789	0
790	2
791	0
792	0
793	9
796	8
797	16
798	1
801	6
802	4
803	0
804	4
806	14
807	1
808	0
809	0
810	0
811	3
812	4
814	10
815	15
816	5
817	2
818	0
819	0
821	1
822	0
824	7
825	7
826	0
827	12
828	0
829	12
830	2
831	2
833	0
834	3
837	0
838	0
839	4
840	8
841	1
842	0
843	0
844	11
845	11
846	5
847	10
848	5
849	5
850	1
851	0
852	4
853	2
854	12
855	6
856	3
857	0
858	5
859	7
860	5
861	10
862	3
863	6
864	14
865	1
866	9
867	1
868	0
869	6
872	4
873	3
874	6
875	10
876	0
877	2
878	23
881	3
882	8
883	5
884	0
885	1
886	1
890	3
891	3
892	8
893	0
894	13
895	0
896	0
897	1
898	1
899	3
900	0
901	10
902	7
903	13
904	2
905	1
906	0
907	0
909	14
910	8
911	4
912	0
913	0
914	0
915	12
916	1
917	2
919	6
920	5
921	0
922	3
923	0
924	0
925	5
926	0
927	0
928	4
929	0
931	0
932	0
934	0
935	12
936	26
938	2
939	2
940	0
942	0
945	6
946	4
947	0
948	10
949	14
950	4
951	0
952	2
953	0
954	3
955	0
957	9
958	0
959	0
960	3
961	1
962	3
964	10
965	14
966	5
967	0
969	8
970	15
971	9
972	0
973	8
974	3
975	0
976	2
977	4
978	2
979	3
981	3
982	6
983	5
984	7
985	0
987	10
989	12
990	0
992	3
993	2
994	5
995	16
996	2
997	1
998	3
999	16
1001	0
1002	17
1004	8
1005	0
1006	0
1008	0
1010	0
1011	4
1012	20
1013	0
1014	7
1015	0
1016	13
1017	11
1018	2
1019	0
1020	6
1021	14
1022	0
1023	18
1024	0
1025	9
1026	8
1027	0
1028	26
1029	4
1030	2
1031	2
1034	2
1035	0
1037	20
1038	17
1040	0
1041	4
1042	0
1044	10
1045	0
1046	12
1047	8
1048	6
1049	1
1050	13
1051	0
1052	0
1053	3
1054	6
1055	21
1056	5
1057	0
1058	13
1060	12
1061	1
1062	1
1063	4
1064	6
1065	0
1066	1
1067	0
1068	15
1070	2
1071	1
1072	4
1073	2
1074	0
1076	11
1077	0
1079	1
1080	2
1081	2
1082	1
1083	0
1084	9
1085	0
1086	0
1087	4
1088	2
1089	11
1090	6
1091	3
1092	3
1093	0
1095	5
1096	2
1097	0
1098	2
1099	5
1100	4
1101	4
1102	7
1103	12
1104	0
1105	0
1106	0
1107	3
1108	3
1109	3
1111	3
1112	1
1113	2
1115	7
1117	0
1119	2
1120	1
1121	11
1122	4
1123	1
1124	0
1125	5
1126	4
1127	3
1129	4
1130	1
1131	0
1132	0
1133	6
1135	8
1137	17
1138	0
1139	0
1140	1
1141	2
1142	0
1145	13
1146	6
1148	6
1149	0
1150	3
1151	4
1153	0
1154	0
1155	5
1156	1
1157	13
1158	1
1159	5
1160	4
1161	17
1163	0
1164	0
1165	4
1166	1
1167	5
1168	6
1169	4
1170	4
1171	5
1172	0
1173	4
1174	8
1175	5
1176	0
1177	0
1178	0
1179	0
1181	7
1182	5
1183	12
1184	3
1185	6
1186	0
1187	3
1188	5
1190	17
1191	4
1192	0
1193	0
1194	0
1195	22
1196	4
1197	0
1198	0
1199	13
1200	1
1201	0
1202	10
1203	0
1204	12
1206	7
1207	1
1208	0
1209	10
1210	10
1211	3
1212	12
1213	0
1214	1
1217	0
1218	0
1219	6
1220	9
1222	0
1223	1
1224	5
1225	0
1226	4
1227	10
1228	0
1230	15
1231	14
1233	6
1234	9
1236	1
1237	9
1238	6
1239	7
1240	3
1241	0
1242	4
1243	21
1245	2
1246	0
1247	0
1248	12
1249	3
1251	3
1252	11
1253	20
1254	3
1255	14
1256	0
1257	9
1259	11
1261	3
1262	1
1263	0
1264	7
1265	11
1266	0
1267	2
1268	0
1269	8
1270	9
1271	0
1272	0
1274	2
1275	8
1276	9
1277	4
1278	7
1279	12
1280	6
1281	9
1283	20
1284	3
1285	8
1286	18
1287	0
1288	12
1289	5
1290	0
1291	10
1292	0
1294	16
1295	7
1296	1
1297	2
1298	10
1299	5
1300	5
1301	0
1302	13
1303	4
1304	0
1305	0
1306	13
1309	2
1310	1
1312	0
1313	6
1314	5
1315	0
1316	0
1317	0
1318	2
1319	3
1320	1
1322	9
1323	7
1324	0
1325	11
1326	0
1327	16
1328	0
1329	10
1330	6
1331	4
1332	2
1333	9
1334	0
1336	0
1337	5
1338	11
1339	0
1340	6
1341	0
1342	2
1344	3
1345	19
1346	1
1348	2
1349	2
1350	27
1351	12
1352	7
1353	5
1354	8
1355	0
1356	2
1357	0
1358	7
1359	2
1360	3
1361	1
1362	1
1363	3
1364	9
1365	5
1366	0
1367	3
1368	3
1369	0
1370	0
1371	3
1372	31
1373	0
1374	0
1375	2
1376	0
1377	0
1378	0
1379	5
1380	5
1381	11
1382	0
1383	4
1384	0
1385	27
1386	6
1389	10
1390	14
1391	3
1392	2
1393	0
1394	2
1397	3
1398	0
1399	0
1402	0
1403	2
1404	9
1405	0
1406	1
1408	13
1409	0
1410	0
1411	0
1412	2
1413	5
1414	10
1415	2
1416	7
1417	1
1418	1
1419	1
1420	3
1421	1
1424	5
1425	10
1427	4
1428	17
1429	2
1430	3
1431	7
1432	0
1433	3
1435	0
1437	0
1438	12
1440	10
1441	14
1442	0
1443	9
1444	4
1445	12
1446	1
1447	0
1448	9
1449	0
1450	12
1451	19
1452	1
1454	12
1455	10
1456	0
1457	2
1460	8
1461	0
1463	20
1464	1
1466	0
1467	0
1468	6
1469	1
1471	2
1472	8
1474	4
1475	12
1476	17
1477	0
1478	0
1480	0
1481	0
1482	12
1484	19
1485	2
1486	5
1487	0
1488	16
1489	6
1490	0
1491	7
1492	25
1493	0
1494	2
1495	0
1496	2
1497	15
1498	1
1499	2
1500	0
1501	0
1502	11
1503	6
1505	2
1506	3
1507	3
1509	0
1510	0
1511	0
1512	4
1514	0
1515	2
1516	8
1517	3
1519	0
1520	4
1522	5
1523	2
1524	0
1526	2
1527	4
1528	17
1530	8
1531	0
1532	18
1533	12
1534	10
1535	1
1536	4
1537	8
1539	10
1540	5
1541	5
1543	0
1544	0
1545	2
1546	9
1547	1
1548	15
1549	0
1550	0
1551	1
1553	3
1554	8
1555	0
1556	1
1557	5
1559	1
1560	6
1561	9
1562	8
1563	1
1564	22
1565	7
1566	2
1567	0
1569	0
1570	9
1571	8
1572	2
1573	0
1574	2
1575	1
1577	1
1578	11
1579	0
1580	0
1581	17
1583	2
1584	13
1585	0
1586	0
1588	3
1589	3
1590	3
1591	2
1592	6
1593	10
1594	4
1595	1
1596	5
1597	6
1598	2
1599	6
1600	16
1601	0
1602	6
1603	10
1605	5
1606	3
1608	6
1609	8
1610	19
1612	2
1613	5
1614	0
1615	0
1616	0
1618	10
1619	1
1620	0
1621	4
1622	10
1623	18
1624	2
1625	2
1627	4
1628	0
1629	4
1630	0
1632	2
1633	4
1634	0
1635	29
1636	11
1637	1
1638	0
1640	3
1641	10
1642	8
1643	6
1644	10
1645	13
1647	5
1648	3
1649	9
1650	10
1651	1
1652	8
1653	7
1654	9
1655	2
1656	15
1658	0
1659	14
1660	5
1662	3
1663	12
1664	1
1666	1
1667	12
1668	1
1669	0
1671	9
1672	1
1673	1
1674	7
1675	0
1676	1
1678	8
1679	6
1680	11
1682	10
1683	9
1684	8
1685	6
1686	0
1688	8
1689	4
1690	0
1691	24
1692	0
1694	0
1695	2
1696	32
1697	11
1698	0
1699	1
1700	6
1701	4
1702	8
1704	0
1705	0
1706	19
1707	0
1708	5
1709	0
1712	5
1713	11
1714	0
1715	0
1716	8
1717	2
1719	19
1720	0
1721	4
1722	0
1723	1
1724	0
1725	0
1726	3
1727	7
1728	5
1729	4
1730	12
1731	5
1732	0
1733	1
1734	6
1735	0
1736	12
1737	30
1739	24
1740	6
1742	6
1743	5
1744	0
1746	1
1747	17
1748	1
1749	14
1750	13
1751	2
1752	29
1753	0
1754	6
1755	11
1756	3
1757	2
1758	2
1759	5
1760	19
1761	4
1762	20
1763	11
1764	7
1766	0
1767	0
1768	8
1769	0
1771	3
1772	10
1773	1
1775	18
1777	6
1778	0
1780	0
1781	2
1782	0
1783	0
1784	0
1786	3
1787	17
1788	1
1789	0
1790	28
1792	4
1794	6
1795	8
1797	3
1798	8
1799	14
1800	3
1801	0
1802	0
1804	9
1805	0
1806	9
1807	4
1808	0
1809	0
1810	1
1811	0
1812	0
1813	5
1814	0
1815	7
1816	1
1818	11
1819	8
1820	0
1821	0
1822	5
1823	2
1824	0
1825	1
1826	23
1827	13
1828	3
1829	2
1830	0
1833	0
1834	0
1836	0
1837	7
1838	10
1839	9
1840	2
1841	0
1842	8
1843	3
1844	11
1846	0
1847	0
1848	2
1849	2
1850	2
1851	6
1852	7
1853	1
1854	0
1855	5
1856	9
1857	11
1858	0
1859	11
1860	0
1862	0
1863	9
1864	2
1865	8
1866	0
1867	13
1869	13
1870	2
1871	4
1872	11
1873	5
1874	5
1875	1
1876	0
1877	9
1879	0
1880	0
1882	32
1884	5
1885	0
1886	0
1887	3
1890	2
1893	0
1895	1
1897	8
1898	4
1899	0
1900	4
1901	5
1902	3
1903	1
1904	8
1905	7
1906	15
1910	0
1911	0
1912	0
1913	11
1914	0
1916	2
1917	0
1918	5
1919	1
1920	0
1921	1
1922	0
1923	1
1924	0
1925	7
1926	7
1927	1
1928	0
1929	3
1930	0
1931	2
1933	0
1934	13
1935	6
1936	3
1937	1
1938	19
1939	0
1940	0
1941	10
1942	0
1943	4
1944	9
1947	3
1948	0
1949	1
1950	20
1951	0
1953	0
1954	0
1955	3
1957	6
1958	0
1959	0
1961	10
1962	0
1963	1
1966	10
1967	12
1968	0
1969	2
1970	11
1972	10
1974	11
1975	15
1976	4
1978	6
1979	7
1980	3
1981	7
1982	0
1983	0
1984	9
1985	31
1986	0
1987	7
1988	0
1989	17
1990	2
1991	8
1992	0
1993	16
1994	5
1995	10
1996	10
1997	3
1998	18
1999	9
2000	9
2001	0
2002	2
2003	11
2004	0
2005	26
2006	1
2007	13
2008	15
2009	0
2012	0
2013	16
2014	0
2015	6
2019	0
2020	0
2021	6
2022	4
2023	0
2024	3
2026	1
2027	0
2028	16
2029	0
2030	0
2031	23
2032	2
2033	5
2035	0
2036	10
2037	1
2038	0
2039	2
2040	0
2041	0
2042	14
2043	13
2044	4
2045	5
2046	3
2047	27
2048	3
2049	11
2050	3
2051	3
2052	5
2054	28
2056	0
2057	0
2058	4
2059	6
2060	5
2061	9
2062	0
2063	1
2064	2
2065	9
2066	4
2067	13
2068	13
2069	3
2070	0
2071	3
2072	4
2073	0
2074	25
2075	2
2076	0
2077	8
2078	0
2079	3
2080	7
2081	4
2082	4
2083	4
2084	3
2085	3
2086	0
2088	6
2089	0
2090	0
2091	5
2092	0
2093	0
2094	5
2095	5
2096	9
2097	0
2098	5
2099	6
2100	0
2101	2
2103	8
2104	4
2105	0
2106	0
2107	10
2108	10
2109	0
2110	31
2111	7
2112	11
2113	0
2114	3
2115	0
2116	0
2117	2
2118	0
2119	7
2120	6
2121	0
2122	0
2123	5
2126	5
2127	7
2128	4
2129	4
2130	5
2131	5
2132	4
2134	5
2135	0
2136	0
2137	8
2138	0
2139	13
2140	4
2141	4
2142	1
2143	7
2145	1
2146	11
2147	3
2148	6
2149	3
2150	4
2151	2
2152	13
2154	20
2155	1
2156	13
2157	0
2159	14
2160	0
2163	2
2164	7
2165	2
2166	0
2167	0
2168	2
2169	10
2170	10
2171	0
2172	2
2173	9
2174	0
2175	0
2176	11
2177	10
2179	0
2181	0
2182	8
2183	4
2184	12
2186	6
2187	1
2189	2
2190	2
2191	6
2193	0
2194	3
2196	11
2197	6
2198	16
2199	0
2200	10
2202	8
2203	1
2204	0
2205	3
2206	1
2207	11
2208	2
2209	2
2211	10
2213	0
2215	18
2216	3
2217	4
2220	1
2221	4
2222	1
2223	16
2224	1
2225	0
2226	1
2227	10
2228	16
2229	11
2230	12
2231	8
2232	1
2233	14
2234	0
2235	4
2236	0
2237	14
2238	13
2240	1
2241	4
2242	0
2244	18
2245	3
2246	9
2247	2
2248	5
2249	0
2250	19
2251	0
2253	3
2255	7
2256	3
2257	0
2260	8
2261	0
2262	13
2263	0
2264	6
2265	1
2266	3
2267	6
2268	4
2269	14
2270	5
2271	6
2272	8
2273	4
2275	0
2276	0
2277	7
2279	10
2280	3
2281	4
2282	4
2283	5
2284	16
2285	1
2286	8
2287	10
2288	0
2289	2
2290	2
2291	4
2292	0
2293	11
2294	0
2296	19
2297	0
2298	5
2299	9
2300	10
2302	8
2304	0
2305	13
2306	1
2308	1
2309	14
2310	12
2311	8
2312	0
2313	0
2314	0
2315	2
2317	4
2318	10
2319	0
2320	26
2321	6
2322	16
2324	4
2325	0
2328	8
2329	6
2330	0
2332	10
2333	0
2334	2
2336	0
2337	5
2338	3
2339	18
2340	1
2341	2
2342	10
2343	17
2344	6
2345	0
2346	11
2347	0
2348	0
2350	2
2351	17
2352	2
2353	0
2354	1
2355	7
2356	14
2357	0
2358	7
2359	3
2361	1
2362	0
2363	0
2364	3
2365	14
2366	0
2367	4
2368	4
2370	0
2371	5
2372	10
2373	7
2374	7
2375	0
2376	4
2377	0
2378	5
2379	0
2380	1
2381	12
2382	2
2383	0
2384	0
2385	20
2387	10
2388	0
2389	2
2390	3
2391	2
2392	3
2393	7
2394	12
2395	4
2396	12
2397	4
2398	0
2400	5
2401	2
2402	1
2404	0
2405	0
2407	0
2408	2
2409	2
2410	0
2411	10
2412	8
2413	0
2414	12
2415	13
2416	0
2417	1
2418	1
2419	4
2420	9
2421	0
2422	8
2423	11
2424	10
2425	7
2426	7
2427	13
2428	16
2429	8
2430	4
2431	6
2432	5
2433	0
2434	3
2435	15
2436	0
2437	8
2438	0
2439	11
2441	7
2442	1
2443	12
2445	9
2446	10
2447	7
2448	4
2449	14
2450	8
2452	15
2453	0
2454	6
2455	0
2456	2
2457	16
2458	3
2459	14
2460	13
2461	1
2463	0
2464	2
2465	1
2466	9
2467	2
2471	8
2472	5
2473	18
2474	6
2475	0
2476	3
2477	0
2479	5
2480	3
2482	0
2483	0
2484	0
2485	0
2486	0
2487	0
2488	0
2489	3
2490	2
2491	0
2493	13
2494	9
2495	0
2496	3
2497	0
2498	1
2499	0
2500	1
2501	0
2502	5
2503	5
2504	6
2505	7
2507	12
2508	3
2509	13
2510	14
2511	2
2512	0
2513	18
2514	8
2515	1
2517	0
2518	8
2520	5
2521	5
2522	0
2523	23
2525	2
2526	5
2527	22
2528	5
2529	6
2530	11
2531	1
2532	0
2533	0
2534	0
2535	0
2536	2
2537	20
2540	0
2541	4
2542	12
2543	0
2545	4
2546	5
2548	9
2549	13
2551	0
2553	0
2554	0
2555	2
2556	8
2557	17
2558	5
2559	13
2560	9
2561	3
2562	0
2563	3
2565	2
2566	2
2567	10
2568	3
2569	0
2570	15
2572	6
2573	28
2574	10
2575	5
2576	0
2577	0
2580	5
2581	4
2582	3
2583	9
2584	8
2585	0
2586	12
2587	32
2589	14
2590	7
2591	0
2592	15
2593	18
2595	0
2596	3
2597	0
2598	5
2600	4
2602	11
2603	11
2604	2
2605	3
2606	10
2609	5
2610	0
2611	6
2612	2
2613	20
2616	9
2617	0
2618	11
2619	0
2620	13
2621	2
2622	1
2624	6
2625	5
2627	7
2628	14
2629	0
2630	12
2633	5
2634	8
2635	0
2636	1
2637	0
2639	5
2640	4
2643	1
2644	18
2645	7
2646	18
2647	16
2648	2
2649	1
2650	0
2651	4
2652	0
2653	9
2654	0
2655	3
2656	9
2657	17
2659	0
2660	4
2661	0
2662	1
2663	6
2664	8
2666	4
2667	3
2668	10
2669	7
2670	2
2671	8
2673	0
2674	1
2675	2
2676	4
2677	0
2678	0
2679	5
2680	8
2681	5
2683	5
2684	15
2685	8
2686	2
2687	14
2688	11
2689	5
2690	10
2691	1
2694	7
2698	19
2699	3
2701	2
2702	2
2703	11
2704	5
2706	1
2707	7
2708	5
2709	0
2710	4
2712	4
2713	3
2714	0
2715	6
2716	0
2717	0
2718	11
2719	0
2720	1
2721	15
2722	0
2723	0
2724	17
2725	10
2726	5
2727	3
2728	2
2729	0
2730	6
2731	24
2732	2
2733	15
2734	4
2735	0
2736	0
2737	6
2738	4
2739	4
2740	5
2741	13
2742	0
2743	9
2744	2
2745	2
2746	6
2747	7
2748	8
2749	0
2750	0
2751	5
2752	3
2753	8
2754	2
2755	0
2756	2
2757	11
2758	1
2759	11
2761	1
2762	0
2763	0
2764	8
2765	8
2766	9
2767	11
2768	0
2769	1
2770	11
2771	0
2772	0
2773	10
2774	3
2775	4
2776	4
2777	10
2779	1
2780	0
2781	2
2782	2
2783	6
2784	4
2785	4
2786	4
2787	1
2789	4
2790	5
2791	17
2792	0
2793	2
2794	15
2795	6
2796	19
2797	2
2799	0
2800	0
2801	0
2803	13
2804	0
2805	2
2806	0
2807	0
2808	20
2809	10
2810	14
2811	8
2812	4
2813	13
2814	7
2815	9
2816	2
2817	2
2818	3
2819	13
2820	0
2821	0
2822	2
2823	1
2824	5
2825	11
2826	6
2827	6
2828	8
2829	20
2830	10
2831	7
2832	21
2834	2
2835	0
2838	3
2839	0
2841	8
2842	0
2843	0
2844	18
2845	17
2847	6
2848	5
2849	10
2850	0
2851	0
2852	4
2853	12
2854	0
2855	7
2856	2
2857	0
2858	6
2859	0
2860	0
2861	21
2862	10
2863	4
2864	0
2865	0
2866	9
2867	5
2868	11
2869	8
2870	6
2871	8
2872	1
2873	11
2874	1
2875	0
2876	1
2877	12
2878	0
2879	0
2880	32
2881	4
2882	1
2883	3
2884	12
2885	4
2887	13
2888	4
2889	0
2891	0
2892	0
2893	8
2894	14
2895	2
2896	3
2897	4
2898	0
2899	18
2900	15
2901	25
2902	0
2903	4
2904	16
2905	0
2906	8
2907	6
2908	7
2909	2
2910	3
2911	14
2912	0
2913	2
2915	12
2916	2
2917	3
2918	3
2919	10
2920	0
2921	11
2922	0
2923	0
2924	7
2926	2
2927	2
2928	3
2929	0
2930	0
2931	1
2932	8
2933	2
2934	4
2935	0
2937	1
2938	3
2939	23
2941	5
2942	3
2943	8
2944	1
2945	7
2946	7
2947	0
2948	7
2949	0
2952	6
2953	4
2955	18
2956	4
2957	2
2958	0
2959	14
2960	0
2961	0
2963	0
2964	6
2965	11
2966	0
2967	3
2968	5
2970	0
2972	14
2973	0
2975	7
2976	11
2977	3
2978	8
2979	8
2980	7
2981	0
2982	10
2983	16
2984	0
2985	0
2986	9
2987	6
2989	5
2990	2
2991	12
2992	3
2993	7
2994	2
2995	1
2996	4
2997	8
2998	1
3000	8
3001	0
3002	1
3004	8
3005	4
3006	0
3007	0
3008	16
3010	0
3011	0
3012	0
3013	9
3014	6
3015	6
3016	21
3019	14
3020	12
3021	0
3022	11
3023	5
3024	11
3025	7
3026	0
3028	0
3029	11
3030	2
3031	7
3032	2
3033	14
3034	19
3036	12
3038	0
3039	0
3040	15
3041	5
3042	5
3043	9
3044	12
3045	0
3046	4
3047	8
3048	13
3049	14
3050	0
3051	0
3052	3
3054	0
3055	2
3056	4
3058	0
3060	0
3061	7
3062	2
3063	2
3064	1
3065	3
3066	18
3067	4
3068	8
3069	22
3070	2
3072	0
3073	0
3074	9
3075	5
3077	21
3078	0
3079	8
3081	0
3082	3
3083	0
3085	2
3086	7
3087	3
3088	0
3089	0
3090	9
3091	0
3093	5
3095	11
3096	0
3097	2
3098	0
3099	0
3101	5
3102	0
3103	0
3104	30
3105	0
3106	1
3107	12
3108	22
3109	0
3110	0
3111	4
3112	10
3113	3
3114	9
3115	0
3117	21
3119	0
3121	1
3122	5
3124	1
3125	3
3126	3
3127	9
3128	1
3129	9
3130	0
3131	0
3132	5
3133	2
3135	0
3136	0
3137	11
3138	9
3139	0
3140	4
3141	8
3142	16
3143	7
3144	12
3145	0
3149	3
3150	2
3151	0
3152	7
3153	0
3154	6
3155	7
3156	8
3157	11
3158	2
3159	5
3160	0
3162	2
3165	0
3166	2
3167	13
3168	1
3169	2
3171	0
3173	0
3174	1
3175	3
3176	0
3177	1
3178	1
3179	0
3180	2
3181	0
3182	3
3183	7
3184	6
3185	1
3186	9
3187	3
3188	0
3189	1
3190	11
3192	9
3193	9
3194	0
3195	1
3196	2
3197	19
3198	2
3199	9
3200	5
3202	0
3203	0
3204	11
3205	6
3207	16
3208	3
3209	0
3210	10
3211	11
3212	25
3213	10
3214	18
3215	14
3216	23
3217	4
3218	0
3219	9
3220	12
3221	20
3222	1
3223	1
3224	0
3225	0
3226	14
3227	4
3228	20
3229	14
3230	0
3231	0
3232	9
3233	2
3234	10
3235	2
3236	0
3237	15
3238	4
3239	0
3240	0
3241	0
3242	0
3243	5
3244	0
3245	3
3246	18
3247	13
3248	5
3250	0
3251	0
3252	5
3253	12
3254	5
3256	5
3257	0
3258	2
3259	29
3260	16
3261	9
3262	0
3263	8
3264	4
3265	0
3267	4
3268	7
3269	11
3271	5
3272	2
3273	0
3277	13
3278	6
3280	3
3281	8
3282	16
3283	3
3285	10
3286	0
3287	1
3288	0
3289	4
3290	3
3291	2
3292	0
3293	2
3294	16
3295	5
3296	6
3297	1
3298	0
3301	3
3303	14
3304	3
3305	1
3306	17
3307	0
3308	8
3309	9
3310	0
3311	0
3312	6
3313	3
3314	5
3315	5
3316	0
3317	17
3318	13
3319	17
3320	9
3321	0
3322	8
3323	6
3324	1
3326	8
3327	3
3328	3
3329	11
3330	12
3331	0
3332	2
3335	3
3336	3
3337	0
3338	0
3339	0
3340	0
3341	14
3342	9
3345	0
3347	0
3348	2
3349	5
3350	5
3351	5
3352	3
3353	2
3354	0
3355	0
3356	0
3357	0
3358	13
3359	3
3362	0
3363	15
3366	2
3367	15
3368	0
3369	10
3370	4
3371	1
3373	0
3374	1
3375	30
3376	34
3377	38
3379	0
3380	14
3381	0
3382	0
3383	14
3384	0
3385	2
3386	2
3387	3
3388	1
3389	16
3390	0
3391	0
3392	4
3393	1
3394	0
3395	1
3397	0
3398	1
3399	3
3400	0
3401	9
3402	0
3403	11
3404	6
3405	2
3406	17
3407	6
3408	8
3409	2
3410	0
3411	0
3412	14
3413	3
3414	0
3415	10
3416	5
3417	1
3418	5
3419	2
3420	5
3421	2
3422	12
3423	3
3424	2
3425	7
3426	8
3427	0
3429	0
3430	6
3431	11
3432	26
3433	0
3434	0
3435	0
3436	4
3438	8
3439	0
3441	8
3442	11
3444	14
3445	6
3446	0
3447	1
3448	0
3449	2
3450	10
3451	3
3452	3
3454	8
3455	7
3457	14
3458	3
3459	0
3460	10
3461	11
3462	11
3463	4
3464	4
3465	6
3466	0
3467	4
3468	13
3469	4
3470	14
3471	8
3472	6
3473	6
3474	7
3475	3
3476	0
3478	1
3479	7
3480	7
3481	0
3482	10
3483	1
3484	10
3486	1
3487	1
3488	2
3489	8
3490	11
3491	0
3492	16
3493	11
3494	2
3495	0
3496	0
3497	0
3498	1
3499	1
3500	5
3501	0
3502	9
3504	0
3505	0
3506	0
3507	0
3508	5
3509	3
3510	4
3511	1
3512	9
3514	3
3515	1
3516	13
3517	2
3518	0
3519	3
3520	1
3521	2
3522	4
3523	1
3524	0
3525	1
3526	5
3527	3
3528	25
3529	3
3530	1
3531	16
3532	0
3533	8
3534	2
3535	3
3536	7
3538	10
3539	1
3541	0
3542	9
3545	4
3547	0
3548	2
3549	13
3550	10
3552	2
3553	3
3554	2
3555	6
3556	0
3557	0
3558	1
3559	0
3560	7
3561	9
3562	0
3563	4
3565	1
3567	0
3568	12
3569	11
3571	3
3573	0
3574	3
3575	0
3576	2
3577	0
3579	0
3580	3
3581	13
3582	6
3583	19
3584	4
3585	5
3586	4
3587	0
3588	5
3589	4
3590	10
3591	3
3592	0
3594	22
3595	1
3596	1
3597	8
3598	1
3599	19
3600	1
3601	5
3602	8
3603	13
3604	6
3605	34
3606	10
3607	9
3608	10
3609	2
3610	3
3611	15
3612	3
3613	9
3614	0
3615	6
3616	5
3618	4
3619	0
3620	9
3621	2
3622	0
3623	4
3624	17
3626	0
3627	0
3628	1
3629	13
3631	1
3632	6
3633	0
3634	0
3635	1
3636	10
3637	0
3638	11
3639	0
3640	0
3641	1
3643	4
3644	0
3645	3
3646	5
3647	12
3648	3
3649	16
3650	2
3651	3
3652	12
3653	0
3654	12
3655	12
3656	0
3657	12
3658	12
3659	4
3660	2
3661	0
3663	21
3664	4
3665	0
3667	3
3668	2
3669	7
3670	12
3671	2
3672	11
3673	3
3674	0
3675	5
3676	0
3677	7
3679	0
3680	2
3682	0
3683	13
3684	3
3685	6
3687	3
3688	4
3689	5
3690	10
3691	7
3692	11
3693	0
3694	2
3695	0
3696	2
3697	5
3698	0
3699	5
3700	8
3702	10
3703	2
3704	19
3705	10
3706	4
3707	4
3711	13
3712	5
3713	8
3714	0
3715	4
3716	2
3717	9
3718	0
3719	2
3721	1
3722	10
3723	6
3724	9
3725	1
3726	2
3727	7
3728	7
3729	4
3730	1
3731	1
3732	8
3733	17
3736	0
3737	1
3739	10
3741	8
3742	3
3743	0
3744	12
3745	3
3746	7
3747	12
3749	5
3750	6
3751	12
3752	2
3753	15
3757	11
3758	6
3759	14
3761	3
3762	4
3765	4
3766	5
3767	24
3769	8
3770	0
3771	2
3772	15
3773	6
3775	17
3776	29
3777	10
3778	3
3780	3
3781	0
3782	0
3783	2
3784	0
3785	0
3786	0
3787	20
3789	0
3790	5
3791	8
3792	12
3793	4
3794	0
3795	7
3796	0
3797	20
3798	7
3799	1
3801	2
3803	2
3804	2
3805	0
3806	2
3809	5
3810	0
3811	1
3812	0
3813	6
3814	5
3815	2
3816	15
3817	10
3818	4
3819	1
3820	12
3821	6
3822	0
3823	0
3824	3
3825	0
3828	2
3829	10
3830	0
3831	0
3832	1
3833	0
3834	0
3836	4
3837	13
3838	1
3839	20
3840	3
3841	7
3843	18
3847	3
3848	4
3849	5
3850	0
3851	4
3852	5
3853	1
3855	34
3857	7
3858	0
3859	11
3860	3
3861	12
3863	0
3865	0
3866	10
3867	0
3869	2
3870	3
3871	0
3872	2
3873	0
3874	1
3875	7
3876	4
3877	0
3878	0
3879	32
3880	0
3881	1
3882	4
3884	0
3885	4
3886	0
3887	4
3889	0
3891	0
3893	9
3894	4
3895	14
3896	6
3897	2
3898	0
3899	11
3900	6
3901	6
3902	10
3903	6
3905	4
3906	13
3908	8
3909	2
3910	0
3911	0
3912	16
3913	6
3915	0
3917	13
3918	3
3920	5
3921	3
3922	8
3923	3
3924	0
3927	1
3928	0
3929	0
3931	2
3932	9
3933	3
3934	6
3935	0
3936	5
3937	1
3939	0
3940	0
3942	0
3943	0
3944	6
3946	17
3947	7
3949	0
3950	9
3951	3
3952	0
3953	2
3954	14
3955	7
3956	10
3957	1
3958	1
3959	5
3960	5
3961	6
3962	18
3963	5
3964	18
3965	0
3966	1
3967	2
3969	26
3970	0
3971	18
3972	12
3973	10
3974	4
3975	2
3976	0
3977	1
3978	4
3979	18
3981	7
3983	3
3984	3
3985	5
3986	2
3987	16
3988	1
3990	7
3991	11
3992	3
3993	1
3995	0
3996	4
3997	5
3998	0
3999	7
4000	0
4001	23
4002	0
4003	7
4004	2
4005	11
4006	0
4007	0
4008	5
4009	3
4011	0
4012	8
4013	15
4015	0
4016	13
4017	5
4018	0
4019	0
4020	7
4022	4
4023	0
4024	0
4025	0
4026	0
4027	5
4028	2
4030	7
4031	3
4032	11
4033	2
4034	4
4035	7
4036	24
4037	1
4038	0
4039	0
4041	0
4043	1
4044	6
4045	0
4046	3
4048	3
4049	5
4050	20
4051	9
4052	8
4054	8
4056	5
4057	0
4058	2
4059	0
4060	10
4061	0
4062	0
4063	0
4064	3
4065	0
4066	14
4068	22
4069	2
4071	6
4072	22
4073	0
4074	11
4075	1
4076	1
4077	7
4078	14
4079	6
4080	3
4081	8
4082	2
4083	0
4084	0
4085	1
4086	0
4088	15
4089	8
4090	11
4091	3
4092	8
4093	0
4094	3
4095	1
4096	12
4097	13
4098	3
4099	5
4100	9
4102	0
4104	0
4106	6
4107	0
4108	2
4109	7
4110	2
4111	6
4112	4
4113	5
4115	2
4116	3
4117	0
4119	3
4120	0
4121	0
4123	1
4124	10
4125	1
4127	8
4128	0
4129	0
4130	1
4131	2
4132	0
4133	14
4134	8
4136	5
4137	8
4138	9
4141	0
4142	2
4143	3
4144	0
4146	0
4148	0
4149	0
4150	5
4151	2
4152	0
4153	0
4154	5
4156	2
4157	8
4158	17
4160	5
4161	2
4162	3
4163	14
4164	11
4166	17
4167	0
4168	6
4169	1
4171	15
4172	3
4173	8
4174	0
4175	0
4176	3
4178	6
4180	0
4181	0
4182	0
4183	4
4184	5
4185	1
4186	8
4187	0
4188	0
4189	11
4190	4
4191	0
4192	11
4193	7
4194	5
4195	0
4196	5
4197	6
4198	0
4199	0
4200	8
4201	0
4202	6
4205	6
4206	0
4207	0
4208	2
4209	5
4210	0
4212	0
4213	4
4214	4
4215	4
4216	6
4217	0
4218	7
4219	2
4220	3
4221	21
4223	3
4224	5
4225	7
4226	2
4228	4
4229	7
4230	0
4231	0
4232	0
4234	0
4235	0
4236	7
4237	4
4238	9
4239	10
4240	0
4241	0
4243	2
4244	0
4245	0
4246	0
4247	4
4248	0
4249	3
4250	8
4251	12
4252	15
4253	5
4254	0
4256	21
4257	4
4258	3
4259	8
4260	5
4261	2
4262	0
4263	10
4264	1
4266	19
4267	4
4268	0
4269	0
4271	3
4272	0
4273	4
4275	7
4276	1
4277	9
4278	3
4279	0
4280	7
4281	29
4282	10
4283	0
4284	2
4285	3
4286	13
4287	13
4288	0
4289	0
4290	17
4291	8
4292	0
4293	0
4294	0
4295	3
4296	13
4297	4
4298	0
4299	0
4300	3
4301	12
4302	0
4303	11
4304	7
4305	2
4306	8
4307	2
4308	0
4309	0
4310	0
4311	17
4312	3
4313	1
4315	2
4316	7
4319	0
4320	2
4321	23
4322	8
4323	14
4324	5
4326	22
4327	0
4328	0
4329	6
4330	1
4331	0
4332	2
4333	3
4334	4
4336	14
4337	0
4338	7
4339	1
4340	0
4341	7
4342	14
4344	5
4345	6
4346	3
4348	4
4349	10
4350	0
4351	12
4352	0
4353	13
4355	2
4356	0
4357	0
4358	1
4359	9
4360	0
4362	4
4363	0
4364	4
4365	2
4367	9
4368	8
4371	25
4372	0
4373	0
4374	8
4375	6
4376	2
4378	0
4379	0
4380	0
4381	1
4382	8
4383	5
4384	0
4386	6
4388	1
4389	3
4391	1
4393	0
4394	3
4395	10
4396	0
4397	5
4398	0
4399	1
4400	1
4402	2
4403	6
4404	7
4405	0
4406	6
4407	1
4408	2
4410	19
4411	5
4412	5
4414	2
4415	6
4416	12
4417	0
4418	30
4419	0
4420	4
4421	2
4422	3
4423	0
4425	3
4426	6
4427	3
4428	0
4430	3
4432	9
4433	5
4434	1
4435	0
4436	26
4439	5
4440	0
4441	5
4442	0
4444	0
4445	12
4446	0
4447	2
4449	0
4450	0
4451	0
4452	0
4453	6
4454	2
4455	9
4456	6
4458	0
4459	0
4460	3
4461	0
4463	0
4464	16
4465	2
4466	4
4467	14
4468	3
4469	4
4470	10
4471	12
4472	0
4473	2
4474	3
4475	12
4477	8
4478	12
4480	0
4481	0
4483	12
4484	0
4485	2
4487	0
4488	23
4489	0
4490	0
4491	1
4493	0
4494	18
4495	10
4496	0
4497	0
4498	0
4499	4
4500	0
4503	5
4505	3
4506	4
4507	18
4509	1
4510	0
4511	8
4512	7
4514	4
4515	3
4516	9
4518	0
4519	12
4520	4
4521	3
4522	8
4523	38
4524	11
4526	7
4527	3
4528	2
4530	0
4531	7
4532	8
4533	22
4534	7
4535	1
4536	0
4537	0
4538	10
4539	0
4540	8
4541	6
4542	6
4543	0
4544	5
4545	4
4546	7
4547	0
4548	3
4550	3
4551	3
4553	4
4554	4
4555	0
4557	7
4558	7
4560	0
4561	12
4562	0
4563	0
4565	2
4566	0
4567	0
4568	11
4569	1
4570	0
4571	0
4572	0
4573	10
4574	3
4575	5
4576	2
4577	1
4578	9
4579	1
4580	8
4581	12
4582	0
4583	1
4584	5
4585	0
4586	0
4587	4
4588	2
4589	9
4590	0
4591	5
4593	5
4594	2
4595	11
4596	0
4598	0
4599	8
4600	3
4601	6
4602	5
4603	9
4605	0
4606	4
4607	16
4608	0
4610	2
4611	1
4612	2
4613	7
4614	1
4615	10
4618	0
4619	6
4620	4
4621	2
4622	0
4623	11
4624	2
4625	11
4626	0
4627	13
4628	6
4629	4
4630	11
4631	19
4633	1
4635	8
4636	0
4638	0
4639	12
4640	2
4641	7
4642	15
4643	11
4644	4
4645	2
4646	2
4647	8
4648	0
4649	4
4650	0
4652	0
4653	8
4655	4
4656	1
4657	3
4658	4
4659	7
4660	2
4663	0
4664	0
4665	5
4666	2
4667	5
4668	2
4670	9
4671	0
4672	3
4673	0
4674	5
4675	7
4676	5
4677	0
4678	4
4679	2
4680	15
4681	1
4682	0
4683	0
4684	3
4685	4
4686	3
4687	1
4688	1
4689	5
4691	28
4692	1
4693	5
4695	7
4696	0
4697	6
4698	0
4700	0
4701	0
4702	1
4703	11
4704	0
4705	2
4706	0
4707	2
4708	4
4709	0
4710	6
4711	9
4712	2
4713	0
4715	0
4716	0
4717	11
4719	18
4721	3
4722	6
4723	0
4725	8
4726	9
4727	0
4728	1
4729	5
4730	3
4731	0
4732	3
4733	17
4734	0
4735	14
4736	3
4737	6
4738	0
4739	13
4740	3
4741	20
4742	9
4743	21
4744	0
4745	4
4746	4
4747	4
4749	4
4750	1
4751	8
4752	0
4753	10
4756	5
4757	1
4759	0
4760	0
4761	5
4763	20
4764	2
4765	0
4768	12
4769	4
4770	0
4771	0
4772	7
4773	0
4774	9
4775	2
4776	0
4777	0
4778	13
4779	9
4780	4
4781	0
4782	0
4783	1
4784	8
4786	0
4787	6
4789	0
4790	7
4791	5
4792	1
4793	12
4794	7
4795	8
4796	2
4797	0
4798	1
4799	0
4800	11
4801	1
4803	0
4804	5
4805	0
4806	4
4808	0
4809	0
4810	19
4811	0
4812	4
4813	15
4814	2
4815	4
4816	7
4818	11
4819	1
4820	21
4822	1
4823	13
4824	7
4825	7
4826	5
4827	8
4828	1
4829	21
4830	3
4831	0
4832	19
4833	9
4834	4
4835	18
4836	5
4837	4
4838	0
4839	19
4841	2
4842	6
4843	15
4844	8
4845	3
4846	0
4848	4
4849	12
4850	0
4851	0
4853	27
4854	3
4855	3
4856	0
4857	3
4858	4
4860	3
4861	4
4862	2
4863	3
4864	22
4865	1
4867	23
4868	0
4869	2
4870	1
4871	0
4872	7
4873	2
4875	6
4877	10
4878	2
4879	3
4880	1
4881	0
4882	4
4883	7
4884	2
4885	4
4886	0
4887	4
4888	1
4889	7
4890	8
4892	4
4893	11
4894	2
4895	5
4896	7
4897	4
4898	26
4899	0
4900	8
4901	0
4902	1
4903	0
4904	0
4905	7
4906	1
4907	4
4908	4
4909	10
4910	0
4911	1
4912	14
4913	9
4914	0
4915	9
4916	3
4917	14
4918	1
4919	0
4920	0
4921	2
4922	13
4923	12
4925	3
4926	4
4927	13
4928	2
4929	0
4930	1
4932	5
4933	7
4935	14
4936	0
4937	16
4938	3
4939	14
4940	7
4941	17
4942	11
4943	10
4944	5
4945	15
4946	7
4947	1
4948	3
4949	0
4950	4
4951	3
4952	26
4953	0
4954	0
4956	0
4957	15
4959	0
4960	36
4961	0
4962	3
4963	0
4964	0
4965	13
4966	3
4967	1
4968	1
4969	0
4970	4
4971	0
4972	11
4975	9
4976	0
4978	0
4980	7
4981	4
4982	1
4983	0
4984	12
4985	11
4986	0
4987	18
4988	1
4989	7
4990	0
4991	11
4992	0
4993	5
4994	1
4996	3
4997	9
4998	6
4999	0
5000	4
5001	4
5002	0
5004	0
5005	11
5006	0
5007	6
5008	7
5009	8
5010	10
5011	8
5012	0
5014	0
5016	6
5017	0
5018	8
5019	3
5020	6
5021	9
5022	8
5023	6
5024	4
5025	2
5026	5
5027	6
5029	9
5030	11
5031	2
5032	8
5033	6
5035	0
5036	3
5037	6
5038	34
5039	0
5040	11
5042	1
5044	0
5045	0
5046	3
5047	1
5048	0
5050	0
5051	0
5053	9
5054	6
5055	1
5056	1
5057	9
5058	0
5059	6
5060	7
5061	5
5062	3
5063	0
5065	0
5066	15
5068	4
5070	0
5071	3
5072	1
5073	3
5074	0
5075	2
5076	0
5077	3
5078	8
5079	0
5081	12
5082	9
5083	12
5084	10
5086	5
5087	12
5089	0
5090	1
5091	19
5092	0
5093	0
5094	0
5096	0
5097	16
5098	10
5100	1
5101	1
5103	6
5105	2
5106	0
5107	0
5108	0
5109	5
5110	0
5111	1
5112	3
5113	4
5114	17
5115	22
5116	10
5117	3
5118	3
5120	3
5121	5
5122	0
5123	4
5124	5
5125	1
5126	4
5127	0
5128	2
5129	1
5130	0
5131	2
5132	0
5133	2
5134	0
5135	3
5136	0
5137	0
5138	2
5139	0
5140	7
5141	1
5142	17
5144	10
5146	1
5147	1
5148	0
5150	1
5151	8
5152	6
5153	0
5154	0
5155	1
5156	1
5157	5
5159	21
5160	7
5161	9
5162	0
5163	3
5165	0
5166	17
5167	3
5169	16
5172	0
5176	13
5178	7
5180	12
5181	2
5182	6
5183	10
5184	1
5185	2
5186	2
5187	0
5188	6
5189	14
5190	6
5191	12
5192	0
5194	7
5195	0
5196	0
5197	12
5198	4
5199	7
5200	0
5201	12
5202	0
5203	8
5204	17
5205	19
5206	0
5207	0
5208	8
5209	10
5211	0
5212	0
5214	1
5215	7
5217	16
5218	1
5219	4
5220	0
5221	17
5222	0
5223	6
5224	12
5225	0
5226	2
5227	0
5228	8
5230	4
5231	9
5232	0
5233	5
5234	5
5235	0
5236	1
5237	1
5238	0
5239	6
5240	18
5241	2
5242	6
5243	21
5244	3
5245	1
5246	4
5247	13
5248	1
5249	3
5250	8
5251	3
5252	0
5253	0
5254	0
5255	2
5257	10
5258	6
5259	0
5262	10
5263	8
5264	2
5265	0
5266	0
5267	12
5268	12
5269	9
5270	8
5272	2
5273	0
5274	0
5275	3
5276	0
5277	1
5278	6
5279	4
5280	15
5282	10
5283	0
5284	3
5285	8
5286	30
5287	9
5288	1
5289	1
5292	8
5293	5
5294	9
5295	6
5297	0
5298	1
5299	0
5300	0
5301	7
5302	0
5303	0
5304	0
5305	0
5306	2
5307	3
5308	3
5310	20
5311	0
5312	0
5313	2
5315	4
5316	8
5317	21
5318	5
5319	2
5321	7
5322	0
5323	2
5324	6
5326	6
5327	13
5328	3
5329	10
5330	0
5331	2
5332	0
5334	4
5335	0
5336	23
5337	19
5338	5
5339	0
5340	0
5341	6
5342	4
5343	4
5344	3
5345	0
5346	5
5347	0
5348	16
5349	5
5350	2
5353	6
5354	6
5355	7
5356	5
5357	0
5358	6
5359	1
5360	13
5361	22
5362	5
5363	1
5364	13
5365	5
5367	5
5368	12
5369	8
5370	0
5372	1
5373	2
5375	10
5376	2
5377	0
5379	4
5380	14
5381	10
5382	0
5383	4
5384	1
5385	6
5386	1
5387	0
5388	0
5389	3
5391	0
5392	0
5393	2
5394	2
5395	13
5396	11
5397	6
5398	0
5399	20
5400	1
5401	5
5402	3
5403	0
5404	7
5405	6
5406	3
5407	0
5408	1
5409	9
5410	3
5412	14
5413	13
5415	1
5416	13
5417	0
5418	0
5419	0
5421	0
5422	5
5423	2
5424	8
5425	0
5426	10
5428	1
5429	19
5430	9
5431	3
5432	7
5433	11
5434	3
5435	1
5436	10
5437	1
5438	4
5439	2
5440	5
5443	3
5444	9
5445	3
5446	13
5447	2
5448	10
5449	4
5450	0
5451	20
5452	0
5453	0
5454	4
5455	8
5457	0
5459	2
5460	6
5462	2
5463	5
5464	0
5466	9
5468	4
5469	3
5470	0
5471	2
5472	10
5473	1
5474	4
5475	1
5477	3
5478	0
5480	0
5481	6
5482	13
5483	0
5484	8
5485	0
5486	10
5487	4
5488	4
5489	1
5490	0
5491	0
5492	5
5493	0
5494	0
5495	4
5496	0
5497	0
5498	0
5499	5
5500	1
5501	14
5502	6
5504	2
5505	2
5506	0
5507	3
5508	0
5509	7
5510	7
5512	0
5513	17
5514	0
5515	0
5516	9
5517	5
5518	0
5519	3
5520	3
5521	6
5522	4
5523	0
5524	6
5525	1
5527	21
5528	8
5529	2
5530	7
5531	1
5532	7
5533	2
5534	2
5535	3
5536	10
5537	5
5538	4
5539	5
5540	4
5541	7
5542	4
5543	0
5544	2
5546	5
5547	6
5548	17
5549	23
5550	0
5551	7
5552	0
5553	3
5554	3
5555	4
5556	0
5557	1
5560	0
5561	7
5562	4
5563	4
5564	0
5566	16
5567	17
5569	6
5571	2
5573	5
5575	4
5576	29
5577	0
5578	14
5579	2
5580	14
5581	3
5582	7
5583	10
5584	0
5586	2
5588	1
5589	24
5590	0
5591	17
5592	3
5593	3
5594	6
5596	21
5597	3
5598	3
5599	3
5600	0
5601	0
5602	5
5603	2
5604	5
5605	9
5606	7
5608	7
5609	6
5610	0
5611	8
5612	3
5613	13
5614	0
5615	0
5616	18
5618	3
5619	14
5620	6
5621	9
5622	8
5623	0
5624	2
5625	0
5626	3
5627	3
5628	14
5629	9
5631	4
5632	2
5633	2
5634	1
5635	5
5636	0
5639	13
5641	9
5643	0
5644	3
5645	4
5646	0
5647	6
5648	0
5650	5
5651	2
5655	20
5656	13
5657	10
5658	4
5659	0
5660	3
5661	10
5663	1
5665	0
5666	7
5667	0
5668	2
5669	1
5671	4
5672	3
5674	4
5676	8
5677	10
5678	0
5682	0
5683	16
5684	10
5685	0
5686	5
5687	0
5688	0
5689	0
5691	0
5692	0
5694	0
5695	5
5696	12
5697	0
5699	9
5700	5
5701	0
5702	0
5703	4
5704	11
5705	7
5706	0
5707	5
5708	0
5709	4
5710	0
5711	2
5712	10
5713	15
5715	4
5716	13
5717	18
5718	14
5720	0
5721	0
5722	2
5723	5
5724	0
5726	0
5727	1
5728	0
5729	0
5730	0
5731	3
5732	2
5734	0
5735	15
5736	2
5737	12
5739	0
5740	12
5741	16
5742	6
5743	16
5744	0
5745	2
5746	8
5747	3
5748	1
5749	0
5750	20
5751	4
5752	3
5753	16
5754	12
5755	0
5757	1
5758	0
5759	0
5760	10
5761	5
5763	11
5764	10
5765	0
5766	0
5767	10
5768	11
5771	5
5772	0
5773	2
5775	4
5776	0
5777	4
5778	12
5779	4
5780	9
5781	12
5785	17
5786	4
5787	4
5788	0
5789	0
5790	2
5791	4
5793	3
5794	3
5796	0
5797	4
5798	4
5799	10
5801	2
5802	0
5804	16
5805	0
5807	8
5808	7
5809	3
5810	2
5811	0
5812	0
5813	0
5814	13
5815	0
5816	0
5817	11
5818	0
5819	9
5820	0
5821	0
5822	0
5823	9
5824	14
5825	1
5826	8
5827	3
5828	3
5829	4
5830	3
5832	5
5833	6
5834	0
5835	2
5836	4
5837	2
5838	0
5839	12
5841	11
5843	4
5844	10
5845	0
5846	11
5847	1
5849	8
5850	0
5851	4
5852	2
5853	6
5854	2
5855	2
5856	12
5857	0
5858	21
5859	8
5860	5
5861	5
5862	3
5863	1
5864	10
5865	9
5866	7
5867	24
5868	0
5869	5
5870	0
5872	5
5873	19
5875	7
5876	4
5877	6
5879	0
5880	5
5881	5
5882	0
5883	0
5884	0
5885	5
5887	7
5888	1
5890	1
5891	4
5892	29
5893	0
5894	1
5895	1
5896	25
5898	7
5899	2
5900	22
5901	10
5902	2
5903	0
5904	19
5905	7
5906	15
5907	8
5908	4
5909	3
5910	4
5911	0
5912	2
5913	3
5914	2
5915	4
5916	7
5917	9
5918	6
5919	8
5920	8
5922	0
5923	6
5924	0
5925	19
5926	0
5927	0
5928	1
5929	7
5930	0
5931	15
5932	0
5933	5
5934	6
5936	8
5937	3
5938	16
5939	0
5941	0
5942	11
5943	2
5945	11
5946	19
5947	0
5948	0
5949	6
5950	0
5951	0
5952	1
5954	4
5955	0
5956	3
5958	21
5959	1
5961	9
5962	3
5963	0
5964	18
5965	0
5966	0
5968	7
5969	3
5970	0
5971	3
5972	14
5973	1
5974	13
5975	6
5976	4
5977	8
5978	11
5979	2
5981	4
5982	0
5983	0
5984	0
5985	0
5986	9
5987	12
5988	4
5990	3
5991	2
5992	0
5993	1
5994	3
5995	2
5996	9
5997	2
5998	2
5999	7
6000	6
6002	0
6003	1
6004	8
6005	0
6006	8
6007	2
6008	0
6009	1
6010	4
6013	5
6014	1
6015	4
6017	4
6018	0
6019	3
6020	5
6021	24
6023	4
6024	0
6025	0
6026	6
6027	2
6028	0
6029	7
6030	3
6031	4
6034	0
6035	4
6036	2
6037	2
6038	0
6039	9
6040	19
6041	3
6042	3
6043	0
6044	4
6045	0
6046	0
6047	12
6048	1
6050	0
6051	2
6052	0
6054	30
6056	7
6058	0
6059	15
6060	4
6061	8
6062	0
6063	5
6065	0
6066	0
6067	0
6068	0
6070	6
6072	0
6073	16
6075	4
6076	6
6077	0
6078	3
6079	2
6080	6
6081	0
6082	7
6083	0
6085	0
6087	2
6088	0
6089	2
6090	1
6091	0
6092	1
6093	6
6094	10
6095	1
6096	0
6098	4
6099	1
6100	4
6101	7
6102	8
6103	0
6104	8
6105	5
6106	0
6107	0
6108	9
6109	2
6110	0
6111	7
6114	7
6116	17
6117	8
6118	0
6119	6
6120	0
6121	2
6122	3
6123	0
6125	6
6127	14
6128	3
6129	18
6130	7
6131	10
6132	1
6133	0
6134	0
6136	2
6138	0
6139	17
6140	0
6141	4
6142	0
6144	14
6145	0
6146	3
6147	3
6148	5
6149	6
6150	0
6152	0
6153	24
6154	4
6155	2
6156	0
6157	0
6158	1
6159	2
6160	2
6161	19
6162	0
6163	0
6164	6
6165	9
6166	0
6167	0
6168	0
6169	3
6170	7
6171	5
6172	0
6174	11
6177	2
6178	2
6179	0
6180	1
6181	6
6182	20
6183	0
6184	12
6185	3
6188	10
6189	3
6190	0
6191	0
6192	0
6194	0
6195	3
6196	2
6197	1
6198	2
6199	0
6200	0
6201	4
6202	19
6203	0
6204	5
6205	0
6206	0
6207	20
6208	1
6209	2
6210	6
6211	24
6213	7
6214	26
6216	17
6217	7
6218	4
6219	10
6220	12
6221	0
6222	11
6223	7
6224	14
6225	9
6226	0
6227	0
6228	15
6229	5
6230	1
6231	0
6232	18
6234	2
6235	1
6236	0
6237	6
6238	1
6239	8
6240	7
6241	12
6242	6
6243	6
6244	0
6245	22
6246	20
6247	9
6248	6
6249	7
6250	6
6251	10
6253	5
6254	2
6256	13
6257	8
6258	0
6259	11
6260	0
6262	0
6263	0
6264	8
6265	2
6266	12
6267	0
6268	14
6270	16
6271	6
6272	3
6273	8
6274	0
6275	15
6276	10
6277	10
6278	5
6279	1
6280	3
6281	3
6282	2
6283	4
6285	1
6286	7
6287	2
6288	4
6289	3
6290	1
6291	0
6292	6
6293	5
6294	0
6297	14
6298	1
6299	3
6300	2
6301	8
6302	17
6303	15
6304	0
6305	0
6306	0
6308	3
6309	2
6310	0
6311	3
6312	2
6313	0
6314	9
6315	3
6316	15
6317	5
6318	1
6319	2
6320	11
6321	3
6323	7
6324	3
6326	1
6327	15
6328	3
6330	4
6331	14
6332	3
6333	1
6334	0
6335	0
6336	5
6337	8
6338	3
6339	2
6340	0
6341	0
6342	4
6344	0
6346	1
6347	8
6348	12
6349	1
6350	0
6351	17
6352	3
6353	7
6354	3
6355	6
6356	16
6357	0
6360	7
6361	5
6362	0
6363	5
6364	6
6365	4
6366	4
6367	1
6368	0
6369	12
6371	2
6372	0
6373	0
6374	1
6375	9
6376	3
6378	3
6379	13
6380	0
6381	5
6383	15
6384	0
6385	4
6386	15
6387	0
6388	7
6389	10
6390	0
6391	4
6392	0
6393	0
6394	7
6397	3
6398	10
6399	13
6400	0
6401	22
6402	3
6403	6
6404	1
6405	14
6406	0
6407	0
6408	9
6409	1
6410	8
6411	1
6412	17
6413	2
6414	3
6415	0
6416	5
6417	9
6418	1
6421	6
6422	7
6423	0
6424	2
6425	7
6426	4
6428	3
6429	0
6430	1
6431	4
6432	1
6433	11
6434	0
6435	16
6436	15
6437	1
6438	3
6439	1
6441	5
6444	5
6445	3
6446	4
6447	0
6448	7
6449	1
6451	1
6452	5
6453	2
6454	7
6455	5
6456	0
6457	0
6458	0
6459	14
6460	0
6461	1
6462	11
6463	17
6464	0
6465	3
6466	0
6467	12
6469	18
6470	0
6471	0
6472	1
6474	8
6475	13
6476	7
6478	30
6479	6
6480	6
6481	0
6482	0
6483	7
6485	10
6486	1
6487	13
6488	13
6491	5
6493	3
6494	0
6495	0
6496	15
6497	8
6499	20
6500	0
6501	2
6502	11
6503	0
6504	0
6505	0
6506	13
6507	5
6508	0
6509	0
6511	0
6512	2
6513	3
6515	1
6516	6
6517	0
6519	9
6520	1
6521	7
6522	12
6523	0
6524	2
6525	0
6526	0
6527	4
6528	1
6529	3
6530	12
6531	2
6532	11
6533	17
6534	2
6535	0
6536	17
6537	7
6538	7
6539	16
6540	8
6541	0
6542	17
6543	7
6544	9
6546	1
6548	17
6549	0
6550	10
6551	0
6552	13
6553	3
6554	13
6556	4
6557	5
6558	7
6559	5
6560	2
6561	7
6562	9
6563	0
6564	14
6565	11
6566	8
6567	10
6569	1
6570	18
6571	3
6572	7
6574	1
6575	2
6577	11
6578	22
6580	3
6581	11
6582	5
6583	0
6584	13
6585	5
6586	7
6587	0
6588	10
6589	27
6592	5
6593	0
6594	4
6595	0
6596	0
6598	7
6600	0
6601	7
6602	5
6603	2
6604	5
6605	1
6606	0
6607	4
6608	2
6609	15
6610	4
6611	0
6613	6
6614	13
6615	14
6616	0
6617	3
6618	1
6619	5
6621	12
6622	2
6623	5
6624	7
6625	14
6626	2
6627	4
6628	3
6629	3
6630	4
6631	1
6632	0
6633	0
6635	8
6636	33
6637	0
6638	14
6639	1
6640	4
6641	8
6643	0
6644	3
6645	11
6646	0
6647	0
6648	0
6649	0
6651	1
6652	2
6655	9
6656	2
6657	0
6658	8
6659	9
6660	3
6663	0
6664	0
6665	0
6667	12
6668	4
6670	12
6671	0
6672	0
6674	6
6675	0
6676	0
6678	2
6679	18
6680	6
6681	0
6682	2
6683	0
6684	0
6685	4
6686	4
6687	7
6688	0
6689	4
6690	1
6692	0
6693	0
6694	0
6696	3
6697	4
6698	5
6699	10
6700	0
6701	0
6702	13
6703	0
6704	0
6705	0
6707	0
6708	14
6709	0
6710	1
6711	5
6712	19
6713	0
6714	1
6715	7
6716	7
6717	2
6718	8
6719	5
6720	9
6721	0
6722	2
6723	0
6724	0
6725	16
6726	5
6727	10
6728	9
6729	11
6730	7
6731	7
6732	2
6733	13
6734	12
6735	5
6736	2
6737	20
6738	10
6739	8
6740	7
6741	5
6743	1
6744	0
6746	2
6747	0
6748	0
6750	8
6751	3
6752	5
6753	0
6754	0
6755	1
6756	10
6757	5
6758	2
6759	4
6761	3
6762	5
6763	3
6764	0
6765	17
6766	16
6767	0
6768	1
6769	0
6770	3
6771	2
6772	0
6773	16
6774	2
6775	2
6776	5
6777	3
6778	20
6780	0
6781	0
6782	0
6783	6
6784	21
6785	0
6786	9
6787	8
6788	14
6789	5
6790	0
6791	0
6793	0
6794	7
6796	8
6798	0
6799	0
6800	4
6801	2
6805	10
6807	0
6808	10
6809	8
6811	0
6812	12
6813	0
6814	5
6815	0
6816	3
6817	5
6818	8
6819	0
6821	11
6822	6
6823	1
6824	9
6825	2
6826	0
6827	17
6828	0
6829	3
6831	0
6832	4
6833	10
6834	3
6836	17
6838	11
6839	3
6841	9
6842	0
6843	0
6845	3
6846	3
6847	3
6848	0
6849	2
6850	11
6851	6
6852	3
6854	0
6855	1
6856	10
6857	11
6858	0
6860	8
6861	0
6862	0
6864	0
6865	1
6866	6
6867	0
6868	1
6869	19
6870	3
6871	11
6872	0
6873	16
6874	7
6875	14
6876	0
6877	0
6878	10
6879	0
6880	9
6881	0
6882	12
6883	3
6884	17
6886	9
6887	7
6889	14
6890	0
6892	22
6893	11
6895	0
6896	11
6898	0
6899	0
6900	0
6901	20
6902	1
6903	0
6904	9
6907	5
6908	0
6909	0
6910	2
6911	2
6912	0
6913	22
6914	5
6915	4
6916	4
6917	0
6918	0
6920	9
6922	0
6923	6
6924	0
6925	5
6927	0
6929	0
6930	0
6931	14
6932	0
6934	1
6935	8
6936	0
6938	0
6939	1
6940	2
6941	3
6942	2
6943	20
6944	0
6945	15
6946	0
6947	0
6948	1
6949	15
6950	16
6951	0
6952	1
6953	4
6954	7
6955	1
6956	3
6957	4
6958	0
6959	12
6961	9
6962	0
6963	2
6964	22
6965	5
6966	3
6967	14
6968	6
6969	9
6970	5
6971	7
6972	0
6975	10
6976	5
6977	0
6978	0
6979	0
6981	12
6982	5
6985	1
6986	2
6987	0
6988	5
6990	6
6991	0
6992	10
6993	0
6994	7
6995	1
6996	6
6998	5
6999	0
7000	0
7001	5
7002	10
7003	5
7004	11
7006	4
7007	14
7009	0
7010	4
7011	0
7012	4
7013	11
7014	2
7015	4
7016	2
7017	10
7018	3
7019	5
7020	1
7021	7
7022	0
7023	13
7025	0
7026	39
7027	1
7028	0
7029	0
7030	22
7032	0
7033	0
7034	1
7035	9
7036	6
7037	14
7038	9
7039	11
7040	5
7041	0
7043	15
7044	0
7045	0
7046	2
7048	3
7049	6
7051	0
7052	0
7053	1
7054	0
7055	0
7056	2
7057	0
7058	1
7059	6
7060	0
7061	2
7062	4
7063	0
7064	3
7065	9
7066	11
7067	4
7068	1
7069	0
7070	0
7071	9
7072	0
7073	1
7074	5
7075	0
7077	0
7078	0
7080	10
7081	0
7082	0
7083	16
7084	9
7085	6
7086	2
7087	0
7088	2
7089	2
7090	0
7091	23
7093	9
7094	17
7095	0
7096	5
7097	1
7098	0
7099	0
7100	2
7101	0
7102	16
7103	18
7104	12
7105	1
7106	6
7108	7
7109	1
7110	3
7111	3
7112	0
7114	8
7115	0
7117	4
7118	3
7119	4
7120	0
7121	25
7122	15
7123	13
7124	3
7125	16
7126	16
7127	3
7128	1
7130	0
7131	6
7135	1
7136	3
7137	36
7138	10
7139	0
7140	0
7141	0
7142	9
7143	5
7145	10
7147	2
7148	8
7149	0
7150	1
7151	8
7152	5
7153	1
7154	0
7155	3
7156	1
7157	5
7158	12
7159	8
7160	3
7161	0
7162	0
7163	9
7164	8
7165	15
7166	8
7168	0
7170	2
7171	0
7173	6
7175	4
7176	22
7177	4
7178	0
7179	1
7180	0
7182	5
7183	0
7184	21
7185	4
7186	0
7187	0
7188	2
7191	11
7192	19
7193	5
7194	20
7195	4
7196	17
7197	17
7199	10
7200	0
7201	3
7202	11
7203	0
7204	9
7206	0
7207	0
7208	0
7209	1
7211	0
7213	9
7214	3
7215	12
7216	4
7217	0
7218	0
7220	0
7221	17
7222	5
7225	0
7226	2
7227	23
7228	1
7229	3
7230	3
7232	3
7233	0
7234	12
7235	0
7236	4
7237	11
7238	0
7239	0
7240	0
7241	3
7242	19
7243	0
7245	28
7246	4
7247	17
7248	0
7249	1
7250	3
7251	5
7252	2
7253	1
7254	35
7255	2
7256	3
7257	8
7259	5
7260	2
7261	22
7262	1
7263	0
7264	0
7265	5
7266	0
7267	0
7268	3
7269	14
7270	0
7272	9
7273	0
7275	0
7276	0
7277	0
7278	12
7279	3
7280	0
7282	6
7283	5
7284	13
7285	7
7286	0
7287	4
7288	2
7289	3
7291	0
7293	4
7294	13
7297	2
7298	0
7299	0
7300	0
7301	8
7303	11
7304	7
7305	9
7306	4
7309	13
7310	4
7311	21
7312	4
7313	12
7314	4
7315	1
7317	5
7318	12
7319	14
7321	20
7322	0
7323	22
7325	0
7327	7
7328	0
7329	0
7332	4
7333	2
7334	0
7335	4
7336	7
7337	9
7339	20
7340	0
7341	3
7342	0
7343	11
7344	10
7346	2
7347	4
7348	1
7349	0
7350	7
7352	7
7353	8
7354	4
7355	0
7356	24
7357	2
7358	12
7359	4
7360	1
7362	6
7363	0
7364	9
7365	2
7366	0
7367	6
7368	5
7369	5
7370	18
7371	3
7372	0
7374	3
7375	0
7376	0
7377	4
7378	5
7379	2
7380	10
7381	1
7382	9
7383	0
7384	6
7385	0
7386	14
7387	15
7388	6
7389	4
7390	0
7391	0
7392	3
7394	0
7396	10
7397	0
7398	0
7399	0
7400	2
7401	0
7402	1
7403	0
7404	3
7405	4
7406	2
7407	0
7408	6
7409	4
7410	14
7411	3
7412	4
7413	6
7414	4
7415	0
7416	0
7418	2
7419	11
7420	6
7421	4
7422	0
7423	4
7424	6
7425	24
7426	0
7427	4
7428	10
7429	0
7430	3
7431	0
7432	2
7433	15
7434	5
7435	7
7437	2
7438	4
7440	0
7441	0
7443	0
7444	7
7446	15
7447	0
7448	8
7449	0
7451	0
7452	0
7453	0
7454	0
7456	0
7457	2
7458	2
7459	0
7460	3
7461	5
7462	12
7463	14
7465	3
7467	6
7469	12
7470	15
7471	0
7472	0
7474	5
7475	8
7476	3
7477	12
7478	0
7479	0
7480	2
7481	9
7482	13
7483	0
7484	5
7485	0
7486	9
7487	0
7488	0
7489	0
7490	9
7491	4
7492	17
7493	12
7494	5
7495	6
7496	8
7497	3
7498	6
7500	11
7501	13
7502	3
7504	0
7505	16
7506	17
7507	11
7508	5
7509	35
7510	0
7511	0
7512	1
7513	8
7514	8
7515	15
7516	4
7517	0
7518	7
7519	2
7520	19
7521	0
7522	6
7524	3
7525	15
7526	8
7527	10
7528	0
7529	0
7530	31
7531	27
7532	3
7533	15
7534	4
7535	4
7536	5
7537	8
7538	0
7539	5
7540	5
7541	9
7543	0
7546	0
7548	4
7549	9
7550	11
7551	0
7552	17
7554	0
7556	0
7557	5
7558	16
7559	0
7560	6
7562	1
7563	0
7564	4
7565	1
7566	18
7567	0
7568	5
7569	4
7570	6
7571	11
7572	0
7573	6
7574	4
7576	5
7578	13
7579	10
7580	2
7581	0
7582	10
7583	2
7584	4
7585	13
7586	7
7587	0
7588	3
7590	5
7591	12
7592	0
7594	3
7595	8
7596	16
7600	21
7601	16
7602	4
7603	8
7605	1
7606	0
7607	7
7609	5
7610	0
7611	4
7612	0
7613	7
7614	4
7615	8
7616	0
7617	0
7618	0
7619	0
7620	13
7622	3
7623	2
7624	16
7626	20
7627	0
7628	11
7629	8
7630	5
7631	6
7632	0
7634	10
7637	2
7638	8
7639	1
7640	26
7641	10
7642	3
7643	0
7644	1
7646	3
7647	8
7648	14
7649	2
7650	8
7651	13
7652	3
7653	2
7654	0
7655	29
7656	1
7657	1
7658	0
7659	24
7660	1
7661	8
7662	13
7665	1
7666	6
7667	14
7668	4
7669	0
7670	2
7671	3
7673	4
7674	0
7675	1
7676	1
7677	1
7678	0
7679	6
7680	4
7681	0
7682	9
7683	0
7684	3
7685	10
7686	13
7687	4
7688	34
7689	2
7690	0
7691	0
7692	5
7693	4
7694	5
7695	7
7696	4
7697	0
7698	0
7699	8
7701	1
7702	0
7704	6
7705	11
7706	2
7707	8
7708	2
7709	3
7710	0
7711	2
7712	0
7713	0
7714	13
7715	0
7716	10
7717	2
7718	0
7719	16
7720	31
7722	23
7723	1
7724	4
7725	14
7726	4
7728	9
7729	5
7730	5
7731	13
7733	15
7734	1
7735	23
7736	2
7737	0
7739	6
7740	5
7741	12
7742	1
7743	0
7745	10
7746	3
7747	4
7748	5
7749	3
7750	0
7751	2
7752	2
7753	0
7755	8
7756	7
7757	5
7758	3
7760	1
7761	6
7762	13
7763	2
7764	0
7765	12
7766	0
7767	0
7768	15
7769	11
7770	0
7771	17
7772	0
7773	0
7774	4
7776	12
7777	1
7778	6
7779	2
7780	18
7781	4
7782	1
7783	10
7784	3
7785	0
7787	7
7788	3
7789	0
7790	6
7791	8
7792	7
7793	0
7795	8
7796	1
7797	0
7798	3
7799	0
7800	8
7801	12
7802	2
7803	6
7804	0
7805	1
7806	2
7807	2
7808	10
7809	6
7810	10
7811	0
7812	14
7813	0
7814	0
7816	0
7817	2
7819	2
7820	10
7822	1
7823	7
7824	6
7825	7
7826	11
7827	8
7828	5
7829	4
7830	3
7832	10
7833	3
7834	7
7835	3
7836	5
7837	7
7838	3
7839	4
7840	10
7841	5
7842	0
7843	0
7844	2
7845	2
7846	2
7847	0
7849	0
7851	17
7852	9
7853	13
7854	15
7855	5
7858	1
7860	11
7862	0
7863	0
7864	12
7865	4
7866	3
7867	12
7868	0
7869	8
7870	3
7871	5
7872	4
7873	0
7874	14
7877	1
7879	5
7880	2
7882	10
7883	6
7884	0
7886	0
7888	1
7889	1
7891	3
7892	1
7893	7
7894	7
7896	0
7897	7
7898	3
7899	0
7900	19
7902	2
7903	2
7904	16
7905	0
7906	11
7908	0
7909	8
7911	5
7912	9
7913	0
7914	5
7915	5
7916	23
7917	1
7918	1
7919	4
7920	1
7921	0
7923	9
7924	1
7925	21
7926	9
7927	9
7928	6
7929	0
7930	3
7933	4
7934	20
7935	0
7938	12
7939	1
7940	0
7942	0
7943	11
7944	0
7945	0
7946	10
7947	0
7948	0
7949	2
7950	20
7952	0
7953	7
7954	1
7955	3
7956	4
7957	1
7958	3
7960	10
7961	3
7962	13
7963	1
7964	5
7965	2
7966	0
7967	16
7968	0
7969	2
7970	15
7972	2
7973	2
7974	0
7975	5
7976	0
7978	10
7979	4
7980	18
7981	0
7982	0
7983	0
7984	6
7985	0
7986	5
7987	8
7988	1
7989	7
7990	8
7992	11
7993	1
7994	3
7995	0
7996	0
7997	18
7998	9
7999	17
8000	0
8001	3
8002	0
8003	0
8004	7
8005	5
8006	11
8007	5
8008	7
8009	3
8010	3
8012	1
8013	9
8014	0
8015	2
8016	6
8017	8
8018	12
8019	3
8020	1
8022	0
8023	0
8024	3
8025	3
8026	10
8027	0
8028	13
8030	0
8031	2
8032	4
8033	3
8034	5
8035	12
8036	8
8037	3
8038	17
8039	15
8040	6
8041	1
8042	5
8043	4
8044	18
8045	0
8046	15
8047	3
8048	3
8049	2
8050	0
8051	7
8052	13
8053	2
8055	0
8057	0
8058	2
8059	3
8060	7
8061	1
8062	5
8063	19
8064	1
8065	0
8066	7
8067	1
8068	2
8069	0
8070	3
8071	0
8072	17
8073	10
8074	13
8075	0
8076	10
8077	11
8078	22
8079	25
8083	6
8084	10
8085	0
8086	19
8088	0
8089	1
8090	1
8091	13
8093	0
8094	9
8096	14
8097	15
8098	12
8099	8
8101	4
8102	0
8103	5
8105	3
8106	3
8107	1
8108	0
8109	2
8110	0
8112	4
8113	19
8114	3
8115	5
8116	0
8117	8
8118	2
8120	11
8121	0
8122	0
8123	0
8124	2
8125	6
8126	1
8127	7
8128	0
8130	0
8131	0
8133	2
8134	0
8136	13
8137	6
8138	5
8139	8
8140	10
8141	0
8142	1
8143	10
8144	12
8145	12
8147	0
8148	5
8149	4
8151	9
8152	0
8153	1
8154	0
8155	4
8156	2
8157	4
8158	7
8159	0
8160	1
8162	10
8163	4
8164	2
8166	0
8167	6
8168	9
8170	12
8171	2
8172	1
8173	5
8175	7
8176	3
8177	12
8178	0
8179	6
8180	0
8181	5
8183	4
8184	6
8185	1
8186	7
8187	6
8188	0
8189	11
8190	11
8191	21
8193	3
8194	10
8196	4
8197	0
8198	3
8199	14
8200	4
8201	28
8202	20
8203	5
8206	10
8207	8
8208	4
8209	14
8210	2
8212	16
8213	12
8214	1
8215	6
8216	6
8217	9
8218	4
8219	7
8220	12
8221	5
8222	3
8223	0
8224	46
8225	0
8226	0
8227	0
8228	0
8229	10
8230	1
8231	3
8232	5
8233	9
8234	20
8236	4
8238	8
8239	17
8240	2
8243	3
8244	0
8245	0
8246	8
8247	6
8248	16
8249	7
8250	0
8251	6
8252	6
8253	12
8254	2
8255	5
8256	0
8258	5
8259	3
8260	6
8261	0
8262	11
8263	0
8264	0
8265	0
8267	0
8268	9
8269	0
8270	16
8271	20
8272	12
8274	0
8275	0
8276	12
8277	0
8278	25
8279	1
8280	4
8281	4
8282	13
8283	1
8284	16
8285	1
8286	23
8287	7
8288	8
8289	0
8290	0
8291	1
8292	2
8293	18
8294	2
8297	21
8298	0
8299	0
8300	5
8301	7
8302	12
8303	3
8304	14
8305	8
8306	1
8307	2
8308	8
8309	3
8311	0
8312	1
8313	11
8314	9
8315	4
8316	2
8317	4
8318	6
8319	5
8320	5
8321	0
8322	15
8323	0
8324	8
8325	4
8326	1
8328	11
8330	12
8331	1
8332	1
8333	18
8335	7
8336	20
8337	6
8338	1
8339	1
8340	11
8341	2
8342	7
8344	8
8345	0
8346	0
8347	2
8348	2
8349	17
8350	0
8351	9
8352	12
8353	14
8354	0
8355	6
8356	16
8358	0
8359	3
8360	5
8361	6
8362	1
8363	17
8364	0
8365	0
8366	0
8367	3
8368	4
8369	5
8370	1
8371	16
8372	8
8373	3
8374	0
8375	0
8376	9
8377	3
8378	0
8380	26
8381	5
8382	10
8383	1
8384	4
8385	0
8386	1
8387	1
8388	0
8389	0
8391	9
8392	3
8393	4
8395	7
8396	15
8397	12
8398	0
8399	3
8400	17
8401	8
8402	3
8403	0
8404	1
8405	2
8406	0
8407	5
8408	0
8409	7
8410	11
8411	6
8412	18
8413	15
8414	10
8415	2
8416	3
8417	5
8418	6
8419	6
8420	0
8422	2
8424	3
8425	8
8426	6
8427	7
8428	19
8429	6
8430	11
8431	0
8432	0
8433	0
8434	2
8435	4
8438	10
8439	0
8440	2
8442	16
8443	1
8444	7
8445	3
8446	1
8447	4
8448	6
8449	7
8450	0
8452	0
8453	7
8454	4
8455	5
8456	0
8457	1
8458	0
8459	7
8460	0
8461	3
8462	7
8463	5
8464	3
8465	14
8466	0
8467	0
8468	18
8469	2
8470	8
8471	10
8472	4
8473	16
8474	2
8475	3
8476	2
8477	15
8478	18
8479	14
8480	0
8481	9
8482	6
8483	1
8484	10
8485	5
8486	23
8487	8
8490	4
8491	1
8493	9
8494	0
8495	3
8496	7
8497	6
8498	6
8499	7
8500	0
8501	9
8502	1
8503	7
8504	15
8505	9
8506	0
8507	9
8508	9
8509	9
8510	3
8511	5
8512	0
8513	1
8515	4
8516	19
8517	8
8518	7
8519	0
8520	8
8522	0
8523	8
8524	0
8526	3
8527	12
8528	2
8529	8
8530	4
8531	0
8532	9
8533	0
8535	0
8536	8
8537	0
8538	3
8540	6
8541	2
8542	8
8543	0
8544	0
8545	10
8548	15
8549	0
8550	8
8551	17
8552	0
8553	11
8555	7
8556	1
8557	7
8558	5
8559	0
8560	0
8561	12
8562	6
8563	9
8564	24
8565	6
8566	6
8567	2
8568	0
8569	0
8570	12
8571	9
8573	0
8574	0
8575	2
8576	6
8577	3
8578	0
8579	10
8580	10
8581	0
8582	0
8583	6
8584	0
8585	0
8586	0
8587	2
8588	0
8589	2
8590	12
8591	0
8592	8
8593	8
8595	16
8597	4
8598	1
8599	7
8600	1
8601	2
8602	2
8604	16
8605	4
8607	9
8608	7
8609	12
8610	0
8611	19
8612	12
8613	2
8614	4
8615	5
8616	14
8617	3
8618	4
8619	13
8620	8
8621	4
8622	0
8623	7
8625	11
8626	2
8627	1
8628	0
8629	0
8630	8
8631	0
8632	0
8633	15
8634	15
8635	6
8636	8
8637	4
8638	11
8639	1
8641	0
8642	1
8644	2
8646	5
8647	12
8648	0
8649	7
8650	5
8651	22
8652	7
8653	3
8654	11
8655	0
8656	1
8659	5
8660	0
8661	0
8662	0
8665	3
8666	6
8667	4
8668	18
8669	10
8670	5
8671	0
8672	9
8673	1
8674	1
8675	0
8676	0
8677	6
8678	2
8679	6
8680	5
8681	0
8683	2
8684	13
8685	0
8686	5
8687	8
8689	14
8690	7
8691	5
8692	0
8693	5
8694	1
8695	19
8697	3
8698	4
8700	6
8701	3
8702	0
8703	6
8704	4
8706	7
8707	0
8708	0
8709	12
8710	3
8712	21
8714	0
8715	5
8716	0
8717	7
8718	0
8719	2
8720	2
8721	7
8722	5
8723	0
8724	2
8726	18
8727	7
8728	12
8730	0
8732	3
8733	2
8734	1
8735	6
8736	7
8738	8
8741	7
8742	14
8743	0
8744	13
8746	4
8747	5
8748	0
8749	3
8750	0
8751	0
8753	5
8754	0
8755	2
8756	9
8757	0
8758	3
8759	6
8760	10
8761	2
8762	7
8763	3
8764	1
8765	0
8766	0
8767	1
8768	3
8769	8
8770	0
8771	10
8772	9
8773	4
8774	9
8775	4
8776	2
8778	3
8779	7
8780	6
8781	7
8783	5
8784	3
8785	10
8786	2
8787	8
8788	3
8789	0
8791	0
8792	0
8793	4
8794	2
8795	1
8796	9
8798	2
8799	10
8800	0
8801	2
8802	2
8804	25
8805	19
8806	9
8807	0
8808	8
8809	8
8810	6
8812	4
8813	7
8814	4
8815	0
8816	9
8817	10
8818	9
8819	7
8821	0
8822	3
8823	4
8824	1
8825	0
8826	16
8827	0
8828	0
8829	5
8830	0
8831	0
8832	0
8834	0
8835	3
8836	0
8838	1
8839	2
8840	7
8841	0
8842	0
8843	1
8844	0
8845	3
8846	14
8847	0
8848	3
8849	10
8850	12
8851	5
8852	11
8853	0
8854	3
8856	0
8857	3
8858	15
8859	13
8860	8
8861	9
8862	0
8863	5
8864	0
8865	6
8866	6
8867	3
8868	3
8869	5
8870	8
8872	2
8873	10
8874	11
8875	5
8876	0
8877	2
8879	3
8880	4
8881	2
8882	12
8883	0
8884	8
8885	0
8886	6
8890	0
8891	4
8892	0
8893	6
8896	1
8897	2
8900	0
8901	6
8902	17
8903	10
8904	0
8905	5
8906	8
8907	0
8910	2
8911	1
8913	12
8914	0
8915	7
8916	16
8917	4
8918	4
8919	10
8920	3
8921	3
8922	6
8923	0
8925	5
8926	12
8927	0
8928	8
8930	5
8931	9
8932	0
8933	6
8934	0
8935	12
8936	5
8937	5
8938	6
8939	8
8940	16
8942	7
8943	3
8945	4
8947	1
8949	10
8950	9
8951	1
8952	0
8953	10
8954	3
8955	15
8957	2
8958	10
8959	0
8960	6
8961	4
8962	13
8963	0
8964	12
8965	5
8966	0
8967	12
8968	8
8971	0
8972	0
8973	8
8974	0
8976	0
8977	6
8978	0
8979	0
8981	10
8982	5
8983	0
8984	11
8985	7
8986	0
8987	0
8988	0
8989	4
8990	12
8991	4
8992	4
8993	2
8995	0
8996	12
8998	2
8999	26
9000	0
9001	4
9002	5
9003	0
9004	0
9005	0
9006	15
9007	5
9008	12
9009	0
9010	11
9011	2
9012	14
9013	6
9014	18
9016	2
9017	15
9018	3
9019	4
9022	6
9023	6
9024	2
9026	4
9027	3
9028	0
9030	0
9031	5
9032	3
9033	5
9034	3
9035	3
9036	2
9038	10
9039	4
9040	13
9041	0
9042	8
9043	5
9044	2
9045	4
9046	0
9047	0
9049	10
9050	5
9051	2
9052	17
9053	12
9054	0
9055	0
9056	1
9058	0
9059	8
9060	2
9061	1
9062	2
9063	0
9064	1
9065	0
9066	12
9067	11
9069	14
9070	6
9071	4
9072	5
9073	5
9074	5
9075	2
9076	4
9077	13
9078	3
9079	8
9080	8
9082	3
9083	10
9084	15
9085	3
9086	3
9087	12
9088	0
9089	2
9090	3
9092	4
9093	6
9094	3
9095	0
9096	16
9097	2
9098	1
9099	6
9100	0
9101	0
9102	12
9103	10
9105	1
9107	2
9108	2
9109	7
9111	18
9112	0
9113	0
9114	12
9115	14
9116	26
9117	0
9118	7
9120	13
9121	1
9122	1
9123	16
9124	0
9126	3
9127	10
9128	1
9130	3
9131	9
9132	0
9133	6
9134	0
9135	1
9136	7
9137	8
9138	2
9140	5
9141	0
9144	7
9145	1
9146	0
9147	0
9148	4
9149	7
9150	22
9152	4
9153	1
9154	0
9155	8
9156	2
9157	0
9159	10
9160	0
9161	13
9162	2
9163	8
9164	0
9165	12
9167	0
9168	10
9170	6
9171	7
9172	21
9173	15
9174	1
9175	0
9176	1
9177	0
9178	10
9179	14
9180	0
9181	2
9182	6
9184	10
9185	14
9186	11
9187	0
9189	1
9190	12
9191	3
9192	2
9193	5
9194	12
9195	23
9196	8
9197	2
9198	6
9199	2
9200	3
9201	8
9202	3
9203	1
9204	9
9205	1
9206	6
9208	7
9209	0
9210	3
9212	3
9213	17
9214	0
9216	3
9218	0
9220	14
9221	3
9222	0
9223	0
9224	23
9225	14
9226	8
9227	0
9228	0
9229	1
9230	29
9231	3
9232	0
9233	6
9234	4
9235	8
9236	7
9237	0
9238	0
9239	2
9241	9
9242	2
9243	3
9244	0
9245	6
9247	7
9248	8
9249	0
9251	11
9252	9
9253	3
9254	0
9256	0
9257	9
9258	0
9259	0
9261	3
9262	0
9263	2
9264	1
9266	0
9267	0
9269	2
9270	8
9271	3
9272	0
9274	4
9275	5
9277	6
9278	7
9279	0
9280	0
9281	1
9282	1
9283	6
9284	0
9285	3
9286	20
9287	7
9288	16
9290	7
9291	20
9292	17
9293	12
9294	10
9295	1
9296	5
9297	0
9298	5
9299	4
9301	1
9302	0
9303	0
9304	5
9305	2
9306	7
9307	8
9308	0
9310	4
9311	3
9313	10
9314	30
9315	7
9316	4
9317	3
9319	0
9322	2
9323	0
9324	5
9326	0
9327	1
9328	8
9329	0
9330	0
9331	0
9332	11
9333	11
9334	8
9336	5
9337	0
9338	0
9339	8
9340	1
9341	0
9342	1
9343	3
9344	14
9345	0
9346	4
9347	14
9348	0
9350	8
9351	12
9353	6
9354	2
9355	2
9356	6
9357	0
9358	1
9359	0
9360	8
9361	22
9362	0
9363	9
9365	0
9366	3
9367	0
9368	4
9369	0
9371	4
9372	0
9373	0
9374	5
9375	3
9376	0
9377	4
9378	4
9379	10
9380	0
9381	8
9382	4
9384	5
9386	6
9387	2
9388	5
9389	0
9391	11
9392	13
9393	0
9394	8
9395	4
9396	2
9397	17
9398	11
9400	0
9401	3
9402	7
9403	9
9404	3
9405	11
9406	12
9407	8
9409	0
9410	4
9411	5
9412	2
9413	9
9415	7
9416	0
9417	9
9418	0
9419	9
9420	0
9421	2
9422	2
9423	16
9424	5
9425	0
9426	0
9427	1
9428	4
9432	0
9433	13
9435	0
9436	0
9437	7
9438	12
9440	3
9441	2
9442	12
9443	1
9444	6
9445	13
9446	7
9447	8
9448	10
9449	13
9451	12
9452	7
9454	0
9455	16
9456	10
9457	0
9458	0
9459	0
9460	9
9461	2
9462	14
9463	6
9465	10
9466	4
9467	4
9468	3
9470	0
9471	0
9472	4
9473	8
9475	7
9476	10
9477	2
9480	6
9482	10
9483	14
9484	10
9485	0
9486	6
9487	3
9488	29
9489	8
9490	19
9491	0
9492	9
9494	2
9495	13
9496	3
9497	0
9499	5
9500	0
9501	7
9502	14
9503	2
9504	12
9506	3
9509	11
9510	2
9512	7
9513	3
9514	0
9515	7
9516	12
9517	0
9518	8
9519	0
9520	4
9521	8
9522	8
9523	0
9524	9
9525	4
9526	19
9527	2
9528	4
9529	1
9531	0
9532	1
9533	7
9534	4
9536	3
9537	7
9539	0
9540	7
9542	3
9543	0
9544	1
9546	13
9547	6
9549	8
9550	2
9552	0
9553	4
9555	0
9556	0
9557	3
9559	6
9560	1
9561	7
9562	0
9563	2
9564	0
9566	5
9569	1
9570	16
9571	7
9572	0
9573	8
9577	1
9578	0
9579	0
9581	3
9583	13
9584	18
9585	14
9586	4
9587	5
9589	14
9590	8
9591	3
9592	2
9593	18
9594	0
9595	9
9596	4
9597	1
9598	1
9599	0
9600	2
9602	8
9603	0
9604	6
9605	12
9606	13
9607	4
9608	4
9610	5
9612	8
9613	1
9614	16
9615	0
9616	5
9617	22
9618	22
9619	19
9620	0
9621	0
9622	11
9623	6
9625	0
9626	6
9627	5
9628	17
9630	2
9631	0
9632	2
9633	0
9635	4
9636	0
9637	7
9638	9
9639	6
9640	9
9641	4
9642	5
9643	1
9644	7
9645	0
9646	0
9647	0
9648	9
9650	0
9651	4
9652	0
9653	7
9654	6
9655	0
9656	21
9657	13
9658	0
9659	0
9661	9
9662	7
9663	4
9664	13
9665	11
9666	7
9667	11
9668	0
9669	3
9670	5
9671	5
9672	0
9673	14
9674	0
9675	1
9676	0
9678	3
9679	2
9680	8
9682	13
9683	15
9684	3
9685	1
9687	2
9688	0
9689	8
9690	5
9691	0
9692	18
9693	6
9694	11
9695	17
9696	6
9697	3
9698	6
9699	0
9700	1
9701	0
9702	13
9703	9
9704	0
9705	4
9706	7
9710	8
9711	7
9712	9
9713	0
9714	6
9715	9
9716	0
9717	0
9718	5
9719	0
9720	9
9722	0
9723	21
9724	9
9725	1
9726	5
9728	4
9729	2
9730	2
9731	0
9732	8
9733	33
9734	6
9735	20
9736	0
9737	20
9738	1
9740	0
9741	0
9742	10
9743	0
9744	1
9745	8
9746	2
9747	3
9748	1
9749	2
9751	6
9752	4
9753	0
9754	11
9755	5
9756	0
9758	1
9759	6
9760	3
9761	23
9762	1
9764	18
9765	1
9766	2
9768	6
9769	12
9770	0
9771	1
9772	5
9773	0
9774	0
9775	5
9776	2
9779	6
9780	9
9781	7
9782	0
9783	0
9784	7
9785	4
9786	4
9787	2
9788	7
9789	8
9790	0
9791	31
9792	4
9793	11
9795	4
9796	4
9797	10
9798	8
9799	3
9800	0
9801	1
9802	10
9803	1
9804	11
9805	3
9806	0
9807	21
9809	0
9810	5
9811	12
9812	13
9813	3
9814	1
9815	4
9816	10
9817	13
9818	4
9819	1
9820	1
9821	2
9822	19
9824	1
9825	2
9827	27
9829	2
9830	13
9831	6
9832	2
9833	0
9834	3
9835	7
9836	6
9837	4
9838	6
9839	5
9841	3
9842	20
9843	4
9845	3
9846	0
9847	0
9849	0
9850	10
9851	0
9852	4
9853	1
9854	7
9855	3
9856	0
9857	0
9858	0
9860	10
9861	4
9862	1
9863	4
9864	5
9865	3
9866	9
9868	7
9869	1
9870	7
9871	12
9872	3
9873	1
9874	24
9876	0
9877	0
9878	14
9879	0
9880	4
9881	9
9883	0
9884	0
9886	15
9887	4
9889	0
9890	0
9891	0
9892	2
9893	0
9894	0
9895	3
9896	12
9898	6
9899	0
9900	6
9901	6
9902	4
9904	0
9906	0
9907	2
9908	0
9909	11
9910	0
9911	13
9912	10
9913	0
9915	14
9916	0
9917	0
9918	0
9919	0
9920	14
9921	12
9922	0
9923	6
9924	21
9925	4
9926	4
9927	9
9928	0
9929	8
9930	3
9934	17
9935	3
9936	6
9937	0
9938	2
9940	0
9941	6
9942	8
9943	16
9944	0
9945	1
9947	16
9948	12
9949	0
9950	5
9951	24
9952	7
9953	8
9954	9
9956	8
9957	19
9958	14
9959	8
9960	8
9963	6
9964	7
9965	28
9966	0
9967	2
9969	8
9970	21
9971	0
9972	0
9973	11
9974	0
9976	0
9977	5
9979	2
9980	14
9982	3
9983	1
9986	5
9987	2
9988	0
9989	0
9990	15
9991	15
9992	8
9993	11
9995	5
9996	0
9997	6
9998	1
9999	3
10000	9
10001	9
10002	2
10004	5
10005	5
10007	2
10008	0
10009	2
10011	0
10012	22
10013	4
10015	0
10016	3
10017	0
10018	6
10020	2
10021	9
10022	16
10023	0
10024	1
10025	11
10026	6
10028	1
10030	0
10031	0
10032	4
10033	0
10034	0
10035	6
10036	7
10037	13
10039	17
10040	5
10041	23
10043	5
10044	10
10045	11
10046	3
10047	0
10048	16
10050	1
10051	0
10053	2
10054	7
10056	0
10057	2
10058	2
10059	3
10060	1
10061	10
10062	9
10063	4
10064	2
10065	10
10067	0
10068	8
10069	7
10071	12
10072	8
10073	3
10074	1
10075	0
10076	7
10077	0
10078	0
10080	11
10081	0
10082	4
10083	2
10084	3
10085	0
10087	0
10088	4
10089	11
10090	20
10091	0
10092	18
10093	3
10094	15
10095	8
10096	7
10097	13
10098	3
10099	2
10100	0
10101	9
10102	11
10103	17
10104	3
10106	12
10107	5
10108	3
10109	4
10110	1
10112	7
10113	0
10114	3
10115	3
10116	6
10117	2
10118	0
10119	14
10120	9
10121	0
10122	0
10123	1
10124	0
10125	4
10126	4
10127	10
10128	3
10129	5
10130	25
10131	1
10132	22
10134	0
10135	23
10136	0
10137	0
10138	3
10139	9
10140	3
10141	0
10144	0
10145	15
10147	6
10148	0
10149	17
10150	6
10151	0
10152	3
10153	6
10155	11
10156	5
10157	2
10158	10
10159	5
10160	6
10161	4
10162	1
10163	1
10164	3
10165	0
10166	5
10167	3
10168	10
10169	0
10171	2
10172	1
10173	7
10174	3
10175	4
10177	10
10178	17
10182	8
10183	0
10184	15
10185	0
10186	3
10187	0
10188	12
10189	17
10190	0
10191	14
10192	1
10193	2
10194	0
10195	10
10196	5
10197	4
10198	2
10199	0
10200	0
10201	1
10202	3
10203	8
10204	2
10205	1
10207	17
10208	5
10209	7
10210	1
10211	16
10212	0
10214	3
10215	6
10217	0
10218	9
10219	0
10220	2
10221	3
10222	0
10223	16
10224	0
10225	9
10226	11
10228	2
10229	7
10230	0
10231	1
10232	9
10233	9
10236	4
10237	3
10238	1
10239	14
10240	0
10241	8
10242	7
10243	8
10244	7
10245	5
10246	10
10248	2
10249	0
10250	0
10251	0
10252	0
10253	2
10254	6
10255	16
10257	2
10258	2
10259	0
10260	18
10261	0
10263	0
10265	2
10266	18
10267	7
10269	7
10273	0
10274	25
10275	0
10276	8
10277	3
10280	25
10281	2
10283	8
10284	0
10285	0
10286	8
10287	6
10288	1
10289	2
10290	0
10291	4
10292	0
10293	1
10294	2
10295	20
10296	10
10298	18
10299	9
10300	4
10301	0
10302	18
10303	3
10304	0
10307	15
10308	0
10309	6
10310	18
10311	0
10312	5
10313	18
10314	8
10315	7
10316	23
10317	8
10318	0
10319	6
10320	0
10322	16
10324	5
10325	3
10327	0
10328	9
10329	27
10330	2
10331	1
10332	0
10333	7
10334	0
10335	22
10336	2
10338	0
10339	39
10340	8
10341	13
10342	5
10343	0
10344	0
10345	2
10346	14
10347	1
10348	18
10349	4
10350	0
10351	0
10352	6
10353	9
10354	5
10355	0
10356	0
10357	4
10358	18
10359	12
10360	10
10361	2
10362	9
10363	8
10364	0
10365	0
10367	3
10368	0
10369	23
10371	0
10372	1
10373	0
10374	0
10375	11
10377	6
10378	0
10379	4
10380	15
10381	0
10382	1
10383	5
10384	5
10385	6
10386	2
10387	4
10389	12
10390	3
10391	10
10392	0
10393	0
10394	0
10395	0
10396	0
10397	2
10399	2
10400	3
10401	6
10402	4
10403	0
10405	3
10406	2
10408	8
10409	0
10410	42
10411	0
10412	23
10413	9
10414	13
10415	1
10416	10
10418	0
10419	0
10420	5
10422	13
10423	1
10424	6
10426	10
10427	1
10428	2
10429	0
10430	8
10431	31
10432	3
10433	0
10434	9
10435	2
10436	20
10437	13
10438	3
10439	0
10440	2
10441	3
10442	7
10444	2
10445	0
10446	5
10447	0
10448	10
10449	12
10450	4
10452	0
10453	0
10455	0
10456	0
10457	19
10459	0
10460	2
10461	9
10462	4
10463	10
10464	19
10466	15
10467	15
10469	4
10470	0
10471	0
10472	2
10474	11
10475	8
10476	17
10477	9
10478	14
10479	0
10480	0
10481	8
10482	5
10483	0
10484	2
10485	1
10486	0
10487	0
10488	0
10489	8
10490	6
10491	1
10492	0
10493	11
10494	8
10495	13
10496	10
10497	2
10498	8
10499	15
10500	0
10501	14
10503	0
10504	0
10505	3
10506	25
10507	7
10508	11
10509	5
10510	1
10511	0
10512	3
10514	12
10515	5
10517	3
10518	1
10519	8
10520	6
10521	12
10522	5
10523	4
10524	9
10526	0
10528	0
10529	7
10530	10
10531	0
10532	9
10533	1
10534	0
10535	13
10536	1
10537	17
10538	0
10539	13
10540	5
10541	6
10542	10
10545	7
10546	3
10549	3
10550	0
10551	0
10552	5
10553	7
10554	6
10555	0
10556	19
10557	8
10558	1
10560	0
10561	5
10564	0
10565	27
10566	9
10567	16
10568	17
10569	8
10571	6
10572	0
10573	17
10574	3
10575	0
10576	11
10577	0
10578	5
10579	0
10580	9
10581	1
10582	9
10583	4
10584	4
10586	11
10588	8
10589	0
10590	5
10592	0
10593	0
10595	0
10596	1
10597	0
10598	16
10599	3
10600	0
10601	0
10602	0
10603	19
10604	3
10605	24
10606	1
10607	13
10608	2
10609	0
10610	8
10611	2
10612	8
10613	8
10614	5
10615	18
10616	2
10617	0
10619	1
10621	10
10622	0
10623	14
10624	2
10625	7
10626	2
10627	0
10628	3
10631	0
10632	0
10633	1
10634	9
10635	9
10636	14
10637	0
10638	10
10639	10
10641	8
10642	0
10644	6
10645	5
10646	1
10647	1
10648	0
10649	5
10652	2
10653	7
10654	6
10655	2
10657	20
10658	0
10659	1
10660	14
10661	21
10662	9
10664	0
10665	15
10668	0
10669	13
10670	12
10671	2
10672	11
10673	8
10674	4
10675	3
10678	20
10679	1
10680	2
10682	0
10683	6
10685	3
10686	2
10688	10
10689	9
10691	4
10692	14
10693	0
10694	4
10695	5
10696	17
10697	17
10699	4
10700	0
10701	8
10702	6
10703	5
10704	1
10705	2
10706	11
10707	3
10708	7
10709	3
10711	0
10712	2
10713	3
10715	0
10716	2
10717	2
10718	22
10720	3
10721	14
10722	0
10723	2
10724	17
10725	9
10727	19
10728	2
10729	0
10730	2
10731	11
10732	2
10734	0
10735	0
10736	14
10737	16
10738	7
10739	0
10741	3
10742	5
10743	1
10744	2
10745	5
10746	3
10747	4
10749	2
10750	8
10752	23
10754	16
10755	4
10756	10
10757	0
10758	15
10759	3
10760	0
10761	5
10762	10
10763	10
10764	0
10765	10
10766	14
10767	3
10768	4
10769	8
10770	1
10771	7
10772	1
10773	10
10774	11
10777	9
10778	1
10780	0
10781	0
10782	3
10783	0
10784	9
10785	0
10786	1
10787	0
10788	12
10789	7
10790	0
10791	0
10793	15
10794	8
10795	9
10797	1
10799	3
10801	24
10803	0
10805	4
10806	5
10807	6
10808	0
10809	1
10810	5
10811	1
10812	0
10813	0
10814	0
10815	0
10816	6
10817	0
10818	0
10819	8
10820	1
10821	2
10822	6
10823	11
10825	15
10826	2
10827	5
10828	9
10829	1
10830	1
10831	11
10832	4
10833	4
10834	0
10836	0
10837	1
10838	3
10839	0
10840	19
10841	5
10842	2
10843	6
10844	20
10845	12
10846	0
10847	17
10848	1
10849	13
10850	0
10851	0
10852	5
10853	1
10854	8
10855	1
10856	0
10857	6
10858	8
10859	4
10861	14
10862	0
10863	8
10864	0
10865	9
10866	0
10868	4
10869	6
10870	6
10873	6
10874	4
10875	1
10876	8
10877	0
10878	0
10879	5
10880	5
10881	4
10882	0
10883	8
10884	0
10885	0
10886	3
10887	7
10888	12
10889	20
10890	11
10891	4
10892	4
10893	5
10894	2
10896	11
10897	2
10898	2
10899	8
10900	0
10901	3
10902	6
10903	18
10904	17
10905	20
10906	0
10907	0
10908	4
10909	0
10910	11
10911	5
10913	6
10914	4
10915	0
10917	1
10918	10
10919	0
10920	0
10921	5
10922	10
10923	0
10926	8
10928	0
10929	0
10930	5
10931	20
10932	5
10933	6
10934	8
10935	0
10936	0
10937	8
10939	20
10940	0
10941	9
10942	0
10943	4
10945	0
10946	1
10947	3
10948	0
10949	3
10950	4
10951	0
10953	11
10954	4
10955	0
10956	7
10957	1
10958	5
10959	4
10960	0
10961	0
10963	4
10964	0
10965	4
10966	7
10967	7
10969	1
10970	5
10971	3
10972	0
10973	25
10974	11
10975	41
10976	4
10977	3
10978	0
10979	12
10980	7
10981	0
10982	0
10983	1
10984	0
10985	11
10986	10
10987	1
10988	0
10989	6
10990	0
10991	1
10992	10
10994	8
10995	7
10996	2
10997	18
10998	3
10999	12
11001	2
11002	5
11003	0
11004	2
11005	6
11006	3
11007	4
11008	2
11009	0
11010	3
11012	9
11013	6
11014	0
11015	0
11016	4
11018	11
11019	4
11020	3
11021	0
11023	1
11024	0
11025	12
11026	0
11028	0
11029	4
11030	7
11031	2
11032	0
11033	13
11034	5
11035	0
11036	14
11037	1
11038	9
11039	11
11040	6
11041	5
11044	0
11045	4
11046	4
11047	1
11048	9
11049	6
11050	6
11051	20
11052	10
11053	10
11054	1
11055	0
11056	9
11057	12
11058	7
11059	8
11060	3
11062	0
11063	0
11064	4
11066	14
11067	2
11068	1
11069	0
11070	1
11071	0
11072	0
11073	5
11074	11
11075	1
11076	8
11077	0
11078	4
11079	0
11080	3
11081	0
11083	15
11084	9
11085	5
11086	0
11087	0
11088	3
11089	0
11090	5
11091	3
11092	12
11094	0
11095	12
11097	15
11098	18
11099	20
11100	6
11101	7
11102	0
11103	3
11104	2
11105	0
11106	9
11107	2
11108	0
11109	7
11110	2
11111	11
11112	0
11113	0
11114	2
11115	2
11116	6
11117	10
11118	0
11119	0
11120	0
11121	0
11122	24
11123	0
11125	10
11126	10
11127	2
11128	6
11129	4
11130	2
11131	18
11132	5
11133	5
11134	2
11135	3
11136	0
11137	5
11139	16
11140	0
11143	8
11144	5
11146	21
11147	6
11148	13
11149	0
11150	1
11151	10
11152	3
11153	7
11154	3
11155	17
11156	0
11157	0
11158	0
11160	5
11161	1
11163	3
11165	1
11166	5
11167	10
11168	3
11169	2
11170	0
11171	24
11172	14
11173	15
11174	5
11175	1
11177	6
11178	8
11179	4
11180	3
11181	5
11182	5
11183	0
11184	0
11185	1
11186	7
11187	11
11188	8
11189	5
11190	8
11192	2
11193	19
11194	0
11195	0
11196	1
11197	0
11198	6
11200	5
11202	5
11203	0
11205	2
11206	0
11207	0
11209	3
11210	0
11212	16
11213	28
11214	0
11215	14
11216	0
11218	0
11219	5
11220	0
11221	21
11222	7
11223	0
11224	0
11226	8
11227	5
11228	18
11229	18
11230	0
11231	15
11232	1
11233	0
11234	11
11235	2
11236	22
11237	2
11238	1
11239	1
11240	0
11241	8
11242	0
11243	23
11244	1
11245	0
11246	5
11247	4
11248	2
11249	5
11250	4
11251	4
11252	0
11253	10
11254	5
11255	0
11256	0
11257	5
11258	0
11259	12
11260	0
11261	0
11262	12
11263	5
11264	4
11265	7
11266	0
11267	2
11268	2
11269	0
11271	2
11272	0
11273	0
11274	12
11275	5
11276	6
11277	13
11280	6
11282	10
11283	4
11284	3
11285	5
11286	4
11287	6
11288	0
11289	4
11290	12
11291	0
11293	5
11295	3
11296	2
11298	9
11299	9
11300	0
11302	9
11303	2
11304	4
11306	0
11308	1
11309	4
11310	0
11311	0
11313	18
11314	1
11316	1
11318	0
11319	10
11321	2
11322	0
11323	6
11324	0
11325	6
11326	5
11327	0
11328	0
11329	1
11330	7
11331	3
11332	0
11333	0
11334	0
11336	10
11338	3
11339	4
11340	1
11342	0
11344	0
11345	0
11346	4
11347	7
11348	2
11349	3
11351	4
11352	0
11353	26
11354	18
11355	10
11356	4
11359	7
11360	32
11361	4
11362	4
11363	0
11364	5
11365	0
11366	0
11367	1
11368	13
11369	13
11370	0
11371	6
11372	0
11373	2
11374	1
11375	0
11376	3
11377	0
11378	11
11379	10
11380	14
11382	3
11383	0
11384	13
11385	0
11386	4
11387	8
11388	9
11389	17
11390	2
11391	15
11392	16
11393	5
11394	1
11395	4
11396	0
11397	2
11398	16
11399	9
11400	6
11401	6
11403	0
11404	6
11405	1
11406	12
11407	2
11408	1
11409	0
11410	11
11411	5
11412	5
11413	27
11415	9
11416	24
11417	0
11418	4
11419	10
11420	0
11421	1
11422	0
11423	3
11424	4
11426	0
11427	16
11428	16
11429	0
11430	4
11431	2
11432	0
11433	4
11435	0
11436	2
11438	6
11440	10
11441	10
11442	0
11443	17
11444	0
11446	11
11448	2
11449	17
11451	1
11452	39
11453	3
11454	6
11455	4
11456	0
11457	19
11458	5
11459	1
11460	7
11461	5
11462	5
11463	4
11464	0
11465	11
11466	0
11467	17
11468	2
11469	10
11470	0
11471	3
11472	0
11473	0
11474	0
11476	5
11479	6
11480	0
11481	0
11482	10
11483	0
11484	3
11485	0
11486	14
11487	3
11488	0
11489	16
11491	0
11492	0
11494	2
11495	3
11496	10
11497	2
11498	4
11499	2
11501	1
11502	2
11505	4
11506	1
11507	5
11508	0
11510	9
11511	3
11512	8
11513	16
11514	3
11515	7
11516	0
11517	30
11519	2
11520	2
11522	5
11523	8
11524	29
11526	15
11527	0
11528	0
11529	16
11530	0
11531	9
11532	0
11534	5
11535	1
11536	0
11537	7
11538	5
11539	6
11542	3
11543	7
11544	0
11545	0
11546	6
11547	2
11548	15
11549	6
11550	6
11551	8
11552	0
11553	0
11555	3
11556	7
11557	4
11558	0
11563	5
11564	0
11565	6
11567	0
11568	1
11571	3
11572	4
11573	0
11574	8
11575	0
11576	2
11577	7
11578	2
11579	14
11580	2
11582	3
11583	5
11584	0
11585	1
11586	7
11587	0
11588	1
11589	4
11590	0
11591	22
11592	0
11593	7
11594	1
11596	4
11597	6
11598	0
11600	4
11601	3
11602	0
11603	0
11604	3
11605	1
11608	0
11610	5
11611	4
11612	0
11613	2
11614	6
11615	5
11617	0
11619	2
11620	13
11621	4
11622	0
11623	14
11625	0
11626	0
11627	0
11629	5
11630	9
11631	2
11632	1
11633	1
11634	0
11635	0
11636	0
11637	5
11639	5
11640	10
11641	15
11642	6
11643	5
11644	6
11645	2
11647	7
11648	2
11649	11
11650	11
11651	3
11652	9
11653	12
11654	10
11655	5
11657	3
11659	8
11662	2
11663	15
11664	3
11665	0
11666	0
11667	11
11668	4
11669	7
11671	11
11673	14
11675	6
11676	14
11677	1
11678	1
11679	13
11681	0
11682	12
11683	0
11684	1
11685	0
11686	7
11687	2
11688	6
11689	3
11690	0
11691	13
11693	1
11694	17
11695	0
11697	8
11698	2
11700	0
11701	2
11702	5
11703	0
11704	6
11705	6
11706	4
11707	3
11708	2
11709	12
11713	4
11714	8
11715	3
11716	0
11717	0
11719	0
11721	11
11722	12
11723	3
11724	1
11725	0
11726	1
11727	0
11728	1
11729	4
11730	7
11731	4
11732	4
11733	0
11734	0
11735	5
11736	13
11737	0
11738	0
11739	0
11740	10
11741	0
11742	4
11743	0
11745	12
11746	3
11747	0
11749	3
11751	7
11752	3
11754	5
11755	7
11757	1
11758	8
11759	0
11760	7
11761	20
11762	12
11763	11
11764	1
11766	3
11768	3
11769	1
11770	0
11771	5
11773	0
11774	12
11775	27
11776	3
11777	9
11778	9
11779	0
11780	12
11781	18
11782	3
11783	0
11784	4
11785	12
11786	14
11787	4
11788	8
11790	4
11791	0
11792	0
11793	8
11794	4
11795	0
11798	8
11799	0
11800	2
11801	1
11802	11
11803	15
11804	7
11805	5
11806	11
11807	6
11808	11
11809	2
11810	10
11811	3
11812	12
11813	12
11814	1
11815	0
11816	12
11817	4
11818	5
11819	0
11820	1
11821	0
11822	10
11823	15
11824	8
11825	6
11826	0
11827	0
11828	19
11829	14
11830	6
11831	3
11832	0
11834	0
11835	0
11836	0
11837	0
11838	8
11839	1
11840	4
11842	0
11843	4
11844	6
11846	9
11848	0
11849	7
11851	0
11852	3
11853	0
11854	2
11855	0
11856	0
11857	0
11858	10
11859	6
11860	0
11861	6
11862	2
11864	2
11865	5
11866	0
11867	0
11868	13
11869	3
11870	17
11871	0
11873	3
11875	3
11878	5
11879	0
11880	2
11881	19
11882	3
11883	12
11884	1
11885	23
11886	1
11888	3
11889	11
11890	18
11891	0
11892	0
11893	3
11894	9
11895	17
11896	2
11897	1
11898	8
11900	0
11901	7
11902	3
11903	8
11904	3
11905	1
11906	8
11907	1
11908	12
11910	0
11911	16
11912	0
11913	4
11914	0
11915	3
11916	1
11917	12
11918	5
11919	0
11921	7
11922	15
11923	0
11924	11
11925	0
11926	3
11927	13
11929	3
11930	17
11931	2
11932	13
11933	0
11934	2
11936	5
11937	1
11938	0
11939	0
11940	5
11941	3
11942	3
11943	4
11944	0
11945	0
11946	0
11947	2
11948	9
11949	0
11950	13
11951	5
11952	3
11953	0
11954	16
11955	3
11956	0
11957	0
11958	12
11959	6
11960	0
11961	19
11962	0
11963	3
11965	20
11966	7
11967	2
11968	0
11969	4
11970	0
11971	5
11972	3
11973	5
11974	0
11975	19
11976	11
11977	8
11978	9
11979	1
11980	0
11982	0
11983	9
11984	2
11985	9
11986	27
11987	3
11988	0
11989	1
11990	5
11991	0
11992	0
11993	11
11994	0
11996	0
11997	0
11998	3
12000	13
12001	9
12002	1
12003	4
12004	0
12005	1
12006	8
12007	0
12008	0
12009	3
12010	1
12012	8
12013	6
12014	3
12015	0
12016	7
12020	3
12021	7
12022	4
12023	14
12025	3
12027	3
12028	3
12029	5
12030	9
12031	0
12032	7
12034	0
12035	6
12036	0
12037	1
12039	0
12040	1
12041	0
12042	18
12043	0
12044	0
12045	11
12047	3
12048	0
12049	2
12050	6
12051	8
12052	1
12053	2
12055	0
12056	1
12057	8
12058	2
12059	2
12060	1
12062	0
12063	6
12066	4
12067	10
12068	19
12069	4
12070	23
12071	8
12072	6
12073	0
12074	7
12075	5
12076	5
12077	3
12079	0
12081	3
12082	6
12083	1
12084	2
12086	0
12088	1
12089	6
12090	3
12091	6
12092	0
12093	8
12094	0
12095	3
12096	12
12097	1
12098	0
12099	0
12101	9
12102	5
12103	5
12104	10
12105	5
12106	1
12107	0
12108	6
12109	0
12110	4
12112	7
12113	2
12114	0
12116	0
12117	1
12118	1
12119	20
12121	0
12123	0
12125	8
12126	2
12127	8
12128	0
12129	5
12130	1
12131	6
12132	15
12133	9
12134	7
12135	3
12139	12
12140	0
12141	0
12142	0
12143	0
12145	3
12146	8
12147	6
12148	16
12149	9
12150	0
12151	0
12152	18
12153	14
12154	1
12155	1
12158	9
12159	2
12160	1
12161	0
12162	2
12163	8
12164	0
12165	0
12166	5
12167	2
12168	0
12169	10
12170	0
12171	16
12172	0
12173	0
12174	1
12175	4
12176	0
12177	16
12178	0
12179	2
12180	0
12181	1
12182	6
12183	0
12184	1
12185	4
12186	0
12187	2
12188	4
12189	0
12191	0
12192	18
12193	0
12194	4
12195	1
12196	13
12198	1
12199	1
12200	1
12201	3
12203	0
12205	4
12206	12
12207	1
12208	7
12209	11
12210	0
12211	11
12213	12
12214	0
12216	2
12217	5
12218	15
12219	3
12220	6
12222	0
12223	10
12224	5
12225	4
12226	16
12227	4
12228	9
12229	0
12230	0
12231	0
12233	2
12234	12
12235	0
12236	21
12238	0
12239	8
12240	3
12241	1
12242	0
12243	1
12244	2
12245	9
12246	4
12247	21
12249	1
12251	22
12253	14
12254	0
12255	1
12256	3
12257	7
12258	12
12259	4
12260	12
12261	3
12262	12
12263	0
12264	7
12265	2
12266	10
12267	26
12268	11
12270	3
12271	9
12272	0
12274	2
12275	1
12276	0
12277	13
12278	15
12279	0
12280	1
12281	0
12282	0
12283	6
12284	0
12285	0
12286	1
12287	3
12290	8
12291	1
12292	0
12293	2
12294	1
12295	0
12296	0
12297	4
12298	7
12299	0
12300	0
12301	2
12303	5
12304	0
12305	1
12306	0
12307	1
12308	1
12309	8
12310	4
12311	2
12312	3
12313	2
12314	1
12315	0
12316	6
12317	0
12318	9
12319	0
12320	5
12321	5
12322	9
12323	0
12324	1
12325	0
12326	3
12328	4
12329	0
12330	1
12331	9
12332	0
12334	7
12337	1
12338	0
12339	6
12341	4
12342	0
12343	19
12344	8
12345	30
12346	14
12348	1
12349	10
12350	3
12352	0
12353	7
12354	11
12355	13
12357	0
12359	0
12360	1
12361	8
12363	0
12364	3
12365	0
12366	10
12368	10
12369	3
12370	0
12371	4
12373	15
12374	0
12376	25
12377	7
12378	25
12380	0
12383	13
12385	2
12386	10
12388	0
12389	15
12390	2
12391	3
12392	2
12393	6
12394	3
12395	0
12396	3
12397	0
12398	7
12399	12
12400	3
12401	9
12402	1
12403	14
12404	0
12405	7
12407	9
12409	4
12410	6
12411	5
12412	0
12413	9
12414	2
12415	1
12416	8
12417	11
12418	7
12419	15
12420	13
12421	18
12422	5
12423	0
12424	3
12426	14
12427	0
12428	1
12429	23
12430	4
12432	1
12433	5
12434	3
12435	14
12436	3
12437	0
12438	0
12441	0
12442	1
12444	8
12445	0
12447	5
12448	1
12449	0
12450	1
12451	11
12452	0
12453	0
12454	16
12455	9
12457	4
12458	0
12459	10
12460	5
12461	0
12462	4
12463	5
12464	1
12465	0
12466	6
12467	4
12469	0
12470	0
12471	0
12472	2
12473	0
12476	7
12477	7
12478	2
12479	0
12480	2
12482	0
12483	16
12484	6
12486	0
12487	3
12488	3
12489	0
12490	3
12492	10
12493	11
12494	0
12495	4
12496	2
12497	11
12499	9
12500	5
12501	6
12502	5
12503	4
12505	1
12506	9
12507	0
12508	2
12509	0
12510	20
12511	6
12512	0
12514	5
12515	0
12516	1
12517	4
12518	11
12519	11
12520	3
12521	8
12522	0
12523	11
12524	1
12525	6
12526	0
12527	4
12528	6
12529	6
12530	11
12531	3
12532	9
12533	23
12534	0
12535	11
12536	4
12537	17
12538	6
12539	3
12540	0
12541	3
12542	19
12543	0
12544	6
12545	4
12546	7
12547	0
12548	0
12549	3
12550	0
12552	4
12553	1
12554	0
12555	14
12556	2
12557	0
12558	1
12560	4
12561	0
12562	0
12563	8
12564	0
12565	3
12568	10
12569	4
12570	21
12571	4
12572	2
12573	0
12574	4
12576	2
12578	0
12579	0
12580	0
12581	0
12582	2
12583	7
12584	2
12585	0
12588	2
12590	5
12591	7
12592	16
12593	7
12594	4
12595	0
12596	7
12597	5
12598	2
12599	3
12600	10
12601	9
12602	15
12603	2
12604	1
12605	0
12606	0
12607	0
12609	0
12610	0
12611	0
12613	1
12614	2
12615	0
12616	1
12617	10
12618	0
12619	6
12620	0
12621	0
12622	0
12624	1
12625	3
12626	2
12627	0
12628	0
12629	5
12630	1
12631	1
12632	7
12633	5
12634	0
12635	12
12637	3
12639	16
12641	9
12642	0
12643	2
12644	8
12645	0
12646	5
12647	6
12648	20
12649	0
12650	0
12651	13
12652	6
12654	0
12655	5
12656	4
12659	2
12660	23
12661	0
12662	12
12663	15
12664	4
12666	9
12667	2
12668	0
12669	0
12670	0
12671	3
12672	0
12673	0
12674	0
12675	19
12676	4
12677	0
12678	5
12679	10
12680	1
12683	3
12684	3
12686	10
12687	5
12688	6
12689	10
12690	6
12691	18
12692	0
12693	0
12694	0
12695	19
12696	12
12697	0
12698	14
12699	5
12700	0
12701	4
12702	3
12703	0
12704	3
12705	0
12707	0
12708	0
12709	3
12710	0
12711	22
12712	6
12714	2
12715	0
12716	6
12717	4
12718	10
12720	13
12721	1
12722	0
12723	3
12724	1
12727	0
12728	3
12730	8
12731	10
12732	0
12733	0
12734	0
12735	7
12736	23
12737	22
12739	12
12740	3
12741	3
12742	4
12743	0
12744	3
12745	0
12746	2
12747	9
12748	6
12749	28
12750	13
12751	2
12753	5
12754	1
12755	9
12756	0
12757	2
12758	4
12760	0
12761	4
12762	13
12764	2
12767	0
12768	1
12769	3
12770	0
12771	0
12772	6
12773	0
12774	13
12775	7
12776	4
12777	0
12778	9
12779	6
12783	0
12784	10
12785	7
12786	3
12787	12
12788	3
12789	0
12792	0
12793	10
12794	0
12795	5
12796	0
12797	0
12798	15
12799	16
12800	6
12801	0
12802	9
12803	0
12804	1
12805	5
12806	9
12807	0
12808	0
12809	6
12810	16
12811	0
12812	2
12813	7
12814	0
12815	1
12818	0
12819	0
12820	6
12821	2
12823	5
12824	2
12825	0
12826	5
12827	3
12828	12
12829	0
12830	5
12832	13
12833	0
12834	16
12835	0
12836	0
12837	13
12838	0
12839	3
12840	5
12841	1
12842	1
12843	4
12844	0
12845	12
12846	38
12847	6
12849	9
12850	7
12851	8
12852	0
12853	10
12854	3
12855	0
12856	0
12857	0
12859	3
12860	12
12861	18
12862	26
12864	0
12865	5
12866	7
12867	5
12868	2
12869	0
12870	4
12871	0
12874	0
12875	2
12876	0
12877	0
12878	0
12879	5
12880	5
12881	6
12882	14
12884	3
12885	3
12886	1
12887	1
12888	2
12889	4
12890	17
12891	21
12892	21
12893	1
12894	21
12895	15
12896	6
12897	0
12898	1
12899	2
12900	1
12901	0
12902	2
12903	7
12904	8
12905	4
12906	4
12908	0
12909	10
12910	0
12911	0
12912	7
12913	0
12914	1
12915	1
12916	9
12917	4
12918	0
12919	3
12920	0
12921	6
12922	7
12923	1
12924	0
12925	6
12926	5
12927	7
12928	3
12929	0
12930	6
12931	5
12932	8
12933	2
12934	15
12935	3
12936	5
12938	0
12939	3
12941	3
12942	6
12943	1
12945	6
12946	9
12947	18
12948	0
12949	2
12950	2
12951	13
12952	11
12953	2
12954	0
12955	0
12956	0
12959	0
12960	0
12961	3
12962	0
12965	0
12966	0
12967	14
12968	3
12969	16
12971	0
12972	6
12973	3
12974	0
12975	17
12976	1
12977	24
12978	1
12980	0
12982	1
12983	8
12984	7
12985	7
12986	17
12987	5
12988	0
12989	8
12990	0
12991	0
12992	4
12994	14
12995	0
12996	28
12997	0
12998	14
12999	0
13001	0
13002	1
13004	13
13005	0
13006	8
13007	8
13008	0
13009	2
13010	6
13011	0
13014	2
13015	1
13016	0
13018	0
13019	11
13021	12
13022	9
13023	14
13024	2
13025	3
13026	33
13028	7
13031	4
13034	9
13036	8
13037	8
13039	9
13040	7
13042	0
13043	4
13044	0
13045	6
13047	1
13049	0
13050	21
13051	0
13052	13
13053	12
13054	5
13055	0
13056	0
13058	3
13059	2
13060	14
13061	2
13064	1
13065	3
13066	3
13067	0
13068	3
13069	0
13070	21
13071	6
13072	0
13073	2
13076	6
13077	0
13079	5
13080	8
13082	0
13083	4
13084	6
13085	6
13087	5
13088	20
13089	0
13090	0
13091	18
13092	0
13093	10
13094	14
13095	18
13096	0
13099	0
13100	5
13101	0
13102	3
13103	5
13104	0
13105	5
13106	6
13107	3
13108	8
13109	1
13110	36
13111	3
13112	6
13113	0
13114	8
13115	3
13116	0
13117	0
13118	10
13119	0
13120	0
13121	19
13122	0
13124	0
13125	4
13127	5
13128	0
13129	23
13131	3
13132	0
13133	6
13134	5
13136	5
13137	0
13140	9
13141	14
13142	8
13143	4
13144	10
13146	0
13147	2
13148	0
13149	12
13151	0
13152	0
13153	9
13154	3
13155	6
13156	6
13157	1
13158	12
13159	14
13160	6
13161	0
13162	4
13163	0
13164	0
13167	3
13168	0
13169	1
13170	4
13171	7
13172	1
13173	2
13174	1
13175	0
13176	1
13177	8
13178	1
13180	7
13181	3
13182	0
13183	2
13185	10
13186	3
13187	0
13188	1
13189	0
13190	15
13191	0
13193	4
13197	2
13198	0
13199	18
13200	23
13201	4
13203	6
13204	28
13205	2
13206	1
13207	3
13208	4
13209	6
13210	8
13211	3
13212	3
13213	1
13215	8
13216	0
13219	0
13220	0
13222	0
13224	12
13225	0
13226	0
13227	0
13228	6
13229	1
13230	5
13231	8
13232	2
13233	0
13234	13
13235	1
13237	9
13238	6
13239	6
13240	11
13241	8
13242	1
13243	13
13244	5
13245	8
13246	1
13248	8
13250	8
13251	0
13252	12
13253	8
13255	1
13256	5
13257	6
13258	0
13259	0
13260	13
13261	0
13262	10
13263	0
13264	11
13265	0
13267	2
13268	3
13269	0
13270	8
13271	0
13272	9
13273	0
13274	16
13275	2
13276	1
13277	12
13278	6
13279	2
13280	0
13281	2
13282	3
13283	3
13284	3
13285	2
13286	17
13287	0
13288	27
13289	0
13290	0
13291	7
13292	3
13293	0
13294	11
13295	3
13296	2
13297	14
13298	4
13299	8
13300	17
13301	2
13302	0
13304	10
13305	0
13307	4
13308	17
13310	3
13311	0
13312	7
13313	9
13314	2
13315	6
13316	0
13317	0
13318	1
13319	0
13320	5
13321	2
13322	6
13323	12
13325	2
13326	11
13327	2
13328	7
13329	15
13330	22
13331	8
13332	6
13333	0
13334	4
13335	0
13336	0
13337	19
13338	15
13339	0
13340	5
13341	6
13343	4
13344	0
13345	14
13346	18
13348	21
13349	0
13350	4
13351	14
13352	2
13353	12
13354	0
13355	2
13356	4
13357	7
13358	0
13359	0
13364	24
13365	1
13366	6
13367	0
13368	14
13369	15
13370	25
13373	6
13374	2
13375	8
13376	9
13377	2
13378	6
13379	12
13380	6
13381	14
13382	3
13383	5
13384	0
13386	6
13388	19
13389	3
13390	10
13391	11
13392	2
13393	1
13394	1
13395	0
13396	3
13397	1
13398	7
13399	19
13402	2
13403	3
13405	4
13406	0
13407	14
13408	4
13409	16
13411	13
13412	11
13413	0
13414	19
13415	15
13416	8
13417	14
13418	0
13419	0
13420	0
13421	11
13423	0
13424	0
13425	1
13426	3
13427	3
13428	0
13430	21
13431	18
13432	0
13433	0
13434	0
13435	6
13436	0
13437	6
13438	3
13440	7
13442	1
13443	1
13444	0
13445	4
13446	0
13447	1
13448	5
13449	0
13450	5
13451	1
13452	5
13453	7
13454	0
13455	4
13456	1
13457	9
13458	1
13459	16
13461	6
13463	26
13464	2
13465	0
13466	15
13467	4
13469	2
13470	12
13471	3
13472	5
13474	17
13475	12
13476	1
13477	2
13478	7
13480	3
13482	0
13483	7
13484	11
13486	0
13487	0
13488	9
13489	0
13490	10
13491	5
13492	15
13493	2
13494	13
13495	3
13496	5
13497	1
13498	8
13499	8
13500	0
13501	0
13503	0
13506	0
13508	1
13509	0
13512	4
13513	10
13514	17
13515	7
13516	17
13518	10
13519	1
13520	3
13521	0
13522	5
13524	6
13525	12
13526	2
13528	7
13529	19
13530	8
13531	14
13532	4
13533	0
13534	0
13535	4
13536	0
13537	0
13538	0
13540	3
13541	2
13542	19
13543	0
13544	11
13545	12
13546	4
13547	14
13548	11
13549	7
13550	3
13551	3
13553	0
13556	0
13557	1
13558	1
13559	2
13561	0
13562	7
13563	1
13565	34
13567	9
13568	6
13569	3
13570	7
13571	0
13572	1
13573	0
13574	5
13575	0
13576	0
13578	0
13579	6
13580	1
13581	6
13582	0
13583	11
13584	2
13585	12
13586	13
13587	1
13588	0
13589	10
13590	5
13591	9
13592	0
13595	2
13596	3
13597	3
13598	2
13599	14
13600	17
13601	1
13602	8
13603	1
13604	0
13606	11
13607	0
13610	8
13611	9
13612	2
13614	9
13615	3
13616	8
13618	5
13619	4
13620	5
13621	7
13622	5
13623	4
13624	19
13625	8
13626	16
13627	20
13628	0
13629	16
13630	7
13631	0
13632	8
13633	0
13634	1
13635	6
13636	20
13637	3
13638	12
13639	0
13640	0
13641	4
13642	7
13643	4
13644	2
13645	0
13646	10
13647	3
13649	0
13650	0
13651	26
13652	5
13653	2
13654	1
13655	1
13656	7
13657	19
13659	8
13661	11
13662	15
13663	6
13664	6
13665	3
13666	2
13667	15
13670	13
13671	7
13672	5
13673	1
13674	0
13675	2
13677	1
13678	4
13679	1
13680	0
13681	2
13682	0
13683	7
13684	8
13685	9
13686	10
13687	8
13688	0
13689	0
13690	12
13691	4
13692	0
13693	7
13694	5
13695	0
13697	2
13699	2
13700	4
13702	22
13704	14
13705	7
13706	2
13707	0
13708	2
13709	0
13710	0
13711	0
13712	5
13713	4
13714	3
13715	0
13716	0
13717	22
13718	0
13719	2
13720	1
13721	19
13723	6
13724	5
13725	0
13726	7
13728	8
13729	8
13730	3
13731	0
13732	2
13733	0
13734	3
13735	14
13736	4
13737	0
13738	2
13739	0
13740	1
13741	0
13742	0
13743	13
13744	0
13745	4
13746	9
13747	0
13748	8
13749	9
13750	3
13751	6
13752	0
13753	19
13754	2
13755	2
13756	5
13757	0
13759	12
13760	20
13761	0
13763	5
13764	0
13765	3
13766	0
13767	4
13768	0
13769	27
13771	0
13774	0
13775	0
13776	14
13777	10
13779	6
13781	0
13782	16
13784	2
13785	0
13786	1
13787	2
13788	5
13789	1
13790	1
13791	11
13792	1
13793	4
13794	10
13795	7
13796	0
13797	11
13798	8
13799	0
13800	15
13802	17
13803	0
13804	6
13805	6
13807	4
13808	7
13810	17
13811	3
13812	5
13813	1
13814	0
13815	4
13816	3
13817	2
13818	19
13819	12
13820	16
13821	8
13822	8
13823	0
13824	5
13825	4
13826	0
13827	0
13828	5
13829	0
13831	7
13832	8
13835	3
13836	2
13838	5
13839	0
13840	4
13841	1
13842	0
13843	0
13846	2
13848	29
13849	4
13850	2
13851	0
13852	0
13853	1
13855	4
13856	2
13857	0
13859	3
13860	0
13861	4
13862	8
13865	4
13866	18
13868	15
13869	2
13870	5
13871	6
13873	9
13875	2
13876	1
13877	1
13878	5
13879	5
13881	3
13882	4
13883	0
13884	9
13885	3
13886	3
13887	0
13888	7
13889	0
13890	8
13891	1
13892	0
13893	6
13894	2
13895	1
13896	11
13897	0
13898	0
13899	1
13901	10
13902	6
13903	13
13904	2
13905	4
13906	0
13908	2
13909	11
13910	7
13911	11
13912	0
13914	15
13915	7
13916	7
13917	2
13918	11
13919	1
13920	2
13921	7
13922	2
13923	5
13924	4
13926	3
13927	2
13928	0
13929	2
13930	6
13931	0
13932	10
13933	0
13934	1
13935	23
13936	4
13937	0
13938	3
13939	1
13941	22
13944	8
13945	6
13946	3
13948	1
13950	1
13951	3
13952	8
13954	21
13955	18
13956	2
13957	0
13958	0
13959	0
13960	0
13961	0
13962	7
13963	3
13964	28
13965	0
13966	0
13967	4
13968	13
13969	0
13970	0
13971	10
13972	1
13973	0
13974	3
13977	0
13978	7
13979	8
13980	4
13981	5
13982	0
13984	2
13985	0
13986	4
13987	0
13989	6
13990	0
13991	2
13992	0
13994	0
13995	0
13996	1
13997	1
13999	0
14000	4
14001	0
14002	4
14003	5
14004	0
14005	0
14006	0
14007	2
14008	6
14009	2
14010	2
14011	0
14012	2
14013	1
14014	0
14015	10
14017	0
14018	0
14020	0
14021	15
14022	6
14024	8
14025	3
14026	5
14027	0
14029	14
14030	9
14031	0
14032	3
14033	5
14035	7
14036	10
14037	6
14039	4
14041	4
14042	1
14043	2
14045	12
14047	0
14048	0
14049	13
14050	6
14051	15
14052	0
14053	0
14054	0
14055	2
14056	3
14057	8
14058	3
14059	1
14060	4
14061	0
14062	13
14063	2
14064	3
14065	2
14066	9
14067	6
14068	21
14069	12
14070	0
14071	19
14072	3
14073	11
14075	2
14076	5
14077	1
14078	10
14079	5
14080	2
14081	15
14082	0
14083	8
14084	5
14085	0
14086	1
14087	11
14088	1
14089	3
14091	1
14092	0
14093	8
14094	6
14095	0
14096	0
14098	5
14099	7
14100	3
14101	3
14102	1
14104	16
14105	2
14106	0
14107	2
14108	19
14109	7
14110	1
14111	2
14113	12
14114	2
14115	6
14117	15
14118	4
14119	9
14120	0
14122	0
14123	4
14125	0
14126	14
14127	9
14128	1
14129	0
14130	5
14131	18
14132	8
14133	0
14134	4
14135	0
14136	0
14138	7
14139	3
14140	7
14141	0
14142	7
14143	0
14146	22
14147	2
14148	11
14149	16
14151	14
14152	8
14153	0
14154	5
14155	1
14156	0
14157	9
14158	7
14159	8
14160	0
14161	0
14162	5
14163	14
14164	11
14165	4
14166	0
14168	3
14170	1
14171	0
14172	1
14173	4
14175	0
14176	12
14177	1
14178	4
14179	4
14180	8
14181	3
14182	0
14183	9
14184	0
14185	0
14186	7
14187	2
14188	3
14190	5
14191	0
14194	0
14195	9
14196	5
14197	19
14199	2
14200	13
14201	4
14202	12
14205	1
14206	0
14207	6
14208	7
14209	5
14211	0
14212	0
14213	2
14214	4
14215	13
14216	2
14217	0
14218	0
14219	4
14220	0
14221	1
14223	1
14224	0
14225	6
14226	2
14227	0
14228	0
14229	7
14230	28
14231	9
14232	1
14233	1
14235	20
14236	2
14237	5
14238	0
14239	13
14240	3
14242	5
14243	8
14244	3
14245	18
14247	0
14248	1
14249	0
14250	0
14251	0
14252	3
14253	1
14254	0
14255	0
14256	3
14257	1
14259	9
14260	8
14261	4
14262	9
14264	23
14265	5
14266	9
14267	0
14268	1
14269	0
14270	3
14271	5
14273	0
14274	11
14275	12
14276	1
14277	3
14278	0
14279	0
14280	5
14281	0
14282	7
14284	2
14286	7
14289	5
14290	4
14291	3
14292	0
14293	0
14294	10
14295	13
14296	1
14298	0
14299	0
14300	9
14301	4
14302	13
14303	0
14304	12
14305	2
14306	0
14308	15
14309	9
14310	0
14311	15
14313	6
14314	0
14315	3
14316	10
14317	4
14318	7
14319	18
14320	8
14323	19
14324	5
14325	1
14326	16
14327	5
14328	9
14329	18
14330	4
14331	0
14332	5
14333	3
14334	19
14335	8
14336	6
14337	4
14338	0
14339	0
14340	4
14341	6
14342	1
14343	2
14344	1
14345	0
14346	5
14347	1
14348	2
14349	13
14350	2
14351	4
14353	31
14354	1
14355	1
14356	1
14357	11
14358	0
14359	2
14361	7
14364	11
14366	0
14367	6
14368	0
14369	3
14370	0
14371	0
14372	6
14373	5
14374	0
14376	3
14378	2
14379	4
14380	0
14381	7
14382	0
14383	10
14384	0
14385	0
14386	4
14388	2
14390	0
14391	0
14392	5
14393	3
14394	3
14395	15
14397	10
14400	3
14402	4
14403	7
14404	8
14405	0
14406	9
14407	14
14408	6
14409	0
14410	15
14411	0
14412	0
14414	0
14415	9
14417	12
14418	6
14420	2
14421	0
14422	1
14424	2
14425	0
14426	21
14427	7
14428	0
14429	0
14430	4
14431	9
14433	0
14434	0
14436	0
14438	14
14439	6
14440	1
14441	6
14442	3
14443	15
14444	0
14445	1
14446	15
14447	6
14448	0
14449	8
14450	18
14451	4
14452	7
14454	0
14455	0
14456	13
14458	9
14459	2
14460	3
14461	8
14462	9
14463	0
14464	8
14465	10
14466	0
14467	1
14468	3
14469	0
14470	3
14471	0
14472	5
14473	0
14474	20
14475	1
14476	0
14477	0
14480	4
14483	9
14484	1
14485	5
14486	0
14489	7
14490	0
14491	0
14492	4
14493	22
14494	4
14495	9
14497	4
14498	1
14499	0
14500	10
14501	2
14502	3
14503	2
14504	1
14506	14
14507	15
14508	6
14509	0
14510	0
14512	2
14514	0
14515	10
14517	4
14519	0
14520	0
14522	0
14523	4
14526	10
14527	0
14529	11
14530	0
14532	0
14533	0
14534	0
14536	9
14537	4
14538	0
14539	4
14540	3
14541	0
14542	3
14543	12
14544	4
14545	2
14546	0
14548	2
14549	3
14550	0
14551	11
14552	0
14553	0
14554	6
14555	0
14557	3
14558	0
14559	7
14560	3
14561	0
14562	16
14563	19
14564	0
14565	0
14566	4
14567	9
14568	0
14569	6
14570	12
14571	14
14572	9
14573	9
14574	10
14577	6
14578	3
14579	7
14580	8
14581	3
14582	3
14584	0
14585	0
14586	4
14587	18
14588	0
14589	0
14591	5
14592	4
14593	0
14594	13
14595	0
14596	11
14598	2
14599	0
14600	5
14602	13
14603	0
14604	8
14606	1
14607	2
14608	18
14609	10
14610	0
14611	0
14612	1
14613	0
14614	2
14616	0
14617	4
14619	13
14620	6
14621	8
14622	14
14623	0
14624	0
14625	6
14628	0
14629	0
14630	17
14631	7
14632	0
14633	0
14634	7
14635	2
14636	0
14637	5
14638	10
14639	6
14640	22
14641	4
14642	2
14643	3
14644	0
14645	3
14646	11
14647	1
14649	5
14650	6
14651	1
14652	7
14654	6
14655	0
14656	0
14657	15
14658	10
14659	13
14660	20
14661	2
14662	0
14663	0
14665	0
14666	0
14668	4
14669	0
14670	8
14671	11
14672	7
14673	12
14674	10
14675	7
14676	12
14677	4
14678	32
14679	9
14680	15
14681	8
14682	3
14683	0
14684	3
14685	0
14688	2
14689	0
14690	1
14691	6
14693	1
14695	4
14696	4
14698	4
14699	6
14700	0
14701	3
14703	11
14705	11
14707	1
14709	27
14710	0
14711	4
14713	8
14715	1
14716	0
14718	0
14720	0
14722	3
14723	0
14724	9
14725	0
14726	22
14727	19
14728	1
14729	2
14730	0
14731	4
14733	9
14734	12
14735	3
14737	3
14738	5
14739	2
14740	11
14741	0
14742	6
14743	8
14745	2
14748	3
14751	2
14752	12
14754	2
14756	4
14757	14
14758	0
14759	14
14760	3
14761	2
14762	2
14763	9
14764	6
14765	6
14766	1
14767	0
14768	9
14769	14
14770	3
14771	14
14772	15
14773	17
14775	3
14776	21
14777	3
14778	17
14780	10
14781	12
14782	5
14783	3
14784	18
14785	0
14786	18
14787	7
14788	0
14789	3
14790	15
14791	0
14792	4
14793	0
14794	3
14795	6
14797	15
14798	7
14801	7
14802	4
14803	0
14804	5
14805	0
14806	12
14807	16
14808	0
14809	0
14811	0
14813	9
14814	0
14815	21
14816	5
14817	3
14819	9
14820	0
14821	3
14822	0
14823	2
14824	0
14825	5
14827	11
14828	7
14829	6
14830	0
14831	7
14832	4
14834	1
14835	1
14837	0
14838	3
14839	0
14840	9
14841	2
14843	0
14844	4
14845	1
14846	9
14847	12
14850	1
14851	0
14852	10
14853	5
14855	14
14856	3
14857	2
14858	1
14859	4
14860	6
14861	3
14862	0
14863	18
14864	3
14865	1
14866	14
14868	3
14869	3
14870	11
14871	0
14872	8
14873	4
14874	0
14875	9
14876	0
14877	2
14878	6
14879	3
14881	20
14882	0
14883	6
14884	0
14885	4
14886	0
14887	1
14888	10
14889	8
14890	3
14891	1
14892	2
14893	0
14894	22
14898	7
14899	3
14900	0
14901	0
14902	0
14904	0
14906	11
14907	3
14908	3
14910	10
14911	3
14912	8
14913	10
14914	0
14915	16
14916	0
14917	3
14918	1
14919	22
14920	1
14921	0
14922	3
14923	2
14924	0
14925	0
14926	10
14928	3
14929	0
14930	3
14932	15
14934	0
14935	10
14936	0
14937	1
14938	0
14939	4
14940	3
14941	3
14942	0
14943	17
14944	0
14945	15
14946	0
14947	2
14948	8
14949	2
14950	1
14951	0
14953	3
14954	7
14955	6
14956	0
14957	2
14958	13
14959	0
14960	6
14961	5
14962	6
14963	2
14965	2
14966	1
14968	4
14971	0
14972	0
14973	0
14974	5
14975	13
14976	0
14977	1
14978	0
14979	11
14980	1
14981	10
14982	0
14983	4
14984	0
14985	21
14986	3
14987	6
14988	9
14989	4
14990	3
14991	6
14992	3
14993	6
14995	0
14996	15
14997	9
14998	3
15000	0
15001	0
15002	8
15003	3
15004	12
15005	5
15007	7
15008	13
15009	3
15010	3
15012	3
15013	33
15014	1
15015	0
15016	6
15017	3
15018	5
15019	6
15021	10
15022	2
15023	0
15024	9
15025	0
15026	0
15027	4
15028	5
15029	11
15030	0
15031	1
15032	8
15034	7
15035	3
15036	8
15037	0
15039	1
15040	2
15041	2
15043	3
15044	0
15046	0
15047	4
15048	10
15049	4
15050	12
15052	2
15053	4
15054	4
15055	0
15056	1
15058	0
15059	14
15060	0
15061	3
15062	0
15063	24
15064	4
15066	20
15067	2
15068	5
15069	1
15072	0
15073	9
15074	3
15075	13
15077	15
15078	0
15079	9
15080	4
15083	0
15084	5
15085	9
15087	0
15088	2
15090	0
15091	4
15092	15
15093	2
15094	0
15095	0
15096	0
15097	4
15098	0
15099	0
15100	17
15102	0
15103	0
15105	9
15107	2
15108	6
15109	0
15110	14
15111	2
15112	6
15113	3
15114	15
15115	0
15116	5
15117	5
15118	0
15119	16
15120	0
15121	0
15122	2
15123	1
15125	6
15126	12
15127	8
15128	7
15129	2
15130	2
15133	7
15135	5
15136	1
15137	0
15139	12
15140	13
15141	6
15142	16
15143	1
15144	9
15146	12
15147	3
15148	0
15150	7
15151	0
15152	13
15154	5
15155	3
15156	6
15157	0
15158	2
15159	0
15162	0
15163	5
15164	4
15165	0
15166	3
15167	2
15168	2
15170	10
15171	2
15173	0
15175	8
15176	0
15177	11
15178	0
15180	11
15181	1
15182	10
15184	13
15186	2
15187	12
15188	0
15189	7
15191	6
15192	3
15193	0
15195	1
15196	0
15197	2
15198	0
15199	1
15200	11
15202	6
15203	3
15205	13
15207	0
15208	0
15209	0
15210	5
15211	2
15212	1
15213	1
15214	4
15215	0
15217	6
15218	12
15219	1
15221	4
15222	4
15223	3
15225	2
15226	3
15228	1
15230	1
15232	11
15233	3
15235	6
15236	2
15237	7
15238	4
15240	0
15241	2
15242	12
15243	16
15244	0
15245	0
15246	19
15247	0
15248	15
15249	6
15250	5
15251	3
15252	10
15253	5
15254	2
15255	18
15256	3
15258	3
15259	9
15260	0
15261	0
15262	2
15263	3
15264	3
15265	3
15266	8
15267	4
15269	11
15270	0
15271	0
15272	5
15273	0
15274	8
15275	0
15276	3
15278	19
15279	0
15280	8
15281	3
15282	0
15283	0
15284	7
15285	7
15286	0
15287	9
15288	5
15289	12
15290	1
15291	4
15292	10
15293	0
15294	5
15295	4
15296	10
15297	8
15298	3
15299	0
15300	3
15302	14
15303	0
15305	0
15306	1
15307	0
15310	4
15312	18
15313	3
15314	13
15315	0
15317	1
15318	7
15320	7
15321	5
15323	0
15325	0
15327	3
15328	1
15329	1
15330	3
15331	6
15332	3
15333	7
15335	23
15336	0
15337	6
15338	3
15339	3
15340	0
15342	12
15344	7
15345	6
15346	0
15347	19
15348	0
15349	3
15350	4
15353	7
15354	0
15355	13
15356	5
15357	1
15359	9
15360	7
15361	2
15362	1
15363	2
15364	0
15365	23
15366	0
15367	0
15368	4
15369	10
15371	10
15375	7
15376	12
15377	5
15378	6
15379	0
15380	0
15381	0
15382	1
15384	7
15385	2
15386	1
15387	12
15388	12
15390	17
15392	4
15393	0
15394	2
15395	1
15396	7
15397	0
15400	12
15401	4
15402	0
15403	10
15404	28
15405	24
15406	1
15407	13
15408	0
15409	9
15410	2
15411	0
15412	4
15413	10
15414	22
15415	3
15416	4
15417	22
15418	24
15419	1
15420	0
15421	5
15422	0
15424	13
15425	16
15426	5
15428	3
15430	1
15431	2
15432	0
15433	6
15434	14
15435	12
15436	0
15437	4
15438	10
15439	8
15440	0
15441	2
15442	0
15443	2
15444	10
15446	0
15447	1
15448	4
15452	0
15453	13
15454	13
15455	5
15457	11
15458	0
15459	8
15460	0
15461	9
15462	15
15463	0
15464	6
15465	25
15467	1
15468	10
15469	10
15470	0
15471	0
15472	0
15473	12
15474	0
15475	6
15476	12
15477	11
15478	0
15480	1
15481	9
15482	6
15483	2
15485	6
15486	11
15487	8
15489	3
15490	5
15491	5
15493	14
15494	20
15495	3
15496	7
15497	1
15498	4
15499	3
15500	4
15501	6
15502	1
15503	0
15504	3
15505	3
15506	21
15507	0
15509	1
15510	2
15511	12
15512	7
15513	14
15514	7
15515	0
15516	0
15518	9
15519	3
15520	5
15521	2
15522	3
15523	0
15524	0
15525	3
15527	14
15529	0
15531	7
15532	5
15533	1
15534	4
15535	11
15537	0
15538	12
15539	18
15540	3
15541	1
15542	5
15543	0
15545	7
15546	0
15547	3
15548	5
15549	7
15550	3
15551	15
15553	3
15554	11
15555	0
15556	8
15558	1
15559	0
15560	12
15561	0
15562	9
15563	9
15564	4
15565	7
15566	7
15567	6
15568	11
15569	0
15570	9
15571	0
15572	0
15573	0
15574	9
15575	2
15576	6
15577	34
15579	3
15580	2
15581	9
15582	0
15583	0
15584	8
15585	2
15586	6
15587	5
15588	1
15589	0
15590	3
15592	1
15593	2
15594	15
15595	0
15596	0
15597	5
15599	1
15600	2
15601	0
15602	5
15604	17
15605	6
15606	6
15607	21
15608	2
15609	0
15610	4
15611	25
15612	6
15613	0
15614	4
15616	2
15617	5
15618	3
15619	6
15620	5
15621	6
15622	0
15623	2
15624	4
15625	1
15626	0
15627	2
15628	1
15629	2
15630	1
15631	0
15632	1
15634	0
15635	0
15636	10
15637	1
15638	0
15639	0
15640	6
15641	10
15642	5
15643	3
15644	23
15646	9
15647	2
15648	8
15649	13
15650	2
15651	0
15652	5
15653	13
15654	2
15655	10
15656	0
15657	0
15658	2
15659	0
15661	6
15662	5
15663	4
15665	3
15666	0
15667	4
15668	3
15669	1
15670	0
15671	4
15672	0
15674	0
15675	0
15676	0
15677	1
15678	8
15680	0
15681	0
15683	0
15684	0
15685	1
15686	7
15687	6
15688	8
15690	4
15691	0
15693	6
15694	5
15695	3
15696	22
15697	0
15698	0
15700	7
15701	0
15703	0
15704	1
15705	4
15706	3
15707	14
15708	8
15710	0
15712	3
15713	6
15714	3
15715	0
15716	6
15718	6
15719	18
15720	23
15721	2
15722	4
15723	0
15724	1
15725	1
15726	0
15727	0
15728	7
15729	5
15730	3
15732	4
15733	10
15734	3
15736	4
15737	0
15738	2
15739	0
15740	22
15741	7
15742	1
15743	0
15744	4
15745	1
15747	0
15748	0
15749	8
15750	0
15751	0
15753	2
15754	6
15755	0
15756	8
15758	5
15759	1
15761	2
15762	0
15763	3
15764	0
15765	8
15766	0
15767	19
15768	1
15769	10
15770	1
15771	21
15772	11
15773	1
15774	9
15775	0
15776	1
15778	4
15779	12
15780	4
15781	17
15782	0
15784	1
15785	0
15786	7
15787	5
15788	9
15789	9
15790	2
15791	0
15792	21
15798	13
15799	6
15802	0
15803	0
15804	8
15806	7
15807	4
15808	1
15809	7
15810	1
15811	1
15813	2
15814	0
15815	0
15816	18
15817	0
15819	3
15820	7
15821	12
15822	0
15824	2
15825	2
15826	3
15827	11
15828	5
15829	0
15830	12
15831	1
15832	10
15833	14
15834	0
15835	3
15836	4
15837	2
15838	27
15839	2
15840	0
15842	12
15843	15
15846	12
15847	7
15848	9
15849	15
15850	1
15851	11
15852	14
15853	14
15854	3
15855	15
15856	0
15857	0
15858	0
15859	3
15860	3
15862	0
15863	1
15864	4
15866	0
15867	0
15868	26
15869	16
15870	1
15871	4
15872	1
15873	0
15874	9
15875	9
15876	0
15877	0
15878	2
15879	6
15880	1
15881	2
15883	7
15884	9
15885	3
15886	0
15887	0
15888	1
15889	5
15890	2
15892	3
15893	3
15894	12
15895	12
15896	0
15897	8
15898	30
15899	1
15901	10
15904	3
15905	14
15906	9
15908	0
15909	8
15910	4
15911	1
15912	1
15914	3
15915	4
15916	3
15918	5
15919	0
15920	0
15921	1
15922	9
15923	10
15925	1
15926	1
15927	0
15929	5
15931	8
15933	0
15934	1
15936	5
15937	10
15938	6
15939	3
15940	3
15941	5
15942	2
15943	15
15945	18
15947	1
15948	0
15949	5
15950	0
15952	8
15953	14
15954	1
15955	9
15956	0
15957	8
15958	0
15959	12
15961	13
15962	5
15964	2
15965	0
15966	17
15967	8
15968	0
15969	12
15970	0
15971	1
15972	8
15973	9
15974	0
15975	25
15978	4
15979	5
15980	8
15981	17
15982	0
15983	8
15984	8
15985	4
15986	19
15987	12
15988	0
15989	5
15990	2
15991	9
15992	4
15993	5
15995	0
15996	1
15997	6
15998	1
16000	4
16001	12
16002	0
16003	0
16004	6
16005	4
16006	4
16007	6
16009	9
16010	0
16011	7
16013	0
16014	2
16016	0
16017	9
16019	10
16020	0
16021	4
16022	6
16023	8
16024	4
16025	7
16026	0
16027	17
16028	3
16029	5
16030	1
16032	5
16034	0
16035	0
16036	3
16037	13
16038	0
16039	0
16040	5
16041	0
16043	11
16046	0
16047	12
16048	7
16050	0
16052	6
16053	0
16054	0
16055	0
16056	0
16058	13
16060	6
16061	15
16062	15
16063	0
16064	0
16065	2
16066	4
16067	4
16068	0
16070	12
16073	3
16074	12
16075	3
16076	0
16077	1
16078	10
16079	2
16080	0
16081	2
16082	0
16083	7
16084	1
16086	2
16087	6
16088	0
16090	0
16091	2
16092	0
16094	5
16095	14
16096	5
16097	6
16098	2
16099	9
16100	0
16101	5
16102	0
16103	2
16104	6
16105	0
16106	0
16107	0
16108	1
16109	2
16110	2
16111	8
16112	19
16113	4
16114	0
16115	16
16116	4
16117	9
16118	5
16119	0
16120	7
16121	11
16122	1
16124	0
16125	0
16126	6
16128	0
16129	0
16130	0
16131	0
16132	17
16133	4
16134	0
16135	8
16136	1
16137	2
16138	1
16139	2
16140	7
16141	0
16142	0
16143	10
16145	5
16146	2
16148	13
16149	0
16150	2
16151	0
16152	2
16153	0
16154	2
16156	19
16157	0
16158	0
16159	1
16160	1
16161	0
16162	0
16163	3
16164	0
16165	13
16166	4
16167	15
16168	0
16169	0
16170	4
16171	7
16173	0
16174	0
16175	8
16176	1
16177	7
16178	0
16179	5
16180	17
16181	3
16182	13
16183	0
16184	0
16186	0
16187	20
16188	2
16189	0
16190	6
16191	22
16192	3
16193	15
16194	2
16195	21
16196	2
16197	11
16198	4
16199	0
16201	6
16202	0
16203	3
16204	11
16205	0
16206	3
16207	9
16208	4
16209	5
16210	13
16211	4
16212	1
16213	0
16214	2
16216	0
16219	18
16223	0
16224	0
16225	0
16226	7
16227	3
16228	0
16230	1
16231	0
16234	0
16235	6
16237	0
16238	5
16242	0
16243	8
16244	6
16245	0
16246	7
16247	0
16248	0
16250	19
16251	0
16252	0
16253	0
16255	0
16256	9
16257	15
16258	10
16259	5
16260	5
16262	0
16263	0
16264	3
16265	2
16266	4
16267	1
16268	0
16269	5
16270	0
16271	7
16272	7
16273	11
16274	3
16275	0
16276	13
16277	2
16279	8
16281	6
16282	5
16283	27
16284	2
16285	4
16286	2
16287	0
16288	1
16290	2
16291	0
16293	7
16294	4
16295	6
16296	16
16297	13
16299	0
16300	9
16301	0
16302	4
16303	3
16304	2
16305	0
16306	7
16307	8
16308	0
16309	11
16310	15
16311	0
16312	16
16313	2
16314	0
16315	0
16317	15
16318	0
16319	8
16320	4
16321	10
16322	0
16323	6
16324	12
16325	9
16326	0
16327	4
16328	0
16329	7
16330	2
16331	0
16332	2
16333	5
16334	1
16335	7
16336	8
16337	1
16338	5
16339	0
16340	4
16341	16
16342	0
16343	10
16344	14
16345	0
16346	9
16348	0
16349	6
16350	0
16351	7
16352	0
16353	8
16354	1
16355	0
16357	12
16358	6
16359	12
16360	2
16363	0
16364	0
16366	0
16367	7
16368	0
16369	12
16370	0
16371	0
16372	0
16373	6
16374	0
16375	1
16376	1
16377	2
16378	12
16379	6
16380	0
16381	7
16382	0
16383	0
16384	1
16385	6
16386	2
16389	2
16390	0
16391	0
16392	1
16393	4
16394	6
16395	2
16396	5
16397	0
16398	0
16399	4
16402	0
16403	6
16404	11
16405	11
16406	0
16407	0
16408	2
16409	9
16410	0
16411	9
16412	0
16413	1
16414	2
16415	0
16416	5
16417	9
16418	5
16419	6
16420	0
16421	0
16422	3
16423	7
16424	0
16425	0
16426	0
16427	2
16428	0
16429	0
16430	4
16431	1
16432	12
16433	0
16434	1
16435	12
16436	0
16437	5
16438	6
16439	4
16440	0
16441	5
16442	6
16443	0
16444	0
16445	0
16446	0
16447	2
16448	0
16449	0
16450	0
16451	9
16452	4
16453	0
16454	28
16455	15
16456	4
16457	0
16458	5
16459	1
16460	15
16461	1
16462	7
16463	0
16464	2
16465	3
16466	6
16467	6
16468	8
16469	3
16471	8
16472	7
16473	4
16474	11
16475	5
16476	0
16477	2
16478	0
16479	5
16480	3
16481	10
16482	0
16483	14
16484	4
16485	0
16486	4
16487	6
16488	0
16489	8
16490	19
16491	13
16492	2
16493	23
16494	0
16495	12
16496	0
16497	22
16498	2
16499	0
16500	0
16501	2
16502	11
16503	3
16504	11
16505	0
16506	6
16508	0
16509	6
16510	0
16511	3
16512	0
16513	5
16514	2
16516	15
16517	1
16518	4
16519	9
16520	2
16521	0
16523	0
16524	0
16525	1
16526	8
16527	1
16528	0
16529	24
16530	0
16531	11
16532	21
16533	0
16534	0
16535	7
16536	4
16537	8
16538	0
16539	16
16542	10
16543	13
16544	18
16545	6
16547	12
16548	0
16549	21
16550	8
16551	7
16552	13
16553	1
16554	4
16555	14
16556	3
16558	0
16559	3
16560	12
16561	1
16562	2
16564	1
16565	0
16566	17
16568	0
16569	20
16570	5
16571	6
16572	9
16573	1
16574	5
16577	1
16578	0
16579	0
16580	0
16582	6
16583	0
16584	0
16585	7
16586	0
16588	10
16590	0
16591	10
16592	3
16593	15
16594	7
16595	0
16596	2
16597	6
16598	9
16599	8
16600	0
16601	0
16603	0
16605	3
16606	3
16607	1
16608	4
16609	7
16610	0
16611	0
16612	2
16613	7
16614	8
16615	3
16616	10
16617	1
16618	1
16619	0
16620	0
16621	2
16622	7
16623	6
16624	7
16625	0
16626	7
16627	1
16628	0
16629	0
16630	0
16631	0
16632	0
16633	0
16634	0
16637	13
16638	2
16639	3
16640	0
16641	4
16642	15
16643	9
16645	3
16646	0
16647	2
16648	0
16649	10
16650	4
16651	14
16652	0
16653	13
16654	0
16655	5
16657	2
16659	9
16660	2
16661	0
16662	3
16663	7
16664	9
16665	0
16666	0
16668	0
16669	7
16670	5
16672	2
16673	16
16674	22
16675	0
16676	1
16677	13
16678	0
16679	0
16680	1
16681	5
16682	18
16683	7
16684	7
16685	3
16686	8
16687	10
16689	15
16690	12
16691	2
16693	2
16694	0
16695	1
16696	1
16697	0
16698	6
16699	8
16700	0
16701	6
16702	2
16703	6
16704	0
16705	0
16706	10
16707	10
16708	10
16709	0
16712	0
16713	4
16715	8
16716	0
16717	9
16718	5
16720	15
16721	9
16722	7
16724	1
16725	0
16728	3
16729	0
16730	5
16731	1
16732	0
16733	16
16734	12
16735	0
16736	2
16737	8
16738	3
16740	16
16741	10
16743	4
16744	14
16745	0
16746	4
16748	0
16749	2
16750	9
16751	2
16752	18
16753	1
16754	12
16755	3
16756	3
16757	2
16758	15
16759	2
16760	12
16762	0
16763	8
16764	25
16765	0
16766	2
16767	38
16768	2
16770	4
16773	5
16774	11
16775	0
16776	9
16777	11
16779	12
16780	10
16781	0
16782	0
16783	0
16784	0
16785	1
16786	11
16787	12
16789	8
16790	7
16791	0
16792	1
16793	0
16794	4
16795	4
16796	0
16798	5
16799	6
16800	3
16801	16
16802	6
16803	5
16804	1
16806	0
16808	7
16809	10
16811	11
16812	13
16813	0
16814	0
16815	20
16817	7
16818	0
16819	7
16820	7
16821	2
16822	9
16823	0
16824	0
16826	3
16829	2
16832	4
16834	0
16835	17
16836	0
16838	4
16839	6
16840	3
16841	6
16842	0
16843	8
16844	0
16845	0
16846	6
16847	1
16848	3
16850	0
16851	29
16852	3
16853	9
16854	5
16855	1
16856	3
16857	0
16858	2
16859	13
16860	11
16861	2
16863	1
16865	1
16866	4
16867	0
16868	8
16869	21
16870	1
16871	1
16872	14
16873	0
16874	9
16875	6
16876	0
16877	11
16878	0
16879	1
16880	11
16881	14
16882	0
16883	3
16884	10
16886	10
16887	6
16888	13
16889	5
16892	0
16893	9
16894	0
16895	12
16896	0
16897	12
16898	21
16899	5
16900	15
16901	0
16902	8
16903	17
16904	2
16905	10
16907	6
16909	12
16910	17
16911	6
16912	0
16914	9
16915	8
16916	0
16917	2
16919	0
16920	5
16921	13
16922	12
16923	1
16924	0
16925	5
16926	0
16927	17
16928	1
16929	0
16931	13
16932	4
16933	0
16934	0
16935	0
16938	0
16939	6
16940	1
16941	7
16942	0
16944	2
16945	0
16947	8
16948	5
16949	10
16951	7
16952	17
16954	9
16955	2
16956	2
16958	0
16959	3
16960	3
16962	12
16963	0
16965	5
16966	1
16969	1
16970	0
16971	6
16972	5
16973	0
16975	14
16976	1
16977	0
16978	3
16979	5
16980	0
16981	3
16982	6
16984	0
16985	6
16986	1
16987	0
16988	19
16989	1
16990	0
16991	2
16992	4
16993	8
16994	6
16995	15
16996	0
16997	0
16998	6
16999	10
17000	0
17001	9
17002	5
17003	0
17004	0
17005	0
17006	2
17007	2
17008	2
17010	6
17012	10
17013	12
17014	11
17015	0
17016	3
17017	0
17018	4
17019	9
17020	0
17021	15
17022	1
17023	1
17024	0
17027	9
17028	1
17029	11
17030	4
17031	2
17032	3
17033	8
17034	4
17035	24
17036	0
17038	0
17040	6
17041	0
17042	12
17043	4
17044	0
17045	4
17046	0
17047	15
17049	1
17050	0
17051	7
17052	2
17053	3
17054	21
17055	3
17056	5
17058	6
17060	0
17061	6
17062	11
17063	1
17064	8
17065	5
17070	3
17071	18
17072	6
17073	1
17074	22
17075	1
17076	23
17077	0
17078	0
17079	0
17081	0
17082	15
17083	4
17084	13
17085	0
17086	0
17087	6
17088	1
17090	0
17091	6
17092	1
17093	8
17094	13
17095	0
17096	0
17097	22
17098	1
17099	5
17102	3
17103	0
17104	0
17105	4
17106	2
17107	2
17108	0
17109	0
17110	0
17111	0
17112	0
17113	1
17114	3
17115	18
17117	2
17118	4
17119	15
17120	0
17122	4
17123	0
17124	4
17125	0
17126	0
17127	0
17129	2
17130	12
17131	2
17132	0
17133	3
17134	1
17135	2
17137	7
17138	9
17139	13
17140	0
17141	1
17142	2
17143	0
17144	5
17145	0
17146	0
17148	0
17149	2
17150	0
17151	0
17152	4
17153	6
17154	5
17155	0
17156	9
17157	0
17158	0
17160	2
17161	3
17162	3
17163	1
17164	0
17165	5
17166	6
17167	0
17168	0
17169	12
17170	0
17171	7
17172	14
17173	0
17174	14
17175	0
17176	7
17177	20
17178	2
17179	9
17180	0
17182	7
17183	0
17185	10
17187	6
17189	2
17190	20
17191	14
17192	1
17194	0
17195	0
17196	0
17197	0
17198	0
17199	11
17200	1
17201	4
17202	7
17203	11
17204	2
17205	10
17206	10
17208	0
17209	1
17210	0
17211	4
17212	0
17213	5
17215	7
17216	2
17217	7
17218	1
17219	0
17220	5
17221	8
17222	9
17223	8
17224	3
17225	0
17226	3
17229	5
17230	0
17232	14
17234	14
17235	7
17236	15
17237	8
17238	0
17239	6
17241	3
17242	0
17243	0
17244	10
17245	11
17246	8
17247	0
17248	0
17249	9
17251	0
17252	0
17253	2
17254	2
17255	0
17256	8
17257	3
17258	0
17259	17
17260	4
17261	0
17262	0
17263	0
17264	6
17266	0
17267	6
17268	3
17269	3
17270	10
17271	0
17272	6
17273	0
17275	0
17276	9
17277	5
17278	0
17279	5
17280	2
17281	15
17282	8
17283	0
17284	9
17285	0
17286	5
17287	0
17288	4
17289	9
17290	1
17291	5
17293	16
17294	5
17295	6
17296	7
17297	13
17298	0
17299	7
17300	12
17301	6
17302	1
17303	7
17304	0
17305	7
17306	3
17307	0
17308	0
17309	0
17311	7
17312	4
17313	7
17314	6
17315	13
17316	4
17317	1
17318	19
17320	0
17321	0
17322	0
17324	9
17325	4
17326	12
17327	5
17328	14
17329	10
17330	11
17331	6
17333	4
17334	1
17335	0
17336	0
17338	0
17339	3
17340	7
17341	0
17344	14
17345	4
17346	10
17347	0
17348	2
17349	6
17350	9
17351	10
17353	5
17354	0
17355	1
17356	8
17357	8
17358	3
17360	4
17361	0
17362	0
17363	3
17365	0
17366	0
17367	7
17368	5
17371	0
17372	0
17373	17
17374	0
17375	0
17376	3
17377	17
17380	1
17381	11
17384	3
17385	24
17386	11
17387	2
17388	3
17389	2
17392	8
17393	3
17394	0
17395	5
17397	0
17398	0
17400	3
17401	3
17402	1
17403	0
17404	2
17405	3
17406	11
17407	6
17409	4
17410	5
17411	0
17412	1
17413	7
17414	7
17415	0
17417	20
17418	5
17420	7
17421	5
17422	0
17423	7
17424	19
17425	9
17426	3
17427	17
17428	3
17429	10
17430	0
17432	5
17433	0
17434	9
17435	2
17436	13
17437	9
17438	11
17439	3
17440	2
17441	5
17443	0
17444	11
17445	3
17446	1
17447	16
17448	1
17449	0
17450	14
17451	9
17452	4
17453	3
17454	0
17455	2
17456	13
17457	4
17458	20
17460	14
17461	12
17462	2
17463	1
17464	2
17465	1
17466	2
17467	6
17468	0
17469	9
17470	0
17471	7
17472	20
17473	7
17474	1
17475	5
17477	0
17478	7
17479	0
17480	4
17483	5
17484	30
17485	0
17486	6
17487	8
17488	5
17489	0
17493	0
17494	0
17495	5
17496	0
17497	10
17498	2
17499	7
17500	5
17501	2
17502	2
17503	3
17504	14
17505	4
17506	8
17507	3
17508	6
17509	14
17510	0
17512	6
17513	0
17514	3
17515	1
17516	4
17518	0
17519	15
17520	3
17521	6
17522	2
17523	18
17524	0
17525	0
17527	7
17529	3
17530	3
17531	9
17532	0
17533	12
17534	1
17535	0
17536	4
17537	12
17538	0
17539	13
17540	5
17542	0
17543	9
17544	6
17546	3
17548	6
17549	12
17550	0
17551	0
17552	20
17554	1
17555	0
17556	1
17557	9
17559	0
17561	2
17562	4
17563	4
17566	7
17567	0
17568	0
17569	20
17570	3
17571	0
17572	1
17573	0
17574	0
17575	0
17576	0
17577	2
17580	0
17581	1
17582	2
17583	0
17585	3
17586	3
17587	3
17589	3
17590	2
17591	0
17592	5
17593	8
17595	2
17596	0
17598	2
17599	0
17600	0
17601	24
17603	2
17604	5
17605	1
17606	1
17607	3
17608	3
17609	8
17611	8
17612	0
17613	15
17614	14
17615	3
17616	0
17617	5
17619	0
17620	7
17621	0
17622	1
17623	0
17624	9
17626	0
17627	8
17630	0
17631	2
17632	3
17633	19
17634	14
17635	0
17637	5
17639	1
17640	7
17641	0
17643	12
17644	0
17646	0
17648	4
17649	0
17650	11
17651	15
17652	0
17654	3
17656	1
17657	6
17658	7
17659	0
17660	0
17661	0
17662	18
17663	12
17664	6
17666	6
17667	0
17668	8
17669	0
17670	1
17671	0
17672	0
17673	0
17674	0
17675	1
17676	10
17677	2
17678	0
17679	4
17680	0
17681	1
17682	0
17683	5
17684	7
17685	5
17686	0
17687	0
17689	4
17690	9
17691	8
17693	0
17694	10
17695	0
17696	13
17697	0
17698	14
17699	5
17700	4
17701	0
17702	7
17703	3
17704	2
17705	12
17706	0
17707	12
17708	1
17709	0
17710	1
17711	6
17712	9
17714	3
17715	5
17716	0
17717	4
17719	4
17720	0
17721	8
17722	9
17724	6
17725	4
17726	2
17728	14
17730	3
17731	5
17732	5
17733	9
17734	0
17735	2
17736	4
17737	0
17738	0
17739	1
17740	11
17741	27
17742	8
17743	15
17744	0
17745	1
17746	2
17747	0
17748	13
17749	0
17750	6
17751	0
17752	4
17753	2
17754	6
17755	5
17756	0
17757	0
17758	0
17759	2
17760	0
17761	32
17762	4
17763	1
17764	7
17765	6
17766	3
17768	7
17769	1
17770	13
17771	1
17772	12
17774	11
17775	0
17777	0
17781	4
17782	0
17783	19
17784	5
17785	1
17786	7
17787	11
17788	5
17789	0
17791	9
17793	2
17795	2
17796	0
17797	4
17798	3
17799	0
17800	29
17801	1
17802	4
17803	16
17804	7
17805	6
17806	3
17808	5
17809	20
17811	4
17812	12
17813	4
17814	23
17815	1
17816	2
17818	12
17819	10
17820	13
17821	5
17822	9
17823	5
17824	0
17825	4
17826	3
17827	1
17828	6
17830	19
17831	1
17832	5
17833	14
17835	7
17836	3
17837	2
17838	12
17839	0
17840	0
17841	0
17842	1
17843	6
17844	3
17845	8
17846	10
17847	5
17848	21
17850	10
17851	0
17852	9
17853	10
17854	10
17855	13
17856	1
17857	0
17858	9
17860	0
17861	4
17862	0
17863	0
17864	0
17865	4
17867	1
17868	2
17870	22
17871	2
17872	3
17873	2
17875	9
17876	7
17877	4
17878	0
17879	0
17880	7
17881	2
17882	6
17883	1
17884	4
17885	17
17886	0
17887	16
17888	0
17889	0
17891	0
17893	0
17894	1
17895	0
17896	8
17897	8
17898	0
17899	0
17900	0
17902	18
17903	0
17904	7
17905	2
17906	27
17907	0
17908	9
17909	18
17910	17
17911	1
17912	0
17913	0
17914	5
17915	0
17916	11
17917	0
17918	15
17919	17
17920	0
17922	12
17923	3
17924	0
17925	2
17927	0
17929	0
17930	0
17931	15
17932	5
17933	19
17934	1
17935	0
17936	1
17937	9
17938	0
17939	0
17940	1
17941	11
17942	2
17943	12
17944	5
17945	9
17946	15
17947	0
17948	6
17949	0
17950	0
17951	12
17952	7
17956	0
17957	0
17958	3
17959	0
17961	12
17962	1
17963	6
17964	1
17965	3
17967	4
17968	4
17969	8
17970	8
17971	0
17972	0
17973	13
17974	0
17975	11
17976	4
17977	4
17978	6
17980	4
17981	1
17983	17
17984	9
17986	2
17987	20
17988	1
17989	10
17990	0
17991	2
17992	14
17993	5
17994	15
17995	14
17996	0
17997	2
17998	12
17999	1
18000	5
18001	0
18003	0
18004	3
18005	9
18006	3
18007	0
18008	20
18009	3
18010	0
18011	5
18012	0
18013	8
18014	0
18015	0
18016	0
18017	0
18019	14
18020	9
18021	7
18022	0
18023	6
18024	12
18025	2
18026	2
18027	5
18028	2
18029	7
18030	0
18031	7
18032	0
18033	27
18034	4
18035	19
18036	17
18037	3
18038	7
18039	16
18040	8
18041	2
18042	2
18043	6
18045	1
18046	0
18047	0
18048	4
18049	22
18050	8
18051	7
18052	3
18053	1
18054	7
18055	0
18057	21
18058	5
18059	0
18060	4
18061	4
18064	0
18065	8
18066	8
18067	15
18068	0
18069	11
18070	15
18071	0
18072	7
18073	3
18074	6
18075	1
18076	10
18077	3
18079	2
18080	13
18081	13
18083	3
18084	5
18085	0
18087	1
18088	9
18089	4
18090	0
18091	3
18092	0
18093	3
18094	12
18095	0
18096	0
18097	0
18098	11
18099	7
18102	1
18103	11
18107	14
18108	4
18109	18
18110	6
18111	0
18112	0
18115	23
18116	5
18117	0
18118	0
18119	0
18120	17
18121	2
18124	0
18125	0
18126	0
18127	0
18128	4
18129	1
18130	10
18131	0
18132	4
18134	4
18135	0
18136	2
18138	4
18139	1
18140	0
18141	0
18142	2
18143	2
18144	0
18145	5
18146	2
18147	6
18148	8
18149	1
18150	11
18151	3
18152	0
18153	24
18154	4
18157	0
18158	9
18159	7
18161	8
18162	3
18163	1
18164	0
18165	0
18168	3
18169	27
18170	2
18171	0
18172	1
18173	6
18175	2
18177	3
18178	5
18179	6
18181	3
18182	4
18183	7
18184	4
18185	10
18186	0
18187	9
18188	0
18189	18
18190	0
18191	11
18192	2
18193	3
18194	0
18195	0
18196	8
18197	1
18198	6
18199	0
18200	17
18201	11
18202	1
18203	4
18204	11
18205	0
18207	2
18208	0
18209	15
18210	4
18211	0
18212	40
18213	4
18214	0
18215	10
18217	5
18218	5
18219	12
18220	0
18221	2
18223	1
18224	4
18226	8
18227	4
18229	16
18230	0
18231	1
18232	4
18233	28
18234	5
18235	6
18236	0
18237	10
18238	5
18239	16
18240	22
18241	2
18242	18
18243	9
18244	1
18245	0
18246	3
18247	6
18248	7
18249	0
18250	4
18251	9
18252	6
18253	3
18255	12
18256	10
18257	22
18258	0
18259	7
18260	0
18261	5
18262	1
18263	19
18264	9
18265	0
18266	0
18267	0
18268	0
18269	4
18270	14
18271	8
18272	13
18277	8
18278	0
18279	9
18280	12
18281	0
18282	8
18283	10
18284	2
18285	4
18287	16
18288	0
18289	8
18290	0
18291	4
18292	13
18293	0
18294	11
18295	5
18296	3
18297	14
18298	0
18299	29
18300	3
18301	0
18302	0
18304	1
18305	0
18306	1
18307	0
18308	12
18310	0
18311	4
18312	1
18313	10
18314	1
18315	14
18316	1
18317	10
18319	0
18321	6
18322	14
18323	10
18325	0
18326	0
18329	0
18330	0
18331	3
18332	3
18333	0
18334	0
18335	1
18336	0
18337	4
18338	9
18339	4
18340	2
18341	6
18342	3
18343	7
18344	9
18345	1
18347	0
18348	3
18349	15
18351	0
18352	5
18353	7
18355	18
18356	7
18357	2
18358	0
18359	9
18360	3
18361	0
18362	5
18363	0
18364	12
18366	0
18367	2
18368	9
18369	7
18371	0
18372	2
18373	5
18374	4
18375	3
18376	1
18377	14
18379	3
18380	5
18381	5
18382	0
18383	5
18384	1
18385	2
18386	2
18388	1
18389	7
18390	5
18391	0
18392	4
18393	0
18394	9
18395	6
18396	1
18397	0
18398	6
18399	1
18400	20
18401	16
18402	7
18405	6
18406	1
18407	3
18408	6
18409	2
18410	5
18411	0
18412	5
18414	0
18415	12
18416	10
18417	4
18418	3
18419	15
18420	6
18421	12
18422	5
18424	9
18425	1
18426	5
18428	0
18429	0
18430	13
18431	0
18432	2
18433	0
18435	0
18437	8
18438	1
18439	6
18440	19
18441	6
18442	6
18443	10
18444	0
18446	15
18447	13
18448	5
18449	7
18450	5
18451	7
18452	0
18454	9
18455	4
18456	30
18457	6
18458	2
18459	0
18460	2
18461	8
18462	5
18463	13
18464	0
18465	3
18466	0
18467	9
18468	6
18469	0
18470	17
18471	5
18472	5
18473	0
18475	0
18476	0
18477	0
18478	0
18479	0
18480	8
18481	2
18482	0
18483	1
18485	2
18486	17
18487	0
18488	4
18489	1
18490	1
18491	5
18492	0
18493	1
18494	1
18495	0
18496	11
18497	0
18498	1
18499	3
18500	1
18501	3
18502	0
18503	1
18505	0
18506	2
18507	16
18508	9
18509	0
18512	6
18513	0
18514	14
18515	7
18516	7
18518	6
18519	9
18520	0
18521	0
18522	1
18523	4
18524	0
18525	3
18526	0
18527	12
18528	8
18529	12
18530	1
18532	0
18533	0
18534	2
18535	0
18537	5
18538	10
18539	6
18540	0
18541	0
18542	9
18543	5
18545	0
18546	15
18547	24
18548	3
18551	0
18552	3
18553	1
18554	1
18555	6
18556	0
18558	0
18559	4
18560	6
18561	22
18562	4
18563	9
18564	4
18565	0
18566	2
18567	0
18569	0
18570	8
18571	4
18572	5
18573	7
18574	9
18575	0
18576	10
18579	0
18580	0
18581	6
18582	8
18583	1
18584	0
18585	1
18586	1
18587	5
18588	0
18590	7
18592	5
18593	0
18594	5
18595	5
18596	1
18597	3
18599	6
18600	16
18601	1
18603	4
18604	0
18605	0
18606	0
18607	9
18609	4
18610	6
18611	1
18612	12
18613	6
18614	2
18615	9
18616	3
18618	9
18619	6
18620	1
18621	0
18622	9
18623	3
18624	7
18625	1
18626	1
18627	9
18628	0
18629	1
18630	15
18631	9
18633	0
18634	0
18635	0
18636	6
18637	14
18638	14
18639	1
18640	5
18642	14
18643	4
18644	19
18645	5
18646	0
18647	17
18648	5
18649	0
18650	1
18651	6
18652	8
18653	3
18654	0
18655	0
18656	3
18657	7
18658	1
18659	16
18660	0
18661	5
18662	2
18663	0
18664	4
18665	3
18666	0
18667	0
18668	3
18669	10
18670	0
18671	4
18672	0
18673	0
18674	3
18675	9
18676	4
18677	6
18678	2
18679	0
18680	0
18683	11
18684	12
18685	5
18686	16
18687	28
18688	7
18689	5
18690	0
18691	0
18692	1
18693	0
18694	6
18695	0
18697	0
18698	0
18699	4
18700	0
18701	0
18704	11
18705	8
18706	4
18707	0
18708	11
18709	7
18710	0
18711	13
18712	24
18713	20
18714	12
18715	10
18716	0
18717	5
18718	15
18719	14
18720	5
18721	1
18722	0
18724	16
18725	0
18726	1
18727	0
18728	8
18729	22
18730	34
18731	11
18732	23
18734	2
18735	0
18736	3
18737	38
18739	0
18740	4
18741	1
18742	0
18743	17
18744	1
18745	1
18746	1
18747	15
18748	18
18750	0
18752	10
18753	0
18754	0
18755	6
18756	0
18757	0
18758	0
18759	8
18760	18
18761	13
18762	0
18763	1
18764	0
18765	4
18766	2
18767	7
18768	4
18769	20
18770	6
18771	0
18772	0
18773	5
18774	11
18775	3
18777	2
18778	5
18779	15
18780	7
18781	0
18782	0
18783	0
18784	3
18785	0
18787	0
18788	5
18789	10
18790	0
18791	0
18792	5
18793	11
18794	4
18795	5
18796	0
18797	0
18799	5
18800	3
18801	6
18802	0
18803	12
18804	2
18806	1
18807	2
18808	8
18809	6
18810	5
18812	10
18813	8
18814	7
18815	1
18817	7
18818	0
18819	5
18820	3
18821	7
18822	0
18823	10
18824	8
18825	0
18826	0
18827	9
18829	11
18830	0
18831	1
18832	0
18833	9
18834	0
18835	10
18837	6
18838	0
18839	3
18840	3
18841	12
18842	21
18843	6
18844	9
18845	11
18847	10
18848	6
18849	2
18850	1
18852	8
18856	0
18857	0
18858	1
18859	6
18861	0
18862	12
18863	4
18864	2
18866	0
18867	2
18869	8
18870	0
18871	0
18872	5
18873	0
18874	14
18875	15
18876	5
18877	11
18879	1
18880	9
18881	0
18882	3
18883	9
18885	5
18886	10
18887	0
18888	7
18889	17
18891	7
18892	10
18893	0
18894	0
18895	1
18896	0
18897	7
18898	1
18899	8
18900	4
18901	5
18902	6
18903	0
18904	17
18905	3
18906	0
18907	0
18909	15
18910	10
18911	1
18912	3
18913	0
18914	4
18915	0
18916	4
18917	8
18918	6
18919	0
18920	2
18921	1
18923	0
18925	22
18926	7
18927	1
18928	7
18929	9
18930	12
18931	4
18932	16
18933	9
18934	0
18935	8
18936	0
18938	12
18939	9
18940	16
18941	8
18942	0
18944	1
18945	0
18947	0
18948	12
18949	1
18950	0
18951	8
18952	10
18953	0
18955	6
18956	9
18957	10
18958	16
18959	8
18960	0
18961	6
18963	4
18964	0
18965	5
18966	0
18968	8
18969	6
18970	7
18971	0
18973	6
18974	0
18975	0
18976	9
18977	1
18979	3
18980	11
18981	0
18982	0
18983	3
18984	0
18985	8
18986	4
18988	13
18989	0
18990	4
18991	41
18992	1
18993	5
18995	0
18996	9
18997	9
18998	2
18999	0
19000	2
19002	0
19003	3
19005	17
19006	5
19007	0
19008	8
19009	0
19010	11
19011	1
19012	0
19013	14
19014	5
19015	4
19017	0
19018	5
19019	6
19020	0
19021	6
19022	0
19023	2
19024	3
19025	21
19026	7
19027	4
19028	1
19029	8
19030	0
19031	7
19032	14
19033	15
19034	3
19035	16
19036	0
19037	0
19039	0
19040	11
19041	3
19042	0
19043	12
19045	0
19046	0
19047	15
19048	11
19049	13
19050	4
19051	0
19052	4
19053	5
19054	9
19055	2
19056	0
19057	9
19059	2
19060	0
19061	0
19062	0
19064	2
19065	16
19066	0
19067	3
19068	7
19069	0
19070	0
19072	5
19073	6
19074	24
19075	0
19077	1
19078	0
19079	6
19081	23
19082	1
19083	0
19084	9
19085	3
19086	3
19087	1
19088	5
19089	7
19090	0
19091	3
19092	5
19093	2
19095	14
19097	1
19098	0
19099	16
19100	8
19102	1
19103	5
19104	0
19107	13
19108	0
19109	0
19110	16
19111	2
19112	1
19113	21
19115	18
19116	9
19117	2
19119	0
19120	8
19121	9
19123	7
19124	14
19125	10
19127	5
19128	7
19130	0
19131	2
19132	7
19133	0
19134	2
19135	0
19136	2
19137	3
19140	23
19141	1
19142	7
19143	8
19144	8
19145	0
19146	22
19148	0
19149	0
19150	2
19151	6
19152	8
19155	15
19156	6
19157	11
19158	0
19159	1
19160	16
19161	1
19163	3
19164	8
19165	0
19166	3
19167	1
19169	14
19171	11
19172	14
19173	1
19175	7
19176	0
19177	4
19179	19
19181	6
19182	16
19183	0
19185	1
19186	6
19187	0
19188	17
19189	0
19190	4
19191	6
19192	2
19193	1
19194	0
19195	4
19196	1
19197	3
19198	11
19199	14
19200	0
19201	1
19202	1
19203	2
19204	0
19205	0
19206	2
19207	6
19208	1
19209	16
19210	8
19211	1
19213	11
19214	23
19216	4
19217	5
19218	2
19221	0
19223	1
19225	5
19226	14
19227	8
19228	1
19230	1
19231	1
19232	0
19233	0
19234	0
19235	0
19237	12
19238	0
19240	22
19241	3
19242	0
19243	8
19244	2
19245	10
19246	5
19247	5
19248	0
19249	15
19250	0
19251	6
19252	0
19253	0
19254	1
19255	0
19256	4
19257	1
19258	0
19259	12
19260	13
19261	9
19262	0
19263	8
19264	15
19265	0
19266	8
19267	0
19268	5
19269	0
19270	0
19271	3
19272	0
19273	1
19274	0
19275	9
19276	8
19278	0
19279	3
19280	14
19281	16
19282	9
19283	9
19284	4
19285	7
19286	0
19288	10
19289	7
19290	0
19291	5
19292	2
19293	5
19294	13
19295	0
19296	0
19297	14
19298	19
19299	9
19300	0
19301	5
19302	0
19303	6
19304	5
19308	4
19309	6
19310	7
19311	5
19312	0
19313	0
19314	7
19315	20
19316	0
19317	0
19318	7
19319	14
19320	0
19321	13
19322	0
19323	1
19324	11
19325	16
19326	0
19327	12
19328	1
19330	0
19331	8
19332	0
19334	0
19335	10
19336	2
19337	12
19338	0
19339	0
19340	0
19342	0
19345	4
19347	13
19348	8
19349	0
19350	0
19351	6
19353	3
19354	13
19355	2
19356	11
19357	4
19358	0
19359	7
19360	5
19361	23
19362	1
19363	7
19364	2
19365	15
19366	20
19367	2
19368	6
19369	0
19371	1
19372	2
19373	8
19374	0
19375	4
19376	1
19377	5
19379	4
19380	6
19381	1
19382	6
19383	2
19384	11
19385	8
19386	5
19389	11
19390	0
19391	1
19392	0
19393	4
19396	7
19397	0
19398	3
19400	2
19401	0
19402	0
19403	6
19404	4
19405	4
19406	0
19407	1
19408	9
19409	26
19410	0
19411	27
19412	0
19413	0
19414	23
19415	1
19416	10
19417	12
19418	4
19419	5
19420	0
19421	4
19422	0
19423	8
19424	1
19425	1
19426	2
19427	7
19428	0
19429	0
19430	1
19431	12
19432	0
19433	8
19434	0
19435	6
19436	13
19437	0
19439	8
19440	8
19441	14
19442	0
19443	8
19444	2
19445	8
19446	5
19447	0
19449	10
19450	7
19451	1
19452	2
19453	9
19454	14
19456	3
19457	0
19458	9
19459	5
19460	8
19461	0
19462	10
19464	0
19465	9
19466	5
19467	9
19468	0
19470	8
19471	12
19473	14
19474	13
19475	0
19476	0
19477	6
19478	0
19479	10
19480	2
19481	21
19482	0
19483	0
19485	13
19486	0
19487	6
19488	5
19489	5
19490	0
19491	0
19494	5
19495	6
19496	0
19497	3
19499	6
19500	19
19501	4
19502	7
19503	6
19504	0
19506	10
19507	12
19509	5
19510	0
19511	4
19512	5
19513	8
19514	0
19516	9
19517	3
19519	13
19520	11
19521	10
19523	0
19524	4
19525	0
19527	0
19528	5
19529	10
19530	15
19531	3
19533	10
19534	2
19536	1
19537	16
19539	1
19540	0
19543	10
19544	2
19545	17
19546	1
19547	5
19548	7
19549	3
19550	2
19551	0
19552	14
19553	5
19554	0
19555	0
19556	0
19557	7
19558	10
19559	0
19560	10
19561	5
19562	0
19563	15
19564	0
19565	11
19566	1
19567	0
19568	5
19569	5
19570	9
19571	6
19572	4
19574	3
19575	12
19576	9
19577	2
19578	17
19579	0
19580	0
19581	11
19582	18
19583	7
19585	0
19586	0
19587	5
19588	0
19589	13
19591	3
19592	4
19594	23
19597	10
19598	21
19599	0
19601	1
19602	0
19604	7
19605	11
19606	0
19607	0
19609	3
19610	2
19611	0
19612	0
19613	0
19614	1
19616	2
19617	0
19618	0
19619	15
19620	10
19621	3
19622	10
19624	23
19625	19
19626	9
19627	6
19628	3
19629	4
19630	2
19631	2
19632	0
19633	1
19634	16
19635	0
19636	4
19637	26
19638	12
19639	3
19640	8
19641	4
19642	4
19643	0
19644	3
19645	13
19646	2
19647	5
19649	0
19650	2
19651	4
19652	4
19653	5
19654	0
19655	8
19656	0
19657	0
19659	0
19660	6
19662	16
19663	0
19664	0
19665	4
19667	10
19668	3
19669	0
19670	3
19671	4
19672	1
19673	7
19674	2
19675	9
19679	0
19680	3
19681	0
19682	0
19684	0
19685	5
19686	7
19688	9
19689	4
19690	0
19691	2
19692	14
19693	0
19694	7
19695	0
19696	16
19697	4
19698	2
19699	6
19700	2
19701	9
19702	6
19705	8
19706	0
19708	0
19711	7
19713	16
19714	3
19716	5
19717	11
19718	1
19719	15
19720	0
19721	5
19722	18
19723	2
19724	19
19726	1
19727	5
19728	3
19729	9
19730	2
19731	3
19732	5
19733	0
19734	39
19735	5
19736	2
19737	1
19738	3
19739	0
19741	21
19742	0
19743	1
19744	0
19746	24
19748	13
19749	1
19750	3
19751	9
19752	0
19753	4
19754	4
19755	2
19756	3
19757	5
19758	13
19760	8
19762	0
19763	8
19764	0
19765	0
19766	10
19767	4
19768	1
19769	0
19770	17
19771	2
19772	21
19773	1
19774	2
19775	5
19776	0
19777	12
19778	9
19779	4
19780	5
19781	4
19782	0
19783	3
19784	0
19785	0
19786	3
19787	0
19788	0
19789	8
19790	3
19791	0
19792	4
19793	0
19794	5
19795	38
19796	0
19797	6
19798	0
19799	11
19800	10
19801	0
19802	12
19803	0
19804	4
19805	8
19806	2
19807	1
19808	12
19809	9
19810	14
19811	0
19812	4
19813	8
19814	7
19815	3
19816	3
19817	9
19818	0
19819	0
19820	14
19821	4
19822	0
19823	8
19824	21
19825	1
19826	0
19827	2
19829	0
19830	11
19831	5
19832	0
19833	0
19834	0
19835	3
19836	0
19838	0
19839	0
19841	14
19842	13
19844	12
19845	0
19846	0
19847	18
19848	0
19849	8
19850	1
19851	8
19852	0
19853	12
19854	0
19855	15
19856	3
19858	2
19859	12
19860	0
19861	0
19862	3
19863	2
19864	0
19865	8
19866	0
19867	4
19869	0
19870	7
19871	3
19872	6
19873	6
19874	2
19875	0
19876	1
19877	0
19879	2
19880	13
19881	0
19882	1
19884	11
19885	14
19886	3
19889	0
19890	0
19891	1
19892	0
19893	14
19894	13
19895	8
19896	8
19897	27
19898	0
19899	7
19900	1
19901	7
19902	7
19903	0
19905	0
19906	8
19907	2
19908	11
19909	0
19910	1
19911	3
19912	0
19913	13
19914	3
19915	9
19916	6
19918	0
19919	7
19922	16
19923	0
19924	6
19925	2
19926	9
19927	0
19928	10
19929	0
19930	4
19931	6
19932	8
19933	0
19934	8
19935	0
19936	1
19937	11
19939	0
19940	0
19941	0
19942	2
19943	0
19944	1
19945	0
19946	2
19947	6
19948	9
19949	5
19951	3
19952	2
19954	0
19956	6
19957	12
19958	5
19959	0
19960	10
19962	12
19963	0
19964	0
19965	2
19966	19
19967	13
19968	21
19969	3
19970	12
19971	7
19972	3
19974	12
19975	7
19976	33
19977	3
19978	4
19979	8
19980	6
19981	9
19982	0
19983	5
19984	4
19985	5
19986	0
19987	3
19988	2
19989	10
19990	3
19991	9
19992	5
19994	18
19995	0
19997	0
19998	0
19999	15
20000	5
20001	5
20002	2
20003	9
20004	0
20005	4
20006	18
20007	19
20009	2
20010	1
20011	14
20012	9
20013	7
20014	1
20015	18
20017	10
20018	2
20019	5
20020	10
20021	1
20022	9
20023	15
20024	18
20025	9
20026	1
20027	4
20028	3
20029	6
20030	19
20031	0
20032	1
20033	23
20034	3
20035	0
20036	5
20039	6
20040	9
20041	0
20042	0
20043	7
20044	4
20045	0
20046	2
20047	13
20048	11
20049	3
20050	3
20051	1
20052	3
20053	1
20054	0
20055	9
20056	0
20057	1
20059	7
20060	0
20062	0
20063	0
20064	7
20065	0
20066	14
20067	10
20069	1
20071	11
20072	3
20073	0
20074	2
20076	3
20078	12
20079	0
20080	30
20081	11
20082	6
20084	1
20085	4
20087	0
20088	0
20089	3
20090	0
20091	0
20092	2
20093	16
20095	3
20096	10
20097	3
20098	0
20099	2
20100	0
20101	0
20102	0
20103	0
20106	4
20107	5
20109	13
20110	3
20111	0
20112	0
20114	7
20115	9
20116	15
20117	3
20119	7
20120	3
20122	9
20123	3
20124	5
20125	16
20126	0
20128	0
20129	2
20130	5
20132	0
20134	0
20135	3
20136	0
20137	0
20138	1
20140	11
20142	2
20144	18
20145	2
20146	0
20147	9
20148	9
20149	4
20150	2
20151	2
20152	1
20153	11
20155	0
20156	0
20158	0
20159	4
20161	0
20162	0
20163	21
20165	3
20167	2
20168	0
20169	0
20170	8
20171	1
20172	11
20173	36
20174	4
20176	4
20177	18
20179	5
20180	0
20182	4
20183	2
20184	10
20185	9
20186	5
20187	1
20188	0
20189	16
20190	6
20191	0
20192	3
20193	5
20194	11
20195	6
20196	10
20197	0
20198	6
20199	6
20200	0
20201	3
20203	5
20204	6
20205	5
20206	0
20207	0
20209	0
20210	2
20211	0
20212	4
20213	2
20214	2
20215	0
20216	0
20217	0
20218	5
20219	1
20220	0
20222	8
20223	2
20224	14
20225	21
20226	13
20228	12
20229	12
20230	8
20232	3
20233	17
20235	0
20236	0
20237	9
20239	13
20240	26
20241	9
20242	4
20243	21
20244	9
20245	2
20246	0
20247	5
20248	7
20249	8
20250	3
20252	3
20253	3
20254	1
20255	7
20256	10
20257	12
20258	0
20259	10
20260	17
20261	2
20264	12
20268	9
20269	2
20270	3
20271	1
20273	8
20274	0
20275	0
20276	2
20278	2
20280	9
20281	10
20282	0
20283	0
20284	2
20285	8
20287	3
20288	4
20289	9
20291	9
20292	1
20293	7
20294	0
20296	23
20297	2
20298	1
20299	0
20300	0
20301	4
20302	4
20303	0
20304	0
20305	4
20306	7
20307	3
20308	9
20309	20
20310	6
20314	0
20316	2
20317	5
20319	0
20320	2
20321	16
20322	0
20325	0
20326	3
20327	3
20328	0
20329	7
20330	2
20331	0
20333	0
20334	1
20335	26
20336	6
20337	6
20340	0
20341	0
20342	2
20343	10
20344	0
20345	5
20347	5
20348	11
20349	5
20350	20
20352	7
20353	0
20358	0
20359	12
20360	1
20361	0
20362	0
20363	2
20364	0
20365	0
20366	1
20367	22
20368	12
20369	5
20370	0
20371	15
20372	0
20373	12
20374	2
20375	4
20376	4
20377	0
20378	10
20379	2
20380	0
20381	0
20382	10
20383	22
20385	20
20386	2
20388	0
20390	3
20391	0
20392	0
20393	3
20394	5
20395	5
20396	14
20398	0
20399	11
20400	0
20401	0
20402	1
20403	4
20404	2
20405	4
20406	0
20407	12
20408	4
20409	7
20410	0
20411	5
20412	6
20413	12
20414	1
20415	20
20417	8
20418	1
20419	4
20420	4
20421	19
20422	10
20423	1
20425	0
20426	1
20427	4
20430	0
20431	5
20432	3
20434	21
20436	0
20437	2
20438	16
20440	3
20441	4
20442	8
20444	0
20445	3
20446	12
20447	0
20448	0
20449	7
20450	6
20452	0
20453	0
20456	26
20457	6
20458	0
20459	0
20460	6
20461	3
20463	3
20465	5
20466	9
20467	7
20468	2
20469	0
20470	0
20471	3
20472	0
20473	2
20476	0
20478	0
20479	10
20481	2
20482	0
20483	10
20484	18
20485	0
20486	3
20487	5
20488	0
20489	8
20490	6
20491	10
20492	8
20493	6
20494	15
20495	18
20496	3
20497	2
20498	1
20499	10
20500	6
20501	0
20502	0
20503	4
20504	0
20505	0
20506	6
20507	4
20508	0
20509	7
20510	5
20511	3
20512	9
20513	0
20514	7
20515	5
20516	0
20517	7
20518	0
20519	18
20520	3
20521	7
20522	5
20523	0
20524	9
20525	0
20526	0
20527	2
20528	26
20529	2
20530	10
20531	3
20532	1
20533	10
20534	12
20535	16
20536	29
20537	9
20539	0
20540	1
20541	2
20542	0
20544	0
20545	17
20546	5
20547	9
20548	0
20549	0
20550	0
20551	0
20552	4
20553	0
20554	8
20555	0
20556	31
20557	0
20558	0
20559	6
20560	9
20561	2
20562	11
20564	0
20565	10
20567	0
20568	0
20569	0
20570	17
20572	4
20573	7
20574	0
20575	0
20576	2
20577	0
20578	3
20579	4
20580	4
20581	0
20582	15
20583	16
20584	2
20586	0
20587	0
20588	9
20590	0
20591	0
20592	7
20594	0
20595	3
20596	4
20597	3
20598	12
20599	0
20600	4
20601	3
20602	10
20603	0
20605	0
20606	5
20607	15
20608	6
20609	9
20610	10
20611	0
20612	0
20613	0
20614	14
20615	3
20616	0
20617	0
20619	3
20620	0
20621	0
20622	6
20623	12
20624	0
20625	0
20626	14
20627	0
20628	4
20630	4
20631	8
20632	16
20633	1
20634	0
20635	3
20636	9
20637	7
20638	6
20639	1
20640	8
20641	5
20642	0
20643	0
20645	28
20646	7
20647	0
20649	5
20650	3
20651	14
20652	4
20654	0
20655	5
20656	3
20657	0
20658	0
20659	12
20660	4
20661	2
20665	7
20666	3
20667	1
20669	0
20670	11
20671	9
20672	5
20674	3
20675	6
20677	0
20678	8
20679	6
20680	6
20682	0
20684	8
20685	0
20686	3
20687	8
20688	5
20690	13
20691	13
20692	8
20693	0
20695	11
20696	0
20697	6
20699	0
20700	7
20701	5
20702	5
20703	4
20704	0
20705	0
20706	3
20708	21
20710	4
20711	4
20712	4
20713	9
20714	6
20716	11
20717	0
20718	12
20719	1
20720	2
20721	11
20724	3
20725	0
20726	0
20727	4
20728	0
20729	0
20731	13
20732	6
20733	10
20734	1
20735	0
20736	2
20738	7
20739	10
20740	5
20741	0
20742	3
20743	0
20744	7
20746	20
20747	0
20748	2
20749	0
20750	3
20751	0
20752	13
20753	0
20755	15
20757	0
20758	0
20759	6
20760	5
20762	18
20763	7
20764	1
20765	0
20766	0
20767	1
20768	7
20769	0
20770	0
20771	0
20772	0
20773	2
20774	5
20775	10
20776	4
20777	2
20778	15
20779	18
20781	0
20782	13
20783	0
20784	6
20785	19
20786	0
20787	15
20788	26
20789	0
20790	0
20791	3
20792	10
20793	0
20794	0
20795	12
20796	11
20797	18
20798	2
20799	3
20800	0
20801	0
20802	0
20803	0
20804	0
20805	2
20806	3
20808	3
20810	0
20811	15
20812	4
20813	22
20814	5
20815	0
20816	0
20817	8
20818	12
20819	0
20820	1
20821	6
20822	6
20823	0
20824	3
20825	11
20827	15
20828	8
20830	0
20831	0
20832	3
20833	1
20836	0
20838	13
20839	7
20840	0
20841	0
20843	22
20844	6
20845	1
20846	0
20847	6
20848	0
20849	2
20850	0
20851	11
20853	4
20854	0
20855	1
20856	0
20857	0
20858	1
20859	17
20860	2
20861	7
20862	0
20863	3
20864	8
20865	17
20866	15
20867	4
20868	0
20869	0
20870	5
20871	11
20872	0
20873	12
20874	0
20875	12
20876	4
20877	6
20878	4
20879	2
20880	0
20882	3
20883	10
20884	5
20885	16
20886	7
20887	8
20888	5
20890	4
20891	3
20892	0
20893	7
20894	1
20895	0
20896	2
20897	9
20898	9
20899	7
20900	1
20901	0
20902	12
20904	15
20907	8
20908	7
20909	14
20910	0
20911	0
20912	6
20913	4
20914	0
20915	0
20916	6
20917	13
20918	13
20919	0
20920	0
20921	0
20922	7
20923	7
20926	0
20927	8
20928	0
20929	7
20931	0
20932	1
20934	0
20936	0
20937	6
20938	8
20939	0
20940	5
20941	14
20942	0
20944	2
20945	6
20946	7
20948	3
20949	9
20951	0
20952	7
20953	7
20954	3
20955	4
20956	0
20957	1
20958	0
20959	10
20960	5
20961	0
20963	8
20965	15
20966	23
20967	15
20968	0
20969	0
20970	0
20971	0
20972	14
20973	9
20974	1
20977	3
20978	9
20979	0
20980	2
20981	0
20982	3
20983	15
20984	0
20985	3
20986	0
20987	5
20988	3
20989	6
20990	6
20991	10
20992	1
20993	20
20995	11
20996	4
20997	0
20998	0
20999	0
21000	9
21002	0
21003	0
21004	1
21006	15
21007	5
21008	0
21011	6
21013	5
21014	0
21015	0
21016	7
21017	0
21019	7
21020	0
21021	0
21022	4
21023	0
21024	4
21025	0
21026	1
21028	0
21029	0
21030	2
21031	0
21032	1
21033	0
21034	0
21035	4
21037	10
21038	0
21039	0
21040	0
21041	0
21044	4
21045	0
21046	2
21047	22
21048	5
21049	3
21050	12
21051	1
21053	0
21055	0
21056	3
21057	3
21058	20
21060	21
21061	5
21062	9
21063	0
21064	0
21065	14
21066	0
21067	11
21068	7
21069	6
21070	4
21071	1
21072	18
21073	10
21074	1
21075	9
21076	0
21077	6
21078	3
21079	5
21080	5
21081	14
21082	2
21083	0
21084	0
21086	8
21087	4
21088	0
21089	8
21090	0
21091	0
21092	0
21093	7
21094	2
21095	5
21097	5
21098	0
21099	0
21100	4
21101	2
21102	6
21103	0
21104	4
21105	0
21106	4
21107	4
21108	0
21109	0
21111	0
21112	3
21113	0
21114	2
21116	6
21117	12
21118	2
21119	2
21120	10
21121	1
21122	10
21125	1
21126	13
21127	1
21129	3
21130	17
21131	16
21132	4
21133	4
21134	5
21136	13
21137	9
21138	0
21140	7
21141	7
21143	6
21144	10
21146	0
21147	12
21148	0
21149	5
21150	0
21151	1
21152	0
21153	1
21155	1
21156	21
21157	2
21158	0
21159	6
21160	0
21161	5
21162	0
21163	9
21164	35
21165	12
21166	5
21167	12
21168	6
21169	1
21170	8
21171	2
21173	15
21174	0
21176	1
21177	2
21178	1
21180	8
21181	1
21182	2
21183	0
21184	0
21186	0
21187	14
21188	8
21190	0
21191	6
21192	8
21194	11
21195	9
21196	0
21197	2
21198	0
21199	9
21201	5
21202	1
21203	6
21204	3
21205	37
21206	4
21207	4
21208	0
21209	1
21210	0
21211	10
21212	6
21213	6
21214	8
21215	1
21216	3
21217	3
21218	12
21219	5
21220	4
21222	9
21223	2
21224	2
21225	4
21226	5
21227	0
21228	11
21229	2
21231	2
21232	0
21233	4
21234	0
21235	0
21236	4
21237	1
21240	0
21241	7
21242	1
21243	3
21244	3
21245	1
21246	11
21247	4
21249	11
21250	6
21252	0
21253	0
21254	2
21255	13
21256	14
21257	19
21258	5
21260	7
21261	5
21262	6
21264	12
21265	0
21266	8
21268	9
21269	2
21270	2
21271	1
21272	0
21273	0
21274	14
21275	0
21276	0
21277	5
21279	0
21280	0
21281	7
21282	0
21283	5
21284	7
21285	0
21286	24
21287	0
21288	0
21289	1
21291	3
21292	0
21294	11
21295	9
21296	0
21297	9
21298	1
21299	6
21300	17
21302	3
21303	6
21304	1
21305	3
21307	9
21309	13
21310	3
21311	19
21312	5
21313	11
21315	0
21316	10
21317	13
21318	0
21319	1
21320	12
21321	0
21322	1
21323	10
21325	9
21326	12
21327	6
21328	6
21329	7
21330	0
21331	4
21332	6
21333	0
21334	0
21335	0
21336	7
21337	0
21338	6
21339	5
21340	10
21341	5
21342	5
21343	0
21344	3
21345	0
21347	0
21348	0
21349	3
21351	0
21352	5
21353	7
21354	0
21355	8
21356	7
21358	7
21361	7
21362	16
21364	7
21366	3
21367	0
21368	3
21369	0
21370	11
21371	4
21372	5
21373	0
21374	11
21375	1
21377	3
21378	0
21379	5
21380	7
21382	7
21383	0
21384	13
21385	0
21386	14
21387	10
21388	13
21389	4
21390	0
21391	3
21393	8
21394	17
21395	1
21396	7
21397	0
21398	0
21399	2
21400	15
21401	0
21402	2
21403	6
21405	22
21406	5
21407	0
21408	0
21409	2
21410	0
21411	0
21412	17
21413	5
21415	5
21416	3
21417	0
21418	0
21419	2
21420	8
21421	15
21422	6
21423	9
21424	16
21425	0
21426	0
21427	17
21429	9
21430	19
21431	0
21432	6
21433	1
21435	1
21437	5
21438	0
21439	1
21440	1
21441	0
21443	5
21444	0
21445	8
21446	5
21447	12
21448	5
21449	0
21450	1
21451	6
21452	2
21453	15
21454	8
21456	2
21457	10
21458	4
21459	9
21460	14
21461	4
21462	8
21463	5
21464	6
21465	10
21466	2
21467	4
21468	5
21469	7
21470	1
21471	1
21472	1
21473	0
21475	4
21476	0
21477	5
21478	3
21480	1
21482	9
21483	2
21484	1
21485	0
21486	7
21488	6
21489	7
21490	1
21491	4
21492	3
21493	15
21495	2
21496	0
21497	10
21498	2
21499	3
21500	10
21501	5
21502	3
21504	5
21505	1
21506	1
21507	0
21508	4
21509	6
21512	10
21513	6
21515	1
21516	0
21517	7
21518	0
21519	2
21520	11
21521	1
21522	0
21523	9
21524	0
21525	2
21527	7
21528	12
21529	12
21530	10
21532	12
21533	4
21534	2
21536	1
21537	2
21538	15
21539	3
21540	0
21542	10
21543	1
21544	17
21545	3
21546	4
21547	3
21548	0
21549	16
21550	1
21551	2
21552	18
21553	18
21554	1
21555	5
21556	0
21557	9
21558	2
21559	3
21560	3
21561	14
21563	4
21565	5
21567	1
21568	5
21569	5
21570	5
21571	0
21572	2
21573	14
21574	0
21575	0
21576	0
21577	0
21578	5
21579	6
21580	7
21581	2
21582	2
21583	8
21585	0
21586	10
21587	2
21588	1
21589	33
21590	4
21591	1
21592	2
21593	1
21594	7
21595	3
21596	9
21597	7
21599	15
21600	8
21601	0
21602	9
21605	11
21606	0
21607	13
21608	6
21609	18
21610	4
21611	13
21612	6
21613	4
21614	4
21616	0
21617	1
21618	1
21621	11
21622	10
21623	8
21624	1
21625	8
21626	1
21627	10
21628	1
21629	2
21630	0
21631	5
21632	5
21633	12
21634	9
21635	1
21636	2
21637	2
21638	9
21639	6
21640	0
21641	6
21642	14
21643	6
21644	1
21645	7
21647	0
21648	3
21649	7
21650	10
21652	14
21653	10
21654	6
21655	0
21656	1
21657	0
21658	3
21659	2
21660	7
21662	0
21664	21
21666	8
21667	20
21668	9
21669	1
21670	8
21671	8
21672	21
21674	0
21675	0
21676	2
21677	12
21680	2
21681	4
21682	1
21684	7
21685	6
21687	6
21688	0
21690	18
21691	0
21692	6
21694	19
21695	7
21696	3
21697	4
21698	11
21699	5
21700	1
21701	0
21702	0
21703	18
21704	7
21707	0
21708	1
21710	12
21711	0
21712	4
21713	9
21715	0
21716	0
21717	0
21718	1
21720	3
21721	0
21722	4
21723	3
21724	1
21725	2
21726	1
21727	3
21728	0
21729	0
21730	1
21731	1
21732	0
21733	1
21734	4
21735	0
21736	4
21737	0
21738	0
21739	1
21741	8
21742	0
21743	0
21744	1
21746	10
21747	10
21748	1
21749	0
21750	6
21751	2
21753	0
21754	0
21755	8
21758	19
21759	22
21761	2
21762	2
21763	0
21765	3
21766	1
21767	10
21768	1
21771	17
21772	0
21773	0
21774	3
21775	7
21776	8
21777	15
21778	0
21779	10
21780	1
21781	1
21782	13
21783	0
21784	3
21785	16
21786	1
21787	3
21788	4
21789	11
21790	7
21791	7
21792	19
21794	6
21795	21
21796	0
21797	0
21798	16
21799	0
21800	3
21801	0
21802	0
21803	0
21804	5
21805	6
21806	2
21807	2
21808	2
21809	2
21810	7
21811	0
21812	20
21813	8
21814	4
21815	7
21816	3
21817	0
21818	0
21819	6
21822	8
21823	4
21825	1
21826	9
21828	4
21829	0
21830	11
21831	0
21832	0
21833	8
21834	1
21836	15
21837	0
21839	12
21840	3
21841	4
21842	4
21843	1
21844	19
21846	2
21847	6
21848	7
21850	9
21851	9
21852	0
21853	1
21856	0
21857	23
21858	10
21859	6
21860	0
21861	4
21863	2
21865	9
21866	5
21869	1
21870	10
21871	3
21872	0
21873	5
21874	14
21875	0
21877	6
21878	15
21879	0
21880	6
21881	0
21882	0
21883	0
21884	0
21885	2
21886	14
21887	0
21890	11
21891	12
21892	9
21893	11
21894	12
21896	4
21898	2
21899	14
21900	6
21901	0
21902	16
21903	0
21904	14
21906	13
21907	16
21908	1
21909	4
21910	0
21911	0
21912	9
21913	11
21914	12
21915	10
21916	17
21917	0
21918	9
21919	8
21920	3
21921	12
21922	12
21923	14
21924	0
21925	9
21926	4
21928	0
21929	1
21930	7
21931	4
21934	1
21936	0
21937	3
21938	4
21939	0
21940	7
21941	10
21942	0
21943	0
21944	0
21945	4
21946	21
21947	2
21948	4
21949	15
21950	0
21952	7
21953	16
21954	8
21955	3
21956	3
21957	4
21958	2
21959	6
21961	9
21962	8
21963	7
21964	3
21965	0
21967	12
21968	0
21969	27
21970	1
21971	3
21972	6
21974	15
21975	2
21976	5
21977	1
21979	0
21980	0
21981	0
21982	4
21983	4
21984	6
21985	3
21986	16
21987	1
21989	2
21990	0
21991	9
21992	0
21993	0
21994	2
21995	0
21996	6
21997	1
21998	8
22000	0
22002	9
22003	0
22005	14
22006	20
22007	11
22008	1
22009	9
22011	0
22012	4
22013	12
22014	3
22015	0
22016	2
22018	0
22019	25
22020	6
22021	5
22022	0
22024	9
22025	4
22027	4
22028	5
22029	0
22030	2
22031	0
22032	0
22033	5
22034	3
22036	19
22037	2
22038	8
22039	0
22040	2
22041	0
22043	3
22044	6
22045	2
22046	3
22047	6
22048	4
22050	12
22051	6
22052	5
22053	0
22054	0
22056	15
22057	1
22058	13
22059	10
22062	0
22063	12
22064	3
22065	3
22066	0
22067	8
22068	2
22069	0
22070	4
22071	7
22073	6
22075	7
22076	6
22077	0
22079	6
22080	0
22081	14
22082	1
22083	6
22084	0
22086	10
22087	14
22088	0
22089	13
22090	6
22091	0
22092	2
22093	4
22094	3
22095	13
22096	1
22097	17
22098	2
22099	10
22100	7
22101	12
22102	15
22103	6
22104	0
22105	5
22106	11
22107	6
22108	0
22109	2
22110	4
22111	1
22112	17
22113	2
22114	11
22115	1
22117	0
22118	1
22119	4
22121	1
22122	2
22123	13
22124	2
22126	0
22127	2
22128	0
22129	17
22130	13
22131	0
22132	3
22133	11
22134	0
22135	1
22136	0
22137	8
22138	4
22139	15
22140	0
22141	0
22142	10
22143	2
22144	5
22145	2
22147	11
22149	0
22151	9
22152	9
22153	2
22154	4
22155	17
22156	7
22157	0
22158	4
22161	0
22162	7
22163	4
22164	4
22165	0
22166	0
22167	0
22170	0
22171	1
22172	1
22173	14
22174	0
22175	1
22176	4
22177	4
22178	11
22179	11
22181	4
22182	13
22183	0
22184	6
22186	9
22187	0
22189	8
22191	3
22192	1
22193	8
22194	0
22195	0
22196	9
22197	0
22200	12
22201	15
22202	6
22203	1
22204	1
22205	2
22206	0
22207	0
22208	11
22209	2
22210	0
22211	15
22212	6
22213	13
22214	8
22215	0
22219	3
22220	10
22221	0
22222	0
22223	4
22224	0
22225	0
22226	9
22227	6
22228	0
22230	7
22231	6
22232	1
22233	7
22234	6
22235	3
22237	0
22238	7
22240	5
22241	7
22242	30
22243	4
22245	0
22246	4
22247	34
22248	12
22253	1
22254	14
22255	15
22256	4
22257	29
22258	6
22259	16
22260	7
22261	5
22262	7
22265	3
22266	0
22267	17
22268	7
22269	6
22270	8
22271	3
22272	2
22273	3
22274	9
22275	3
22276	0
22277	6
22278	10
22280	2
22281	0
22282	2
22284	2
22285	0
22286	0
22287	5
22289	4
22290	2
22291	9
22293	0
22294	2
22295	1
22296	12
22297	0
22298	5
22300	0
22301	22
22302	12
22304	0
22305	4
22306	4
22307	0
22308	0
22309	0
22311	13
22312	0
22313	18
22314	3
22315	9
22316	3
22317	6
22318	6
22319	2
22321	0
22323	0
22324	0
22325	14
22326	0
22327	2
22328	0
22329	3
22330	0
22331	16
22332	0
22333	0
22334	1
22335	22
22336	19
22338	6
22339	0
22341	10
22342	3
22343	0
22344	17
22345	1
22346	7
22347	4
22348	21
22349	0
22350	0
22351	4
22353	7
22354	1
22355	15
22356	4
22357	2
22358	21
22359	0
22360	9
22361	3
22363	0
22364	11
22365	5
22366	3
22367	3
22368	1
22369	1
22371	5
22372	4
22373	5
22374	1
22375	3
22377	18
22378	3
22379	1
22380	1
22381	0
22382	0
22384	2
22386	0
22387	8
22388	9
22389	0
22390	12
22391	0
22392	0
22394	10
22396	2
22397	6
22398	2
22399	14
22400	2
22401	7
22402	3
22403	13
22404	27
22405	0
22406	2
22407	5
22409	0
22410	10
22411	6
22414	2
22415	1
22418	2
22419	4
22420	4
22421	4
22423	1
22424	8
22426	12
22427	1
22428	5
22429	0
22430	4
22431	3
22432	0
22434	0
22436	16
22437	9
22438	1
22440	3
22441	2
22442	0
22443	0
22444	4
22445	9
22446	8
22448	0
22449	3
22450	6
22451	0
22452	0
22453	0
22454	6
22455	4
22457	3
22458	4
22459	28
22460	9
22461	0
22463	2
22464	16
22465	4
22466	3
22469	17
22472	0
22473	11
22474	1
22475	0
22476	1
22477	0
22478	4
22479	0
22480	3
22481	0
22482	2
22483	0
22484	3
22485	7
22486	19
22487	0
22488	0
22489	7
22490	4
22491	14
22492	16
22493	5
22496	10
22497	9
22498	10
22499	1
22500	3
22501	0
22502	19
22505	0
22506	10
22507	0
22508	0
22509	9
22510	1
22511	21
22512	5
22513	0
22514	5
22515	2
22516	6
22517	1
22518	8
22519	1
22521	0
22522	13
22523	5
22525	0
22526	12
22527	12
22528	1
22529	0
22530	0
22531	24
22532	0
22533	1
22534	3
22535	3
22536	2
22537	7
22538	0
22540	1
22541	11
22542	0
22543	0
22544	1
22545	4
22546	17
22548	5
22549	2
22551	0
22552	5
22553	0
22555	1
22556	0
22558	8
22559	0
22560	7
22561	4
22563	0
22564	12
22566	2
22567	0
22569	29
22570	7
22571	2
22573	1
22575	5
22576	5
22577	2
22579	25
22581	3
22582	0
22583	8
22584	4
22585	3
22587	0
22588	5
22589	0
22590	0
22591	2
22592	1
22593	6
22594	0
22595	13
22596	1
22597	10
22598	4
22599	8
22600	0
22601	1
22602	9
22603	16
22604	0
22605	1
22606	11
22607	5
22608	0
22609	11
22610	10
22611	0
22612	8
22613	16
22615	17
22616	6
22617	1
22618	0
22619	20
22620	1
22621	3
22623	1
22624	35
22625	10
22626	10
22628	7
22629	8
22630	8
22633	2
22636	3
22638	12
22639	7
22641	0
22642	10
22644	2
22645	17
22646	10
22647	5
22648	10
22649	7
22650	11
22651	2
22652	2
22653	5
22654	10
22655	0
22656	8
22657	1
22658	8
22659	3
22660	0
22661	0
22662	3
22663	5
22664	8
22665	0
22668	13
22669	4
22670	26
22671	32
22672	14
22673	0
22674	7
22675	2
22676	2
22677	1
22678	6
22680	2
22681	0
22682	10
22683	7
22684	0
22685	0
22687	4
22688	4
22689	5
22690	7
22691	0
22692	0
22693	1
22694	0
22696	15
22697	2
22698	1
22699	8
22702	8
22703	2
22704	0
22706	2
22707	9
22708	1
22709	0
22710	2
22711	7
22712	4
22713	13
22714	6
22717	5
22718	0
22719	9
22720	6
22723	0
22724	4
22725	14
22728	0
22729	6
22730	0
22731	0
22732	4
22733	4
22735	4
22737	0
22739	8
22740	4
22741	0
22742	1
22743	9
22744	16
22745	15
22746	0
22747	0
22748	16
22751	4
22752	2
22753	0
22754	6
22755	1
22756	26
22757	5
22758	0
22759	12
22760	19
22761	2
22762	6
22763	6
22766	3
22768	2
22769	0
22770	5
22771	4
22772	0
22773	9
22774	46
22775	13
22777	7
22778	0
22779	10
22780	9
22781	0
22782	8
22783	8
22784	8
22785	7
22786	0
22787	2
22788	4
22789	5
22791	3
22792	4
22793	5
22795	2
22796	10
22797	0
22799	2
22801	1
22802	2
22803	1
22805	0
22806	3
22807	1
22808	7
22809	4
22810	0
22811	3
22812	10
22813	7
22814	0
22815	18
22816	0
22817	7
22818	9
22820	1
22821	1
22822	3
22823	5
22824	7
22825	17
22826	8
22827	14
22828	0
22829	1
22830	11
22831	1
22833	6
22834	3
22835	3
22836	5
22837	5
22838	12
22839	2
22840	6
22841	14
22842	3
22843	0
22844	11
22845	8
22846	7
22848	11
22849	0
22850	4
22851	9
22854	0
22855	14
22856	3
22858	0
22859	9
22860	10
22861	9
22862	1
22864	8
22865	0
22866	5
22867	6
22868	0
22869	4
22870	4
22871	2
22872	1
22873	9
22874	23
22875	0
22877	19
22878	1
22880	0
22882	3
22883	2
22884	1
22885	1
22886	0
22887	0
22890	0
22891	1
22892	2
22894	2
22895	3
22896	5
22897	1
22899	1
22900	20
22901	0
22902	0
22903	0
22904	1
22905	2
22906	0
22907	1
22908	1
22909	3
22910	2
22911	5
22912	0
22915	1
22916	3
22917	2
22918	0
22919	3
22920	0
22921	3
22923	22
22924	0
22925	1
22926	4
22927	0
22928	2
22929	0
22930	6
22931	12
22932	13
22933	0
22934	0
22935	9
22936	0
22937	2
22939	7
22940	5
22941	0
22942	0
22944	0
22945	10
22946	12
22947	0
22948	0
22950	14
22951	1
22952	5
22953	7
22954	0
22955	1
22956	0
22957	7
22958	9
22959	1
22962	3
22963	0
22964	8
22965	3
22966	3
22968	14
22969	8
22970	19
22971	15
22972	1
22973	2
22974	4
22976	2
22977	4
22978	1
22979	2
22980	0
22981	5
22982	0
22983	2
22984	0
22985	2
22986	8
22988	0
22989	0
22992	2
22993	1
22994	0
22997	2
22998	0
22999	0
23001	3
23002	11
23003	2
23004	8
23005	25
23006	13
23007	12
23008	0
23009	0
23010	0
23011	7
23012	0
23013	10
23014	2
23015	0
23017	1
23018	5
23019	12
23020	16
23021	14
23022	1
23023	0
23024	0
23025	4
23026	19
23027	8
23028	5
23029	11
23031	4
23032	2
23033	2
23034	8
23035	0
23036	2
23037	9
23039	6
23040	8
23041	0
23042	1
23043	0
23044	0
23045	3
23046	0
23047	7
23048	16
23049	7
23050	0
23051	16
23052	6
23053	7
23054	4
23055	5
23056	2
23057	2
23058	0
23059	6
23060	32
23061	6
23062	9
23063	8
23064	7
23065	1
23066	1
23069	7
23070	2
23071	0
23072	10
23073	0
23074	0
23075	17
23076	8
23077	0
23078	10
23079	16
23080	5
23081	7
23082	3
23083	0
23084	4
23085	19
23086	0
23087	6
23088	0
23089	15
23091	4
23092	0
23093	9
23094	2
23095	7
23096	6
23098	1
23099	1
23100	15
23101	10
23102	0
23103	23
23106	0
23107	0
23108	19
23109	5
23111	6
23112	1
23113	0
23114	19
23115	7
23116	4
23117	1
23118	0
23119	4
23120	5
23121	10
23122	3
23123	7
23124	6
23125	5
23127	10
23128	16
23129	11
23130	2
23131	2
23132	7
23133	5
23134	0
23135	20
23136	8
23137	6
23138	16
23139	2
23140	4
23141	14
23142	5
23143	18
23144	20
23145	0
23147	11
23148	0
23149	9
23150	2
23151	0
23153	11
23154	8
23157	0
23158	0
23159	12
23160	0
23161	5
23162	0
23163	5
23164	0
23165	20
23168	0
23169	8
23170	0
23171	2
23172	6
23173	21
23174	8
23175	0
23176	3
23177	6
23178	0
23179	8
23180	14
23181	0
23182	9
23183	6
23184	0
23186	1
23187	3
23189	3
23191	0
23192	4
23193	0
23194	8
23195	7
23196	9
23197	2
23198	6
23199	0
23200	4
23201	5
23202	7
23203	11
23204	4
23205	0
23206	5
23207	0
23209	1
23210	2
23211	0
23212	10
23213	9
23214	6
23215	0
23216	11
23217	0
23218	12
23219	0
23220	2
23221	0
23222	2
23223	0
23224	0
23225	1
23226	14
23227	7
23229	2
23230	2
23231	23
23232	0
23233	18
23234	8
23235	1
23236	6
23237	4
23238	3
23240	4
23242	24
23243	7
23244	8
23245	7
23248	3
23250	2
23252	11
23253	3
23254	0
23255	6
23256	2
23257	4
23258	4
23259	2
23260	15
23261	4
23262	3
23263	0
23264	16
23265	0
23266	5
23267	0
23268	19
23269	1
23270	4
23271	13
23272	19
23274	4
23275	10
23276	0
23277	6
23278	0
23279	1
23280	3
23281	1
23284	0
23285	20
23286	18
23287	0
23288	0
23289	2
23290	2
23291	13
23292	16
23293	4
23294	5
23295	2
23296	10
23297	3
23298	0
23299	4
23300	2
23301	0
23302	5
23303	7
23304	1
23305	7
23306	10
23307	12
23308	11
23309	1
23310	21
23311	10
23312	4
23313	2
23314	2
23315	0
23316	5
23317	5
23319	0
23320	0
23321	5
23322	0
23323	0
23325	10
23326	2
23327	3
23329	1
23330	10
23331	31
23332	8
23333	2
23334	10
23335	1
23336	11
23337	10
23339	0
23340	5
23341	7
23342	0
23343	7
23344	5
23346	10
23347	5
23349	6
23350	0
23351	0
23352	5
23353	3
23354	18
23355	0
23356	4
23357	5
23358	10
23359	0
23360	24
23362	5
23363	0
23364	0
23365	0
23366	7
23367	12
23368	0
23369	2
23371	9
23373	7
23374	4
23375	1
23377	4
23378	7
23379	3
23380	1
23381	19
23382	5
23383	2
23384	11
23385	0
23386	0
23388	1
23389	3
23390	0
23391	13
23392	17
23393	8
23394	7
23395	1
23396	3
23397	0
23398	1
23399	8
23400	3
23401	10
23402	13
23403	2
23404	0
23405	5
23407	0
23408	8
23409	12
23410	0
23411	16
23412	4
23413	0
23414	8
23415	15
23416	0
23417	7
23418	15
23419	17
23420	12
23421	6
23422	3
23424	18
23425	0
23428	0
23429	6
23430	2
23431	0
23432	5
23433	2
23434	1
23435	9
23436	1
23437	5
23438	0
23439	6
23440	0
23441	4
23442	7
23443	4
23446	0
23447	9
23448	1
23449	3
23450	0
23451	4
23452	10
23454	1
23455	3
23456	11
23459	3
23460	0
23461	1
23462	0
23464	3
23466	2
23467	0
23468	8
23469	16
23471	3
23472	0
23473	18
23474	9
23475	27
23476	2
23478	3
23479	3
23482	22
23483	11
23484	0
23485	0
23486	7
23487	3
23488	3
23490	3
23491	2
23492	19
23493	7
23495	4
23496	0
23497	0
23498	9
23499	1
23500	7
23502	2
23503	6
23504	0
23505	0
23506	4
23507	8
23508	16
23509	1
23510	14
23511	7
23512	0
23513	6
23514	0
23515	6
23516	11
23517	0
23518	15
23519	1
23520	0
23521	12
23522	8
23523	1
23524	0
23525	0
23527	2
23528	0
23529	0
23530	2
23531	0
23532	3
23533	16
23534	1
23535	12
23536	0
23538	0
23539	0
23540	11
23542	3
23543	2
23544	18
23545	7
23546	0
23547	0
23548	0
23549	16
23550	7
23551	4
23552	0
23553	9
23554	8
23555	0
23556	4
23557	0
23558	5
23559	6
23560	0
23561	0
23563	4
23564	2
23566	0
23568	7
23569	3
23570	2
23571	10
23572	8
23573	6
23574	1
23576	8
23577	5
23578	6
23579	4
23580	6
23581	0
23582	0
23584	0
23587	11
23588	1
23589	3
23590	5
23591	15
23592	1
23593	0
23594	1
23595	13
23596	0
23598	2
23600	3
23601	18
23602	5
23604	3
23605	6
23606	0
23608	2
23609	0
23610	0
23611	0
23613	12
23614	5
23615	4
23616	2
23617	1
23618	7
23619	0
23620	0
23621	2
23622	12
23623	0
23624	3
23626	2
23627	3
23628	3
23629	10
23630	1
23631	7
23632	1
23633	13
23634	2
23635	1
23636	1
23637	1
23639	6
23640	3
23642	13
23643	9
23644	3
23645	0
23647	21
23648	3
23649	0
23650	21
23651	5
23652	12
23653	6
23656	3
23657	4
23658	18
23659	13
23660	5
23661	5
23662	0
23663	0
23664	11
23665	1
23666	10
23668	0
23669	0
23670	9
23671	9
23673	2
23674	3
23676	21
23678	3
23679	0
23681	0
23682	10
23683	0
23684	26
23685	4
23686	0
23687	4
23688	0
23689	10
23690	3
23691	13
23693	2
23694	0
23696	1
23698	5
23699	18
23700	5
23701	8
23702	2
23703	28
23704	1
23705	13
23707	4
23708	0
23709	0
23712	15
23714	2
23715	0
23717	11
23718	0
23719	0
23720	7
23723	6
23724	0
23725	5
23726	1
23728	6
23729	12
23730	0
23732	7
23733	3
23734	1
23735	8
23736	3
23739	8
23740	5
23741	5
23742	9
23743	9
23744	3
23745	1
23746	2
23747	0
23748	7
23749	3
23750	2
23751	3
23752	3
23753	3
23754	1
23755	0
23756	4
23757	0
23758	0
23759	4
23760	0
23761	2
23762	4
23763	0
23764	10
23765	3
23766	0
23767	10
23768	19
23769	11
23770	8
23771	0
23772	0
23773	17
23774	0
23775	26
23776	0
23777	0
23778	0
23779	3
23780	9
23781	4
23782	5
23783	5
23784	0
23785	22
23786	10
23787	11
23788	13
23789	5
23790	0
23791	5
23792	6
23793	13
23794	10
23795	16
23796	0
23800	7
23801	2
23802	18
23803	13
23804	1
23805	5
23806	0
23809	0
23810	3
23812	0
23813	9
23814	0
23815	0
23816	22
23818	10
23819	0
23821	0
23822	16
23823	0
23824	0
23825	1
23826	11
23827	6
23828	10
23829	3
23830	6
23831	5
23833	18
23834	0
23835	11
23836	22
23837	8
23838	0
23839	0
23841	4
23842	0
23844	5
23845	3
23846	4
23847	0
23848	0
23849	2
23850	9
23852	10
23853	0
23854	2
23855	16
23856	8
23857	0
23858	5
23859	9
23861	0
23862	0
23863	0
23864	0
23865	10
23866	5
23867	2
23868	16
23869	2
23870	5
23872	0
23873	10
23874	5
23876	0
23877	9
23878	0
23880	15
23882	1
23883	9
23884	1
23885	2
23886	6
23887	13
23888	4
23889	0
23890	4
23891	1
23892	3
23894	0
23895	11
23896	10
23897	0
23898	0
23901	7
23902	7
23903	2
23904	0
23905	2
23906	23
23907	4
23908	2
23909	11
23910	5
23911	4
23912	4
23913	9
23914	8
23916	6
23918	24
23919	1
23920	12
23921	0
23923	0
23924	26
23925	0
23926	22
23927	2
23928	1
23929	18
23930	0
23931	2
23932	0
23933	21
23934	1
23935	4
23936	4
23937	0
23940	8
23941	0
23942	0
23943	1
23944	34
23946	3
23948	21
23949	7
23950	0
23951	0
23952	0
23953	2
23954	27
23955	10
23956	13
23957	0
23958	0
23959	4
23960	16
23961	2
23962	8
23963	4
23964	0
23965	0
23966	3
23967	9
23968	22
23969	0
23970	3
23971	8
23972	0
23973	0
23974	2
23975	13
23976	10
23977	2
23978	1
23979	4
23980	6
23981	1
23982	14
23984	6
23985	0
23986	3
23987	6
23988	0
23990	8
23991	7
23992	6
23993	2
23995	0
23996	14
23997	5
23998	0
23999	13
24000	29
24002	0
24003	4
24004	0
24005	8
24006	0
24007	5
24008	5
24009	18
24010	0
24011	5
24012	2
24013	13
24014	4
24015	0
24018	5
24019	0
24020	0
24021	15
24022	10
24023	8
24024	0
24025	2
24026	0
24027	6
24028	3
24029	3
24030	0
24031	0
24032	0
24033	8
24034	30
24036	7
24037	7
24038	0
24040	0
24041	1
24042	0
24043	5
24044	24
24045	2
24046	5
24047	0
24048	0
24049	5
24050	8
24051	12
24052	0
24053	0
24054	3
24055	2
24056	8
24057	0
24058	3
24059	8
24060	1
24061	0
24063	0
24064	0
24065	15
24067	2
24068	11
24069	14
24070	17
24071	13
24072	0
24073	5
24074	3
24076	1
24077	4
24078	6
24080	10
24082	5
24084	13
24085	2
24086	21
24087	13
24088	6
24089	0
24090	8
24091	12
24092	3
24093	2
24094	3
24095	1
24096	12
24097	2
24098	0
24099	0
24101	6
24102	0
24103	3
24104	4
24105	6
24106	1
24108	6
24109	8
24112	9
24113	0
24114	3
24115	7
24116	4
24117	2
24118	0
24119	0
24120	14
24121	0
24122	0
24124	7
24125	1
24126	0
24127	0
24128	7
24129	6
24130	2
24131	0
24132	0
24133	0
24134	1
24135	9
24137	26
24138	11
24139	8
24143	0
24144	5
24145	19
24146	2
24147	9
24148	6
24149	11
24150	0
24151	0
24152	1
24153	0
24154	7
24155	2
24156	0
24157	1
24158	2
24159	6
24160	2
24161	1
24162	6
24163	5
24164	0
24165	16
24166	0
24167	1
24171	5
24172	0
24173	5
24174	1
24175	2
24177	0
24178	12
24179	0
24180	6
24181	10
24182	2
24183	5
24184	5
24185	0
24187	1
24188	0
24189	3
24190	3
24191	4
24192	0
24193	5
24194	0
24195	1
24196	4
24197	2
24198	0
24199	9
24200	17
24201	23
24202	8
24204	19
24205	8
24206	1
24207	0
24208	0
24209	0
24210	15
24211	9
24213	1
24215	9
24216	0
24217	2
24218	0
24219	7
24220	0
24221	0
24222	3
24223	7
24224	0
24225	9
24226	17
24227	5
24228	2
24229	10
24230	0
24231	0
24232	0
24233	1
24234	12
24235	3
24236	0
24237	4
24238	5
24239	3
24240	2
24241	2
24242	0
24243	0
24244	18
24245	2
24247	4
24250	5
24253	0
24254	5
24256	14
24258	5
24259	16
24260	6
24261	8
24262	22
24263	1
24264	0
24265	2
24266	20
24267	9
24269	4
24270	0
24271	0
24274	3
24275	1
24276	0
24277	2
24278	0
24279	7
24280	0
24281	0
24282	0
24283	0
24284	0
24285	0
24286	0
24287	5
24288	3
24289	5
24290	1
24292	3
24293	1
24295	13
24297	6
24300	17
24302	0
24303	5
24304	0
24305	0
24307	0
24308	1
24309	10
24310	8
24311	0
24312	3
24313	14
24314	2
24315	11
24316	5
24317	7
24318	0
24320	14
24322	0
24323	9
24325	0
24326	7
24327	4
24328	0
24329	10
24330	3
24331	13
24332	9
24333	10
24334	0
24338	1
24340	8
24341	3
24343	4
24344	8
24345	0
24347	7
24348	0
24349	11
24350	7
24351	6
24352	4
24357	3
24358	4
24359	0
24360	1
24361	5
24363	8
24364	5
24365	2
24366	2
24367	0
24368	2
24369	2
24370	0
24371	2
24372	15
24373	7
24374	3
24375	12
24376	0
24377	1
24379	3
24380	0
24381	10
24382	6
24383	7
24385	0
24386	9
24388	0
24389	3
24390	14
24391	1
24393	3
24397	0
24399	2
24400	0
24402	0
24403	4
24404	14
24405	0
24406	5
24407	10
24409	1
24411	0
24412	0
24414	9
24415	14
24416	0
24417	9
24418	17
24419	2
24421	9
24422	0
24423	3
24425	3
24426	2
24427	9
24428	0
24429	7
24430	0
24431	10
24432	0
24434	5
24435	13
24437	1
24438	0
24439	4
24440	3
24441	0
24442	19
24443	0
24445	4
24446	1
24447	10
24449	17
24450	0
24451	0
24452	2
24453	14
24454	9
24455	0
24456	2
24458	16
24459	1
24460	4
24461	6
24462	1
24463	4
24464	5
24465	3
24466	7
24467	14
24468	0
24469	14
24471	3
24472	2
24473	4
24474	1
24476	7
24477	8
24478	0
24479	1
24480	2
24481	7
24482	18
24483	25
24484	7
24485	8
24486	0
24487	5
24488	1
24489	0
24490	29
24491	1
24492	0
24493	0
24494	0
24495	5
24496	13
24497	15
24498	3
24499	7
24500	9
24501	0
24502	21
24503	10
24504	7
24505	10
24506	11
24507	10
24508	13
24509	8
24510	1
24513	2
24514	19
24515	5
24516	16
24517	7
24518	6
24519	1
24520	0
24521	7
24522	13
24523	23
24524	11
24525	8
24526	2
24527	4
24528	9
24532	0
24533	0
24534	14
24535	3
24536	13
24537	8
24538	4
24539	3
24540	0
24541	0
24542	10
24543	3
24544	4
24545	0
24546	2
24548	3
24550	6
24551	5
24552	0
24553	11
24555	9
24556	6
24557	0
24558	3
24559	0
24561	2
24562	0
24563	0
24564	0
24565	11
24566	15
24568	3
24569	0
24570	5
24571	1
24572	15
24573	7
24575	0
24576	0
24578	3
24579	24
24580	0
24581	9
24582	8
24584	1
24585	12
24586	9
24587	3
24589	12
24590	2
24592	3
24594	0
24595	0
24597	8
24598	1
24599	1
24600	3
24601	6
24602	14
24603	0
24604	2
24605	0
24607	7
24608	3
24609	1
24610	25
24612	4
24613	5
24614	8
24616	0
24619	25
24620	4
24621	7
24622	0
24623	28
24624	3
24625	0
24626	4
24628	1
24630	5
24631	0
24632	2
24634	0
24635	11
24636	0
24637	0
24638	0
24639	8
24640	0
24641	7
24642	0
24644	15
24646	0
24647	5
24648	9
24650	0
24651	6
24652	1
24654	2
24655	3
24656	0
24658	8
24659	6
24660	2
24661	0
24662	2
24663	2
24665	6
24666	10
24667	0
24668	3
24669	6
24670	2
24671	0
24672	7
24673	10
24674	2
24675	4
24676	15
24677	6
24678	5
24679	2
24680	1
24681	0
24683	9
24684	3
24685	3
24686	6
24688	1
24689	5
24690	0
24692	15
24693	10
24694	11
24696	0
24697	9
24698	0
24699	12
24700	3
24701	8
24702	1
24703	8
24704	2
24705	15
24706	1
24708	0
24709	0
24710	5
24711	6
24712	1
24713	0
24714	0
24715	30
24716	0
24717	0
24719	0
24720	0
24721	6
24722	0
24723	0
24724	18
24725	2
24727	0
24728	9
24730	2
24731	3
24732	12
24733	0
24734	12
24735	9
24737	11
24738	6
24741	0
24742	2
24743	9
24744	3
24745	15
24746	0
24747	5
24748	17
24749	8
24750	3
24751	16
24753	0
24754	0
24755	8
24756	0
24757	9
24760	5
24761	0
24763	1
24765	5
24766	0
24767	5
24768	19
24769	6
24770	10
24771	10
24772	5
24773	0
24774	0
24775	16
24776	0
24778	12
24779	14
24780	5
24781	4
24782	1
24783	8
24784	6
24785	13
24786	0
24787	5
24788	11
24789	3
24790	2
24791	10
24794	9
24795	19
24797	0
24798	19
24799	5
24800	1
24802	16
24803	3
24804	0
24805	0
24806	2
24807	5
24808	2
24809	0
24811	10
24812	0
24813	7
24814	8
24815	15
24816	3
24817	23
24818	7
24819	0
24820	4
24822	0
24823	12
24825	1
24826	12
24827	0
24828	0
24829	20
24830	0
24831	0
24832	0
24833	2
24834	1
24835	4
24836	5
24837	4
24838	5
24839	0
24841	22
24842	2
24843	0
24844	2
24845	3
24847	11
24848	0
24850	8
24853	1
24854	4
24855	0
24856	1
24858	4
24860	5
24861	14
24862	12
24865	0
24866	11
24867	1
24868	0
24869	3
24870	0
24871	4
24873	6
24875	4
24876	14
24877	0
24878	3
24879	17
24880	0
24882	8
24883	3
24884	7
24885	0
24886	8
24887	6
24888	0
24889	5
24890	21
24892	0
24893	4
24894	5
24895	5
24896	9
24897	0
24898	0
24901	2
24902	5
24905	4
24906	0
24907	1
24908	11
24909	5
24910	2
24911	0
24912	0
24913	6
24915	0
24916	5
24917	4
24918	2
24919	0
24920	14
24921	0
24922	3
24923	9
24925	0
24926	0
24927	1
24929	0
24931	9
24932	0
24933	12
24934	15
24935	11
24936	9
24937	3
24938	3
24939	0
24941	17
24942	8
24943	5
24945	14
24947	24
24948	3
24949	9
24951	0
24952	0
24955	5
24956	7
24957	5
24958	0
24960	11
24961	9
24962	2
24964	4
24967	19
24968	9
24970	17
24971	0
24972	3
24973	8
24974	7
24975	2
24976	0
24978	1
24979	2
24980	0
24981	8
24982	6
24983	12
24984	0
24985	0
24986	3
24987	0
24989	0
24990	13
24991	0
24992	23
24993	13
24994	12
24996	0
24997	35
24998	2
24999	0
25000	0
25001	14
25003	7
25004	0
25005	5
25007	17
25008	5
25009	3
25010	1
25011	3
25012	6
25014	21
25015	10
25016	10
25017	7
25018	8
25019	0
25020	2
25021	10
25022	4
25023	10
25024	0
25028	0
25030	0
25031	10
25032	3
25033	7
25034	14
25035	2
25036	4
25037	0
25038	4
25039	0
25040	13
25041	0
25042	5
25043	3
25044	4
25045	0
25046	18
25047	6
25048	15
25049	0
25050	5
25051	11
25052	11
25053	7
25054	5
25055	11
25056	6
25058	1
25059	24
25061	11
25062	0
25064	6
25065	0
25066	8
25067	0
25068	0
25069	8
25070	4
25071	9
25072	0
25073	0
25074	17
25075	5
25077	0
25078	2
25081	0
25082	3
25083	0
25084	0
25085	9
25086	6
25087	2
25088	0
25090	22
25091	3
25092	5
25093	4
25094	1
25095	0
25096	11
25097	0
25098	0
25099	10
25100	0
25101	7
25102	5
25103	8
25104	6
25105	6
25106	19
25107	0
25110	8
25111	15
25112	0
25113	0
25114	1
25115	13
25116	4
25117	4
25118	0
25119	1
25121	1
25122	0
25124	8
25125	4
25126	11
25128	5
25129	0
25130	15
25131	0
25132	11
25133	0
25135	22
25136	0
25138	2
25141	3
25143	0
25144	9
25146	0
25147	3
25148	2
25149	0
25150	8
25151	0
25152	0
25153	2
25154	6
25156	6
25157	4
25158	21
25159	1
25160	4
25161	2
25162	6
25163	0
25164	1
25165	2
25166	1
25167	3
25168	0
25169	8
25170	7
25171	1
25172	2
25174	18
25175	44
25176	2
25177	2
25178	3
25179	8
25180	8
25181	6
25182	10
25183	3
25184	0
25185	7
25186	0
25187	0
25188	8
25191	1
25192	10
25193	5
25194	3
25195	3
25196	6
25197	2
25198	3
25200	0
25201	1
25202	4
25203	0
25204	8
25205	5
25206	4
25207	2
25208	3
25209	0
25210	8
25211	0
25212	2
25213	5
25214	0
25215	0
25218	13
25220	1
25221	7
25222	1
25223	12
25224	1
25225	5
25226	9
25227	0
25228	0
25229	0
25231	2
25232	4
25233	11
25234	0
25235	23
25236	2
25237	0
25238	5
25239	7
25240	15
25241	20
25242	0
25243	9
25244	2
25245	1
25246	4
25247	0
25248	0
25249	19
25250	0
25251	0
25252	0
25253	10
25254	15
25255	0
25256	9
25257	2
25258	3
25261	8
25262	6
25263	0
25265	7
25266	7
25267	5
25268	0
25269	0
25270	6
25271	0
25272	30
25274	18
25275	4
25278	12
25279	0
25280	8
25281	6
25282	4
25283	9
25284	5
25286	0
25287	4
25288	15
25290	5
25291	0
25292	0
25294	2
25295	11
25298	17
25299	17
25300	0
25301	0
25303	7
25304	0
25305	4
25306	0
25307	10
25308	1
25309	0
25310	0
25311	6
25312	0
25313	10
25315	5
25316	4
25317	0
25318	0
25319	0
25320	10
25321	5
25322	7
25323	2
25324	14
25325	0
25326	0
25327	5
25328	12
25329	1
25330	0
25331	1
25332	4
25333	0
25334	0
25336	14
25337	3
25338	2
25339	1
25340	5
25341	1
25344	0
25347	7
25348	3
25349	9
25350	7
25351	1
25353	9
25354	1
25355	0
25356	1
25357	1
25358	0
25359	2
25360	0
25361	0
25362	10
25363	1
25364	6
25365	0
25366	7
25367	22
25368	4
25369	1
25371	7
25372	7
25373	3
25374	11
25375	0
25376	6
25377	11
25380	0
25381	6
25382	5
25383	4
25384	3
25385	0
25387	18
25388	4
25389	9
25390	1
25391	0
25392	4
25393	2
25394	6
25395	10
25396	0
25397	4
25398	5
25400	15
25401	8
25404	6
25405	19
25408	0
25409	0
25411	4
25412	7
25413	10
25414	0
25415	11
25417	6
25418	3
25419	3
25420	0
25421	10
25422	4
25424	1
25426	6
25427	1
25428	6
25429	0
25430	10
25431	1
25432	6
25434	6
25435	0
25436	6
25438	0
25439	0
25440	0
25441	7
25442	2
25444	24
25445	3
25448	0
25449	0
25450	9
25452	10
25453	6
25454	0
25455	11
25456	0
25457	0
25458	11
25459	0
25460	0
25461	3
25462	3
25463	2
25464	3
25465	1
25466	12
25467	27
25468	3
25469	1
25470	7
25471	3
25472	10
25473	0
25474	9
25475	15
25476	9
25477	0
25478	2
25480	17
25481	7
25482	0
25483	3
25484	1
25485	0
25486	13
25487	14
25488	1
25489	1
25490	12
25491	7
25492	13
25493	12
25495	0
25496	7
25497	0
25498	3
25499	1
25500	2
25501	1
25502	9
25503	4
25504	2
25505	3
25506	1
25507	0
25508	20
25509	2
25510	30
25511	2
25512	29
25513	28
25514	2
25516	0
25517	16
25518	11
25520	1
25521	5
25522	9
25523	11
25525	1
25526	9
25527	5
25528	11
25529	0
25530	0
25531	4
25532	1
25533	0
25534	8
25536	0
25537	0
25538	21
25539	0
25540	12
25541	14
25542	0
25544	5
25545	1
25546	0
25547	0
25548	7
25549	0
25550	4
25551	9
25552	8
25553	3
25554	6
25555	1
25556	1
25557	0
25558	20
25559	0
25560	2
25561	2
25562	3
25563	0
25565	10
25566	2
25567	17
25568	0
25570	0
25571	0
25572	12
25573	4
25574	0
25575	2
25577	4
25578	10
25579	4
25580	9
25581	9
25583	0
25585	6
25586	0
25588	6
25589	23
25590	2
25591	1
25592	10
25593	2
25595	8
25596	0
25597	6
25598	17
25600	0
25601	0
25602	13
25603	8
25604	3
25605	6
25606	4
25607	0
25608	10
25609	0
25610	4
25612	2
25613	9
25614	8
25615	2
25616	5
25617	5
25618	2
25619	5
25620	3
25621	9
25622	2
25623	4
25625	0
25626	4
25627	0
25628	4
25629	0
25630	5
25633	19
25634	0
25635	1
25636	0
25637	3
25638	8
25640	17
25641	8
25642	0
25644	0
25645	5
25646	6
25647	4
25648	6
25649	0
25650	0
25652	0
25653	0
25654	3
25655	1
25656	4
25657	2
25658	5
25659	5
25660	0
25661	2
25662	5
25663	17
25664	0
25665	0
25666	0
25667	15
25668	6
25669	1
25670	0
25671	3
25672	0
25673	3
25675	6
25676	0
25677	2
25678	3
25679	10
25680	6
25681	7
25684	1
25685	1
25686	9
25687	4
25688	5
25690	6
25691	5
25693	6
25694	0
25695	3
25696	10
25697	0
25698	0
25699	4
25700	2
25701	0
25702	0
25703	4
25704	7
25706	13
25708	1
25709	0
25710	3
25711	13
25712	3
25713	8
25714	8
25716	8
25717	0
25718	6
25719	1
25720	9
25722	3
25723	1
25724	2
25725	0
25726	0
25728	15
25729	0
25730	1
25731	1
25732	0
25733	0
25734	5
25735	15
25736	3
25737	0
25738	43
25739	3
25740	12
25741	1
25742	6
25744	0
25746	0
25747	0
25748	10
25749	15
25750	9
25753	2
25754	1
25755	0
25756	0
25757	0
25758	3
25759	6
25760	0
25761	0
25763	9
25764	4
25765	1
25767	3
25769	7
25772	0
25773	2
25774	8
25775	1
25776	0
25777	5
25778	9
25779	23
25780	0
25781	3
25784	0
25785	6
25786	5
25787	0
25788	1
25789	1
25790	0
25791	6
25792	3
25793	0
25794	8
25795	0
25796	8
25798	7
25799	12
25800	2
25801	0
25802	5
25803	0
25804	4
25805	4
25806	0
25807	2
25808	0
25810	1
25811	4
25812	0
25813	11
25815	0
25816	1
25818	12
25819	0
25820	0
25822	15
25823	0
25824	0
25825	8
25826	1
25828	3
25829	0
25830	20
25831	3
25832	0
25837	0
25838	0
25839	3
25840	10
25841	4
25842	13
25843	0
25844	2
25846	16
25847	0
25849	10
25851	0
25852	9
25853	0
25854	10
25855	7
25856	4
25857	0
25858	3
25859	11
25860	15
25861	7
25863	18
25864	25
25865	0
25866	0
25867	9
25868	7
25869	4
25870	3
25871	10
25873	17
25874	5
25875	8
25877	0
25878	1
25879	1
25880	0
25881	7
25883	0
25884	1
25885	1
25886	1
25888	0
25889	1
25891	0
25892	0
25894	2
25895	0
25896	3
25897	15
25899	3
25900	5
25901	0
25903	7
25904	0
25905	8
25906	0
25907	4
25908	0
25909	2
25911	0
25912	0
25913	0
25915	9
25916	0
25917	5
25919	4
25920	7
25922	1
25923	0
25924	0
25925	6
25926	5
25928	10
25929	0
25930	0
25933	20
25934	0
25935	11
25936	23
25937	2
25938	0
25939	7
25940	3
25941	5
25942	2
25943	4
25944	0
25945	14
25947	5
25948	0
25949	0
25951	10
25952	0
25953	5
25954	4
25955	6
25956	11
25957	5
25958	5
25959	22
25960	24
25961	7
25962	0
25963	4
25964	14
25965	4
25966	0
25967	3
25968	10
25969	15
25970	0
25971	8
25972	1
25974	7
25975	0
25976	15
25977	10
25978	0
25980	5
25981	0
25982	6
25983	10
25985	2
25986	3
25987	0
25988	3
25989	0
25990	4
25991	1
25993	3
25994	3
25995	0
25996	0
25997	12
25998	12
25999	0
26000	10
26001	6
26002	9
26004	9
26005	22
26006	1
26007	0
26008	11
26009	11
26010	10
26011	8
26012	6
26013	2
26015	1
26016	3
26017	13
26018	26
26019	0
26020	0
26021	7
26022	4
26023	7
26024	4
26025	3
26026	0
26027	2
26029	5
26030	3
26031	7
26032	5
26035	1
26036	1
26037	11
26038	2
26039	2
26040	0
26041	1
26042	15
26044	11
26045	0
26046	2
26047	4
26048	3
26049	2
26050	1
26052	0
26053	1
26054	0
26055	7
26056	1
26057	6
26058	5
26059	5
26060	8
26061	0
26062	3
26063	3
26064	8
26065	3
26066	6
26067	0
26068	0
26069	1
26070	3
26072	11
26074	0
26075	0
26076	23
26078	5
26080	0
26081	0
26082	1
26083	0
26084	0
26088	2
26089	1
26090	4
26091	8
26093	3
26094	0
26095	12
26096	3
26098	3
26099	4
26100	10
26101	3
26103	5
26104	0
26105	9
26106	1
26107	17
26108	2
26109	15
26110	7
26111	5
26112	0
26113	1
26114	3
26115	4
26116	12
26117	11
26118	6
26119	0
26120	5
26121	10
26123	0
26127	6
26128	22
26129	11
26130	4
26132	11
26133	3
26134	3
26135	6
26136	7
26138	5
26139	3
26140	6
26141	1
26143	0
26144	6
26145	6
26146	17
26147	0
26150	4
26151	5
26152	0
26153	0
26154	0
26156	1
26157	2
26159	0
26160	1
26161	4
26162	0
26164	7
26165	5
26167	5
26168	4
26169	4
26170	4
26171	6
26172	7
26173	0
26174	2
26175	3
26176	0
26177	10
26178	0
26179	23
26180	3
26181	10
26182	1
26183	10
26184	0
26185	0
26186	11
26187	4
26188	0
26189	15
26190	0
26191	14
26192	2
26193	3
26194	2
26196	2
26197	1
26198	0
26199	1
26200	0
26201	7
26202	0
26204	2
26205	9
26206	4
26207	5
26208	0
26210	7
26211	9
26212	0
26213	6
26214	0
26215	9
26217	8
26221	15
26223	4
26224	2
26225	6
26226	2
26227	0
26228	8
26229	0
26230	4
26231	3
26232	4
26233	0
26234	0
26235	9
26236	5
26237	0
26238	5
26239	0
26240	6
26241	5
26243	4
26244	8
26246	10
26247	5
26248	5
26249	9
26250	4
26251	8
26252	7
26253	21
26255	0
26256	3
26257	12
26258	0
26259	7
26260	3
26261	4
26262	2
26263	7
26264	5
26265	4
26266	10
26267	0
26268	3
26269	1
26270	3
26271	3
26272	6
26274	16
26276	0
26277	6
26278	0
26281	0
26283	11
26284	6
26285	4
26286	8
26287	3
26289	10
26290	0
26291	0
26292	7
26293	0
26295	0
26296	4
26297	7
26298	7
26299	17
26300	1
26301	0
26302	0
26303	3
26305	0
26306	0
26307	10
26308	0
26309	10
26310	5
26311	0
26312	8
26313	0
26314	0
26315	6
26316	7
26317	1
26318	0
26319	1
26320	2
26321	8
26322	9
26323	1
26324	8
26325	0
26326	8
26327	3
26328	4
26329	0
26330	13
26331	5
26334	7
26336	8
26338	0
26339	11
26340	2
26341	13
26342	0
26343	1
26345	4
26346	0
26347	5
26348	0
26349	3
26350	4
26351	18
26353	5
26355	0
26357	18
26358	5
26359	10
26360	2
26361	1
26362	3
26363	0
26364	5
26365	4
26366	17
26367	22
26368	2
26369	6
26370	0
26371	2
26372	0
26374	4
26375	1
26376	33
26377	3
26378	6
26379	0
26380	1
26381	0
26382	3
26383	16
26384	4
26385	0
26386	9
26387	3
26388	3
26389	0
26390	9
26391	12
26392	6
26393	14
26394	11
26396	0
26397	0
26398	3
26399	0
26401	0
26402	6
26403	3
26404	0
26405	2
26406	0
26407	15
26408	8
26410	4
26411	0
26412	0
26413	8
26414	7
26416	2
26417	0
26418	9
26419	1
26420	3
26421	2
26423	3
26424	5
26425	1
26426	0
26427	1
26428	4
26429	0
26430	7
26431	15
26432	8
26433	2
26435	1
26437	4
26438	11
26439	0
26440	0
26441	2
26442	3
26443	2
26444	5
26445	22
26446	0
26448	14
26450	3
26451	10
26453	2
26454	11
26455	0
26456	4
26457	3
26458	5
26460	0
26461	0
26462	0
26463	3
26464	0
26465	15
26467	3
26468	6
26469	16
26470	5
26471	9
26472	1
26473	2
26474	10
26475	31
26476	3
26480	4
26481	0
26482	0
26483	5
26484	11
26485	8
26486	0
26487	10
26488	5
26489	3
26490	3
26491	0
26493	0
26494	0
26495	1
26496	15
26497	2
26498	14
26500	5
26502	2
26503	0
26504	0
26505	5
26506	2
26507	2
26508	6
26509	8
26510	8
26511	17
26512	4
26514	4
26515	2
26516	6
26517	0
26518	6
26519	4
26520	7
26521	11
26522	1
26523	0
26524	6
26525	0
26526	1
26527	4
26528	0
26529	11
26530	4
26532	4
26533	14
26534	9
26538	3
26539	2
26540	4
26544	3
26545	5
26546	0
26547	12
26548	2
26549	5
26550	0
26551	0
26552	3
26554	5
26555	0
26556	0
26558	9
26559	0
26560	0
26562	0
26563	10
26564	11
26565	4
26566	0
26567	4
26568	10
26569	0
26570	10
26571	0
26572	0
26573	13
26574	0
26575	2
26576	1
26577	4
26578	0
26579	0
26580	1
26582	4
26583	0
26584	1
26585	0
26586	2
26587	4
26588	17
26590	13
26592	4
26593	5
26594	4
26595	0
26596	4
26597	0
26598	7
26600	0
26601	0
26602	9
26603	7
26604	3
26605	1
26606	0
26607	4
26608	0
26610	2
26611	4
26612	2
26613	0
26614	2
26616	0
26617	0
26618	0
26621	1
26622	6
26623	7
26624	11
26625	0
26626	5
26627	4
26629	12
26630	1
26631	5
26633	1
26634	7
26635	0
26636	0
26637	0
26639	6
26640	4
26641	0
26646	8
26648	0
26650	5
26651	0
26652	2
26653	5
26654	6
26656	1
26657	0
26658	7
26659	0
26660	13
26661	9
26662	1
26663	0
26664	4
26665	3
26666	5
26668	0
26669	6
26670	0
26671	11
26672	6
26673	0
26674	3
26675	4
26676	1
26677	0
26679	3
26680	15
26682	10
26684	0
26685	3
26687	11
26688	2
26689	4
26690	17
26691	0
26692	6
26693	3
26694	0
26695	0
26697	1
26698	9
26699	3
26700	21
26701	0
26702	8
26704	1
26705	7
26707	2
26708	8
26710	1
26711	4
26712	0
26713	8
26714	4
26715	0
26716	2
26717	24
26718	3
26720	15
26721	0
26722	0
26724	4
26726	2
26727	6
26728	4
26729	6
26730	2
26731	11
26732	1
26733	3
26734	9
26735	4
26736	0
26737	8
26738	12
26739	8
26740	10
26741	2
26742	6
26743	0
26744	5
26745	8
26746	0
26747	2
26748	3
26749	2
26751	3
26753	2
26754	0
26755	6
26756	3
26757	6
26758	8
26759	9
26760	0
26761	11
26762	5
26763	1
26764	11
26765	0
26766	23
26767	2
26768	0
26770	10
26771	27
26772	0
26773	0
26775	2
26776	4
26777	6
26778	1
26779	3
26780	3
26781	20
26782	2
26783	10
26784	0
26786	2
26788	11
26789	0
26790	5
26791	13
26792	8
26793	2
26794	0
26795	4
26796	16
26797	10
26798	30
26799	12
26800	9
26801	2
26802	0
26803	0
26804	8
26805	19
26806	8
26807	7
26808	0
26810	4
26811	20
26813	0
26814	11
26816	2
26817	1
26818	0
26819	8
26820	0
26821	5
26822	0
26823	0
26825	2
26826	2
26827	3
26828	0
26829	0
26830	1
26832	9
26833	1
26834	2
26835	12
26836	1
26837	5
26838	0
26839	30
26840	0
26841	1
26842	3
26844	7
26845	8
26846	0
26847	0
26848	0
26850	14
26851	0
26852	0
26853	4
26854	6
26855	5
26856	0
26857	0
26858	0
26859	0
26860	0
26861	6
26862	0
26863	5
26864	8
26865	16
26866	4
26867	4
26868	0
26870	0
26871	0
26872	0
26873	2
26874	9
26875	2
26876	23
26877	0
26878	1
26879	0
26881	5
26882	14
26884	0
26885	7
26886	23
26888	0
26889	4
26891	3
26892	0
26893	5
26894	0
26895	1
26896	0
26897	0
26898	11
26899	11
26900	2
26901	9
26902	0
26903	6
26904	11
26905	0
26907	0
26908	0
26909	20
26910	4
26911	5
26913	1
26914	0
26915	6
26917	0
26918	3
26919	0
26920	7
26921	14
26922	0
26923	1
26925	4
26926	4
26927	23
26929	5
26930	11
26931	0
26932	0
26934	16
26935	1
26937	0
26938	15
26939	0
26940	5
26941	12
26942	4
26943	4
26944	8
26945	2
26946	20
26947	5
26948	0
26949	2
26950	1
26951	12
26952	20
26953	1
26954	19
26955	8
26956	2
26957	0
26958	21
26959	3
26960	13
26961	4
26962	7
26963	3
26964	1
26965	1
26966	0
26967	11
26969	2
26970	15
26971	0
26973	6
26974	5
26975	7
26976	7
26977	0
26978	4
26979	3
26980	4
26981	0
26982	3
26984	6
26985	2
26986	6
26989	0
26991	10
26992	1
26993	0
26994	12
26995	3
26996	7
26997	0
26998	0
26999	0
27000	7
27001	0
27002	0
27003	0
27004	2
27006	20
27008	5
27009	11
27011	6
27012	5
27013	0
27014	0
27015	11
27016	5
27017	14
27018	5
27019	0
27020	9
27022	4
27023	6
27026	0
27027	0
27028	11
27029	2
27030	17
27031	0
27032	2
27033	5
27034	5
27035	5
27036	20
27037	1
27038	0
27039	3
27041	15
27043	0
27044	0
27045	0
27046	13
27047	0
27048	2
27049	8
27050	16
27052	9
27054	18
27055	2
27056	10
27057	0
27058	0
27060	3
27062	2
27063	4
27064	0
27065	0
27066	1
27067	0
27068	8
27069	2
27070	9
27072	0
27073	4
27074	6
27075	3
27076	10
27077	29
27078	1
27080	6
27081	3
27082	12
27083	10
27084	0
27085	2
27086	0
27088	6
27089	9
27091	5
27092	1
27093	7
27094	5
27095	0
27096	11
27097	6
27098	14
27099	21
27100	7
27102	5
27103	6
27104	13
27105	12
27106	0
27107	1
27109	0
27110	12
27113	0
27114	8
27115	0
27116	4
27117	4
27118	0
27119	0
27120	14
27121	5
27123	1
27124	11
27125	0
27126	4
27127	7
27128	14
27129	22
27130	9
27131	8
27132	0
27133	26
27134	1
27135	18
27136	2
27137	0
27138	5
27139	8
27140	4
27141	0
27143	4
27144	2
27145	5
27146	7
27148	12
27149	1
27150	6
27151	0
27152	2
27153	17
27154	5
27155	0
27156	6
27158	16
27159	6
27160	0
27161	3
27163	0
27165	15
27166	13
27167	1
27168	16
27169	4
27170	1
27171	7
27172	2
27173	4
27174	3
27175	3
27176	4
27177	6
27178	8
27179	5
27180	12
27182	2
27184	10
27185	10
27186	1
27187	8
27188	0
27189	4
27190	4
27191	10
27192	7
27193	8
27194	9
27195	0
27197	0
27198	4
27199	0
27201	9
27202	12
27203	3
27204	0
27205	0
27206	8
27208	11
27209	0
27210	2
27211	4
27212	14
27213	13
27214	0
27215	0
27216	5
27217	10
27218	1
27219	9
27220	3
27221	7
27222	8
27223	1
27224	5
27225	0
27226	0
27227	0
27228	0
27229	0
27230	9
27231	0
27232	3
27233	12
27235	12
27236	9
27237	0
27238	0
27239	0
27240	3
27241	0
27242	4
27244	0
27245	2
27246	13
27247	17
27248	12
27250	9
27251	0
27252	0
27253	0
27254	13
27255	13
27256	3
27257	15
27258	0
27259	0
27260	4
27261	0
27263	0
27264	0
27265	5
27266	12
27267	9
27268	6
27269	0
27271	12
27272	8
27274	0
27275	0
27276	0
27277	2
27278	2
27279	17
27280	8
27281	0
27282	4
27283	5
27284	10
27285	4
27287	4
27288	14
27289	15
27290	2
27291	17
27294	0
27295	3
27297	9
27299	9
27300	4
27301	5
27302	4
27303	0
27304	0
27305	15
27306	9
27307	7
27308	0
27309	3
27310	3
27311	5
27312	1
27314	4
27315	13
27316	6
27317	0
27318	7
27319	4
27320	0
27321	3
27324	7
27325	8
27327	0
27328	2
27329	21
27330	1
27331	4
27332	0
27333	0
27334	10
27336	10
27337	24
27338	0
27339	0
27340	6
27341	0
27342	4
27343	0
27344	0
27345	2
27346	6
27347	4
27348	29
27349	23
27350	0
27351	1
27352	3
27353	0
27354	0
27355	10
27356	0
27357	4
27358	0
27359	1
27360	0
27361	11
27362	4
27363	7
27364	11
27365	6
27366	4
27367	0
27369	7
27371	5
27372	3
27373	7
27374	0
27375	1
27376	0
27377	2
27378	7
27379	7
27380	9
27381	3
27383	1
27385	0
27386	1
27388	2
27389	10
27390	0
27392	8
27393	2
27394	0
27397	6
27398	0
27399	1
27400	4
27402	0
27403	0
27404	2
27405	0
27406	20
27407	11
27410	1
27411	13
27412	1
27413	6
27414	3
27416	0
27417	1
27418	0
27419	17
27420	2
27421	9
27423	0
27425	1
27426	0
27427	2
27428	11
27430	2
27431	9
27432	1
27433	25
27434	4
27435	5
27436	4
27437	6
27438	1
27439	2
27440	4
27441	9
27442	4
27443	0
27445	1
27446	16
27447	0
27448	11
27449	5
27450	0
27451	2
27452	9
27453	4
27455	0
27456	4
27457	14
27458	3
27459	0
27461	15
27462	17
27463	0
27464	3
27465	3
27466	18
27467	1
27468	8
27469	6
27470	1
27471	8
27472	0
27473	3
27474	20
27475	7
27476	14
27477	8
27478	6
27479	19
27480	0
27481	8
27482	14
27483	0
27484	4
27486	6
27487	0
27488	2
27489	0
27490	12
27491	14
27492	2
27493	0
27494	0
27495	6
27496	13
27497	1
27498	1
27499	3
27500	3
27501	1
27502	7
27503	1
27504	0
27505	8
27506	0
27507	6
27508	10
27509	19
27510	0
27511	0
27512	7
27513	18
27514	5
27515	8
27516	11
27517	5
27519	0
27520	0
27521	13
27523	14
27525	0
27526	6
27527	13
27528	9
27529	6
27530	0
27531	3
27532	5
27533	2
27534	11
27535	0
27536	0
27537	8
27538	0
27539	0
27540	0
27541	29
27542	0
27544	1
27545	8
27546	1
27547	8
27548	4
27549	19
27550	0
27551	0
27552	14
27553	5
27554	6
27555	10
27556	3
27557	1
27558	12
27559	16
27561	5
27562	0
27563	5
27564	6
27565	0
27566	3
27567	0
27568	0
27569	0
27570	0
27571	0
27572	1
27573	0
27574	7
27575	6
27576	1
27577	0
27578	22
27579	9
27580	0
27582	2
27584	3
27585	2
27586	2
27587	0
27588	14
27590	0
27591	3
27595	1
27596	23
27597	10
27598	4
27600	0
27601	18
27602	8
27603	1
27604	1
27605	3
27607	0
27608	8
27610	0
27611	13
27612	14
27613	0
27614	4
27617	13
27619	5
27620	0
27621	13
27623	1
27624	0
27625	6
27627	8
27630	7
27631	3
27632	7
27633	1
27634	0
27637	5
27639	11
27640	3
27641	18
27643	7
27645	6
27646	1
27647	9
27648	5
27651	11
27653	1
27654	6
27655	4
27656	8
27657	6
27658	8
27660	2
27661	1
27662	8
27663	3
27664	0
27665	11
27666	8
27667	17
27668	20
27669	24
27670	3
27671	4
27673	1
27674	2
27676	29
27677	1
27678	2
27679	12
27680	0
27681	5
27682	22
27683	5
27684	0
27685	0
27686	6
27687	13
27688	0
27689	4
27690	0
27691	0
27693	32
27694	7
27696	4
27697	5
27698	5
27699	0
27700	0
27701	0
27702	0
27703	8
27704	9
27705	2
27706	0
27707	14
27709	2
27710	6
27711	0
27712	12
27713	0
27714	1
27715	1
27716	5
27717	9
27718	0
27719	0
27721	4
27722	1
27723	4
27724	0
27725	3
27726	0
27727	1
27728	2
27729	7
27730	3
27731	6
27732	1
27733	16
27734	0
27735	8
27736	19
27737	7
27738	0
27739	10
27740	5
27741	1
27742	0
27743	5
27744	0
27745	1
27746	3
27747	9
27748	6
27749	1
27750	8
27751	9
27752	8
27753	15
27754	4
27755	0
27756	6
27757	0
27758	2
27760	8
27761	6
27762	17
27763	2
27764	0
27765	5
27767	2
27768	0
27770	0
27771	9
27772	2
27773	0
27774	15
27776	0
27777	0
27778	16
27779	3
27781	0
27783	0
27784	3
27785	9
27786	2
27787	0
27788	2
27789	13
27790	11
27791	4
27792	8
27793	1
27794	0
27795	2
27796	0
27797	7
27798	3
27799	7
27800	5
27801	0
27802	16
27803	4
27804	20
27805	9
27806	2
27807	3
27808	4
27809	3
27810	15
27811	34
27812	15
27813	17
27814	6
27815	2
27816	13
27817	0
27818	0
27820	7
27821	6
27822	0
27823	9
27826	0
27827	5
27828	6
27829	5
27830	3
27831	3
27832	0
27833	6
27835	3
27836	0
27837	6
27838	18
27839	6
27840	0
27841	0
27842	11
27843	1
27844	0
27846	9
27847	7
27848	15
27849	0
27850	10
27851	6
27853	0
27854	5
27856	3
27857	0
27858	1
27859	0
27860	4
27862	6
27863	13
27864	4
27865	0
27866	0
27867	0
27868	6
27869	13
27870	6
27872	5
27873	0
27874	0
27875	10
27876	0
27878	5
27879	4
27880	5
27881	3
27882	0
27883	2
27884	2
27885	0
27886	5
27887	20
27888	5
27889	10
27890	2
27891	0
27892	7
27893	3
27894	0
27895	11
27897	0
27898	0
27899	4
27900	0
27901	6
27903	0
27904	3
27905	0
27906	9
27907	6
27910	6
27911	7
27912	2
27913	11
27914	2
27915	0
27916	5
27917	7
27918	1
27919	5
27920	0
27921	0
27922	2
27923	3
27925	5
27927	18
27928	4
27929	3
27930	0
27931	0
27932	2
27933	10
27934	8
27935	3
27936	9
27937	3
27938	7
27939	5
27940	14
27942	2
27943	8
27945	0
27946	6
27947	0
27948	6
27949	0
27950	1
27951	0
27953	0
27954	12
27955	0
27956	0
27957	0
27958	0
27959	1
27962	12
27966	2
27967	7
27968	0
27969	3
27970	6
27971	5
27973	1
27975	17
27977	8
27978	1
27980	0
27981	9
27982	2
27983	3
27984	5
27985	13
27986	11
27987	3
27988	1
27989	5
27990	2
27991	0
27992	0
27993	0
27994	6
27995	9
27996	10
27997	15
27998	3
27999	8
28000	0
28001	4
28003	0
28004	0
28005	0
28006	4
28007	0
28008	0
28009	3
28010	0
28011	0
28012	4
28014	5
28016	1
28017	1
28019	13
28020	2
28021	1
28022	1
28023	0
28024	3
28025	3
28026	1
28027	20
28028	4
28029	3
28030	0
28031	1
28032	0
28033	6
28034	0
28035	0
28037	8
28038	0
28039	0
28040	11
28041	12
28042	0
28043	0
28045	0
28046	1
28047	9
28048	3
28049	2
28050	4
28051	7
28052	0
28054	17
28055	4
28056	1
28057	14
28058	11
28060	9
28061	19
28062	1
28063	3
28064	15
28065	0
28066	7
28067	12
28068	0
28069	17
28070	1
28071	0
28072	1
28073	12
28074	1
28075	4
28076	11
28077	2
28078	10
28079	4
28080	0
28081	12
28082	3
28083	20
28084	15
28085	0
28086	0
28087	6
28088	0
28089	10
28090	9
28091	8
28093	7
28094	4
28095	0
28096	13
28097	13
28098	4
28099	3
28100	0
28101	0
28102	2
28103	4
28104	0
28105	5
28106	2
28107	7
28108	5
28109	3
28110	0
28111	4
28112	0
28114	3
28115	3
28116	4
28118	9
28119	10
28120	2
28122	5
28123	17
28125	2
28126	6
28127	0
28128	4
28130	13
28131	0
28132	8
28133	2
28134	2
28135	10
28136	0
28137	2
28138	7
28139	5
28140	5
28142	1
28143	4
28144	6
28145	0
28146	9
28147	0
28148	4
28149	3
28150	13
28151	0
28152	6
28153	2
28155	3
28156	0
28157	0
28158	0
28160	4
28161	1
28164	2
28165	0
28166	0
28167	0
28168	0
28169	2
28170	0
28171	2
28173	8
28175	7
28176	15
28177	0
28178	0
28179	8
28180	3
28181	1
28182	0
28183	16
28184	0
28185	15
28186	0
28187	5
28188	21
28189	0
28190	4
28191	6
28192	0
28193	3
28195	0
28196	3
28197	5
28198	3
28199	0
28200	4
28201	8
28202	0
28203	1
28204	0
28205	0
28206	0
28207	0
28209	1
28210	3
28212	0
28213	5
28214	1
28215	6
28216	0
28217	8
28218	2
28219	13
28220	9
28221	3
28222	2
28223	6
28224	18
28225	2
28226	9
28227	20
28228	0
28229	0
28230	1
28231	5
28232	2
28233	9
28234	9
28235	0
28236	3
28237	0
28238	2
28239	3
28240	0
28241	13
28242	1
28243	0
28244	5
28245	6
28246	0
28247	0
28248	0
28249	10
28250	0
28251	16
28252	2
28253	5
28254	4
28256	5
28257	10
28258	7
28260	0
28261	12
28262	12
28263	15
28264	9
28265	0
28266	10
28267	0
28268	9
28271	12
28272	0
28275	2
28276	5
28277	10
28278	7
28279	10
28282	3
28283	7
28284	0
28285	0
28287	4
28289	15
28290	9
28292	0
28293	5
28294	4
28295	4
28297	0
28298	9
28299	0
28300	17
28301	5
28302	11
28306	2
28307	13
28308	24
28309	1
28310	0
28311	1
28312	0
28313	1
28315	0
28316	4
28318	5
28319	0
28321	7
28322	14
28323	0
28324	0
28325	0
28326	10
28327	1
28328	0
28329	0
28330	0
28331	9
28332	0
28333	0
28334	4
28335	0
28336	17
28337	2
28338	1
28340	11
28341	0
28342	9
28343	5
28344	13
28345	16
28346	10
28347	2
28348	15
28349	10
28350	6
28351	3
28352	4
28353	5
28356	1
28357	4
28358	1
28359	4
28360	3
28361	1
28362	8
28363	3
28364	17
28365	4
28366	0
28367	9
28368	0
28369	6
28370	0
28372	7
28373	3
28374	3
28375	5
28376	0
28377	1
28378	16
28379	3
28380	4
28381	22
28382	0
28383	8
28384	5
28385	0
28386	13
28387	15
28388	0
28389	3
28390	0
28391	7
28392	6
28393	5
28394	4
28395	0
28396	0
28397	1
28398	4
28399	11
28400	22
28401	17
28404	4
28406	15
28407	0
28409	17
28410	1
28411	14
28412	1
28413	6
28414	15
28415	17
28416	1
28417	3
28418	0
28419	12
28420	0
28421	0
28423	6
28424	0
28425	0
28426	13
28429	10
28430	0
28431	2
28432	4
28433	21
28434	12
28435	18
28436	4
28437	4
28438	8
28439	3
28440	9
28441	13
28442	4
28443	19
28444	0
28445	0
28446	2
28447	0
28448	0
28449	11
28450	1
28451	4
28452	1
28454	8
28455	6
28456	18
28457	1
28458	8
28459	0
28460	1
28461	0
28462	9
28463	4
28464	3
28466	0
28467	0
28468	0
28469	7
28470	1
28471	3
28474	2
28475	0
28476	11
28477	2
28478	1
28480	0
28481	19
28482	4
28483	0
28484	4
28485	7
28488	0
28489	6
28490	2
28492	5
28493	7
28494	5
28495	8
28496	4
28497	0
28498	0
28499	9
28500	2
28501	0
28502	9
28503	15
28504	4
28505	12
28506	3
28508	0
28509	8
28510	14
28511	1
28512	2
28513	17
28514	0
28516	1
28517	4
28518	6
28519	4
28520	0
28521	2
28522	1
28523	5
28524	5
28525	2
28526	5
28527	25
28529	1
28530	0
28531	1
28533	17
28534	0
28535	1
28536	27
28537	9
28539	8
28540	1
28542	1
28543	18
28544	5
28545	1
28546	0
28547	12
28548	0
28550	7
28552	0
28553	6
28554	2
28555	5
28557	0
28558	1
28560	7
28561	8
28562	2
28564	10
28566	4
28567	8
28568	11
28570	2
28571	0
28574	0
28576	4
28578	21
28579	1
28580	10
28581	2
28582	0
28583	15
28584	0
28585	0
28586	9
28587	7
28588	0
28589	1
28590	12
28592	8
28593	7
28594	20
28595	10
28597	0
28598	2
28599	0
28600	1
28601	1
28603	6
28604	5
28605	0
28606	6
28607	0
28608	7
28609	7
28610	0
28611	0
28612	3
28613	6
28614	4
28615	0
28616	4
28618	15
28619	4
28620	6
28621	3
28622	7
28623	9
28626	15
28627	7
28632	8
28633	0
28634	7
28636	5
28637	0
28638	2
28639	13
28640	16
28641	5
28642	5
28643	2
28644	3
28645	7
28646	15
28648	0
28649	5
28651	0
28652	13
28653	0
28654	6
28656	2
28657	2
28658	0
28660	2
28661	5
28662	1
28663	0
28664	0
28665	3
28666	0
28667	4
28669	7
28670	0
28672	7
28673	14
28674	6
28675	6
28676	0
28677	3
28678	0
28679	0
28680	0
28682	6
28683	0
28684	1
28686	8
28687	20
28689	6
28691	0
28692	0
28693	6
28694	6
28697	7
28698	6
28701	4
28702	0
28703	7
28704	6
28705	9
28706	0
28708	9
28710	0
28711	0
28712	0
28713	1
28714	4
28715	1
28716	4
28718	0
28719	2
28720	0
28721	8
28722	0
28723	0
28724	14
28725	0
28726	4
28727	4
28728	6
28729	14
28730	0
28731	0
28732	0
28733	2
28734	1
28735	7
28737	3
28738	2
28742	1
28743	0
28744	12
28746	7
28747	10
28748	6
28749	4
28750	13
28751	31
28752	6
28753	2
28755	0
28757	12
28758	13
28759	0
28761	23
28762	8
28763	0
28764	1
28765	0
28766	3
28767	0
28768	6
28769	7
28770	0
28772	0
28773	15
28774	11
28775	7
28776	2
28777	0
28778	5
28779	6
28780	2
28781	41
28782	8
28784	9
28785	2
28786	1
28788	0
28789	0
28790	4
28791	8
28793	0
28794	7
28795	0
28796	0
28797	2
28798	4
28799	10
28800	1
28801	6
28802	25
28803	0
28804	6
28805	8
28807	0
28808	12
28809	6
28810	1
28811	11
28813	0
28814	2
28815	6
28816	9
28817	5
28818	0
28819	0
28820	2
28821	6
28822	1
28824	0
28825	6
28826	2
28827	15
28828	4
28829	14
28830	1
28832	1
28833	4
28834	0
28835	2
28836	8
28837	5
28838	5
28839	4
28840	3
28841	0
28842	13
28843	4
28844	5
28845	37
28846	0
28849	0
28850	0
28851	13
28852	0
28853	7
28855	3
28856	13
28857	7
28858	0
28859	7
28861	5
28863	13
28865	1
28866	1
28867	3
28868	0
28869	3
28870	11
28871	8
28872	19
28873	11
28874	16
28875	0
28876	0
28877	10
28879	2
28881	0
28883	1
28884	0
28886	0
28887	1
28888	15
28889	9
28890	8
28891	5
28892	0
28893	0
28894	15
28895	0
28896	3
28897	0
28898	0
28899	0
28900	11
28901	4
28902	5
28903	27
28904	6
28905	1
28906	4
28907	5
28908	20
28909	12
28911	0
28912	9
28914	3
28915	8
28916	0
28917	3
28918	5
28919	0
28920	14
28921	5
28922	0
28923	9
28924	8
28925	16
28926	10
28927	3
28928	6
28929	11
28930	7
28931	25
28932	1
28933	3
28934	3
28935	11
28936	6
28937	5
28938	2
28939	2
28940	1
28941	1
28942	6
28943	10
28944	30
28945	5
28946	20
28947	14
28948	2
28949	0
28950	6
28951	0
28952	1
28953	0
28954	0
28955	0
28956	0
28957	2
28958	16
28960	7
28961	5
28962	6
28963	0
28964	11
28965	12
28967	0
28968	28
28969	7
28970	7
28971	15
28972	3
28973	0
28974	0
28975	11
28976	0
28977	5
28978	8
28979	5
28980	1
28981	10
28982	6
28985	6
28986	16
28987	7
28988	12
28989	1
28990	5
28991	2
28992	0
28994	1
28996	4
28997	14
28998	5
28999	6
29000	4
29001	0
29002	4
29004	6
29006	11
29007	8
29009	5
29010	10
29011	4
29012	1
29013	0
29014	4
29015	1
29016	1
29018	3
29019	1
29020	13
29021	11
29022	3
29023	6
29024	6
29025	5
29026	15
29027	5
29028	0
29029	4
29030	2
29031	13
29032	7
29033	0
29034	12
29035	0
29037	10
29038	6
29039	5
29040	7
29041	3
29042	5
29044	0
29045	14
29046	5
29047	9
29048	17
29049	0
29050	0
29051	3
29052	0
29054	6
29055	0
29056	1
29057	2
29058	0
29059	0
29060	4
29061	12
29062	1
29064	9
29066	11
29067	20
29068	3
29069	1
29070	3
29071	15
29072	13
29074	4
29075	2
29076	14
29077	20
29078	0
29080	12
29081	14
29082	2
29083	5
29084	0
29085	10
29086	22
29087	0
29089	0
29090	0
29091	2
29092	6
29093	5
29094	11
29095	0
29096	9
29097	6
29099	0
29100	1
29101	9
29102	11
29103	10
29104	0
29105	0
29106	11
29107	3
29108	28
29109	13
29110	11
29111	5
29112	4
29113	6
29114	27
29115	10
29116	0
29117	1
29118	0
29119	0
29120	4
29121	8
29122	1
29123	0
29124	3
29125	0
29126	4
29127	8
29128	11
29130	0
29131	15
29132	0
29133	3
29134	0
29135	0
29136	5
29137	4
29139	8
29140	6
29141	1
29142	15
29143	5
29144	7
29145	16
29146	1
29147	1
29149	7
29150	4
29152	3
29153	0
29154	10
29155	5
29157	8
29158	15
29159	1
29160	17
29161	4
29162	0
29163	1
29164	11
29165	4
29166	0
29167	20
29168	4
29169	0
29170	0
29171	0
29172	0
29173	5
29174	1
29175	7
29176	0
29177	8
29178	2
29179	8
29180	3
29181	2
29182	8
29183	0
29185	6
29186	0
29187	0
29188	5
29189	29
29190	2
29191	21
29192	0
29193	4
29194	3
29195	0
29196	0
29197	5
29198	0
29199	9
29200	17
29201	3
29202	18
29203	1
29204	0
29205	0
29206	3
29207	0
29208	4
29209	5
29210	0
29211	18
29212	0
29214	4
29215	2
29216	5
29217	6
29218	5
29219	5
29221	1
29222	1
29223	1
29224	20
29226	0
29227	4
29228	3
29229	1
29230	1
29231	5
29232	0
29233	4
29234	0
29235	3
29236	2
29238	0
29239	1
29240	4
29242	12
29243	6
29245	4
29246	2
29247	0
29248	0
29249	4
29251	2
29252	5
29253	6
29254	9
29255	0
29256	4
29257	3
29258	5
29259	2
29260	2
29261	7
29262	6
29263	4
29264	4
29265	20
29266	0
29267	0
29268	7
29269	1
29270	0
29271	0
29272	3
29274	3
29275	0
29276	0
29277	6
29278	3
29280	0
29282	5
29283	11
29285	13
29286	10
29288	1
29289	0
29290	11
29291	0
29293	0
29294	0
29295	4
29296	3
29297	0
29298	0
29299	0
29300	6
29301	2
29302	0
29304	3
29305	12
29306	4
29307	0
29308	17
29310	0
29311	11
29312	2
29315	4
29316	0
29317	3
29318	19
29319	0
29320	4
29321	4
29322	13
29323	8
29324	0
29325	5
29327	5
29328	10
29329	8
29330	0
29331	0
29332	7
29333	4
29334	3
29335	0
29336	0
29337	0
29338	2
29339	2
29340	11
29342	0
29343	6
29345	2
29347	7
29348	0
29349	14
29350	6
29351	8
29352	8
29353	0
29354	0
29355	0
29356	14
29357	0
29358	7
29359	0
29360	0
29361	0
29362	6
29363	8
29364	4
29365	1
29366	9
29367	2
29368	0
29369	2
29370	11
29371	0
29372	1
29373	0
29375	6
29376	14
29377	2
29378	1
29379	4
29380	0
29381	3
29382	0
29383	2
29384	6
29385	17
29386	16
29387	11
29388	6
29390	5
29391	3
29392	11
29393	9
29394	13
29396	4
29397	1
29398	4
29399	6
29400	12
29401	10
29402	12
29403	0
29404	12
29406	7
29407	3
29409	7
29410	5
29412	3
29413	3
29414	3
29416	1
29417	3
29418	7
29419	5
29420	0
29421	11
29422	8
29424	5
29425	6
29426	7
29427	0
29428	0
29429	13
29430	0
29431	0
29432	12
29433	9
29434	5
29436	7
29437	3
29440	0
29443	0
29444	19
29445	5
29447	0
29448	5
29449	0
29451	10
29452	3
29453	2
29454	11
29455	2
29456	1
29457	14
29459	4
29460	0
29461	13
29463	1
29464	2
29465	0
29467	6
29468	22
29469	8
29471	0
29472	6
29473	16
29474	9
29475	0
29476	12
29477	8
29478	3
29479	18
29480	1
29483	7
29484	1
29485	18
29486	13
29487	3
29488	3
29489	3
29490	0
29491	1
29492	5
29493	1
29494	1
29495	0
29496	0
29498	27
29500	3
29501	2
29502	19
29505	18
29506	7
29507	1
29508	5
29509	0
29510	7
29511	1
29512	16
29513	0
29514	5
29516	3
29517	9
29518	1
29519	6
29521	0
29522	0
29523	1
29524	0
29525	10
29526	4
29527	0
29528	4
29529	9
29531	3
29532	0
29533	5
29534	0
29535	0
29536	9
29537	0
29538	4
29539	4
29540	0
29541	12
29542	2
29543	6
29546	14
29547	0
29548	10
29549	0
29550	17
29551	1
29552	5
29553	7
29554	12
29555	14
29556	23
29557	6
29559	3
29560	1
29562	6
29563	0
29564	2
29566	2
29567	9
29568	0
29569	5
29570	0
29571	8
29572	7
29573	1
29574	6
29575	5
29576	0
29577	4
29578	4
29579	1
29581	0
29582	0
29583	1
29584	4
29585	0
29586	15
29587	2
29590	27
29591	7
29592	0
29593	2
29594	7
29595	0
29596	21
29598	13
29599	17
29600	6
29601	3
29602	0
29603	7
29605	20
29606	6
29607	0
29609	1
29610	0
29611	5
29612	3
29613	0
29614	4
29615	6
29616	0
29618	0
29619	4
29620	0
29621	3
29623	13
29624	3
29625	0
29626	3
29628	12
29629	2
29631	12
29632	6
29633	6
29634	18
29635	4
29637	11
29638	0
29639	0
29640	21
29641	6
29642	8
29643	13
29644	0
29645	0
29648	1
29649	0
29650	10
29651	16
29652	0
29653	4
29654	17
29655	0
29656	1
29657	28
29658	1
29659	0
29660	13
29661	2
29662	2
29663	27
29664	14
29665	8
29666	0
29667	0
29668	9
29669	0
29670	6
29672	12
29673	0
29675	6
29676	0
29677	0
29678	1
29680	1
29681	0
29682	5
29683	5
29684	0
29685	4
29686	14
29687	2
29689	6
29690	11
29691	1
29692	0
29694	0
29696	6
29697	0
29698	2
29699	2
29701	9
29702	2
29703	8
29705	0
29706	7
29707	6
29708	6
29709	4
29710	13
29711	0
29712	5
29713	0
29714	25
29715	2
29716	3
29718	2
29719	24
29720	8
29722	3
29723	17
29724	1
29725	7
29726	0
29727	0
29728	0
29729	0
29730	0
29734	4
29735	6
29736	3
29737	4
29738	7
29740	3
29741	6
29742	2
29744	13
29745	0
29746	8
29747	0
29748	8
29749	6
29750	0
29751	0
29752	3
29754	3
29755	4
29758	5
29759	1
29760	5
29761	6
29762	0
29763	0
29764	0
29765	0
29766	23
29767	1
29768	4
29769	9
29770	0
29771	13
29772	7
29773	0
29774	0
29775	22
29776	8
29777	9
29778	0
29779	1
29780	4
29781	0
29782	6
29783	19
29784	7
29786	0
29787	4
29788	12
29789	5
29790	1
29792	2
29793	3
29794	14
29795	8
29796	5
29797	3
29799	0
29800	0
29801	7
29802	0
29803	0
29807	6
29808	25
29810	28
29812	0
29813	10
29816	6
29817	4
29818	0
29819	6
29820	6
29823	4
29824	18
29825	8
29826	15
29827	11
29828	1
29829	17
29831	0
29832	5
29833	2
29834	0
29836	1
29837	6
29838	11
29839	3
29840	0
29841	0
29842	1
29845	6
29847	2
29848	3
29850	7
29851	2
29852	2
29853	8
29854	3
29855	8
29856	7
29857	0
29858	8
29859	5
29860	0
29861	0
29863	1
29864	1
29865	10
29867	1
29868	0
29869	2
29870	1
29871	11
29872	0
29873	2
29874	9
29875	4
29876	5
29877	0
29878	4
29879	3
29880	8
29881	1
29882	0
29883	2
29884	6
29885	9
29886	10
29887	3
29888	17
29889	0
29890	21
29891	7
29892	12
29893	0
29894	0
29895	5
29896	5
29899	0
29900	3
29901	10
29902	1
29903	2
29904	0
29905	17
29906	0
29907	0
29908	0
29910	0
29911	2
29912	0
29913	26
29914	13
29915	8
29916	3
29917	1
29918	0
29919	1
29922	0
29923	3
29924	5
29925	13
29926	0
29927	16
29928	5
29929	1
29930	0
29931	0
29933	10
29934	10
29935	6
29937	1
29938	0
29939	9
29940	8
29941	13
29945	5
29946	0
29947	31
29948	0
29949	0
29950	0
29951	1
29952	0
29953	21
29954	30
29955	0
29956	2
29957	1
29958	2
29959	1
29962	1
29963	6
29966	0
29970	10
29971	6
29972	3
29973	20
29974	9
29975	6
29976	0
29977	9
29978	0
29979	9
29980	2
29981	7
29982	4
29984	0
29985	2
29986	13
29987	14
29989	1
29990	0
29991	8
29992	3
29993	0
29994	3
29995	1
29996	0
29997	0
29998	4
29999	0
30000	1
30001	8
30002	4
30003	11
30004	0
30005	17
30006	0
30007	0
30008	11
30010	0
30011	2
30012	0
30013	1
30015	9
30016	7
30017	0
30018	6
30019	3
30021	0
30025	2
30026	22
30027	7
30029	2
30030	8
30031	0
30032	4
30033	0
30034	15
30035	4
30036	0
30037	0
30038	16
30039	3
30040	0
30041	18
30043	5
30044	5
30045	8
30046	2
30048	9
30049	9
30050	8
30051	3
30052	18
30053	0
30055	0
30058	0
30059	13
30060	7
30061	0
30062	6
30064	1
30065	6
30067	4
30068	2
30070	0
30072	0
30073	15
30074	0
30076	8
30077	0
30078	6
30079	8
30080	8
30081	0
30082	3
30083	0
30085	1
30086	10
30087	0
30088	18
30089	0
30090	1
30091	16
30093	7
30094	7
30095	8
30097	0
30098	2
30099	0
30100	0
30101	0
30102	9
30103	6
30105	0
30106	12
30107	0
30108	12
30109	11
30110	2
30111	0
30112	0
30113	4
30114	5
30115	17
30116	12
30118	1
30119	0
30120	13
30121	18
30122	5
30123	12
30124	4
30125	0
30127	7
30128	0
30129	0
30130	28
30131	0
30132	0
30133	0
30134	20
30135	8
30137	8
30139	2
30140	0
30142	5
30143	0
30144	0
30145	0
30146	4
30147	13
30148	23
30149	0
30150	20
30151	0
30153	1
30154	0
30155	3
30156	4
30157	5
30159	8
30160	1
30161	0
30162	7
30163	1
30164	3
30165	5
30166	5
30167	0
30168	8
30170	10
30171	15
30173	5
30174	11
30175	0
30176	0
30178	0
30179	0
30180	8
30182	6
30183	2
30184	0
30185	4
30186	4
30187	6
30189	0
30190	6
30191	5
30192	0
30193	0
30194	3
30195	2
30196	22
30197	0
30199	5
30200	0
30201	9
30202	2
30203	0
30204	0
30205	15
30206	2
30207	0
30208	4
30209	1
30210	8
30211	0
30212	0
30214	0
30215	16
30216	6
30218	2
30219	0
30220	0
30221	11
30222	11
30223	0
30224	12
30225	11
30226	0
30228	13
30229	10
30230	5
30231	2
30232	5
30233	0
30234	4
30235	0
30236	1
30237	13
30238	3
30239	2
30240	0
30241	0
30242	0
30244	4
30245	2
30246	0
30247	2
30248	6
30249	0
30250	0
30251	1
30253	4
30254	6
30255	5
30257	0
30258	5
30260	1
30261	0
30263	12
30264	1
30265	21
30266	10
30267	42
30268	0
30269	3
30271	4
30272	34
30273	1
30274	0
30275	8
30276	0
30277	9
30278	3
30280	0
30281	1
30282	4
30283	11
30284	0
30285	27
30286	0
30287	3
30288	0
30290	4
30292	10
30293	0
30294	0
30295	7
30296	5
30298	2
30299	4
30300	3
30301	1
30302	4
30303	23
30304	3
30305	2
30306	16
30307	9
30308	6
30309	13
30310	0
30311	5
30313	7
30314	0
30315	0
30316	1
30317	3
30318	11
30319	9
30320	12
30322	13
30323	5
30324	2
30325	2
30326	7
30328	24
30329	11
30330	3
30331	10
30332	1
30333	16
30334	16
30336	1
30337	9
30338	8
30339	14
30341	12
30342	5
30343	0
30344	6
30345	9
30346	1
30347	14
30348	1
30349	0
30350	20
30351	6
30352	0
30353	1
30354	4
30355	18
30357	19
30358	3
30359	2
30360	6
30362	15
30363	1
30364	10
30365	0
30366	0
30367	9
30368	25
30369	8
30370	0
30371	3
30372	12
30373	6
30374	2
30376	6
30377	17
30378	13
30379	2
30380	3
30381	6
30382	2
30383	15
30384	9
30385	0
30386	0
30388	17
30389	9
30390	3
30391	3
30392	3
30393	8
30394	0
30395	6
30396	0
30397	0
30398	1
30399	1
30400	12
30401	3
30402	0
30403	18
30404	12
30405	0
30407	1
30408	4
30409	10
30410	2
30411	0
30412	29
30413	4
30414	5
30416	10
30417	4
30418	0
30419	8
30420	0
30422	5
30424	6
30425	0
30426	1
30427	0
30429	14
30430	0
30431	1
30432	44
30433	3
30434	7
30436	3
30437	27
30439	0
30440	11
30441	14
30442	10
30443	4
30445	0
30446	3
30447	3
30448	6
30449	1
30450	20
30451	4
30452	0
30453	5
30454	7
30455	14
30457	0
30458	12
30459	0
30460	11
30461	2
30462	0
30463	7
30464	4
30465	12
30467	3
30468	0
30469	12
30470	0
30472	9
30473	6
30474	7
30475	2
30476	0
30477	12
30478	6
30479	9
30480	0
30481	3
30484	3
30485	3
30486	11
30487	0
30488	1
30490	2
30491	8
30492	2
30493	0
30494	13
30495	0
30496	1
30497	0
30498	19
30499	4
30500	2
30502	5
30504	1
30505	5
30506	11
30507	8
30508	0
30509	2
30510	3
30511	3
30512	2
30513	0
30514	11
30515	4
30516	12
30518	3
30520	0
30521	3
30522	5
30523	2
30524	0
30525	12
30526	3
30527	0
30528	4
30529	7
30530	0
30531	3
30532	8
30534	0
30535	3
30536	14
30537	4
30538	0
30539	7
30540	0
30541	10
30543	3
30544	8
30546	3
30547	2
30548	2
30549	14
30550	0
30551	6
30553	5
30554	5
30555	10
30556	4
30557	19
30559	4
30560	10
30561	6
30562	4
30563	0
30564	0
30565	3
30566	0
30568	9
30570	16
30572	6
30573	15
30574	7
30575	0
30576	0
30577	21
30578	10
30579	5
30580	0
30581	0
30584	3
30585	17
30587	7
30589	14
30591	5
30592	6
30593	4
30594	0
30595	0
30597	0
30599	10
30600	0
30601	1
30602	16
30603	8
30604	4
30605	20
30606	3
30608	12
30609	6
30610	2
30612	10
30613	0
30614	11
30615	20
30616	7
30617	16
30618	10
30619	6
30620	5
30621	1
30622	3
30623	3
30624	0
30625	4
30628	3
30629	4
30630	0
30632	0
30633	4
30634	5
30636	12
30637	3
30638	10
30639	0
30640	3
30641	3
30642	0
30643	3
30644	4
30646	8
30648	10
30649	3
30650	18
30651	8
30653	21
30654	0
30655	0
30656	0
30657	1
30658	8
30659	4
30660	16
30661	4
30662	0
30663	1
30664	0
30665	0
30666	2
30667	1
30668	7
30670	1
30672	0
30673	0
30674	5
30675	11
30676	0
30677	1
30678	0
30679	4
30680	7
30682	0
30683	0
30684	13
30685	0
30686	0
30687	0
30688	0
30689	13
30690	0
30692	1
30693	0
30694	21
30695	17
30696	2
30697	4
30698	8
30699	27
30700	0
30701	3
30702	17
30703	7
30705	0
30706	8
30707	0
30708	3
30709	0
30710	14
30711	5
30712	11
30713	6
30714	1
30715	0
30716	8
30717	0
30718	11
30719	5
30720	3
30721	2
30723	0
30726	2
30727	5
30728	0
30729	12
30730	2
30731	5
30732	14
30733	0
30734	1
30735	8
30736	3
30738	0
30739	5
30740	8
30742	1
30743	3
30744	11
30746	6
30747	15
30749	2
30750	1
30751	0
30752	6
30753	0
30754	5
30755	7
30756	28
30757	2
30758	8
30759	5
30760	0
30761	7
30762	0
30763	18
30764	1
30765	7
30766	0
30767	2
30768	3
30769	0
30770	2
30771	13
30772	9
30773	7
30774	1
30775	0
30776	3
30777	0
30778	5
30779	17
30780	0
30781	0
30782	0
30783	1
30784	4
30785	1
30786	6
30787	5
30788	0
30789	13
30790	3
30791	1
30792	9
30793	2
30795	0
30796	0
30797	7
30799	0
30800	18
30802	10
30803	0
30804	4
30805	0
30806	0
30807	9
30808	13
30810	0
30811	20
30812	9
30813	3
30814	1
30816	7
30817	1
30818	8
30819	1
30820	7
30821	0
30822	1
30823	6
30825	2
30826	1
30827	5
30828	0
30829	7
30830	0
30832	0
30833	7
30834	5
30835	0
30836	2
30837	2
30838	9
30839	13
30840	0
30841	8
30842	4
30844	4
30845	5
30846	8
30847	4
30848	0
30849	0
30850	3
30851	0
30852	0
30853	10
30854	6
30855	0
30856	0
30857	7
30858	0
30859	0
30860	2
30861	0
30862	0
30863	5
30864	21
30865	9
30866	0
30867	1
30868	3
30869	16
30871	8
30872	7
30873	1
30874	0
30875	5
30876	3
30877	2
30878	8
30880	0
30882	0
30883	5
30885	9
30886	5
30887	5
30888	6
30889	0
30890	0
30892	0
30893	0
30894	22
30895	6
30896	22
30897	3
30898	2
30899	0
30900	5
30901	21
30902	3
30903	9
30905	0
30906	19
30907	14
30908	2
30909	22
30910	0
30911	13
30913	19
30914	1
30916	5
30917	0
30920	0
30921	4
30922	4
30923	15
30924	12
30926	0
30927	0
30929	3
30930	4
30932	4
30933	0
30934	0
30935	11
30936	2
30937	0
30938	0
30939	0
30940	14
30941	27
30942	0
30943	6
30944	1
30945	0
30946	4
30947	0
30950	5
30951	0
30952	0
30954	5
30955	7
30957	1
30958	7
30959	4
30961	8
30962	5
30963	6
30964	15
30965	8
30966	1
30967	11
30968	9
30969	0
30970	1
30971	4
30972	0
30973	6
30974	7
30976	1
30977	2
30978	4
30979	2
30980	13
30981	9
30982	3
30983	2
30984	5
30985	11
30986	1
30987	30
30989	0
30990	4
30991	11
30992	1
30993	9
30996	4
30997	5
30999	9
31000	0
31001	12
31002	7
31004	10
31006	0
31008	11
31009	1
31010	24
31011	7
31012	0
31013	0
31014	11
31015	22
31016	4
31018	2
31019	13
31020	6
31021	6
31022	10
31023	3
31024	5
31025	7
31028	6
31029	5
31030	2
31031	15
31032	3
31033	0
31034	5
31035	4
31037	17
31038	1
31039	4
31040	0
31042	4
31043	5
31045	1
31046	17
31047	3
31049	6
31050	11
31051	7
31052	11
31055	0
31056	8
31057	5
31058	2
31059	0
31060	7
31061	3
31062	0
31063	2
31064	6
31065	15
31066	6
31067	1
31068	0
31069	9
31070	11
31071	0
31072	18
31073	0
31074	2
31075	0
31076	7
31077	26
31078	0
31079	6
31080	0
31083	0
31084	0
31085	0
31086	9
31087	0
31088	8
31089	16
31090	2
31091	0
31093	0
31094	8
31095	0
31096	17
31097	16
31098	5
31099	6
31100	4
31101	0
31102	9
31103	3
31104	2
31107	0
31108	4
31109	2
31110	4
31111	10
31112	8
31113	0
31114	1
31115	0
31116	4
31117	17
31118	13
31119	0
31120	4
31121	0
31123	4
31124	4
31125	0
31126	8
31127	7
31128	1
31129	0
31130	15
31131	4
31134	1
31135	2
31136	0
31137	29
31138	1
31139	3
31140	7
31141	10
31144	8
31145	4
31146	0
31147	0
31148	3
31149	12
31150	0
31151	0
31152	6
31154	20
31155	21
31157	0
31158	1
31159	8
31160	7
31161	1
31162	3
31163	3
31164	2
31166	0
31167	7
31168	3
31169	16
31170	0
31172	5
31173	0
31176	9
31177	5
31178	1
31180	8
31181	24
31182	3
31183	0
31184	4
31185	0
31186	11
31187	10
31188	11
31193	4
31194	11
31195	4
31196	4
31197	4
31198	2
31201	5
31202	0
31203	6
31204	8
31207	16
31208	5
31209	0
31211	8
31212	12
31213	0
31214	0
31215	0
31216	14
31217	0
31218	1
31219	13
31220	1
31221	0
31222	12
31223	3
31224	0
31225	0
31226	3
31227	0
31229	5
31230	5
31231	1
31232	2
31233	0
31234	2
31236	8
31237	2
31238	15
31239	9
31240	0
31241	5
31242	10
31243	1
31244	1
31245	9
31246	3
31247	3
31248	15
31249	12
31250	0
31251	1
31252	18
31253	8
31254	3
31255	13
31256	0
31258	0
31259	9
31260	0
31261	6
31262	19
31263	8
31264	10
31265	3
31267	11
31268	2
31269	0
31270	0
31273	0
31274	7
31275	1
31276	14
31277	3
31278	3
31279	2
31280	12
31281	0
31282	0
31284	12
31285	0
31286	0
31287	6
31288	6
31289	10
31290	2
31292	0
31293	7
31295	1
31296	2
31298	1
31299	0
31300	3
31301	0
31302	7
31303	0
31304	18
31305	0
31306	2
31308	1
31311	0
31312	14
31313	0
31314	0
31316	7
31317	3
31320	0
31321	6
31322	2
31323	3
31325	3
31326	7
31327	2
31329	13
31330	0
31331	2
31332	14
31334	20
31335	0
31337	4
31340	10
31341	0
31342	0
31343	0
31344	6
31346	2
31347	9
31348	12
31353	1
31354	0
31355	6
31356	6
31357	1
31358	0
31360	3
31361	6
31362	1
31363	4
31364	11
31366	0
31367	0
31368	1
31370	3
31371	5
31372	0
31373	3
31374	2
31375	0
31376	10
31377	14
31378	4
31379	1
31380	15
31381	2
31382	0
31383	1
31384	7
31387	8
31388	2
31390	7
31391	18
31392	11
31393	9
31394	2
31395	16
31396	0
31398	3
31399	0
31400	1
31401	0
31402	7
31403	0
31405	0
31406	7
31407	1
31408	23
31409	6
31410	0
31411	0
31412	10
31413	0
31414	11
31415	7
31416	16
31417	5
31418	1
31419	0
31422	7
31423	0
31424	12
31425	11
31426	0
31427	12
31428	0
31429	7
31430	7
31431	3
31433	12
31434	0
31435	10
31436	2
31437	0
31438	4
31440	10
31441	11
31442	2
31443	0
31444	0
31445	0
31446	0
31447	1
31448	8
31450	11
31451	1
31453	4
31455	5
31456	5
31457	0
31458	3
31459	8
31460	0
31461	0
31462	5
31463	5
31464	0
31465	0
31466	3
31467	17
31468	1
31469	2
31470	0
31471	15
31472	4
31473	12
31474	5
31476	2
31477	6
31478	0
31479	0
31480	7
31483	10
31484	8
31485	3
31486	0
31487	13
31488	13
31490	3
31491	9
31492	0
31494	0
31495	9
31496	0
31497	5
31499	5
31500	1
31501	15
31502	7
31503	7
31504	0
31505	0
31506	8
31507	12
31509	7
31510	7
31511	15
31512	2
31513	1
31514	7
31515	4
31516	2
31517	0
31518	7
31519	8
31521	0
31522	1
31523	0
31524	18
31525	0
31526	6
31527	7
31528	1
31529	3
31530	19
31532	14
31533	2
31534	1
31535	16
31536	3
31537	11
31538	5
31540	12
31541	24
31542	12
31543	5
31544	2
31545	0
31546	12
31548	0
31550	0
31551	8
31552	18
31553	0
31554	6
31555	5
31556	1
31560	3
31562	16
31563	0
31564	7
31565	8
31567	12
31570	10
31571	0
31573	9
31575	1
31576	0
31577	4
31578	0
31579	4
31580	0
31581	0
31582	12
31583	7
31584	0
31585	10
31586	3
31587	4
31589	2
31590	1
31591	0
31592	4
31594	9
31596	0
31597	7
31598	9
31599	4
31601	0
31602	0
31603	25
31604	1
31605	0
31607	5
31608	9
31610	8
31612	7
31614	0
31615	15
31616	10
31617	6
31618	1
31619	0
31620	3
31622	6
31623	4
31624	0
31625	3
31626	2
31627	0
31628	3
31629	0
31630	17
31631	21
31632	5
31633	0
31634	3
31635	6
31636	4
31637	0
31638	0
31639	6
31640	4
31642	3
31643	0
31644	0
31645	0
31646	1
31647	11
31648	19
31650	0
31651	12
31652	3
31653	6
31654	0
31655	2
31656	0
31658	2
31660	11
31662	9
31663	12
31664	6
31665	7
31666	13
31667	11
31668	0
31669	0
31670	10
31671	5
31672	0
31673	0
31674	1
31675	0
31676	3
31678	0
31679	0
31680	0
31681	4
31682	0
31683	2
31685	16
31686	1
31687	1
31688	0
31689	1
31690	0
31691	11
31692	5
31693	0
31695	5
31696	4
31697	0
31698	1
31699	1
31700	3
31701	6
31702	0
31703	5
31704	0
31705	20
31706	11
31707	4
31708	0
31709	5
31710	12
31711	5
31712	0
31713	1
31714	2
31715	13
31717	0
31718	0
31719	0
31720	0
31721	9
31722	2
31724	8
31725	7
31726	3
31728	0
31729	13
31730	37
31731	1
31732	0
31733	4
31734	1
31735	2
31737	8
31738	9
31739	4
31740	0
31742	23
31743	0
31745	0
31746	7
31748	5
31749	9
31750	2
31751	8
31752	4
31753	4
31754	16
31755	0
31756	6
31757	1
31758	0
31760	0
31761	4
31762	15
31763	0
31764	6
31765	7
31766	13
31767	5
31768	3
31769	0
31770	7
31771	0
31772	12
31773	0
31774	7
31775	4
31776	0
31777	12
31778	23
31780	0
31781	4
31782	0
31783	9
31784	15
31786	5
31788	10
31790	0
31791	0
31792	4
31793	8
31796	2
31797	0
31798	4
31800	0
31801	10
31802	2
31803	7
31804	0
31805	4
31807	1
31808	6
31809	8
31810	11
31812	2
31813	4
31814	4
31815	11
31816	3
31817	1
31819	9
31820	1
31821	0
31822	6
31823	0
31824	0
31826	4
31827	13
31828	0
31829	2
31830	1
31831	15
31832	0
31833	6
31834	3
31835	15
31836	19
31837	10
31839	11
31840	3
31841	4
31842	20
31843	7
31844	1
31846	3
31847	5
31848	22
31850	15
31853	5
31854	0
31855	5
31856	10
31857	4
31858	21
31859	4
31860	10
31861	3
31862	4
31863	1
31864	25
31865	9
31866	5
31867	11
31868	40
31869	17
31870	0
31871	0
31872	0
31873	0
31874	0
31875	1
31876	11
31877	0
31878	9
31879	0
31882	0
31883	4
31884	3
31885	2
31886	9
31887	15
31889	14
31890	15
31891	8
31892	20
31893	1
31894	9
31895	0
31896	8
31897	5
31898	17
31899	0
31901	13
31902	0
31903	0
31904	1
31905	19
31906	8
31907	9
31908	0
31909	19
31910	7
31911	3
31913	0
31914	8
31915	0
31916	11
31917	8
31918	0
31920	6
31921	9
31922	3
31923	0
31924	3
31925	3
31927	16
31928	4
31930	0
31931	2
31932	3
31933	3
31934	0
31935	1
31936	1
31937	8
31938	1
31939	6
31940	0
31941	9
31942	11
31943	0
31944	4
31945	4
31946	8
31947	18
31948	2
31950	9
31951	5
31952	4
31953	13
31954	0
31955	0
31956	15
31957	16
31958	3
31959	2
31962	20
31963	18
31967	9
31968	5
31969	3
31970	5
31971	0
31972	0
31973	1
31974	15
31975	1
31976	4
31977	15
31978	0
31980	0
31981	0
31982	1
31983	0
31984	0
31986	10
31987	2
31988	1
31989	2
31990	8
31991	10
31992	0
31993	21
31995	6
31996	12
31997	15
31998	16
31999	7
32000	12
32001	9
32002	0
32003	9
32004	6
32005	10
32006	2
32007	0
32008	15
32009	0
32010	0
32011	8
32012	0
32013	0
32014	10
32015	12
32016	7
32017	35
32019	9
32020	5
32021	0
32022	0
32024	9
32026	3
32027	0
32028	3
32029	4
32030	2
32032	0
32033	11
32034	1
32035	2
32036	1
32037	2
32038	1
32039	11
32040	18
32041	3
32042	8
32043	5
32044	8
32045	8
32046	0
32048	6
32049	2
32051	10
32052	1
32054	0
32055	1
32056	0
32057	1
32058	9
32059	23
32060	0
32061	0
32062	1
32065	1
32066	3
32067	3
32068	3
32069	4
32070	12
32072	5
32073	3
32075	3
32076	13
32077	0
32078	9
32079	3
32080	0
32081	24
32082	0
32083	2
32084	11
32086	10
32087	0
32088	0
32089	1
32090	0
32091	0
32093	11
32094	5
32095	0
32097	4
32098	5
32100	19
32101	9
32103	8
32104	0
32105	3
32106	1
32107	2
32108	14
32109	5
32110	4
32112	0
32113	0
32114	2
32116	0
32117	7
32118	5
32119	0
32120	3
32121	5
32122	3
32123	6
32124	6
32125	6
32126	17
32127	0
32128	6
32129	0
32130	8
32131	1
32132	23
32135	2
32136	0
32137	1
32138	0
32139	2
32141	13
32142	0
32143	0
32144	5
32145	4
32146	4
32147	0
32148	9
32149	0
32150	1
32151	3
32152	7
32153	2
32155	0
32156	0
32157	2
32159	16
32160	15
32161	2
32162	0
32163	2
32164	10
32165	33
32166	10
32167	10
32168	0
32169	0
32170	1
32171	8
32172	7
32173	11
32174	0
32175	20
32176	7
32178	10
32179	13
32180	11
32181	4
32182	17
32184	5
32185	1
32186	15
32187	4
32188	4
32189	0
32190	6
32191	9
32192	2
32193	0
32194	10
32195	4
32196	4
32197	12
32198	4
32199	8
32201	0
32202	2
32203	4
32204	12
32206	20
32207	11
32208	0
32209	16
32210	10
32212	2
32213	20
32214	10
32215	0
32216	4
32217	2
32218	3
32219	7
32220	5
32221	0
32222	1
32223	0
32224	1
32225	0
32226	0
32227	0
32228	3
32229	10
32231	1
32233	13
32234	3
32235	0
32236	23
32237	0
32238	15
32239	1
32240	10
32241	5
32242	1
32243	30
32244	0
32245	1
32246	5
32247	3
32248	0
32249	22
32250	1
32251	3
32252	0
32253	0
32254	0
32255	3
32256	17
32258	3
32259	0
32261	14
32262	0
32263	11
32264	1
32265	4
32266	0
32267	5
32268	22
32269	10
32270	11
32273	1
32274	0
32275	8
32276	1
32277	9
32278	12
32279	9
32283	4
32284	6
32286	13
32287	0
32288	18
32289	0
32290	4
32291	8
32293	0
32295	0
32296	18
32297	0
32298	2
32299	2
32300	0
32301	0
32302	0
32303	0
32305	5
32306	6
32307	13
32309	10
32310	12
32311	22
32312	0
32314	12
32315	3
32316	4
32317	0
32318	2
32319	4
32320	13
32321	8
32322	4
32323	4
32324	9
32325	2
32326	8
32327	27
32328	0
32329	12
32330	5
32331	7
32332	4
32333	15
32335	9
32336	0
32337	9
32338	4
32339	11
32340	6
32341	16
32342	14
32344	15
32345	0
32346	0
32347	3
32348	4
32349	2
32350	5
32351	9
32352	5
32353	3
32354	4
32355	0
32357	9
32358	0
32359	9
32362	7
32363	10
32364	2
32366	0
32367	0
32368	17
32369	0
32370	4
32372	0
32373	14
32374	5
32375	9
32376	7
32377	5
32378	2
32379	0
32380	9
32381	7
32382	0
32383	15
32384	1
32385	4
32386	1
32387	27
32388	7
32389	0
32390	10
32392	13
32393	3
32394	0
32395	0
32396	8
32397	4
32398	5
32400	2
32401	7
32402	7
32403	0
32406	1
32407	6
32408	4
32409	20
32410	3
32411	2
32412	0
32413	15
32414	0
32415	1
32416	16
32417	7
32418	8
32419	3
32420	9
32421	7
32423	11
32425	12
32426	0
32428	0
32429	0
32430	0
32431	5
32432	9
32433	6
32435	0
32437	1
32438	1
32439	3
32440	17
32441	0
32444	21
32446	7
32447	3
32448	13
32450	0
32451	20
32452	1
32453	0
32454	5
32455	7
32456	6
32457	15
32459	11
32461	0
32462	0
32463	4
32464	2
32465	6
32467	3
32468	0
32470	1
32471	0
32472	0
32473	2
32474	21
32475	1
32476	9
32478	0
32480	11
32481	8
32482	8
32486	13
32487	0
32488	7
32489	6
32490	0
32491	1
32492	3
32493	6
32494	10
32495	0
32497	7
32498	3
32499	10
32500	0
32501	7
32502	2
32503	6
32504	4
32505	7
32506	0
32508	0
32509	2
32510	0
32511	11
32512	14
32513	1
32514	0
32515	2
32516	8
32517	10
32518	13
32519	0
32520	5
32522	7
32523	3
32524	2
32525	0
32527	9
32528	26
32529	0
32530	0
32531	3
32532	3
32533	0
32534	0
32535	22
32536	3
32537	6
32538	8
32540	13
32541	3
32542	0
32543	7
32544	2
32545	1
32546	2
32547	10
32549	5
32551	10
32552	8
32554	16
32555	0
32557	5
32558	0
32559	3
32560	3
32561	14
32562	25
32563	8
32564	4
32565	3
32566	0
32569	8
32570	10
32572	1
32573	2
32574	16
32575	6
32576	7
32577	4
32578	0
32579	0
32580	0
32581	0
32582	2
32583	8
32584	0
32585	4
32586	7
32587	0
32588	10
32589	7
32590	0
32592	0
32593	17
32594	0
32595	6
32597	3
32598	0
32599	1
32600	1
32601	8
32602	0
32603	10
32604	4
32605	11
32607	10
32608	2
32609	0
32611	0
32612	6
32613	3
32614	0
32615	3
32616	2
32617	3
32618	12
32619	5
32620	0
32621	13
32622	1
32623	2
32625	3
32626	3
32627	13
32628	0
32629	0
32630	2
32631	0
32632	2
32633	1
32634	14
32637	0
32638	0
32639	0
32640	0
32641	3
32642	7
32643	12
32644	5
32645	0
32646	3
32647	3
32648	1
32650	5
32651	22
32652	4
32654	8
32655	6
32657	5
32658	8
32659	0
32660	3
32661	12
32662	3
32663	2
32664	21
32665	0
32666	5
32668	0
32669	0
32670	1
32672	0
32673	11
32675	1
32676	2
32677	7
32678	1
32679	4
32680	0
32681	1
32682	25
32683	1
32684	0
32686	0
32687	3
32688	7
32689	16
32690	13
32691	2
32693	4
32694	8
32695	0
32696	1
32698	7
32699	8
32700	7
32701	0
32702	6
32703	4
32704	9
32705	2
32707	12
32708	4
32709	3
32711	22
32712	5
32713	4
32714	14
32715	8
32716	1
32717	16
32718	6
32719	3
32720	1
32721	0
32722	0
32723	0
32724	8
32725	0
32726	0
32728	29
32729	13
32730	8
32731	24
32732	0
32733	1
32734	0
32735	25
32736	9
32738	1
32739	1
32740	13
32741	4
32742	0
32743	7
32744	21
32745	4
32746	24
32747	8
32748	3
32749	3
32750	0
32751	7
32752	30
32753	4
32754	12
32757	0
32759	9
32760	4
32761	16
32762	0
32763	0
32764	0
32766	0
32767	0
32769	3
32770	0
32771	2
32772	0
32773	1
32774	3
32775	9
32776	0
32777	12
32778	0
32779	0
32780	2
32781	6
32782	1
32784	7
32785	4
32786	0
32787	5
32789	3
32790	0
32792	1
32793	3
32794	5
32797	12
32798	8
32799	8
32800	0
32801	0
32802	0
32803	0
32804	0
32805	0
32806	1
32807	17
32808	0
32809	0
32811	0
32814	6
32815	0
32816	0
32817	9
32818	2
32819	7
32820	1
32821	5
32822	0
32823	9
32824	0
32826	1
32827	0
32828	1
32829	14
32830	11
32831	0
32832	1
32833	0
32834	11
32835	0
32836	9
32837	3
32839	3
32841	1
32842	0
32843	14
32844	10
32845	0
32846	7
32847	0
32848	0
32849	9
32851	2
32852	3
32853	0
32854	0
32855	0
32857	20
32858	1
32859	0
32860	0
32861	5
32863	1
32864	7
32865	2
32867	0
32868	10
32869	3
32871	5
32872	0
32873	10
32874	2
32875	11
32876	5
32877	0
32878	15
32879	0
32880	2
32881	0
32882	0
32884	2
32885	4
32886	5
32887	0
32888	11
32890	23
32891	0
32892	23
32893	6
32894	0
32895	4
32896	8
32897	24
32898	1
32899	3
32900	1
32901	0
32902	1
32903	8
32904	3
32906	9
32907	1
32908	0
32909	0
32911	27
32912	4
32913	11
32914	3
32915	0
32916	6
32917	0
32921	0
32922	0
32923	4
32924	5
32925	5
32926	6
32927	2
32929	7
32932	15
32933	0
32934	0
32935	0
32936	1
32937	5
32938	1
32939	0
32940	20
32941	0
32942	9
32943	2
32944	11
32945	16
32946	15
32947	11
32948	1
32949	34
32951	0
32952	3
32953	3
32954	3
32955	6
32956	18
32957	0
32958	6
32959	2
32960	0
32961	5
32962	23
32964	0
32965	1
32966	0
32967	5
32968	6
32969	0
32970	3
32971	8
32972	16
32974	5
32975	0
32976	0
32977	4
32978	3
32979	3
32980	3
32981	3
32982	9
32983	0
32984	5
32985	7
32986	4
32987	4
32988	6
32990	0
32991	14
32992	0
32993	4
32994	1
32995	0
32996	8
32997	3
32998	10
32999	3
33001	3
33002	5
33003	26
33004	7
33005	1
33006	5
33007	7
33008	6
33009	0
33010	7
33011	2
33012	5
33013	10
33014	17
33015	1
33016	9
33017	6
33018	1
33019	0
33020	3
33021	9
33022	0
33023	0
33024	5
33025	6
33026	6
33027	6
33028	0
33029	8
33031	8
33032	7
33033	0
33034	1
33037	21
33038	0
33040	1
33041	6
33042	1
33043	0
33044	5
33045	1
33046	0
33047	0
33048	4
33049	8
33050	4
33051	1
33053	3
33055	11
33056	9
33057	3
33058	0
33059	0
33060	0
33061	10
33062	17
33063	20
33064	0
33065	2
33066	7
33067	2
33068	4
33069	5
33070	1
33071	1
33072	0
33073	0
33074	0
33075	7
33076	2
33077	13
33078	0
33079	11
33080	9
33081	10
33082	8
33084	5
33085	21
33086	5
33087	15
33089	11
33091	0
33092	1
33093	12
33096	0
33098	9
33099	10
33100	6
33101	7
33102	0
33104	3
33105	0
33106	16
33107	3
33109	0
33110	25
33111	9
33113	0
33115	8
33116	3
33117	14
33118	17
33119	0
33121	7
33122	0
33123	4
33124	8
33125	6
33127	12
33128	10
33130	2
33131	10
33132	16
33134	1
33135	11
33136	19
33137	2
33138	6
33139	3
33140	10
33141	0
33142	5
33143	0
33144	3
33145	9
33146	2
33147	3
33148	1
33149	2
33150	0
33151	0
33152	2
33153	11
33154	0
33155	5
33156	0
33157	2
33158	4
33159	0
33160	0
33161	1
33162	15
33163	0
33164	10
33165	4
33166	20
33168	6
33169	0
33170	2
33171	2
33172	1
33173	22
33174	0
33175	5
33176	1
33177	7
33178	8
33179	6
33180	0
33181	0
33183	12
33184	10
33185	10
33186	9
33187	1
33188	4
33189	10
33190	4
33191	6
33192	5
33193	1
33194	6
33195	7
33196	1
33197	3
33199	0
33200	0
33202	2
33203	0
33204	1
33205	2
33206	19
33207	0
33209	3
33211	0
33212	2
33213	10
33214	2
33215	24
33216	20
33217	5
33218	12
33219	7
33220	6
33221	7
33222	0
33223	11
33224	3
33225	0
33226	0
33227	11
33228	16
33229	5
33231	0
33233	2
33234	0
33235	5
33236	0
33237	0
33238	7
33239	0
33240	7
33241	12
33243	0
33244	6
33245	0
33246	0
33247	5
33248	7
33250	14
33251	12
33252	3
33254	36
33255	0
33256	9
33257	21
33258	0
33259	9
33260	3
33261	2
33262	4
33264	3
33265	12
33266	2
33267	0
33268	14
33270	0
33272	9
33273	10
33274	0
33275	11
33276	5
33277	0
33279	0
33280	11
33281	8
33282	32
33283	4
33284	0
33286	16
33287	14
33288	0
33289	1
33290	1
33291	21
33292	0
33293	4
33294	0
33295	0
33296	9
33298	0
33299	5
33300	14
33301	21
33302	4
33303	2
33304	7
33305	15
33306	7
33307	0
33309	6
33310	1
33311	8
33312	5
33313	0
33314	8
33315	3
33316	8
33317	6
33318	1
33319	0
33321	2
33322	9
33323	24
33324	2
33325	3
33326	7
33327	14
33328	0
33330	0
33331	5
33332	6
33333	4
33334	10
33335	1
33336	0
33338	1
33339	7
33340	2
33341	12
33342	8
33343	22
33344	9
33345	0
33346	5
33347	6
33348	2
33350	6
33351	0
33352	0
33353	5
33354	13
33355	0
33356	9
33357	13
33358	9
33359	1
33360	0
33361	0
33362	5
33363	10
33364	14
33365	2
33366	17
33367	3
33368	7
33369	0
33370	0
33371	10
33372	2
33373	0
33374	0
33376	5
33377	0
33378	0
33379	10
33380	5
33381	1
33383	12
33384	1
33386	2
33388	7
33389	0
33390	1
33391	11
33392	0
33393	0
33394	3
33395	5
33396	11
33397	4
33398	14
33399	0
33401	2
33402	7
33403	9
33405	6
33406	1
33407	0
33408	5
33409	10
33410	10
33412	6
33413	6
33414	0
33415	1
33417	15
33418	5
33419	2
33421	1
33422	4
33423	0
33424	8
33425	11
33426	1
33427	18
33429	8
33430	4
33432	2
33433	6
33434	0
33435	8
33436	5
33437	15
33438	1
33439	1
33440	0
33441	1
33442	8
33443	0
33444	7
33445	29
33446	8
33447	2
33448	1
33449	2
33451	5
33452	5
33453	0
33454	16
33455	0
33456	12
33457	8
33458	9
33459	4
33460	8
33461	0
33462	1
33463	6
33464	8
33465	7
33466	0
33467	28
33468	9
33469	0
33470	26
33471	8
33472	7
33473	8
33475	0
33476	0
33477	10
33478	6
33479	0
33480	2
33481	0
33482	0
33483	5
33484	11
33485	0
33486	1
33488	0
33489	10
33490	0
33491	13
33492	5
33493	1
33494	0
33495	3
33496	9
33497	0
33498	7
33499	0
33500	8
33501	7
33502	0
33503	1
33505	4
33506	0
33507	3
33509	5
33510	1
33511	0
33512	4
33513	13
33514	0
33515	6
33516	0
33517	0
33518	10
33520	16
33521	1
33522	4
33523	5
33524	0
33525	12
33526	8
33527	17
33528	0
33529	4
33530	6
33531	0
33533	5
33534	2
33535	1
33537	9
33538	0
33540	7
33541	0
33542	9
33543	3
33544	1
33546	6
33547	5
33550	23
33551	0
33552	9
33553	4
33554	8
33555	2
33556	5
33557	3
33558	4
33559	19
33560	0
33561	0
33562	3
33563	8
33564	11
33565	9
33566	0
33567	1
33568	7
33569	9
33570	11
33571	14
33572	0
33573	2
33574	13
33575	1
33576	0
33577	0
33579	4
33580	16
33581	4
33582	16
33584	7
33585	0
33586	4
33587	0
33588	0
33589	3
33591	8
33592	16
33593	22
33594	6
33596	7
33598	0
33599	16
33602	0
33603	2
33604	1
33605	0
33606	1
33607	0
33608	13
33609	7
33610	6
33611	5
33613	8
33614	4
33615	0
33616	22
33617	12
33618	0
33619	7
33621	0
33622	4
33623	7
33624	14
33625	10
33626	12
33628	10
33629	0
33630	1
33632	12
33633	2
33636	1
33637	8
33638	0
33639	3
33640	12
33641	5
33642	20
33643	1
33644	7
33645	0
33646	5
33647	4
33650	3
33651	2
33652	10
33653	11
33655	0
33656	5
33657	9
33658	6
33659	0
33660	2
33661	8
33662	2
33663	1
33664	20
33665	9
33666	3
33667	0
33668	5
33669	0
33671	5
33672	3
33673	1
33674	0
33675	1
33677	2
33678	7
33679	14
33680	8
33683	6
33684	5
33685	3
33686	0
33687	1
33689	2
33690	1
33691	0
33692	0
33693	5
33694	3
33695	0
33699	3
33700	0
33704	2
33705	15
33706	16
33707	13
33708	15
33709	3
33710	5
33712	9
33713	0
33714	6
33715	0
33716	2
33718	9
33719	6
33720	10
33721	5
33722	2
33723	1
33724	3
33725	0
33726	11
33727	11
33728	3
33729	3
33730	0
33731	4
33732	0
33733	5
33734	6
33735	2
33737	0
33738	3
33739	16
33740	2
33742	5
33743	16
33744	5
33746	2
33747	9
33748	0
33749	11
33750	1
33751	3
33752	2
33753	2
33754	5
33755	0
33756	4
33757	4
33758	5
33759	0
33760	0
33761	22
33762	2
33763	17
33764	11
33765	2
33766	5
33767	0
33769	0
33770	3
33771	0
33772	6
33773	0
33774	9
33775	4
33776	3
33777	0
33778	0
33781	18
33782	6
33783	0
33784	0
33785	2
33787	13
33788	16
33789	2
33790	1
33791	0
33792	11
33793	5
33794	2
33795	3
33797	9
33798	0
33799	1
33800	0
33801	0
33802	2
33803	2
33805	0
33806	0
33807	3
33809	2
33810	3
33811	1
33812	8
33814	4
33815	7
33816	3
33817	7
33818	2
33819	10
33820	6
33822	1
33823	0
33824	6
33825	7
33826	8
33827	2
33828	5
33829	0
33830	7
33832	3
33833	6
33834	3
33835	7
33836	5
33839	2
33840	7
33841	0
33842	0
33843	0
33844	0
33845	8
33846	12
33847	0
33848	2
33849	0
33850	0
33851	0
33852	0
33853	4
33854	2
33855	0
33856	0
33859	0
33860	0
33861	9
33862	16
33863	17
33864	10
33865	9
33866	8
33867	0
33869	0
33870	3
33871	3
33872	0
33874	0
33875	4
33876	0
33877	0
33878	0
33880	0
33881	25
33882	20
33884	11
33885	4
33886	3
33887	2
33888	4
33889	9
33890	3
33891	4
33892	0
33895	0
33896	0
33897	0
33898	0
33900	25
33903	1
33904	0
33905	2
33906	11
33907	7
33908	0
33909	4
33910	7
33911	6
33912	0
33913	8
33914	0
33915	1
33916	0
33918	0
33919	11
33920	8
33921	2
33922	3
33923	1
33924	3
33925	11
33926	0
33930	0
33932	6
33933	6
33934	4
33935	15
33936	0
33937	10
33938	2
33940	1
33942	3
33943	3
33944	4
33945	0
33946	1
33947	0
33948	1
33949	0
33950	13
33951	0
33952	4
33953	5
33954	11
33955	11
33957	1
33958	5
33960	0
33961	4
33962	0
33964	0
33966	15
33967	0
33968	6
33969	6
33970	2
33971	0
33972	13
33973	0
33974	5
33975	7
33976	0
33977	0
33978	12
33979	4
33980	9
33981	9
33983	1
33985	0
33986	0
33987	7
33988	1
33989	0
33990	3
33991	14
33992	5
33993	1
33995	13
33997	12
33999	0
34000	15
34002	0
34003	0
34005	22
34006	2
34007	4
34008	0
34009	11
34010	11
34011	17
34012	0
34013	3
34014	5
34015	4
34016	1
34018	4
34019	1
34022	5
34023	20
34024	5
34025	10
34026	3
34027	1
34028	4
34029	4
34030	20
34032	0
34033	4
34034	4
34035	3
34036	4
34037	0
34038	9
34039	0
34040	0
34042	6
34043	3
34045	11
34046	0
34047	7
34048	0
34049	0
34050	8
34051	1
34052	5
34053	6
34054	3
34057	12
34058	10
34059	0
34060	12
34061	5
34062	3
34063	9
34064	1
34065	2
34067	14
34068	1
34069	1
34070	16
34071	0
34072	13
34073	30
34074	1
34075	14
34076	0
34077	8
34078	12
34079	10
34081	2
34082	2
34083	6
34084	0
34085	16
34086	0
34087	3
34088	0
34089	9
34090	5
34091	6
34092	0
34093	11
34095	1
34096	0
34097	7
34098	1
34099	11
34100	0
34101	10
34102	22
34103	9
34104	4
34105	3
34106	18
34108	0
34109	0
34111	4
34112	12
34113	1
34114	4
34115	1
34116	3
34117	4
34118	15
34120	21
34121	0
34122	5
34123	0
34124	4
34125	0
34126	12
34128	2
34129	5
34130	0
34131	0
34132	2
34133	0
34134	2
34136	0
34137	6
34138	0
34139	10
34141	15
34142	8
34143	18
34146	3
34147	5
34148	6
34150	27
34151	10
34152	1
34153	0
34154	1
34155	0
34156	17
34157	7
34158	3
34159	4
34160	6
34161	8
34162	1
34163	4
34164	8
34166	1
34167	4
34168	4
34169	4
34170	0
34171	10
34172	13
34173	0
34174	0
34175	2
34176	0
34177	0
34178	0
34179	11
34180	0
34181	3
34182	14
34184	10
34185	10
34186	0
34187	1
34188	15
34190	17
34191	6
34192	0
34193	0
34194	0
34195	9
34197	9
34198	15
34200	5
34201	15
34203	0
34205	6
34207	5
34209	4
34210	0
34211	7
34214	9
34215	10
34216	10
34217	31
34218	11
34219	0
34221	9
34222	1
34223	1
34225	10
34226	1
34227	0
34228	14
34229	4
34230	15
34231	1
34233	5
34235	6
34237	2
34238	8
34239	8
34240	6
34241	7
34242	0
34243	3
34244	7
34245	0
34246	14
34247	0
34248	5
34250	5
34251	6
34252	4
34253	0
34254	2
34255	7
34256	1
34257	0
34259	0
34260	0
34261	2
34262	5
34263	12
34264	7
34265	3
34266	8
34268	4
34269	10
34271	0
34272	0
34273	6
34274	7
34275	5
34276	10
34277	0
34278	8
34279	9
34280	2
34281	0
34282	5
34283	11
34284	0
34285	10
34286	6
34287	0
34290	1
34291	0
34292	7
34293	18
34294	9
34295	13
34296	6
34297	0
34298	6
34299	14
34300	2
34301	0
34303	4
34304	3
34305	10
34307	1
34308	0
34309	6
34310	1
34311	16
34312	0
34313	9
34314	0
34315	0
34316	1
34318	4
34319	1
34320	0
34321	2
34322	0
34323	0
34324	3
34325	5
34326	12
34327	3
34329	5
34330	0
34331	7
34332	4
34333	2
34334	1
34335	3
34336	17
34337	1
34339	13
34340	12
34341	8
34342	9
34343	2
34344	10
34345	0
34346	6
34347	6
34348	6
34349	0
34350	4
34351	0
34352	5
34353	7
34354	0
34355	1
34356	0
34357	23
34358	5
34360	9
34362	1
34363	0
34364	19
34365	5
34366	3
34367	7
34369	0
34370	5
34371	17
34373	7
34374	0
34375	0
34376	0
34377	4
34378	0
34379	3
34380	2
34381	6
34382	0
34383	0
34384	3
34385	3
34387	2
34388	0
34389	9
34390	7
34391	2
34392	14
34393	0
34395	0
34397	8
34398	0
34399	28
34400	0
34401	11
34402	7
34403	3
34405	20
34407	12
34409	25
34410	10
34411	2
34412	6
34413	0
34414	12
34415	0
34416	0
34417	0
34418	2
34419	1
34420	0
34422	9
34423	1
34424	5
34425	6
34426	0
34427	0
34428	0
34429	4
34430	0
34431	0
34432	5
34433	4
34434	4
34435	0
34436	15
34437	8
34438	4
34439	0
34440	2
34442	10
34443	21
34444	1
34445	15
34446	0
34447	16
34449	10
34450	13
34452	0
34453	5
34454	4
34455	3
34456	0
34457	1
34458	6
34459	9
34462	6
34463	3
34465	9
34466	8
34467	10
34470	2
34471	3
34472	0
34474	0
34476	3
34477	13
34478	0
34479	1
34482	9
34483	3
34484	14
34485	20
34486	7
34488	4
34489	0
34490	0
34494	0
34496	8
34497	14
34498	19
34499	5
34500	9
34501	9
34502	3
34503	3
34504	6
34505	13
34506	0
34507	17
34508	2
34509	10
34510	5
34511	0
34512	0
34513	6
34515	1
34516	6
34517	0
34518	0
34519	23
34520	15
34521	17
34522	4
34523	0
34524	0
34525	4
34526	1
34527	3
34529	2
34530	0
34531	1
34533	0
34534	0
34536	0
34537	0
34538	0
34539	5
34541	10
34542	8
34546	0
34547	3
34548	0
34549	1
34550	0
34552	1
34553	3
34554	1
34555	3
34556	3
34557	0
34558	7
34561	1
34562	3
34563	20
34564	12
34565	0
34566	10
34568	0
34569	6
34570	10
34571	23
34572	5
34573	3
34574	5
34575	0
34576	0
34577	8
34578	4
34579	6
34580	2
34581	7
34583	0
34584	8
34585	8
34586	0
34587	20
34588	0
34589	0
34590	0
34591	5
34592	3
34593	3
34594	0
34596	1
34598	0
34600	8
34602	5
34603	0
34604	0
34605	19
34606	3
34609	2
34610	0
34611	0
34612	4
34613	7
34614	0
34615	24
34616	2
34617	0
34619	4
34620	11
34621	3
34622	5
34623	3
34624	4
34625	13
34626	1
34628	2
34629	0
34630	0
34631	8
34632	9
34634	0
34635	5
34636	6
34637	2
34638	3
34639	0
34641	1
34643	2
34644	0
34647	8
34648	7
34649	8
34650	12
34651	7
34652	3
34653	1
34654	7
34656	8
34658	0
34659	5
34660	0
34661	0
34663	13
34665	2
34666	1
34667	0
34668	0
34669	4
34670	1
34671	11
34672	1
34673	2
34674	1
34676	11
34677	5
34678	0
34679	2
34680	2
34681	4
34682	0
34683	0
34684	10
34685	7
34686	3
34687	12
34689	0
34690	12
34691	9
34693	4
34694	2
34695	6
34696	15
34697	6
34698	0
34699	12
34700	0
34701	7
34703	13
34704	2
34705	7
34706	1
34707	12
34708	16
34709	0
34711	2
34712	16
34713	0
34714	0
34715	0
34716	10
34717	0
34719	8
34720	0
34721	0
34724	0
34725	0
34726	22
34727	0
34729	15
34730	10
34731	11
34732	4
34733	6
34734	3
34735	0
34736	4
34737	2
34738	4
34739	5
34740	0
34741	0
34742	12
34743	5
34744	27
34745	4
34746	18
34747	0
34748	6
34749	11
34750	0
34751	0
34752	1
34755	0
34756	6
34758	5
34759	6
34760	0
34762	1
34763	0
34764	10
34765	0
34766	2
34767	1
34769	7
34770	1
34771	0
34772	3
34773	0
34774	0
34775	7
34777	1
34778	7
34779	0
34781	16
34782	0
34783	21
34785	0
34786	3
34788	18
34789	5
34790	2
34791	13
34792	0
34793	0
34794	21
34795	0
34796	2
34799	10
34800	1
34801	9
34802	2
34803	15
34804	0
34805	2
34806	7
34807	6
34808	0
34809	6
34810	4
34812	0
34813	0
34814	21
34815	7
34816	3
34817	1
34818	0
34819	5
34820	0
34822	16
34823	17
34824	15
34825	8
34826	2
34827	0
34828	0
34829	1
34831	0
34832	3
34834	22
34835	21
34836	5
34837	2
34838	8
34839	0
34840	3
34841	5
34843	0
34844	0
34845	2
34846	14
34848	16
34849	1
34850	0
34851	0
34852	6
34853	8
34854	1
34855	4
34856	0
34857	12
34858	0
34859	5
34860	2
34862	0
34863	10
34864	15
34865	5
34866	5
34868	9
34870	5
34871	12
34872	3
34873	27
34874	4
34875	0
34876	0
34877	3
34878	13
34879	4
34880	4
34882	0
34883	0
34884	0
34885	0
34886	16
34888	0
34890	17
34891	0
34892	8
34893	11
34894	0
34895	2
34896	0
34897	8
34898	0
34899	2
34901	6
34902	26
34903	0
34904	2
34906	5
34907	19
34908	13
34909	11
34910	5
34911	1
34912	7
34913	14
34914	6
34915	0
34916	1
34917	31
34918	3
34920	4
34922	14
34924	6
34925	0
34927	10
34928	0
34929	26
34930	0
34931	2
34932	4
34933	6
34934	1
34935	0
34937	0
34938	6
34939	0
34940	0
34941	1
34942	2
34943	11
34944	11
34945	2
34947	0
34948	4
34949	5
34950	1
34951	1
34952	9
34954	0
34955	7
34956	3
34957	0
34958	1
34959	5
34960	14
34961	1
34962	0
34963	3
34964	6
34965	13
34966	9
34967	6
34968	14
34969	12
34970	12
34971	11
34972	9
34974	0
34975	0
34976	12
34977	19
34978	10
34979	0
34981	0
34982	2
34983	2
34984	7
34985	1
34987	0
34988	1
34989	5
34990	13
34991	0
34993	3
34994	13
34995	0
34996	1
34997	7
34999	6
35000	0
35001	13
35003	20
35004	7
35006	3
35007	5
35008	10
35009	5
35010	0
35011	3
35012	0
35013	4
35014	28
35015	7
35016	9
35017	25
35018	10
35021	0
35022	14
35023	2
35024	0
35025	0
35026	14
35027	7
35028	0
35029	0
35030	0
35031	1
35033	6
35034	11
35035	12
35037	13
35038	0
35039	19
35042	9
35044	8
35045	0
35046	5
35047	7
35048	7
35049	0
35050	4
35051	12
35052	11
35053	2
35055	5
35056	3
35058	8
35059	1
35060	9
35061	0
35062	0
35063	4
35064	9
35065	1
35066	0
35068	4
35069	23
35070	6
35071	0
35072	27
35073	0
35074	5
35077	1
35078	0
35079	1
35080	0
35081	0
35082	9
35083	4
35084	2
35085	5
35087	22
35088	8
35089	5
35090	0
35092	0
35093	17
35094	0
35096	4
35098	17
35099	13
35100	19
35101	1
35102	2
35103	5
35104	11
35105	8
35106	3
35108	6
35109	0
35110	3
35111	6
35112	6
35115	0
35116	9
35117	9
35118	6
35119	2
35120	5
35121	8
35122	3
35123	2
35125	1
35126	0
35127	2
35128	12
35129	0
35130	19
35131	11
35132	2
35133	2
35134	13
35135	0
35136	0
35137	0
35138	7
35139	6
35140	0
35141	4
35142	0
35143	2
35145	3
35148	0
35150	0
35151	10
35152	16
35153	0
35154	16
35155	11
35157	7
35159	2
35160	2
35161	0
35162	3
35163	4
35165	2
35166	26
35167	0
35169	0
35170	9
35172	9
35173	0
35176	0
35177	6
35178	0
35179	10
35181	4
35182	1
35183	0
35184	13
35185	9
35187	2
35188	12
35189	1
35192	0
35193	0
35194	3
35195	7
35196	6
35197	25
35198	3
35199	3
35200	0
35201	0
35203	0
35204	11
35205	10
35206	7
35207	0
35208	7
35209	9
35212	4
35213	9
35214	9
35215	1
35216	3
35219	6
35220	8
35221	0
35222	7
35223	4
35224	9
35225	18
35226	3
35227	7
35228	0
35229	0
35230	1
35232	1
35233	3
35234	4
35235	15
35236	10
35238	8
35239	18
35240	3
35241	1
35242	5
35243	2
35244	12
35245	18
35246	0
35247	3
35248	6
35249	0
35251	7
35253	5
35254	2
35255	3
35256	0
35257	18
35258	0
35259	9
35260	21
35261	9
35262	0
35263	3
35265	20
35266	0
35267	0
35268	1
35269	0
35270	17
35271	6
35273	0
35274	2
35275	2
35276	11
35277	5
35278	0
35279	0
35280	0
35281	0
35282	0
35283	19
35285	0
35286	0
35287	1
35288	1
35289	9
35290	8
35291	9
35292	0
35293	0
35294	3
35296	13
35297	0
35298	16
35299	7
35300	18
35301	2
35304	0
35305	0
35307	0
35308	1
35309	3
35310	0
35311	6
35312	5
35314	0
35315	2
35317	8
35318	0
35319	6
35320	0
35321	6
35322	3
35323	1
35324	13
35325	4
35326	6
35327	0
35328	0
35329	2
35330	0
35331	0
35332	5
35333	3
35335	2
35336	5
35338	1
35339	0
35342	9
35343	0
35344	1
35345	4
35346	10
35347	5
35348	8
35349	6
35350	22
35351	4
35352	11
35353	10
35354	13
35356	0
35357	7
35360	9
35361	10
35362	0
35363	3
35364	5
35365	3
35366	12
35367	0
35369	0
35370	10
35371	0
35375	1
35376	0
35377	4
35378	17
35379	0
35380	2
35381	3
35382	2
35383	3
35384	0
35385	20
35386	2
35387	2
35388	10
35389	4
35390	4
35391	13
35392	8
35393	5
35394	0
35395	18
35396	0
35401	0
35402	11
35403	2
35404	8
35405	5
35406	9
35407	9
35408	0
35409	3
35411	11
35414	5
35415	2
35416	3
35417	8
35418	0
35420	3
35421	12
35422	0
35423	7
35424	10
35425	0
35426	9
35427	3
35428	12
35429	5
35430	5
35431	11
35434	0
35435	0
35436	0
35437	3
35439	6
35440	2
35441	0
35442	1
35443	12
35444	2
35445	15
35446	8
35447	11
35448	3
35449	4
35450	3
35451	4
35452	0
35453	0
35454	4
35455	2
35456	5
35457	6
35458	3
35459	1
35460	5
35461	19
35463	5
35464	10
35465	6
35466	9
35467	0
35469	7
35470	0
35471	5
35472	11
35473	4
35474	0
35475	0
35478	5
35479	7
35480	0
35481	0
35483	0
35485	0
35487	2
35488	7
35489	0
35490	0
35491	10
35492	0
35493	2
35494	7
35495	13
35496	0
35497	2
35498	4
35499	20
35500	7
35501	0
35502	2
35503	16
35504	2
35505	4
35506	0
35507	22
35508	8
35509	12
35510	17
35511	5
35512	15
35513	0
35514	0
35515	0
35516	3
35517	17
35518	36
35520	3
35522	2
35523	3
35524	10
35526	0
35528	4
35529	0
35530	0
35532	22
35533	10
35534	5
35535	0
35536	3
35537	16
35538	0
35539	9
35540	1
35541	10
35542	1
35543	0
35544	8
35545	3
35546	7
35547	6
35548	18
35550	36
35551	13
35552	2
35553	2
35554	12
35556	14
35557	11
35558	9
35559	16
35560	5
35561	6
35562	5
35563	0
35565	0
35566	8
35567	23
35569	1
35570	7
35571	9
35572	0
35573	2
35574	0
35575	5
35576	10
35577	0
35578	1
35579	5
35580	11
35581	4
35582	0
35583	16
35584	2
35585	6
35586	7
35587	5
35589	10
35590	8
35591	4
35592	3
35593	6
35594	9
35595	5
35596	9
35597	0
35598	0
35599	8
35600	0
35601	0
35602	5
35603	0
35604	0
35605	0
35606	21
35607	0
35609	0
35610	0
35611	10
35612	15
35613	14
35614	14
35616	1
35618	24
35619	0
35621	1
35623	0
35626	0
35628	2
35629	0
35630	6
35631	1
35632	17
35634	2
35635	3
35636	0
35637	2
35638	4
35639	5
35640	9
35641	8
35642	18
35643	0
35644	4
35645	17
35646	0
35647	6
35648	15
35650	0
35652	2
35653	8
35654	8
35655	0
35656	2
35657	0
35658	6
35659	10
35660	0
35662	9
35664	0
35665	1
35666	8
35667	0
35668	6
35669	6
35672	2
35674	8
35675	7
35676	12
35677	0
35678	12
35680	0
35681	5
35682	13
35683	15
35686	0
35687	2
35688	7
35690	19
35691	7
35692	8
35693	0
35694	18
35695	12
35696	0
35697	0
35698	3
35699	0
35700	4
35701	17
35702	2
35703	0
35704	3
35705	3
35707	2
35708	0
35709	15
35710	19
35712	7
35713	1
35714	0
35715	1
35716	0
35717	12
35718	0
35719	14
35720	7
35721	24
35723	1
35724	14
35725	0
35726	14
35727	2
35729	3
35730	1
35731	7
35732	4
35733	4
35734	5
35735	9
35736	0
35737	4
35738	0
35739	5
35741	6
35742	0
35743	2
35744	21
35745	2
35746	0
35747	11
35748	3
35750	11
35751	11
35752	10
35753	0
35754	10
35755	3
35756	16
35758	0
35760	0
35761	6
35762	5
35764	3
35765	0
35766	7
35767	6
35768	9
35769	2
35770	3
35771	3
35773	7
35774	0
35775	8
35776	1
35777	9
35778	9
35779	8
35781	2
35782	2
35783	1
35784	6
35785	1
35786	11
35787	10
35788	6
35789	14
35790	4
35791	0
35792	0
35794	4
35795	0
35796	15
35797	0
35798	11
35799	5
35801	0
35802	0
35803	0
35804	0
35805	0
35806	6
35807	8
35808	3
35809	4
35810	2
35811	0
35813	0
35814	1
35815	8
35816	13
35818	0
35821	3
35822	6
35823	2
35825	2
35827	19
35828	3
35830	8
35831	0
35832	0
35833	14
35834	7
35835	6
35836	0
35837	1
35838	0
35839	14
35840	1
35841	2
35842	19
35843	0
35844	0
35846	0
35847	2
35848	5
35849	0
35850	0
35851	7
35852	0
35853	14
35854	10
35855	5
35856	13
35858	13
35859	7
35861	5
35862	6
35863	0
35864	21
35865	0
35866	8
35867	0
35868	4
35869	4
35870	7
35871	0
35872	9
35873	13
35874	14
35875	3
35876	0
35877	0
35878	3
35879	4
35880	12
35881	0
35882	6
35883	0
35884	10
35885	7
35886	20
35887	0
35888	0
35889	15
35890	0
35891	9
35892	3
35893	16
35895	0
35896	0
35898	1
35899	3
35900	0
35901	1
35902	0
35903	12
35904	2
35905	4
35906	5
35907	2
35908	0
35909	12
35911	4
35912	1
35913	1
35914	0
35916	9
35917	0
35918	0
35919	5
35920	6
35921	4
35923	0
35924	6
35925	23
35926	0
35927	16
35928	4
35929	0
35930	0
35931	0
35932	11
35933	0
35934	7
35935	0
35937	15
35938	5
35939	3
35940	0
35941	5
35942	4
35943	0
35944	13
35945	8
35947	6
35948	17
35949	0
35950	1
35951	0
35952	5
35953	0
35954	2
35955	0
35956	3
35957	11
35958	4
35959	2
35960	12
35961	3
35962	0
35963	8
35964	0
35965	4
35966	5
35967	7
35968	2
35969	2
35970	0
35971	0
35972	0
35973	10
35974	2
35975	1
35976	0
35977	2
35978	20
35979	0
35980	0
35981	0
35982	1
35983	7
35984	2
35985	7
35986	5
35988	9
35989	13
35990	9
35991	0
35993	1
35994	4
35996	4
35997	0
35999	5
36000	8
36001	0
36002	4
36003	25
36004	3
36005	10
36006	0
36007	21
36008	0
36009	4
36010	0
36013	4
36014	0
36015	8
36016	0
36017	7
36019	0
36020	3
36021	4
36022	8
36025	9
36026	11
36027	1
36028	6
36029	0
36030	24
36031	3
36033	3
36034	13
36035	13
36036	15
36037	0
36038	0
36039	9
36040	5
36041	3
36042	7
36043	2
36044	3
36046	2
36047	14
36048	4
36049	0
36050	6
36051	19
36052	0
36053	4
36054	2
36055	15
36056	12
36057	0
36058	6
36059	0
36060	2
36061	0
36063	8
36064	3
36065	1
36066	10
36067	3
36068	5
36069	23
36070	29
36071	2
36072	37
36073	0
36074	4
36075	5
36076	11
36077	2
36078	2
36079	9
36080	0
36081	0
36082	13
36083	5
36084	2
36085	7
36086	0
36087	17
36088	15
36089	0
36090	5
36091	5
36092	12
36093	4
36094	0
36095	1
36096	0
36100	4
36101	5
36102	0
36103	13
36104	3
36105	0
36106	16
36107	11
36108	5
36109	2
36110	5
36111	2
36112	11
36113	9
36115	0
36116	17
36117	0
36118	5
36119	0
36120	7
36121	23
36122	0
36123	17
36124	0
36125	0
36126	0
36127	21
36128	3
36129	4
36130	0
36131	3
36133	3
36134	1
36135	0
36136	0
36137	25
36138	0
36139	1
36140	3
36141	1
36142	0
36144	8
36145	0
36146	1
36147	2
36148	16
36149	0
36150	0
36151	0
36152	33
36154	0
36155	1
36156	9
36157	4
36159	5
36160	6
36161	9
36163	0
36164	2
36165	3
36166	38
36167	1
36169	8
36170	0
36171	0
36172	0
36173	0
36174	0
36175	2
36176	31
36178	0
36180	8
36181	5
36182	1
36183	13
36185	3
36186	1
36187	0
36188	2
36190	7
36191	0
36192	12
36193	2
36194	2
36195	19
36196	12
36197	5
36198	2
36199	12
36200	1
36201	2
36202	0
36203	0
36205	8
36206	5
36207	6
36208	0
36209	0
36210	0
36211	7
36212	2
36214	0
36215	7
36216	1
36217	0
36218	4
36219	20
36220	8
36221	5
36222	5
36223	7
36224	5
36225	4
36226	2
36227	6
36228	10
36229	5
36230	22
36231	5
36232	4
36233	0
36234	0
36236	5
36238	2
36239	11
36241	19
36242	0
36243	0
36244	0
36245	13
36246	12
36247	11
36248	12
36249	8
36250	3
36251	2
36252	0
36254	0
36255	15
36258	3
36259	2
36261	0
36262	13
36263	4
36264	5
36265	0
36266	1
36267	5
36268	23
36269	10
36270	3
36271	0
36272	0
36273	5
36274	0
36275	4
36276	19
36277	13
36279	0
36280	4
36282	0
36283	4
36284	0
36285	5
36286	13
36287	5
36288	3
36289	2
36290	2
36291	11
36292	0
36293	0
36295	0
36296	1
36297	17
36298	7
36299	2
36300	3
36301	0
36302	0
36303	8
36304	9
36305	0
36306	1
36307	2
36308	3
36309	7
36310	17
36311	4
36312	17
36313	8
36314	7
36315	0
36316	22
36317	2
36318	4
36319	0
36321	11
36322	1
36323	20
36324	11
36327	9
36328	0
36329	0
36330	10
36331	3
36332	4
36333	0
36334	5
36335	8
36337	1
36338	0
36339	3
36340	0
36341	6
36342	0
36343	12
36344	4
36345	2
36346	18
36347	6
36348	0
36350	1
36351	9
36353	13
36354	1
36355	16
36356	0
36358	3
36359	3
36360	0
36361	0
36362	10
36363	1
36364	1
36365	1
36366	7
36367	8
36368	2
36369	3
36371	8
36372	3
36373	20
36374	2
36375	2
36376	0
36377	0
36380	0
36382	3
36383	8
36384	0
36385	2
36386	4
36387	0
36388	7
36389	2
36390	17
36391	5
36392	1
36393	11
36394	2
36397	7
36398	12
36399	10
36400	3
36402	11
36403	8
36404	12
36405	0
36406	2
36407	2
36408	0
36409	1
36410	0
36411	5
36412	0
36413	0
36414	13
36416	3
36417	6
36418	0
36419	0
36420	5
36421	0
36423	7
36425	0
36426	26
36427	6
36428	16
36429	1
36430	1
36433	3
36434	0
36435	13
36436	0
36439	2
36440	2
36441	14
36443	0
36444	15
36445	1
36446	0
36447	25
36448	7
36449	2
36450	11
36451	1
36452	14
36455	4
36456	1
36457	17
36459	9
36461	0
36462	1
36463	0
36466	0
36467	2
36468	0
36471	1
36472	2
36473	6
36474	4
36475	6
36476	12
36477	7
36478	0
36479	12
36480	23
36481	0
36482	2
36483	7
36485	0
36486	0
36488	3
36489	0
36490	0
36491	5
36492	0
36493	0
36494	8
36495	0
36496	32
36497	1
36498	0
36499	7
36500	20
36502	14
36503	2
36504	10
36505	0
36506	9
36507	3
36508	6
36510	0
36511	8
36512	4
36514	2
36515	1
36516	0
36517	0
36518	11
36519	4
36520	0
36521	0
36522	6
36525	2
36526	0
36527	5
36528	17
36529	14
36530	11
36531	9
36533	0
36534	5
36535	5
36536	4
36537	18
36538	0
36539	6
36540	2
36541	0
36542	12
36543	0
36544	3
36546	0
36547	6
36548	0
36549	6
36550	0
36551	4
36552	4
36554	9
36556	0
36557	8
36560	0
36561	0
36562	6
36563	7
36564	4
36565	1
36566	1
36567	13
36568	0
36569	6
36570	4
36571	0
36572	12
36573	5
36574	10
36575	0
36576	9
36577	4
36579	1
36580	4
36581	9
36582	2
36583	0
36586	5
36587	12
36588	0
36589	4
36591	5
36592	10
36593	17
36594	14
36595	22
36596	7
36597	10
36598	0
36599	1
36600	4
36601	2
36602	0
36603	6
36604	0
36605	3
36606	8
36607	3
36610	3
36611	11
36612	4
36613	0
36614	24
36615	0
36616	8
36617	12
36618	14
36620	10
36621	5
36622	7
36623	11
36626	16
36628	1
36629	0
36630	12
36631	0
36632	0
36635	6
36637	6
36638	0
36639	1
36640	0
36641	2
36642	16
36643	6
36644	9
36645	0
36647	6
36649	8
36651	11
36652	0
36653	4
36654	1
36655	10
36656	0
36657	0
36658	8
36659	7
36660	10
36661	4
36662	25
36663	0
36664	11
36665	0
36667	0
36669	1
36670	2
36671	23
36672	5
36673	1
36674	0
36675	8
36676	2
36677	11
36678	4
36679	0
36680	4
36682	17
36683	7
36684	3
36685	20
36686	6
36687	3
36688	1
36689	9
36690	0
36691	6
36693	2
36694	0
36695	0
36696	3
36698	12
36699	3
36700	18
36701	2
36702	9
36703	1
36704	2
36706	3
36707	6
36708	4
36710	2
36711	4
36712	9
36713	5
36714	1
36715	8
36717	9
36719	0
36720	0
36721	15
36722	5
36723	5
36724	0
36725	2
36726	0
36727	4
36728	10
36729	1
36730	1
36731	5
36732	1
36734	0
36735	7
36737	2
36738	0
36740	15
36741	7
36742	1
36743	0
36744	11
36745	4
36746	0
36747	0
36748	0
36749	0
36750	2
36752	2
36753	4
36754	11
36755	3
36757	11
36758	4
36759	0
36760	4
36761	12
36762	13
36764	7
36765	8
36766	0
36767	3
36768	8
36769	1
36770	7
36771	13
36772	0
36773	17
36774	19
36775	7
36776	2
36777	13
36778	19
36779	4
36781	0
36783	1
36784	0
36786	0
36787	12
36788	3
36790	4
36791	12
36792	0
36793	9
36794	6
36796	0
36797	8
36798	1
36800	1
36802	4
36803	1
36804	13
36805	1
36806	1
36807	5
36809	14
36810	9
36811	6
36812	18
36814	5
36815	0
36816	0
36817	0
36818	8
36820	4
36822	0
36823	0
36824	9
36825	1
36826	0
36827	2
36829	4
36830	11
36832	0
36833	3
36834	2
36835	4
36836	5
36838	1
36839	1
36841	0
36842	0
36843	3
36845	2
36846	6
36847	16
36848	3
36849	6
36850	0
36851	1
36852	27
36853	2
36854	0
36855	5
36856	8
36857	5
36858	0
36859	16
36860	2
36861	2
36862	10
36863	4
36864	6
36865	0
36866	5
36867	15
36868	0
36869	1
36870	1
36871	2
36872	2
36873	1
36874	0
36875	22
36876	5
36877	11
36878	0
36879	0
36880	11
36881	16
36882	9
36883	4
36884	0
36885	9
36886	18
36888	1
36889	0
36891	7
36893	13
36895	2
36896	2
36897	6
36898	4
36899	16
36900	18
36901	0
36903	9
36904	0
36906	0
36908	0
36909	0
36910	2
36911	0
36912	4
36913	17
36914	0
36915	11
36916	8
36917	5
36918	21
36919	0
36921	6
36922	2
36923	0
36924	1
36925	0
36926	34
36927	0
36928	0
36929	1
36930	5
36931	1
36932	0
36933	6
36935	6
36936	16
36937	10
36938	8
36939	4
36940	11
36941	3
36942	16
36943	4
36944	15
36945	0
36946	0
36947	7
36948	0
36949	17
36950	4
36951	2
36952	4
36953	0
36954	40
36955	4
36956	0
36959	3
36960	5
36961	4
36962	5
36964	2
36965	1
36966	5
36967	0
36968	4
36969	0
36970	2
36971	3
36972	5
36973	3
36975	0
36976	14
36978	6
36979	14
36980	1
36981	2
36982	0
36983	4
36984	0
36985	5
36986	5
36987	2
36989	0
36990	4
36991	12
36992	4
36994	6
36995	15
36997	3
36998	10
37000	0
37001	1
37003	8
37004	6
37005	27
37006	10
37008	12
37009	6
37010	1
37011	0
37012	11
37013	2
37014	11
37015	12
37016	5
37017	5
37019	0
37020	0
37021	11
37022	1
37024	0
37025	3
37027	0
37028	0
37029	4
37031	0
37032	7
37033	4
37034	0
37035	0
37037	7
37038	7
37040	0
37042	0
37043	8
37044	10
37046	17
37047	8
37048	4
37049	3
37050	1
37051	0
37052	11
37053	5
37054	0
37055	16
37056	17
37057	0
37058	9
37059	0
37060	0
37061	0
37063	5
37064	10
37065	0
37066	3
37067	0
37068	9
37070	7
37072	5
37073	8
37075	0
37077	0
37079	22
37080	2
37081	0
37082	16
37083	11
37084	13
37086	0
37087	0
37089	0
37090	5
37091	1
37092	11
37093	3
37094	2
37095	0
37096	6
37097	2
37099	1
37101	36
37102	4
37104	11
37106	9
37107	0
37109	1
37110	10
37111	0
37112	7
37114	0
37115	5
37117	7
37119	0
37120	12
37121	24
37122	2
37123	0
37124	0
37125	0
37126	3
37127	11
37128	0
37129	3
37130	7
37131	23
37132	0
37133	1
37134	0
37135	2
37136	0
37137	5
37138	13
37140	10
37141	11
37142	20
37143	17
37144	18
37145	3
37146	5
37147	23
37148	11
37149	2
37150	16
37151	6
37153	0
37154	1
37156	2
37157	14
37158	0
37159	5
37160	0
37163	0
37164	4
37165	1
37166	4
37167	4
37168	0
37169	0
37170	4
37171	2
37172	0
37174	0
37175	7
37176	4
37177	0
37178	5
37179	30
37180	3
37181	18
37182	0
37183	2
37184	1
37185	34
37186	2
37187	19
37188	0
37189	8
37190	7
37191	5
37192	0
37193	7
37194	7
37195	0
37196	6
37197	0
37198	1
37199	4
37200	0
37201	0
37202	0
37203	1
37204	21
37205	1
37206	1
37208	7
37209	0
37212	0
37213	3
37214	10
37215	0
37216	0
37217	9
37218	3
37219	7
37220	8
37222	0
37223	0
37225	0
37226	4
37227	6
37228	3
37229	4
37230	0
37231	4
37232	6
37233	5
37234	0
37235	7
37236	9
37237	4
37238	9
37239	0
37240	4
37241	6
37242	0
37243	0
37244	6
37245	4
37246	9
37247	5
37248	0
37249	0
37250	22
37251	4
37252	3
37253	6
37254	6
37256	8
37257	6
37258	2
37260	8
37261	9
37262	1
37263	14
37265	0
37266	5
37268	1
37269	0
37270	4
37272	4
37273	7
37274	6
37275	4
37277	31
37278	8
37279	0
37281	6
37282	0
37283	0
37284	8
37285	0
37286	0
37287	3
37288	0
37290	0
37291	0
37292	1
37293	19
37294	0
37295	2
37296	4
37297	17
37299	0
37300	11
37301	16
37302	7
37303	13
37304	0
37305	12
37306	6
37307	4
37308	8
37309	13
37310	0
37311	2
37312	1
37313	2
37314	0
37315	5
37316	2
37317	13
37318	11
37319	8
37320	1
37321	11
37322	5
37323	0
37324	0
37326	14
37327	0
37328	0
37329	6
37330	0
37331	0
37332	0
37333	4
37334	0
37335	0
37336	4
37337	5
37338	0
37339	5
37340	10
37341	0
37343	18
37344	1
37345	5
37346	2
37347	2
37348	11
37349	0
37350	0
37351	13
37352	20
37354	25
37355	6
37357	12
37358	0
37359	0
37360	7
37361	11
37366	13
37367	0
37369	0
37370	0
37371	0
37372	0
37376	2
37377	7
37378	13
37379	0
37381	13
37382	2
37383	0
37385	2
37386	2
37387	0
37388	7
37390	0
37392	3
37394	0
37395	0
37397	2
37398	5
37399	2
37400	1
37402	1
37403	2
37404	6
37405	10
37407	1
37410	9
37412	15
37413	0
37414	0
37415	3
37416	11
37417	2
37418	0
37419	0
37420	0
37421	0
37422	19
37423	7
37424	4
37425	6
37426	10
37427	9
37428	5
37430	2
37431	5
37432	12
37433	1
37434	0
37436	13
37437	5
37438	1
37440	8
37441	0
37442	0
37443	7
37444	1
37446	2
37447	3
37448	8
37449	12
37450	0
37451	4
37453	0
37455	6
37456	24
37457	8
37458	1
37459	1
37460	0
37461	0
37462	10
37463	13
37464	0
37465	1
37466	5
37467	5
37468	10
37469	6
37470	5
37471	11
37472	1
37474	9
37476	12
37477	12
37478	8
37479	0
37481	0
37482	8
37483	2
37484	0
37485	0
37486	11
37487	5
37489	6
37490	11
37491	0
37493	2
37494	0
37495	0
37496	2
37497	2
37498	17
37499	1
37500	0
37501	2
37502	2
37503	0
37504	0
37505	0
37506	0
37507	10
37508	15
37509	7
37510	5
37511	3
37512	0
37514	6
37516	5
37518	11
37521	14
37522	3
37523	1
37525	0
37526	10
37527	6
37528	0
37530	0
37532	8
37533	0
37534	17
37535	1
37536	12
37537	1
37538	3
37539	3
37540	6
37541	4
37542	15
37543	5
37544	0
37545	7
37546	5
37547	3
37548	7
37549	0
37550	0
37551	15
37552	2
37553	0
37554	1
37555	0
37556	2
37558	9
37559	2
37560	3
37561	0
37564	4
37565	1
37566	3
37567	2
37568	0
37569	0
37570	1
37571	2
37572	13
37574	5
37575	0
37576	0
37577	2
37579	9
37580	13
37581	1
37583	4
37584	10
37585	10
37586	4
37587	5
37589	15
37590	6
37591	2
37592	5
37593	11
37595	0
37597	1
37598	6
37599	0
37600	9
37602	18
37603	10
37604	1
37605	2
37606	0
37607	0
37608	0
37609	7
37610	5
37613	0
37614	5
37615	0
37616	5
37617	0
37618	17
37619	0
37620	13
37621	16
37623	3
37624	3
37625	12
37626	2
37627	1
37628	0
37629	0
37630	16
37632	20
37633	8
37634	5
37635	0
37636	0
37638	3
37639	3
37640	0
37641	4
37642	3
37643	22
37644	0
37645	14
37646	0
37647	0
37648	2
37649	0
37650	0
37651	10
37652	1
37653	7
37654	7
37655	0
37656	0
37657	1
37658	10
37659	18
37660	3
37661	4
37662	1
37663	11
37664	1
37665	0
37666	13
37667	0
37668	2
37669	5
37670	6
37671	0
37672	28
37673	0
37675	0
37676	2
37677	1
37678	20
37679	0
37680	0
37681	1
37682	4
37683	10
37684	0
37686	0
37687	12
37688	5
37690	5
37691	0
37692	0
37693	3
37694	0
37695	0
37696	6
37697	0
37698	1
37700	4
37701	0
37702	0
37703	2
37705	2
37706	5
37708	4
37709	27
37710	0
37711	4
37712	0
37713	2
37714	0
37715	6
37718	0
37719	1
37720	0
37721	0
37722	0
37723	11
37725	0
37726	0
37727	0
37728	7
37729	9
37730	0
37731	4
37732	2
37735	6
37736	12
37737	7
37738	5
37739	10
37740	0
37741	14
37742	3
37743	10
37744	7
37745	1
37746	0
37747	0
37748	2
37749	1
37751	8
37753	1
37754	0
37755	4
37756	2
37757	0
37758	13
37759	0
37761	17
37762	29
37763	0
37764	5
37765	0
37766	1
37767	0
37768	6
37769	1
37770	11
37771	4
37772	6
37773	3
37774	0
37775	1
37776	1
37777	21
37778	0
37779	5
37780	2
37781	18
37782	6
37783	1
37784	2
37785	12
37786	5
37787	10
37788	2
37789	0
37790	4
37791	15
37792	31
37793	16
37795	5
37796	2
37797	3
37798	15
37799	0
37800	2
37801	13
37802	0
37803	16
37804	13
37805	7
37806	4
37808	0
37810	12
37811	2
37812	0
37813	6
37814	4
37815	0
37816	7
37817	3
37819	8
37820	0
37821	1
37822	15
37824	17
37826	0
37827	14
37828	7
37829	5
37830	2
37831	0
37832	0
37833	7
37834	9
37835	0
37838	0
37839	1
37840	5
37841	2
37842	13
37843	7
37844	0
37845	3
37846	3
37847	8
37848	8
37849	0
37850	4
37851	0
37852	6
37853	6
37854	10
37855	0
37856	0
37857	0
37858	0
37860	5
37862	0
37865	3
37868	13
37869	1
37870	0
37871	30
37872	23
37873	0
37874	5
37875	1
37876	6
37877	15
37878	0
37879	4
37880	13
37881	3
37882	2
37883	4
37884	0
37885	0
37887	5
37888	0
37890	0
37891	7
37892	0
37893	0
37894	2
37895	12
37896	3
37897	2
37898	6
37899	2
37900	5
37902	5
37903	0
37904	6
37905	5
37906	19
37907	8
37908	4
37910	17
37911	3
37912	3
37913	4
37914	5
37915	1
37916	2
37917	0
37920	0
37921	11
37922	9
37923	0
37924	5
37925	3
37926	0
37927	0
37928	0
37929	8
37930	9
37931	7
37932	11
37933	3
37934	8
37936	0
37937	14
37938	0
37940	2
37941	0
37942	4
37943	6
37944	3
37945	0
37946	9
37947	2
37948	2
37949	11
37950	6
37951	8
37952	5
37953	0
37954	0
37955	8
37956	5
37957	5
37958	1
37959	9
37960	9
37961	4
37962	18
37963	7
37964	2
37965	9
37966	10
37967	2
37969	2
37970	0
37971	7
37973	1
37976	0
37978	21
37979	5
37980	0
37981	0
37982	0
37983	2
37984	3
37985	2
37986	13
37988	7
37989	2
37990	0
37991	4
37992	1
37993	6
37994	0
37996	13
37997	0
37998	5
37999	1
38000	2
38001	6
38002	0
38003	5
38004	11
38005	18
38006	0
38007	6
38009	0
38010	2
38011	6
38012	0
38014	0
38015	1
38016	0
38018	4
38019	1
38020	9
38021	0
38022	19
38023	2
38025	25
38026	6
38027	7
38028	12
38029	3
38030	0
38031	1
38032	4
38033	18
38034	0
38035	1
38036	3
38037	1
38038	10
38039	9
38040	0
38041	10
38042	18
38043	28
38044	0
38045	6
38047	2
38048	10
38049	5
38050	6
38052	48
38053	8
38054	0
38056	15
38058	3
38059	10
38060	0
38062	0
38063	0
38064	0
38065	11
38066	2
38067	6
38068	2
38069	2
38071	5
38072	0
38074	12
38075	4
38076	1
38077	13
38078	3
38079	5
38080	3
38081	15
38082	4
38084	13
38085	6
38086	0
38087	2
38088	11
38089	2
38090	1
38092	16
38094	3
38096	17
38097	10
38098	0
38099	19
38100	2
38101	3
38102	12
38103	10
38104	0
38105	3
38107	0
38108	0
38109	11
38110	8
38111	15
38112	9
38113	7
38114	0
38115	0
38116	3
38117	12
38118	4
38119	0
38120	0
38121	2
38122	21
38123	0
38124	9
38125	1
38126	10
38127	5
38128	0
38129	13
38130	0
38131	0
38132	0
38133	0
38134	7
38135	1
38136	14
38137	0
38138	2
38139	14
38140	1
38141	0
38142	2
38143	0
38144	9
38145	0
38146	8
38147	16
38148	0
38149	1
38150	2
38152	1
38154	6
38155	11
38156	4
38157	0
38159	1
38160	5
38162	0
38163	0
38164	18
38165	2
38166	16
38169	13
38171	16
38172	0
38173	5
38174	7
38175	0
38176	9
38177	0
38179	6
38180	3
38181	5
38182	12
38183	28
38184	11
38185	10
38186	15
38187	0
38188	5
38189	6
38190	17
38191	0
38192	4
38193	3
38196	3
38198	0
38199	10
38200	5
38201	3
38202	4
38203	4
38204	13
38206	9
38207	0
38208	5
38209	12
38210	7
38211	1
38212	13
38213	10
38214	7
38215	5
38216	11
38217	0
38219	0
38220	10
38221	0
38222	9
38223	0
38224	0
38226	6
38227	5
38228	19
38229	2
38230	9
38231	3
38232	4
38234	10
38235	3
38236	14
38237	0
38238	15
38240	0
38241	10
38242	2
38243	3
38244	5
38246	11
38247	3
38249	0
38252	7
38253	0
38255	4
38258	0
38259	1
38260	15
38261	7
38262	1
38265	0
38266	13
38267	1
38268	4
38269	0
38271	0
38272	0
38273	0
38274	0
38275	4
38276	4
38277	0
38279	1
38281	0
38282	7
38283	5
38285	2
38286	0
38287	0
38289	5
38290	7
38291	4
38292	5
38293	12
38294	0
38295	0
38296	2
38297	11
38298	0
38299	11
38301	11
38303	3
38304	5
38306	16
38307	3
38308	7
38311	5
38312	12
38313	6
38314	0
38315	0
38317	0
38318	5
38320	12
38321	1
38322	0
38323	4
38324	4
38325	5
38326	8
38327	11
38328	14
38329	19
38330	5
38331	0
38332	10
38333	5
38335	18
38336	12
38337	0
38338	8
38339	0
38340	7
38341	4
38342	4
38343	4
38344	0
38345	2
38346	4
38347	6
38348	1
38349	0
38351	7
38352	3
38353	6
38354	2
38356	7
38357	0
38358	9
38359	1
38360	0
38362	10
38364	17
38365	2
38366	0
38367	0
38368	12
38369	2
38370	10
38371	17
38372	4
38373	8
38374	5
38375	5
38376	14
38377	0
38378	0
38379	3
38380	1
38381	0
38382	0
38383	17
38384	0
38385	0
38386	6
38389	14
38391	2
38392	8
38393	1
38394	11
38396	1
38397	3
38398	3
38399	0
38400	10
38401	0
38402	0
38403	10
38404	4
38405	4
38406	10
38407	4
38408	4
38409	0
38410	5
38411	7
38413	3
38414	0
38417	3
38418	5
38419	27
38421	7
38423	7
38424	0
38425	17
38426	0
38427	10
38428	8
38429	8
38430	5
38431	1
38432	17
38433	2
38434	0
38436	0
38438	0
38439	14
38440	7
38442	21
38443	0
38445	10
38446	2
38447	8
38448	7
38449	17
38450	19
38451	0
38452	1
38453	13
38454	0
38455	3
38456	1
38457	2
38458	22
38459	1
38462	7
38464	17
38465	0
38466	9
38467	12
38468	6
38470	0
38471	0
38473	20
38474	1
38475	3
38476	28
38477	4
38479	2
38480	2
38481	11
38482	0
38483	1
38484	13
38485	19
38487	1
38488	5
38489	7
38490	15
38491	0
38492	7
38493	1
38494	17
38495	0
38496	6
38497	13
38498	9
38499	4
38500	0
38501	9
38502	4
38503	1
38504	4
38505	2
38506	0
38507	10
38508	0
38509	0
38510	8
38511	26
38512	2
38513	0
38514	8
38515	0
38516	11
38517	13
38518	6
38519	0
38520	4
38521	4
38522	12
38523	4
38524	8
38526	10
38527	1
38528	0
38529	0
38531	2
38533	0
38534	0
38535	0
38536	5
38537	0
38538	8
38539	4
38541	3
38542	4
38544	0
38546	6
38547	0
38548	8
38549	16
38550	15
38551	0
38552	0
38554	2
38557	2
38558	1
38559	16
38560	3
38561	4
38562	1
38563	0
38564	6
38565	4
38567	26
38568	34
38569	0
38570	4
38571	6
38572	3
38573	0
38574	14
38575	0
38576	0
38577	4
38578	18
38579	0
38581	0
38583	0
38585	0
38586	0
38588	0
38589	0
38592	1
38594	0
38595	10
38596	0
38597	0
38598	12
38600	10
38601	14
38602	10
38603	1
38604	13
38605	16
38606	17
38607	1
38608	1
38609	0
38610	11
38611	2
38612	0
38613	0
38614	7
38615	0
38617	4
38620	8
38621	2
38622	3
38623	0
38624	1
38627	7
38628	0
38629	0
38631	16
38632	1
38633	1
38634	14
38635	0
38637	0
38639	5
38640	14
38641	28
38642	4
38643	0
38644	24
38645	19
38646	8
38647	6
38648	4
38649	18
38650	0
38651	1
38652	0
38653	6
38654	1
38655	11
38658	10
38659	0
38660	6
38661	0
38662	4
38663	7
38664	0
38665	0
38666	6
38667	1
38668	0
38669	8
38670	3
38671	8
38672	0
38673	2
38674	10
38675	16
38677	4
38678	17
38679	0
38680	8
38681	0
38682	21
38683	7
38684	0
38685	4
38686	4
38687	10
38688	1
38690	8
38691	9
38692	17
38693	0
38694	12
38695	5
38696	6
38700	12
38701	5
38702	17
38703	0
38706	1
38707	0
38708	4
38709	5
38711	0
38712	1
38713	0
38714	10
38716	9
38717	7
38718	2
38719	0
38721	5
38722	10
38723	0
38724	0
38725	0
38726	2
38727	17
38728	3
38729	0
38730	4
38731	0
38732	1
38733	2
38736	0
38737	19
38738	0
38739	0
38740	5
38741	1
38742	8
38744	0
38745	7
38746	7
38747	15
38748	12
38749	2
38750	0
38752	0
38755	6
38756	1
38757	0
38758	5
38760	0
38761	0
38762	11
38763	5
38764	2
38766	1
38767	4
38768	3
38769	11
38770	9
38771	0
38773	1
38774	3
38775	7
38776	0
38777	6
38778	0
38779	0
38780	5
38782	0
38783	11
38784	4
38785	10
38786	3
38787	11
38788	15
38789	3
38790	17
38791	8
38792	6
38793	19
38795	5
38796	4
38798	0
38799	0
38801	3
38802	3
38804	9
38805	0
38807	4
38808	4
38809	1
38811	0
38812	2
38813	2
38814	2
38815	0
38816	24
38817	0
38818	0
38819	1
38820	0
38821	0
38822	5
38823	0
38824	0
38825	0
38826	5
38827	4
38828	1
38829	10
38830	1
38831	2
38833	2
38834	3
38835	16
38836	12
38837	3
38838	13
38839	7
38840	13
38841	0
38842	2
38843	0
38844	14
38845	8
38846	7
38847	11
38848	3
38849	4
38851	0
38852	0
38853	0
38854	0
38855	14
38857	14
38858	1
38859	1
38860	8
38861	1
38862	9
38863	18
38864	0
38865	4
38866	0
38867	2
38868	0
38869	12
38870	7
38871	27
38872	3
38874	11
38875	21
38876	2
38877	15
38878	0
38879	10
38880	0
38881	4
38882	9
38883	0
38884	0
38885	1
38886	0
38887	4
38888	2
38889	10
38890	9
38891	4
38892	13
38893	0
38894	7
38895	0
38896	1
38897	0
38898	0
38901	0
38903	11
38904	0
38906	3
38907	9
38908	5
38909	4
38910	0
38911	8
38912	2
38913	0
38914	4
38915	5
38916	1
38917	2
38918	4
38919	2
38920	0
38921	5
38922	6
38923	0
38924	5
38925	0
38926	9
38927	24
38928	2
38929	10
38930	4
38932	22
38933	6
38934	4
38935	0
38936	2
38937	0
38938	1
38939	10
38940	0
38941	2
38943	4
38944	1
38945	0
38946	15
38947	6
38948	1
38949	19
38950	3
38952	14
38954	3
38955	6
38957	1
38959	7
38960	4
38961	0
38962	4
38963	1
38964	4
38965	0
38966	0
38967	3
38969	0
38970	2
38971	3
38972	5
38973	0
38974	0
38975	2
38976	15
38977	6
38978	28
38979	9
38981	4
38982	7
38983	1
38985	10
38986	1
38988	8
38989	16
38990	5
38991	0
38993	0
38994	9
38995	2
38998	4
38999	4
39000	11
39001	9
39002	8
39003	0
39004	1
39005	8
39006	13
39007	1
39008	0
39009	20
39011	0
39012	10
39013	0
39014	0
39015	0
39016	8
39017	8
39019	16
39020	1
39021	10
39022	9
39023	6
39024	0
39025	11
39026	12
39027	30
39028	15
39029	1
39030	0
39031	5
39032	3
39033	0
39034	0
39035	0
39036	0
39039	8
39040	0
39041	14
39042	10
39043	5
39044	5
39045	3
39046	1
39048	1
39049	0
39050	0
39051	0
39052	20
39053	10
39054	0
39055	15
39056	7
39057	9
39058	0
39059	5
39060	3
39062	1
39064	11
39065	9
39066	0
39067	6
39068	1
39069	3
39072	0
39073	1
39074	3
39075	0
39076	7
39077	0
39078	1
39079	0
39080	13
39081	3
39082	1
39083	4
39084	2
39085	4
39086	6
39087	2
39090	6
39091	0
39092	4
39094	2
39095	0
39096	0
39097	10
39099	0
39101	0
39102	7
39104	9
39105	2
39106	2
39107	0
39108	14
39109	0
39110	2
39111	15
39112	14
39113	5
39114	9
39115	6
39116	7
39117	19
39118	29
39119	0
39120	6
39121	11
39122	6
39125	1
39126	1
39127	2
39128	17
39129	0
39130	3
39131	0
39132	10
39133	3
39134	2
39135	7
39136	0
39137	8
39138	1
39139	4
39140	5
39141	0
39142	14
39143	25
39144	2
39146	5
39147	5
39148	2
39149	5
39150	7
39151	7
39152	0
39153	0
39154	4
39155	5
39156	8
39157	2
39158	4
39159	0
39160	3
39161	2
39162	0
39163	3
39164	16
39165	0
39166	0
39167	0
39168	14
39169	0
39170	0
39172	0
39173	12
39174	3
39175	4
39176	0
39177	0
39178	2
39179	2
39180	0
39181	6
39183	24
39184	16
39185	0
39186	1
39187	3
39188	9
39189	0
39190	1
39191	5
39193	0
39194	2
39195	2
39196	9
39197	8
39198	1
39199	4
39200	0
39201	8
39202	0
39203	10
39204	9
39205	0
39206	4
39207	0
39208	9
39209	2
39210	13
39211	0
39212	6
39213	1
39215	6
39216	0
39217	0
39218	6
39219	3
39222	13
39223	10
39224	7
39225	0
39226	7
39227	10
39228	0
39229	13
39230	6
39231	2
39232	0
39233	1
39234	4
39235	15
39236	16
39237	0
39238	11
39239	0
39240	3
39241	1
39242	18
39243	6
39244	1
39246	3
39247	9
39248	6
39249	1
39250	8
39252	9
39253	4
39254	2
39255	11
39256	11
39257	2
39258	7
39259	3
39260	13
39261	3
39264	5
39265	0
39266	0
39267	0
39268	3
39269	5
39270	0
39271	1
39272	9
39273	0
39275	16
39276	24
39277	10
39278	2
39280	5
39281	4
39282	7
39283	35
39284	9
39286	3
39287	5
39288	0
39290	10
39291	0
39292	2
39293	8
39294	0
39295	5
39296	0
39297	1
39298	12
39299	10
39300	6
39301	0
39303	1
39304	9
39306	3
39307	2
39308	0
39309	0
39310	0
39311	1
39312	7
39314	1
39316	1
39317	6
39318	0
39319	11
39320	9
39321	0
39322	4
39323	1
39324	3
39326	9
39327	0
39328	1
39329	2
39330	6
39331	8
39332	8
39333	6
39334	9
39336	0
39337	6
39338	0
39339	20
39340	1
39341	16
39342	0
39343	8
39344	4
39345	1
39347	4
39348	8
39349	5
39350	4
39351	0
39352	17
39353	13
39354	0
39355	0
39356	6
39357	1
39359	2
39360	0
39361	4
39362	11
39363	7
39364	4
39365	11
39366	0
39367	3
39369	3
39370	6
39372	1
39373	5
39375	10
39376	2
39377	0
39378	8
39380	27
39381	18
39382	7
39383	5
39384	3
39385	0
39386	0
39387	4
39388	5
39389	0
39390	3
39391	1
39392	12
39393	8
39395	0
39396	12
39397	2
39398	12
39399	4
39400	23
39401	6
39402	4
39403	4
39404	5
39405	0
39406	4
39407	0
39408	2
39409	2
39410	16
39411	12
39412	0
39414	2
39415	0
39416	8
39417	7
39418	0
39419	8
39420	0
39421	3
39422	0
39424	1
39425	1
39426	0
39427	6
39428	0
39431	1
39432	0
39433	0
39435	0
39436	11
39437	0
39439	17
39440	11
39441	0
39442	5
39443	0
39444	0
39445	0
39446	1
39447	8
39448	22
39449	19
39450	0
39451	0
39452	4
39454	0
39456	0
39457	7
39458	2
39459	0
39460	0
39461	0
39462	6
39463	2
39464	14
39465	0
39466	0
39467	6
39468	9
39469	8
39470	0
39471	7
39472	0
39473	0
39474	2
39475	7
39476	22
39477	2
39478	9
39479	6
39482	7
39483	4
39484	7
39485	1
39486	6
39487	0
39488	4
39489	0
39490	1
39491	4
39492	8
39493	4
39494	0
39495	1
39496	8
39497	5
39498	16
39499	8
39500	3
39501	10
39502	8
39504	0
39505	6
39506	8
39507	4
39508	3
39510	13
39511	1
39512	0
39513	0
39514	2
39515	1
39516	7
39517	0
39518	10
39519	4
39520	0
39521	4
39522	0
39523	0
39524	2
39525	6
39526	10
39527	0
39528	0
39529	13
39530	3
39531	0
39532	10
39533	6
39534	2
39535	12
39536	7
39538	0
39539	2
39542	1
39544	21
39545	10
39546	20
39547	7
39548	8
39550	12
39551	1
39552	9
39553	5
39555	9
39556	8
39558	9
39559	6
39560	3
39561	2
39562	0
39563	11
39564	0
39565	4
39566	4
39567	18
39568	6
39569	4
39572	9
39574	0
39575	6
39576	1
39577	0
39578	1
39579	5
39580	4
39581	2
39582	0
39583	0
39584	7
39586	10
39587	6
39588	8
39589	10
39590	0
39591	4
39592	6
39593	12
39594	6
39595	0
39596	10
39597	0
39598	6
39599	0
39600	0
39602	0
39603	15
39604	7
39606	7
39607	2
39608	7
39609	10
39610	0
39611	2
39612	10
39613	1
39614	9
39615	4
39616	1
39617	5
39618	1
39619	33
39620	5
39621	7
39623	8
39624	3
39625	6
39627	0
39628	0
39629	7
39630	2
39631	6
39632	1
39633	8
39634	3
39635	0
39636	0
39637	3
39638	0
39639	0
39640	5
39642	7
39643	2
39644	2
39645	2
39647	5
39648	20
39649	9
39650	0
39651	11
39652	0
39653	0
39654	2
39655	0
39656	0
39657	17
39658	1
39659	5
39660	13
39661	0
39662	2
39663	2
39664	13
39665	4
39666	0
39667	0
39670	15
39673	6
39674	3
39675	0
39676	0
39677	0
39678	4
39679	0
39680	0
39682	2
39683	1
39684	24
39685	3
39686	16
39689	10
39690	11
39691	3
39692	2
39693	5
39694	6
39695	11
39696	0
39699	3
39700	0
39701	0
39702	3
39703	0
39705	8
39706	0
39707	0
39708	6
39709	4
39710	4
39711	0
39712	0
39714	0
39715	8
39716	16
39717	8
39718	2
39719	7
39720	0
39721	12
39722	5
39723	0
39724	0
39725	0
39726	11
39727	4
39728	12
39729	0
39730	1
39731	0
39732	0
39733	0
39734	0
39735	0
39736	4
39737	0
39738	3
39739	0
39740	0
39741	0
39742	0
39744	1
39747	7
39748	0
39749	5
39751	16
39752	10
39753	7
39754	9
39755	3
39756	5
39757	2
39758	0
39759	12
39761	6
39762	3
39763	6
39764	0
39765	31
39767	4
39769	0
39770	0
39771	1
39772	0
39773	2
39774	6
39775	0
39776	13
39778	0
39779	1
39780	1
39781	1
39782	0
39783	3
39785	7
39788	6
39789	3
39791	15
39793	2
39795	4
39796	4
39798	4
39799	3
39800	0
39802	5
39803	0
39804	5
39805	0
39806	5
39807	0
39809	2
39811	4
39812	10
39813	8
39814	3
39815	0
39816	0
39817	6
39819	1
39820	6
39821	5
39822	2
39823	4
39824	11
39825	0
39826	0
39827	3
39828	8
39829	6
39830	20
39831	9
39833	2
39834	0
39835	5
39837	2
39838	1
39839	8
39840	9
39841	8
39842	0
39843	5
39844	0
39845	2
39846	9
39848	4
39850	3
39851	0
39852	0
39853	0
39854	10
39855	10
39856	4
39857	0
39858	0
39860	0
39863	0
39865	0
39866	0
39867	1
39868	0
39869	0
39870	1
39871	3
39872	0
39873	1
39874	1
39875	2
39876	2
39877	0
39878	1
39879	4
39882	0
39883	0
39884	0
39885	0
39886	15
39887	11
39888	2
39889	1
39890	9
39891	3
39894	9
39895	0
39896	24
39897	2
39898	14
39899	0
39900	3
39901	0
39902	6
39903	0
39904	4
39905	1
39906	10
39907	0
39908	0
39909	0
39910	9
39911	4
39912	14
39913	14
39914	2
39915	4
39916	12
39917	0
39918	4
39919	4
39920	8
39921	3
39922	14
39923	14
39924	1
39925	0
39926	0
39928	3
39930	9
39931	6
39932	7
39933	7
39934	15
39935	5
39936	0
39937	0
39938	11
39939	0
39941	10
39942	5
39944	28
39945	0
39946	6
39947	3
39948	2
39949	0
39950	18
39951	13
39952	10
39953	0
39954	9
39956	17
39957	5
39958	6
39959	1
39960	0
39961	13
39963	6
39964	6
39966	3
39967	10
39968	0
39969	13
39970	0
39971	13
39973	0
39975	2
39976	0
39977	3
39978	9
39979	4
39980	0
39981	10
39982	1
39983	2
39984	10
39985	1
39986	0
39987	0
39988	8
39989	6
39990	2
39991	3
39992	3
39993	10
39994	8
39995	10
39996	18
39997	2
39998	14
39999	1
40000	17
40001	0
40002	1
40003	0
40004	5
40005	0
40006	17
40007	1
40008	0
40010	2
40011	16
40012	0
40013	7
40014	21
40015	2
40016	0
40017	0
40018	7
40020	7
40021	1
40022	2
40023	1
40025	0
40026	0
40027	1
40028	7
40030	3
40031	0
40032	2
40033	10
40034	14
40035	6
40036	3
40037	0
40038	10
40040	7
40041	21
40042	3
40043	9
40044	15
40045	16
40046	0
40047	12
40048	0
40049	0
40050	14
40051	9
40052	1
40053	1
40054	0
40055	0
40057	0
40058	6
40059	0
40060	0
40061	22
40062	18
40063	2
40064	0
40065	14
40066	6
40067	0
40068	2
40069	27
40071	1
40072	5
40073	0
40074	5
40075	0
40077	11
40078	0
40079	2
40080	0
40081	1
40082	0
40083	0
40084	10
40085	8
40086	6
40087	5
40089	5
40090	2
40091	4
40092	0
40093	3
40094	0
40095	20
40096	1
40098	1
40100	5
40101	1
40102	0
40103	0
40104	0
40107	15
40108	3
40109	14
40110	7
40111	7
40112	5
40113	1
40114	2
40115	0
40117	0
40119	12
40120	0
40121	8
40122	0
40123	5
40124	11
40125	9
40126	0
40127	8
40128	1
40129	0
40130	0
40131	1
40132	1
40133	5
40134	0
40135	5
40136	0
40138	11
40139	4
40140	1
40142	0
40143	0
40146	8
40147	5
40148	4
40149	0
40150	0
40151	1
40152	7
40153	3
40154	0
40156	5
40159	0
40160	4
40161	17
40162	5
40163	0
40165	0
40166	6
40167	1
40168	1
40169	0
40170	0
40171	0
40172	8
40173	6
40174	0
40175	0
40177	0
40178	0
40179	0
40180	10
40181	9
40183	3
40184	3
40185	7
40186	11
40187	1
40188	7
40189	0
40190	0
40192	3
40193	1
40194	9
40195	0
40196	2
40197	3
40198	2
40201	4
40202	0
40204	3
40205	6
40206	20
40207	11
40208	10
40209	6
40210	2
40211	0
40212	1
40213	9
40214	6
40215	14
40216	7
40217	7
40218	6
40219	5
40220	19
40221	6
40223	7
40224	0
40226	1
40227	0
40228	15
40229	0
40230	12
40231	0
40232	0
40233	11
40234	6
40235	1
40236	2
40237	15
40238	5
40239	0
40240	0
40241	4
40242	21
40243	0
40245	0
40248	12
40249	2
40250	2
40251	1
40252	6
40253	4
40254	9
40255	0
40256	0
40257	4
40258	6
40260	11
40261	1
40262	0
40264	1
40266	0
40267	9
40268	19
40269	0
40270	17
40272	2
40273	6
40274	8
40275	18
40276	1
40277	12
40278	7
40279	8
40280	6
40282	1
40283	29
40284	0
40285	2
40286	11
40287	10
40288	0
40290	5
40294	3
40296	11
40297	0
40298	26
40299	3
40300	12
40301	0
40302	5
40303	1
40304	5
40305	0
40306	22
40308	2
40310	3
40311	0
40313	10
40316	15
40318	0
40319	10
40320	16
40321	0
40322	0
40323	0
40324	2
40325	1
40326	5
40327	4
40328	0
40329	9
40331	12
40332	3
40333	1
40334	13
40335	11
40336	10
40340	2
40342	0
40344	25
40345	0
40346	2
40347	14
40348	9
40349	3
40350	10
40351	0
40352	0
40353	4
40354	0
40355	3
40356	5
40357	0
40358	0
40359	0
40360	1
40361	22
40362	5
40363	0
40364	6
40365	3
40366	8
40367	6
40369	11
40370	0
40371	24
40372	12
40373	1
40374	4
40376	13
40377	0
40378	7
40379	6
40380	4
40381	11
40382	0
40383	0
40384	0
40385	6
40386	0
40387	2
40389	2
40390	4
40391	16
40392	4
40393	7
40396	10
40397	5
40398	0
40399	13
40400	4
40401	0
40402	8
40403	20
40404	0
40405	0
40406	18
40407	2
40408	5
40410	12
40411	0
40412	7
40413	6
40414	0
40415	3
40416	14
40417	0
40418	3
40419	12
40420	11
40421	0
40422	6
40424	2
40425	4
40426	2
40427	4
40428	0
40429	0
40430	10
40431	35
40432	2
40433	0
40434	3
40435	0
40436	2
40437	6
40438	0
40439	6
40440	0
40441	4
40442	4
40443	2
40444	17
40445	22
40446	1
40447	0
40448	2
40449	0
40450	27
40451	0
40452	0
40454	4
40455	11
40456	4
40457	0
40458	4
40459	11
40460	3
40461	5
40463	4
40464	4
40465	19
40466	4
40467	7
40468	3
40469	0
40470	12
40471	12
40472	0
40473	1
40474	2
40475	0
40477	3
40478	0
40480	0
40481	5
40482	1
40483	2
40484	0
40485	5
40486	4
40487	0
40488	7
40489	1
40490	2
40491	2
40492	8
40493	6
40494	15
40495	2
40496	13
40498	0
40499	1
40500	4
40501	13
40502	23
40503	0
40504	14
40506	16
40507	11
40508	2
40509	21
40510	4
40511	0
40513	0
40514	8
40515	0
40516	0
40517	6
40519	0
40520	3
40522	0
40523	3
40524	3
40525	7
40526	2
40527	5
40528	7
40529	4
40530	0
40531	7
40533	0
40534	0
40535	1
40536	4
40537	0
40538	0
40539	0
40540	12
40541	3
40542	0
40543	0
40544	1
40545	5
40546	0
40547	1
40548	0
40549	4
40550	7
40551	2
40552	4
40553	6
40554	3
40555	1
40556	6
40557	0
40559	6
40562	34
40563	4
40564	3
40566	0
40568	7
40569	15
40572	5
40574	2
40577	10
40578	10
40581	14
40582	1
40583	2
40584	9
40585	11
40586	1
40587	29
40588	6
40589	6
40590	0
40591	7
40593	4
40594	9
40595	5
40596	5
40597	0
40598	10
40599	0
40600	1
40601	0
40602	3
40603	14
40604	0
40605	3
40606	10
40608	8
40609	0
40610	20
40612	0
40613	0
40614	0
40615	10
40616	0
40619	0
40620	4
40621	1
40622	2
40623	0
40624	3
40625	0
40626	0
40627	4
40628	5
40629	6
40630	3
40631	7
40632	2
40633	1
40634	2
40635	8
40636	0
40637	0
40638	2
40639	6
40640	0
40641	3
40642	0
40643	2
40644	10
40645	1
40646	1
40648	4
40649	1
40650	0
40651	2
40652	5
40653	0
40654	0
40656	9
40657	0
40658	7
40659	2
40660	5
40661	5
40662	14
40663	0
40664	2
40665	1
40666	14
40667	8
40668	4
40669	1
40670	11
40671	0
40672	4
40673	0
40674	9
40675	4
40676	5
40678	0
40679	0
40681	2
40682	0
40683	7
40684	3
40685	0
40686	1
40687	2
40688	0
40689	1
40691	6
40692	3
40694	11
40695	4
40696	7
40697	3
40698	20
40699	4
40700	0
40701	0
40702	0
40703	4
40704	10
40706	4
40707	0
40709	5
40711	0
40712	10
40714	0
40715	13
40716	7
40717	0
40718	0
40720	1
40721	0
40722	0
40723	0
40725	8
40726	0
40727	0
40728	0
40729	7
40730	12
40731	6
40732	5
40733	17
40734	9
40735	0
40736	8
40737	3
40738	2
40739	1
40742	2
40743	5
40744	9
40745	0
40747	3
40748	2
40749	0
40752	2
40753	2
40754	9
40755	0
40756	5
40758	3
40759	3
40760	5
40761	0
40763	10
40764	11
40765	8
40767	3
40768	0
40769	8
40770	5
40771	17
40772	11
40773	7
40774	8
40775	3
40777	9
40779	1
40780	10
40782	8
40783	0
40786	8
40787	1
40788	14
40789	4
40790	8
40791	5
40793	10
40794	14
40795	4
40796	7
40797	0
40798	23
40799	7
40800	0
40801	3
40802	21
40803	9
40804	1
40806	4
40807	0
40808	0
40809	0
40810	0
40811	4
40812	0
40815	0
40816	3
40817	0
40818	0
40819	6
40820	13
40821	0
40822	9
40823	6
40824	0
40825	10
40826	1
40827	3
40828	0
40829	9
40830	5
40831	2
40832	0
40833	5
40834	4
40835	5
40836	7
40838	8
40839	10
40840	4
40841	0
40842	4
40844	2
40845	0
40846	0
40847	6
40848	6
40849	3
40850	4
40852	1
40853	3
40854	3
40855	4
40856	24
40857	7
40858	7
40859	0
40860	2
40861	12
40862	1
40863	9
40864	0
40865	0
40866	7
40867	4
40869	0
40870	14
40871	13
40872	13
40873	38
40874	4
40875	3
40876	7
40877	0
40878	0
40879	2
40880	4
40881	0
40882	1
40883	15
40884	10
40885	0
40886	0
40887	5
40888	4
40889	5
40891	12
40892	3
40893	0
40894	3
40895	3
40896	4
40897	3
40898	9
40899	6
40900	0
40901	17
40902	0
40903	7
40904	0
40905	23
40906	9
40907	0
40909	0
40910	0
40911	5
40912	0
40913	10
40916	0
40917	3
40920	0
40921	5
40922	25
40923	0
40924	17
40925	3
40926	7
40927	21
40928	7
40929	9
40930	12
40931	0
40932	7
40934	27
40935	0
40937	3
40938	7
40939	20
40940	0
40941	5
40943	1
40944	2
40946	7
40947	0
40948	0
40949	0
40950	5
40951	10
40952	9
40953	5
40954	0
40955	0
40956	0
40957	14
40958	0
40959	3
40960	8
40961	0
40963	5
40964	0
40965	4
40966	9
40967	2
40968	7
40969	0
40970	5
40972	2
40976	19
40977	13
40978	6
40979	0
40980	0
40981	0
40982	3
40983	1
40984	3
40985	0
40986	0
40987	0
40988	7
40989	23
40990	0
40991	19
40992	0
40993	6
40994	1
40995	0
40996	10
40997	14
40999	1
41000	0
41001	0
41002	20
41003	2
41004	7
41005	7
41006	1
41007	6
41009	4
41010	0
41012	7
41013	10
41014	2
41015	3
41016	0
41017	4
41018	0
41019	9
41020	7
41021	8
41022	0
41023	4
41026	11
41027	12
41028	0
41029	0
41030	4
41031	11
41032	12
41034	2
41036	12
41037	0
41038	0
41039	0
41040	10
41041	0
41042	3
41043	15
41044	2
41045	0
41046	10
41047	17
41048	0
41050	0
41051	0
41052	0
41053	9
41054	2
41055	0
41056	8
41057	0
41058	0
41059	0
41060	9
41061	0
41062	8
41063	12
41064	3
41065	19
41066	5
41068	0
41069	4
41070	10
41071	10
41072	7
41073	0
41075	9
41078	1
41079	1
41080	1
41081	4
41082	7
41083	1
41084	0
41085	0
41086	13
41087	15
41088	1
41089	0
41090	2
41092	10
41093	3
41094	4
41095	2
41097	0
41098	12
41099	4
41100	0
41103	5
41104	14
41105	4
41106	4
41107	0
41108	2
41109	10
41110	13
41111	22
41112	2
41114	1
41116	0
41117	33
41118	8
41119	2
41120	2
41121	0
41122	3
41124	3
41126	0
41127	2
41128	11
41129	7
41130	9
41131	0
41132	4
41133	0
41134	2
41135	1
41136	27
41138	11
41139	0
41140	0
41142	8
41143	4
41145	0
41146	12
41147	21
41148	2
41149	1
41150	0
41151	5
41153	18
41154	11
41155	5
41156	3
41157	3
41159	2
41161	3
41162	0
41163	9
41165	7
41166	12
41167	0
41168	0
41169	4
41170	4
41171	7
41172	7
41173	0
41174	0
41175	0
41176	0
41177	15
41178	6
41179	1
41181	8
41182	2
41184	0
41185	9
41186	7
41187	5
41188	8
41189	1
41190	8
41191	1
41192	11
41193	12
41194	5
41195	19
41196	0
41197	8
41199	0
41200	0
41201	0
41202	3
41203	3
41204	6
41206	6
41207	0
41208	21
41209	5
41211	1
41213	12
41214	4
41215	0
41217	17
41218	4
41219	11
41221	10
41222	1
41223	5
41224	1
41225	2
41226	2
41227	12
41228	1
41229	8
41230	24
41231	3
41232	4
41233	0
41234	15
41235	9
41237	5
41239	5
41240	22
41241	0
41243	1
41246	6
41249	3
41250	0
41251	3
41252	0
41253	0
41254	7
41255	5
41256	14
41257	6
41258	4
41259	0
41260	2
41261	4
41262	4
41263	13
41264	0
41266	1
41267	25
41268	4
41269	4
41271	10
41272	6
41274	11
41276	3
41277	1
41279	5
41280	14
41281	1
41282	0
41283	6
41286	0
41287	0
41288	0
41289	10
41290	1
41291	20
41292	3
41293	16
41294	8
41295	23
41296	0
41297	0
41300	17
41301	4
41302	13
41303	4
41305	10
41306	12
41307	2
41308	21
41309	15
41310	8
41312	0
41313	1
41314	21
41316	1
41317	6
41318	1
41319	0
41321	1
41322	10
41323	8
41325	0
41326	4
41327	18
41328	8
41329	1
41330	3
41333	10
41334	3
41335	0
41337	1
41338	8
41339	0
41340	10
41341	4
41342	0
41343	1
41344	6
41345	5
41346	0
41347	16
41349	11
41350	1
41351	7
41352	6
41355	13
41356	1
41357	7
41358	1
41359	3
41360	1
41361	0
41363	1
41364	0
41365	0
41366	0
41367	5
41369	6
41370	0
41371	10
41372	12
41373	0
41375	0
41376	10
41377	4
41378	0
41379	0
41381	1
41382	0
41383	9
41385	6
41386	9
41387	3
41388	1
41389	12
41390	0
41391	6
41392	14
41393	0
41394	15
41395	0
41396	0
41397	7
41399	25
41400	0
41402	2
41403	4
41404	2
41406	5
41407	2
41408	23
41409	21
41410	3
41411	1
41413	0
41414	0
41415	18
41416	0
41417	6
41418	0
41419	0
41420	4
41421	5
41422	10
41423	4
41424	0
41425	1
41426	3
41429	3
41430	4
41431	0
41432	1
41433	0
41434	1
41435	13
41436	24
41437	0
41438	12
41441	0
41442	11
41443	5
41444	0
41446	12
41447	0
41448	0
41449	1
41450	6
41451	6
41452	0
41456	5
41457	1
41458	23
41459	0
41460	7
41461	5
41462	2
41463	5
41465	0
41467	6
41468	2
41469	2
41470	9
41471	10
41472	0
41474	2
41476	2
41477	1
41478	7
41479	4
41480	0
41481	0
41482	5
41483	2
41484	3
41485	0
41487	15
41488	6
41489	26
41490	0
41491	5
41492	18
41493	6
41494	13
41495	7
41496	2
41497	13
41498	1
41499	16
41500	1
41501	7
41502	4
41503	18
41504	2
41505	14
41507	6
41509	1
41510	2
41511	6
41512	22
41513	3
41514	0
41515	0
41516	2
41517	10
41518	0
41519	26
41520	3
41521	4
41522	1
41523	6
41524	3
41526	12
41528	15
41529	8
41530	1
41531	8
41532	16
41533	3
41534	0
41535	2
41536	0
41538	1
41539	1
41540	14
41541	32
41542	2
41543	3
41545	24
41546	6
41547	14
41548	3
41549	8
41550	5
41551	15
41552	8
41554	1
41555	6
41556	3
41557	6
41559	2
41560	10
41561	10
41562	11
41563	0
41564	17
41565	0
41566	2
41567	0
41568	2
41569	0
41570	6
41572	0
41573	0
41574	3
41575	9
41576	0
41577	2
41578	26
41579	1
41580	0
41581	8
41582	0
41583	13
41584	13
41585	0
41586	0
41588	1
41589	0
41590	8
41591	1
41592	2
41593	4
41595	4
41596	0
41598	1
41599	3
41600	0
41601	1
41602	0
41604	0
41605	0
41607	7
41608	0
41609	0
41610	4
41611	1
41612	0
41613	5
41614	7
41615	2
41617	0
41618	0
41619	9
41620	10
41621	0
41622	5
41623	1
41624	3
41625	4
41626	9
41627	2
41628	1
41629	3
41631	11
41632	1
41633	2
41634	6
41636	16
41637	19
41638	9
41639	0
41640	10
41641	12
41642	0
41643	11
41645	0
41647	1
41648	13
41649	13
41650	0
41651	0
41652	1
41653	12
41654	7
41655	3
41656	0
41658	13
41659	1
41661	0
41663	0
41665	4
41667	12
41668	3
41669	5
41670	18
41671	4
41672	9
41674	4
41675	0
41676	4
41678	1
41680	2
41681	24
41682	11
41683	1
41684	0
41685	0
41686	10
41687	4
41688	14
41689	0
41690	0
41691	9
41692	1
41693	5
41694	17
41695	7
41696	0
41697	22
41698	0
41702	0
41703	0
41704	0
41705	0
41706	3
41707	2
41708	6
41709	5
41711	5
41712	9
41713	11
41714	1
41715	24
41716	6
41717	2
41718	6
41719	8
41720	0
41721	6
41723	0
41724	6
41725	6
41726	2
41727	4
41728	0
41729	5
41730	0
41731	4
41732	0
41733	3
41734	3
41735	0
41736	7
41737	8
41738	2
41739	0
41740	7
41741	24
41742	6
41743	4
41744	4
41745	0
41746	6
41747	2
41748	0
41749	9
41750	12
41751	6
41752	3
41753	0
41754	0
41755	1
41756	0
41757	7
41758	1
41759	0
41760	0
41762	0
41763	1
41764	5
41765	0
41766	8
41767	5
41768	4
41769	1
41770	9
41772	10
41775	17
41776	7
41777	0
41778	0
41780	2
41781	0
41782	1
41783	9
41784	0
41785	6
41786	4
41788	9
41789	1
41791	0
41792	0
41793	2
41794	9
41795	0
41796	9
41797	3
41798	1
41799	0
41801	1
41803	0
41804	6
41805	0
41806	4
41807	2
41808	5
41809	13
41810	8
41811	1
41812	0
41813	21
41814	4
41816	2
41817	2
41818	0
41819	0
41820	2
41821	7
41822	0
41823	8
41824	1
41825	0
41826	1
41827	13
41830	0
41831	0
41832	0
41833	9
41835	13
41836	14
41839	5
41840	1
41841	3
41842	6
41844	2
41845	0
41846	2
41847	12
41848	7
41849	13
41850	8
41851	5
41852	0
41853	14
41854	2
41855	4
41856	12
41857	0
41858	0
41859	7
41860	0
41861	2
41862	2
41863	1
41864	12
41866	18
41867	7
41868	0
41869	0
41870	11
41871	2
41872	14
41873	3
41874	0
41875	3
41876	7
41877	5
41878	0
41879	3
41880	15
41881	0
41883	4
41885	7
41886	1
41888	7
41890	1
41891	5
41894	2
41895	8
41896	3
41897	6
41898	2
41899	5
41900	0
41901	4
41902	12
41903	5
41904	0
41905	6
41906	4
41907	1
41908	10
41909	7
41910	0
41911	11
41912	1
41913	3
41914	7
41915	2
41916	0
41917	4
41918	3
41919	0
41920	4
41921	0
41922	11
41923	4
41924	0
41925	7
41927	1
41928	3
41929	9
41930	0
41931	3
41932	0
41933	18
41934	19
41935	12
41937	0
41938	8
41939	8
41940	1
41942	10
41943	1
41944	13
41945	0
41946	2
41947	0
41951	0
41952	0
41953	1
41954	0
41955	0
41957	5
41958	5
41959	0
41960	18
41961	0
41962	0
41963	8
41965	4
41966	13
41967	2
41968	14
41969	4
41970	5
41971	4
41972	0
41973	6
41974	1
41975	0
41976	2
41977	0
41978	2
41980	1
41981	0
41982	0
41983	0
41984	2
41985	24
41987	20
41988	1
41990	2
41991	0
41992	32
41993	1
41994	8
41995	4
41996	12
41997	9
41998	0
42000	8
42001	6
42002	8
42004	12
42005	7
42008	0
42009	7
42010	0
42012	0
42013	1
42014	0
42015	5
42016	3
42017	0
42019	7
42020	8
42021	4
42022	6
42023	3
42024	4
42025	0
42026	3
42027	3
42028	8
42029	24
42030	11
42031	3
42033	4
42034	3
42035	2
42036	9
42037	4
42038	0
42039	13
42040	5
42041	0
42043	4
42044	0
42045	13
42046	20
42047	0
42048	0
42049	1
42050	4
42051	2
42052	6
42053	2
42054	0
42055	0
42056	0
42057	3
42058	4
42060	1
42061	8
42062	3
42063	2
42064	7
42065	13
42066	1
42067	4
42068	9
42069	2
42070	6
42071	4
42072	0
42073	0
42074	6
42075	0
42076	12
42077	0
42078	14
42080	8
42081	4
42084	0
42085	15
42086	3
42087	1
42088	3
42089	3
42091	20
42092	5
42093	13
42094	14
42095	0
42096	0
42097	14
42098	13
42099	5
42100	6
42102	0
42103	0
42105	0
42106	13
42108	27
42109	10
42110	0
42111	0
42112	0
42113	0
42114	5
42115	10
42116	9
42117	5
42119	8
42120	10
42121	0
42122	3
42123	5
42125	1
42127	0
42129	0
42130	0
42131	0
42132	8
42133	0
42134	6
42135	8
42136	5
42137	0
42138	2
42139	5
42140	15
42141	16
42142	0
42144	3
42145	5
42146	19
42147	17
42148	2
42150	4
42151	5
42153	15
42154	0
42155	8
42156	2
42157	24
42158	13
42159	0
42160	7
42161	7
42162	1
42164	28
42165	6
42166	0
42167	0
42168	2
42169	14
42170	9
42171	7
42172	5
42174	3
42175	11
42176	3
42177	1
42178	3
42179	13
42180	2
42181	4
42182	1
42184	0
42185	16
42186	12
42187	8
42189	2
42190	0
42191	11
42192	12
42194	1
42195	4
42196	16
42197	9
42199	0
42200	21
42201	0
42202	0
42203	8
42204	0
42205	5
42206	14
42207	6
42209	0
42210	2
42211	0
42212	11
42213	12
42215	0
42216	26
42218	7
42219	5
42220	9
42221	14
42222	1
42223	8
42225	9
42227	11
42228	2
42231	4
42232	3
42233	4
42234	7
42235	6
42236	2
42237	10
42238	6
42239	0
42240	21
42241	7
42242	0
42243	6
42246	8
42247	6
42248	5
42249	0
42250	4
42251	0
42252	22
42253	7
42254	13
42256	4
42257	2
42258	4
42259	2
42260	5
42261	0
42262	3
42263	3
42264	12
42265	8
42266	1
42267	5
42268	3
42269	0
42270	2
42271	9
42272	15
42274	10
42275	1
42277	0
42278	1
42279	2
42280	0
42281	16
42282	8
42283	7
42284	2
42285	3
42286	6
42287	5
42288	6
42289	2
42290	17
42291	0
42292	1
42293	0
42294	11
42295	6
42296	5
42297	3
42299	0
42300	0
42301	5
42302	16
42303	0
42304	5
42305	1
42306	16
42308	10
42309	4
42310	8
42312	3
42313	0
42314	6
42315	4
42316	21
42317	4
42319	4
42320	1
42322	0
42323	4
42324	3
42325	1
42326	4
42327	7
42328	3
42329	0
42330	1
42334	11
42335	0
42336	2
42337	5
42338	18
42339	5
42340	8
42341	4
42343	4
42345	0
42346	4
42347	7
42348	0
42350	11
42351	22
42352	0
42354	0
42355	0
42357	24
42359	3
42360	12
42361	1
42363	0
42364	2
42365	0
42367	2
42369	0
42371	18
42373	11
42374	3
42375	0
42376	13
42377	0
42378	2
42380	6
42382	0
42383	22
42384	2
42386	6
42387	0
42388	4
42392	8
42393	0
42394	0
42395	0
42397	3
42398	5
42399	0
42400	14
42402	8
42403	1
42404	0
42405	10
42406	7
42407	14
42408	11
42410	0
42411	2
42412	6
42413	0
42414	0
42415	16
42417	9
42418	0
42419	8
42420	0
42421	3
42422	6
42423	6
42424	0
42425	5
42426	1
42428	0
42429	0
42430	7
42431	5
42432	5
42433	2
42434	4
42435	0
42436	9
42437	14
42438	13
42441	14
42442	2
42443	11
42444	6
42446	4
42448	3
42449	11
42450	0
42451	0
42452	6
42453	16
42454	8
42455	8
42456	3
42457	8
42458	5
42459	3
42460	3
42461	1
42462	18
42463	20
42464	21
42465	1
42466	10
42468	0
42470	3
42471	10
42472	3
42474	1
42475	8
42476	0
42477	1
42478	4
42480	2
42481	2
42482	6
42483	20
42485	6
42486	8
42487	0
42488	2
42489	0
42490	5
42491	2
42492	4
42493	1
42494	1
42497	7
42498	5
42501	3
42502	0
42503	11
42504	28
42505	0
42506	0
42508	5
42509	8
42511	10
42512	4
42513	7
42514	7
42515	7
42517	6
42518	0
42520	5
42524	8
42525	2
42526	4
42527	0
42528	2
42530	0
42531	8
42532	7
42533	2
42536	3
42537	6
42538	9
42540	0
42541	4
42543	12
42544	0
42545	2
42546	5
42547	1
42548	0
42549	4
42550	0
42551	3
42552	8
42553	0
42555	11
42556	4
42558	4
42559	5
42560	11
42561	2
42563	5
42564	0
42565	0
42568	1
42569	7
42570	0
42571	0
42572	0
42573	2
42574	4
42575	0
42576	0
42577	7
42578	6
42579	0
42580	9
42581	21
42583	2
42584	16
42585	5
42586	7
42587	6
42592	9
42593	0
42594	1
42595	8
42596	7
42597	3
42598	9
42599	1
42600	0
42602	5
42603	1
42605	0
42606	18
42607	0
42608	0
42610	0
42611	1
42613	9
42614	9
42615	15
42616	0
42617	9
42618	0
42619	0
42620	1
42621	5
42622	0
42623	0
42624	3
42626	7
42627	0
42629	10
42630	6
42631	0
42633	30
42634	2
42635	11
42636	0
42637	24
42638	0
42640	4
42642	0
42643	0
42646	0
42647	11
42648	9
42649	1
42650	0
42651	9
42652	1
42653	0
42654	2
42655	3
42656	9
42658	0
42659	12
42661	13
42662	0
42663	6
42664	12
42665	1
42666	3
42667	0
42668	0
42669	0
42670	11
42671	2
42672	3
42673	5
42674	0
42677	0
42678	9
42679	19
42680	2
42681	19
42682	4
42683	10
42684	3
42685	9
42686	0
42687	0
42688	3
42691	6
42692	3
42693	0
42695	7
42696	8
42697	0
42698	0
42699	2
42700	15
42701	1
42702	1
42703	1
42704	2
42705	2
42708	2
42710	5
42711	6
42712	0
42713	8
42714	0
42715	7
42717	15
42718	14
42719	1
42721	1
42722	0
42723	0
42724	0
42725	12
42726	3
42727	8
42728	0
42729	0
42730	8
42731	16
42732	11
42733	1
42734	5
42735	1
42736	3
42737	1
42738	1
42739	0
42742	1
42743	12
42744	3
42745	8
42746	11
42749	10
42751	1
42752	9
42753	0
42754	0
42755	7
42756	3
42757	2
42758	3
42759	13
42760	17
42762	2
42763	12
42764	0
42765	3
42766	7
42767	0
42768	15
42769	2
42770	10
42771	17
42772	0
42773	20
42775	13
42776	4
42777	0
42779	9
42780	5
42781	5
42782	0
42783	3
42784	0
42785	2
42786	9
42787	12
42790	0
42791	12
42792	15
42793	5
42794	4
42795	0
42796	2
42798	12
42799	9
42800	1
42801	2
42802	11
42803	3
42807	8
42808	2
42809	0
42810	2
42811	2
42812	2
42814	0
42815	12
42816	0
42817	18
42818	6
42820	0
42821	2
42822	1
42823	10
42824	5
42825	0
42826	5
42827	0
42828	1
42829	2
42830	6
42831	8
42832	11
42833	0
42834	5
42835	2
42836	0
42837	11
42838	3
42839	13
42840	0
42843	8
42844	3
42845	0
42846	6
42847	13
42849	1
42851	0
42852	2
42853	0
42854	3
42856	8
42858	0
42859	5
42862	5
42863	8
42864	0
42865	9
42866	7
42867	2
42869	15
42870	17
42871	8
42872	0
42873	0
42874	8
42875	3
42876	0
42877	7
42878	0
42879	2
42880	0
42881	2
42882	0
42883	0
42886	11
42887	3
42889	11
42890	3
42891	5
42892	3
42893	2
42894	6
42895	7
42896	4
42897	3
42898	2
42899	7
42900	27
42902	14
42903	0
42904	7
42905	28
42906	0
42907	0
42908	0
42909	4
42910	0
42911	0
42912	19
42913	4
42914	3
42915	15
42916	0
42918	0
42919	7
42920	9
42921	0
42922	3
42923	1
42924	0
42925	6
42926	20
42928	16
42929	12
42930	0
42931	7
42932	0
42934	0
42935	22
42936	4
42937	2
42938	0
42940	15
42941	6
42942	3
42943	3
42944	0
42945	0
42946	2
42948	4
42949	3
42950	7
42951	0
42953	0
42955	3
42956	2
42957	4
42958	5
42959	6
42960	6
42961	5
42962	10
42964	4
42965	0
42966	0
42967	14
42968	1
42969	7
42970	44
42971	2
42972	10
42973	9
42974	1
42975	7
42976	0
42977	28
42978	5
42979	0
42980	4
42981	0
42982	0
42983	7
42984	0
42985	16
42986	0
42987	4
42988	0
42989	35
42990	10
42991	3
42992	12
42993	0
42994	6
42995	4
42996	0
42998	9
42999	8
43000	3
43001	0
43002	6
43005	8
43006	5
43007	3
43008	0
43009	3
43010	8
43011	9
43012	8
43013	0
43015	1
43017	7
43018	10
43019	2
43020	0
43021	1
43022	8
43023	2
43024	15
43025	5
43026	2
43027	9
43028	9
43029	6
43030	7
43031	3
43033	0
43034	0
43036	10
43037	7
43038	7
43039	4
43040	7
43041	8
43042	0
43045	5
43046	10
43048	0
43049	9
43050	11
43051	4
43052	10
43053	22
43054	2
43056	18
43057	16
43058	7
43060	5
43061	0
43062	0
43063	9
43064	6
43066	0
43067	10
43068	12
43069	5
43070	3
43071	12
43072	0
43073	8
43074	6
43075	4
43077	7
43078	1
43079	5
43080	6
43081	6
43082	1
43083	1
43084	0
43087	0
43088	13
43089	0
43090	3
43091	3
43092	2
43093	0
43094	2
43095	9
43096	6
43097	5
43098	0
43099	0
43101	4
43102	0
43103	0
43104	10
43105	0
43107	6
43108	0
43109	4
43110	8
43111	6
43112	1
43113	6
43114	0
43116	3
43117	3
43119	5
43120	1
43121	5
43122	1
43123	7
43124	0
43125	0
43126	1
43127	3
43128	2
43129	1
43131	3
43132	3
43133	0
43134	1
43135	1
43136	5
43138	0
43139	4
43140	0
43141	2
43142	5
43143	0
43144	0
43145	2
43146	0
43148	15
43149	6
43150	8
43151	3
43152	6
43153	0
43154	9
43155	17
43156	1
43157	3
43158	3
43159	0
43160	0
43161	9
43162	9
43163	5
43164	0
43165	3
43166	0
43167	0
43169	5
43170	5
43171	2
43173	0
43174	0
43175	0
43176	0
43177	12
43179	3
43180	0
43181	0
43182	0
43183	0
43184	0
43185	0
43186	3
43188	2
43189	0
43190	8
43191	5
43192	6
43193	14
43194	0
43197	4
43200	0
43201	1
43202	8
43203	2
43204	10
43205	18
43207	0
43208	0
43209	1
43210	2
43211	7
43212	15
43213	17
43214	7
43215	2
43216	0
43217	0
43218	16
43219	9
43220	6
43221	1
43222	0
43224	9
43225	2
43226	4
43227	0
43228	4
43229	9
43230	7
43231	9
43232	2
43234	16
43235	2
43236	3
43237	11
43238	3
43239	16
43240	3
43241	0
43243	5
43246	7
43247	3
43248	13
43250	2
43251	11
43252	11
43253	5
43255	0
43256	9
43257	0
43258	0
43259	8
43260	7
43261	12
43262	21
43263	0
43264	0
43265	28
43266	0
43267	7
43268	5
43269	6
43270	2
43272	8
43274	14
43275	1
43276	12
43277	4
43278	9
43279	20
43280	10
43281	0
43282	2
43284	0
43285	1
43286	14
43288	0
43289	14
43290	0
43291	5
43292	2
43293	0
43294	5
43296	8
43297	0
43298	19
43299	0
43300	0
43301	2
43302	10
43303	9
43304	0
43305	8
43306	0
43307	0
43309	0
43310	3
43311	11
43312	0
43313	8
43314	0
43316	7
43317	16
43318	1
43320	6
43321	13
43322	3
43323	0
43324	6
43326	8
43327	0
43328	16
43329	0
43330	8
43331	15
43332	2
43333	15
43334	0
43335	1
43336	6
43337	3
43339	0
43341	17
43342	0
43343	6
43344	8
43345	0
43346	3
43347	0
43348	0
43349	7
43350	0
43352	8
43353	0
43354	13
43355	15
43356	0
43357	8
43358	13
43359	5
43361	3
43362	26
43363	0
43364	0
43365	12
43367	8
43368	9
43369	18
43370	9
43372	3
43373	0
43374	0
43375	2
43376	0
43377	9
43379	11
43380	3
43382	0
43383	5
43384	3
43385	9
43388	8
43389	0
43390	5
43391	15
43392	2
43393	1
43394	4
43395	5
43397	1
43398	5
43399	2
43400	8
43401	19
43402	0
43403	7
43404	15
43405	0
43406	3
43407	0
43408	1
43409	16
43410	6
43411	15
43412	9
43413	2
43414	0
43415	0
43416	3
43417	2
43419	18
43420	0
43421	3
43423	13
43424	0
43425	6
43427	0
43429	6
43430	11
43431	0
43432	0
43433	8
43434	3
43435	6
43436	1
43437	4
43439	13
43440	11
43441	2
43442	3
43443	4
43444	1
43445	8
43446	13
43447	0
43448	5
43449	3
43450	0
43451	15
43453	13
43454	9
43455	5
43456	10
43457	5
43459	4
43460	1
43461	8
43463	11
43464	5
43465	8
43466	2
43467	3
43470	8
43471	7
43472	0
43473	2
43474	5
43475	3
43476	3
43477	6
43478	4
43479	4
43480	0
43481	10
43482	20
43484	1
43485	2
43486	3
43487	8
43488	8
43489	0
43492	0
43493	21
43494	3
43495	3
43496	7
43497	6
43498	9
43499	3
43500	18
43501	0
43502	15
43503	3
43505	7
43507	6
43508	1
43509	3
43510	33
43511	0
43512	3
43513	0
43514	3
43515	2
43516	0
43517	0
43518	4
43519	2
43520	2
43521	4
43522	0
43523	5
43524	4
43525	0
43526	0
43527	3
43528	1
43529	6
43530	0
43531	5
43532	7
43533	7
43534	3
43535	12
43536	2
43537	17
43538	15
43539	2
43540	1
43542	1
43543	5
43544	6
43545	23
43547	0
43548	0
43549	4
43550	3
43551	0
43552	0
43553	9
43554	0
43555	12
43556	0
43557	1
43558	4
43559	6
43561	0
43562	7
43564	7
43565	11
43566	0
43567	1
43568	2
43570	17
43571	0
43572	7
43573	22
43574	4
43575	3
43576	7
43577	2
43580	0
43581	8
43582	6
43583	2
43584	0
43585	27
43586	0
43587	0
43588	0
43589	3
43590	17
43593	0
43594	5
43595	3
43596	0
43597	7
43599	13
43600	6
43601	9
43603	0
43604	9
43605	11
43606	27
43607	3
43609	6
43610	4
43611	5
43614	11
43615	5
43616	2
43617	2
43618	5
43619	6
43622	0
43623	0
43624	11
43625	0
43626	23
43627	12
43628	3
43629	0
43630	15
43632	0
43633	0
43634	0
43635	2
43636	6
43638	0
43639	0
43640	3
43643	10
43644	13
43645	1
43646	14
43647	7
43648	4
43649	3
43650	3
43651	0
43652	0
43653	3
43655	0
43656	0
43658	0
43659	6
43660	3
43662	6
43663	11
43664	2
43665	4
43666	6
43667	6
43668	3
43670	10
43671	6
43673	7
43674	10
43675	0
43676	0
43677	22
43679	8
43680	0
43681	15
43682	3
43683	21
43684	7
43685	15
43686	0
43687	19
43688	0
43689	2
43691	1
43692	0
43693	1
43695	0
43697	10
43698	2
43699	4
43701	2
43702	22
43703	12
43705	0
43707	5
43708	0
43709	4
43710	0
43713	8
43714	1
43715	3
43716	0
43717	5
43718	8
43719	23
43720	0
43721	5
43722	7
43723	16
43724	2
43725	0
43726	1
43727	0
43728	0
43729	3
43730	18
43731	19
43733	11
43734	2
43735	2
43736	7
43737	4
43739	0
43740	1
43742	6
43743	3
43744	12
43747	0
43750	0
43751	0
43752	0
43753	3
43754	0
43756	6
43758	2
43759	0
43760	11
43761	26
43762	7
43765	0
43766	4
43768	6
43771	3
43772	12
43773	0
43775	0
43776	1
43779	4
43780	0
43781	3
43782	11
43783	2
43785	6
43787	6
43788	4
43789	11
43790	8
43791	7
43792	2
43795	30
43796	0
43797	1
43798	2
43799	0
43800	5
43801	2
43802	11
43804	8
43806	4
43808	3
43809	5
43810	10
43811	9
43812	1
43813	8
43814	1
43815	2
43816	0
43817	0
43818	4
43819	5
43820	16
43821	0
43822	1
43823	5
43824	2
43825	0
43826	16
43827	7
43828	0
43830	2
43831	12
43832	0
43833	8
43834	3
43835	1
43836	7
43838	6
43839	3
43840	0
43843	0
43844	1
43845	3
43846	1
43847	7
43848	1
43849	6
43850	0
43852	1
43853	0
43854	19
43857	0
43858	0
43859	2
43860	4
43861	4
43863	9
43864	4
43866	5
43867	2
43868	5
43869	1
43870	10
43871	9
43872	6
43873	1
43875	11
43876	8
43878	3
43879	9
43880	11
43881	0
43883	4
43884	8
43885	12
43886	6
43887	0
43888	10
43889	9
43890	1
43891	3
43892	10
43893	2
43894	4
43896	0
43897	2
43898	2
43899	0
43900	0
43901	0
43902	2
43903	6
43904	1
43905	1
43906	13
43907	3
43908	10
43909	0
43910	25
43911	16
43912	1
43914	1
43915	15
43916	0
43917	3
43918	1
43919	4
43920	9
43921	0
43923	0
43924	2
43925	0
43926	1
43927	0
43928	2
43929	14
43930	13
43931	6
43932	8
43934	1
43935	3
43936	1
43937	1
43938	7
43940	5
43941	15
43942	3
43943	2
43944	1
43945	4
43946	5
43947	3
43948	6
43949	12
43950	5
43951	27
43952	13
43953	6
43954	8
43955	9
43956	3
43958	4
43960	0
43961	2
43962	9
43964	13
43965	15
43966	17
43967	3
43969	4
43970	0
43971	0
43973	10
43974	3
43975	3
43976	7
43977	11
43978	26
43979	9
43980	7
43981	8
43982	2
43983	2
43984	0
43985	0
43986	3
43987	0
43989	11
43990	0
43991	0
43993	0
43994	2
43996	14
43997	3
43999	4
44000	11
44001	2
44002	0
44003	0
44004	19
44005	0
44006	7
44008	1
44009	16
44011	12
44012	7
44013	15
44014	2
44017	6
44018	9
44019	0
44020	4
44021	8
44022	11
44023	18
44024	2
44025	9
44026	10
44027	2
44028	0
44029	17
44030	5
44031	15
44032	16
44033	10
44035	6
44036	2
44037	1
44038	0
44039	2
44040	0
44042	0
44044	0
44045	6
44046	0
44047	0
44048	12
44049	18
44050	0
44051	9
44052	0
44053	8
44054	4
44055	0
44056	5
44057	0
44058	7
44059	9
44060	3
44062	1
44063	7
44064	2
44065	0
44066	1
44067	5
44068	1
44070	0
44071	2
44072	10
44073	6
44074	7
44076	14
44077	17
44078	3
44079	4
44080	3
44081	10
44082	6
44083	14
44084	3
44086	6
44088	5
44089	12
44090	21
44091	3
44093	21
44094	4
44097	0
44098	5
44099	0
44100	0
44101	3
44102	1
44103	11
44104	1
44105	7
44106	13
44107	4
44108	3
44109	5
44110	2
44111	4
44112	6
44113	0
44114	0
44115	0
44116	7
44117	5
44118	0
44119	1
44120	5
44121	2
44122	10
44123	2
44125	0
44126	1
44127	14
44128	0
44129	26
44130	1
44131	0
44132	0
44137	0
44138	5
44141	7
44142	0
44143	10
44144	5
44145	1
44146	12
44147	0
44148	0
44149	2
44150	30
44151	0
44152	1
44153	0
44154	7
44155	13
44156	6
44157	0
44158	0
44159	7
44160	4
44161	0
44162	1
44163	6
44164	7
44165	8
44166	3
44167	5
44168	0
44169	3
44170	0
44171	11
44172	0
44173	11
44175	7
44176	0
44177	0
44178	4
44179	0
44180	3
44181	2
44182	7
44183	16
44184	3
44185	6
44186	3
44187	0
44188	25
44192	3
44193	8
44194	6
44195	0
44197	3
44200	0
44201	0
44202	0
44203	7
44204	0
44205	0
44206	10
44207	7
44208	0
44209	1
44210	0
44211	4
44212	4
44213	5
44214	0
44215	3
44216	1
44217	3
44219	4
44222	0
44223	9
44224	18
44225	1
44226	5
44228	0
44230	0
44231	6
44232	5
44233	5
44234	0
44235	2
44236	5
44237	1
44238	0
44239	0
44241	14
44242	1
44243	17
44244	1
44245	0
44246	5
44247	7
44250	6
44251	5
44252	9
44253	4
44254	10
44255	3
44256	0
44257	9
44258	2
44259	7
44260	0
44261	8
44262	9
44263	1
44265	1
44266	8
44267	0
44268	4
44269	18
44270	9
44271	1
44272	0
44273	9
44274	0
44275	6
44276	5
44277	2
44278	2
44279	0
44280	0
44281	12
44282	8
44283	17
44285	2
44286	21
44288	3
44289	2
44292	1
44293	14
44294	0
44295	14
44296	2
44297	2
44298	2
44299	10
44300	1
44301	2
44302	7
44303	9
44304	3
44305	18
44306	4
44307	6
44308	0
44309	1
44310	0
44311	12
44312	0
44313	0
44314	0
44315	8
44316	17
44320	2
44321	1
44323	0
44324	6
44326	1
44327	2
44328	3
44330	2
44331	11
44332	0
44333	6
44334	1
44335	2
44336	1
44340	6
44341	2
44342	2
44343	1
44344	8
44345	0
44347	1
44348	12
44349	0
44350	8
44351	2
44352	8
44353	8
44354	11
44355	0
44357	16
44358	4
44360	3
44361	1
44362	2
44363	13
44364	0
44365	0
44366	10
44367	1
44368	2
44369	1
44371	0
44372	9
44373	0
44374	12
44375	5
44376	5
44377	10
44378	0
44379	3
44380	14
44381	8
44382	7
44383	2
44384	11
44385	0
44386	2
44387	0
44388	0
44389	5
44390	0
44392	0
44393	9
44394	0
44395	6
44396	4
44397	1
44398	2
44399	11
44400	13
44401	2
44402	4
44403	6
44404	0
44405	0
44406	16
44407	0
44408	5
44409	2
44411	11
44412	4
44413	8
44414	19
44415	1
44416	3
44417	1
44419	0
44421	3
44423	5
44424	7
44425	0
44426	11
44428	0
44429	2
44430	5
44432	0
44433	6
44434	10
44435	38
44436	7
44438	5
44439	6
44440	0
44441	5
44442	5
44443	11
44444	0
44445	0
44446	0
44447	2
44448	4
44449	5
44450	12
44451	0
44452	13
44453	4
44454	3
44455	1
44456	21
44457	5
44458	7
44459	10
44460	10
44461	12
44462	0
44463	0
44465	0
44466	0
44467	0
44468	1
44469	9
44471	1
44472	0
44475	0
44476	17
44477	2
44478	0
44479	9
44480	4
44481	3
44482	2
44483	1
44485	7
44486	1
44487	0
44488	1
44489	1
44490	7
44491	10
44493	17
44494	0
44495	12
44496	1
44499	17
44500	13
44501	0
44503	5
44504	0
44505	11
44506	2
44507	13
44508	3
44509	0
44510	2
44511	10
44512	14
44513	7
44514	5
44515	0
44516	6
44517	0
44518	0
44519	6
44520	5
44521	0
44522	2
44523	3
44524	0
44525	1
44526	4
44527	7
44528	12
44529	16
44530	6
44531	3
44532	0
44533	7
44534	4
44535	1
44536	2
44537	1
44538	0
44539	19
44540	12
44541	11
44542	0
44545	3
44546	0
44547	2
44548	5
44549	3
44550	11
44551	31
44552	11
44553	10
44554	0
44555	0
44556	0
44558	3
44560	2
44561	7
44562	1
44563	17
44564	1
44565	11
44566	23
44569	2
44570	0
44571	8
44572	6
44573	7
44574	0
44575	1
44576	2
44578	6
44579	2
44580	0
44581	4
44582	0
44583	0
44584	0
44585	5
44586	9
44587	0
44588	4
44589	6
44590	12
44591	0
44592	7
44593	0
44594	4
44595	9
44596	2
44598	6
44599	6
44600	12
44601	4
44602	7
44603	1
44604	8
44605	0
44606	1
44607	4
44608	3
44610	15
44611	1
44613	1
44614	0
44615	0
44617	0
44618	7
44619	19
44620	8
44621	13
44622	0
44623	0
44624	0
44625	12
44626	8
44627	12
44629	4
44631	1
44632	0
44633	2
44634	5
44635	1
44636	1
44637	0
44638	3
44639	7
44640	9
44641	3
44642	1
44643	7
44644	9
44645	0
44646	8
44647	2
44648	12
44649	0
44650	7
44651	3
44652	2
44653	1
44655	6
44656	9
44657	10
44658	1
44660	16
44661	4
44662	10
44663	11
44664	11
44665	4
44666	4
44667	0
44668	1
44670	13
44671	0
44672	4
44673	0
44674	6
44676	7
44677	0
44678	17
44679	0
44680	0
44681	9
44682	0
44684	0
44685	0
44686	1
44687	15
44688	9
44689	2
44690	0
44691	6
44692	2
44693	2
44694	0
44695	6
44696	8
44697	1
44698	17
44699	10
44700	2
44703	1
44704	2
44705	4
44707	13
44708	5
44709	1
44711	0
44712	0
44713	2
44714	0
44715	22
44716	10
44717	1
44718	12
44719	23
44720	7
44721	3
44722	3
44724	0
44725	9
44726	7
44727	11
44728	3
44729	0
44730	14
44731	1
44732	0
44733	5
44734	5
44735	3
44736	5
44739	2
44740	11
44742	3
44743	0
44744	12
44745	5
44746	3
44747	0
44750	2
44751	5
44752	4
44753	1
44754	18
44755	0
44756	4
44757	3
44758	0
44759	3
44760	0
44761	4
44762	0
44764	3
44765	11
44766	21
44767	13
44769	0
44770	0
44771	9
44772	0
44774	14
44775	14
44776	6
44777	2
44779	4
44780	6
44781	10
44782	4
44783	2
44784	16
44785	12
44786	3
44787	3
44788	7
44789	8
44790	0
44791	11
44792	0
44793	0
44794	17
44795	17
44796	2
44797	17
44798	0
44799	2
44800	16
44801	11
44802	0
44803	5
44804	3
44806	4
44807	2
44808	5
44810	4
44811	0
44812	3
44813	8
44814	0
44815	4
44816	8
44817	2
44818	0
44819	23
44820	3
44821	10
44822	2
44823	4
44824	9
44825	0
44826	0
44827	4
44828	4
44829	0
44830	2
44832	4
44833	0
44834	2
44835	6
44836	15
44838	4
44839	14
44840	11
44841	11
44842	3
44843	7
44844	2
44845	1
44846	17
44847	0
44848	0
44849	0
44850	18
44851	3
44853	6
44854	3
44855	10
44856	9
44857	0
44858	0
44859	1
44861	10
44862	14
44863	7
44864	13
44865	0
44866	1
44867	0
44868	8
44869	5
44870	0
44871	4
44872	10
44873	0
44876	0
44877	0
44878	0
44879	16
44881	8
44883	1
44884	1
44886	0
44887	8
44889	1
44890	7
44891	5
44892	2
44893	0
44894	15
44895	3
44896	0
44897	0
44899	1
44900	14
44901	0
44902	7
44903	10
44904	14
44905	0
44906	4
44907	0
44908	2
44909	12
44910	0
44911	10
44912	3
44915	2
44918	0
44919	0
44920	2
44921	7
44922	4
44923	7
44924	0
44925	1
44926	17
44927	15
44928	0
44929	0
44930	4
44931	0
44932	5
44934	4
44935	26
44936	0
44937	9
44938	12
44940	13
44942	1
44943	2
44944	4
44945	6
44947	1
44948	8
44949	3
44950	0
44951	6
44952	12
44953	23
44954	3
44957	1
44958	0
44959	3
44960	1
44961	21
44962	7
44963	5
44964	6
44965	23
44966	5
44967	0
44969	0
44970	0
44971	1
44972	13
44973	2
44975	6
44977	7
44978	4
44979	8
44981	18
44982	22
44983	10
44984	0
44985	8
44986	16
44987	14
44988	0
44989	1
44991	2
44993	4
44994	17
44995	7
44996	2
44997	0
44998	3
44999	0
45001	13
45002	26
45003	15
45004	0
45006	4
45007	10
45008	6
45010	7
45011	3
45012	4
45013	17
45014	8
45015	17
45016	10
45017	0
45018	18
45019	24
45020	4
45021	9
45022	0
45023	9
45024	5
45025	1
45026	9
45028	14
45032	6
45033	0
45034	2
45035	4
45036	2
45037	1
45038	0
45039	1
45040	0
45041	8
45042	0
45043	2
45044	8
45045	0
45046	17
45047	5
45048	0
45049	2
45050	3
45051	0
45052	9
45053	0
45054	1
45055	0
45056	4
45057	2
45058	6
45059	0
45061	13
45062	0
45063	0
45064	1
45066	2
45067	10
45068	10
45070	8
45072	2
45073	5
45074	0
45075	2
45076	1
45077	18
45078	0
45079	3
45080	0
45081	0
45082	7
45084	5
45086	0
45087	1
45089	2
45090	16
45091	14
45092	0
45093	0
45094	0
45095	9
45096	13
45097	6
45098	3
45099	1
45100	0
45101	4
45102	6
45103	14
45104	2
45105	6
45106	14
45107	7
45108	10
45109	0
45110	5
45111	9
45112	6
45113	18
45114	7
45116	4
45117	7
45118	5
45119	4
45121	3
45122	15
45123	15
45124	2
45125	6
45128	1
45129	0
45131	10
45132	5
45133	6
45138	6
45139	0
45140	0
45142	5
45144	6
45145	20
45146	1
45147	3
45148	5
45149	9
45150	9
45151	4
45152	15
45153	1
45154	7
45155	5
45157	7
45158	4
45159	0
45160	7
45161	21
45162	6
45163	3
45164	0
45165	3
45166	6
45167	23
45168	15
45169	6
45170	4
45171	0
45172	8
45173	15
45174	5
45175	0
45176	3
45177	0
45178	0
45179	6
45180	4
45181	2
45184	0
45185	0
45186	0
45187	4
45188	0
45189	5
45190	6
45191	1
45192	1
45193	13
45194	2
45195	9
45196	0
45197	4
45198	6
45199	0
45200	4
45201	11
45202	6
45204	16
45205	4
45206	19
45207	10
45208	6
45209	6
45210	0
45211	14
45212	1
45213	3
45214	1
45215	3
45216	16
45217	0
45218	4
45219	0
45220	3
45221	0
45222	3
45223	1
45225	0
45226	0
45227	0
45228	9
45229	7
45230	7
45231	0
45232	3
45234	0
45235	0
45236	0
45237	0
45238	6
45239	1
45240	0
45241	0
45243	2
45245	3
45246	0
45247	9
45248	2
45249	25
45250	4
45251	4
45252	0
45253	4
45255	11
45256	7
45257	0
45258	12
45259	4
45260	5
45261	4
45262	2
45263	11
45264	7
45265	14
45266	0
45267	3
45268	9
45269	9
45270	7
45271	5
45272	0
45273	13
45274	9
45275	16
45276	6
45279	22
45280	0
45282	12
45283	9
45284	1
45285	8
45287	6
45288	9
45291	8
45292	1
45293	0
45295	0
45296	15
45297	6
45298	15
45300	0
45301	20
45302	0
45304	2
45305	0
45306	1
45307	18
45308	2
45309	0
45311	3
45315	8
45316	0
45317	0
45318	3
45319	0
45321	3
45323	9
45324	1
45325	10
45326	10
45327	0
45329	14
45331	0
45332	1
45334	2
45335	5
45336	0
45337	6
45338	17
45339	2
45341	6
45343	6
45345	8
45346	3
45347	0
45349	3
45350	0
45352	2
45353	19
45354	4
45356	14
45357	2
45358	3
45360	9
45362	4
45363	0
45364	0
45365	2
45366	1
45367	3
45368	4
45369	5
45370	2
45371	10
45372	3
45373	0
45374	4
45375	11
45376	17
45377	5
45378	17
45379	0
45380	0
45381	11
45383	2
45386	0
45387	6
45388	4
45390	5
45391	0
45392	1
45393	1
45394	4
45395	0
45397	11
45398	0
45403	7
45404	36
45405	4
45406	18
45407	6
45408	0
45409	8
45410	1
45412	12
45413	1
45414	13
45415	7
45416	0
45417	0
45418	8
45419	0
45421	2
45422	15
45423	2
45424	0
45425	8
45427	6
45428	11
45430	6
45431	0
45432	0
45433	12
45434	21
45435	2
45436	0
45437	14
45438	13
45439	0
45440	1
45441	7
45442	6
45444	13
45445	5
45446	0
45447	0
45448	3
45449	12
45451	4
45453	3
45454	13
45455	8
45456	3
45458	9
45459	5
45460	0
45461	8
45462	0
45463	7
45464	7
45465	2
45466	10
45467	13
45468	0
45469	0
45470	3
45471	26
45472	0
45473	10
45474	10
45475	0
45476	1
45477	4
45479	6
45480	5
45481	5
45482	2
45483	0
45485	0
45486	7
45487	7
45488	3
45489	26
45490	0
45491	7
45492	2
45493	0
45494	3
45495	9
45496	15
45497	3
45498	1
45499	1
45500	7
45501	9
45503	9
45504	22
45506	1
45508	8
45509	5
45510	8
45511	0
45512	3
45513	8
45514	1
45516	3
45518	10
45520	8
45521	5
45524	16
45525	5
45526	0
45527	6
45528	0
45529	2
45530	0
45531	5
45532	3
45535	2
45536	0
45537	0
45539	5
45540	0
45541	2
45542	6
45544	6
45545	3
45546	3
45548	0
45550	7
45551	2
45552	5
45553	1
45554	6
45556	11
45557	2
45559	8
45560	5
45561	5
45562	13
45563	5
45564	1
45565	2
45566	18
45567	0
45568	3
45569	0
45571	5
45572	13
45573	0
45574	2
45575	4
45576	5
45577	17
45578	10
45579	9
45580	2
45581	10
45582	8
45583	8
45584	6
45585	5
45586	0
45587	1
45588	10
45589	1
45590	19
45591	0
45592	6
45593	8
45596	0
45597	0
45598	0
45599	18
45601	6
45602	15
45603	4
45604	9
45605	0
45606	12
45608	9
45610	4
45611	2
45612	6
45613	13
45614	13
45615	7
45616	0
45617	1
45618	22
45619	5
45620	8
45621	3
45622	2
45623	3
45624	7
45625	0
45626	8
45627	0
45629	10
45630	0
45631	4
45632	3
45633	5
45634	0
45635	9
45636	8
45637	0
45638	0
45639	6
45640	5
45641	2
45642	10
45643	1
45644	18
45645	10
45647	19
45648	12
45649	13
45650	6
45651	9
45652	0
45653	2
45654	8
45655	11
45656	2
45657	6
45658	6
45659	12
45660	6
45661	0
45664	7
45665	4
45666	9
45667	16
45668	0
45669	2
45671	0
45672	5
45673	12
45674	2
45675	17
45676	7
45678	8
45679	0
45680	9
45681	8
45682	2
45683	19
45684	6
45686	0
45687	7
45688	10
45689	3
45691	0
45692	1
45693	11
45694	16
45695	4
45696	0
45697	5
45698	0
45699	31
45700	2
45701	3
45702	3
45703	0
45705	4
45706	1
45707	0
45708	0
45709	17
45710	3
45711	0
45712	3
45714	13
45715	10
45716	0
45717	15
45719	5
45723	1
45726	6
45728	4
45729	1
45731	0
45732	1
45734	14
45735	0
45736	0
45737	0
45738	6
45739	0
45740	3
45741	17
45742	4
45744	0
45745	6
45746	12
45747	16
45748	1
45750	5
45751	8
45752	4
45753	6
45755	4
45756	12
45757	0
45759	0
45760	1
45762	15
45763	4
45765	7
45766	4
45767	0
45768	0
45769	17
45770	0
45771	7
45772	0
45773	2
45774	11
45775	9
45776	7
45777	17
45779	0
45782	2
45783	2
45784	5
45785	9
45786	0
45788	0
45789	0
45790	8
45791	3
45792	7
45793	10
45794	6
45796	10
45797	9
45798	0
45799	0
45800	5
45801	11
45802	9
45803	11
45804	6
45807	4
45808	1
45809	0
45810	12
45811	0
45812	0
45813	8
45814	0
45815	6
45816	0
45817	0
45818	20
45819	2
45820	6
45821	4
45822	10
45823	6
45824	4
45825	4
45827	6
45828	0
45829	0
45830	0
45831	0
45832	9
45833	6
45834	11
45835	0
45836	9
45837	0
45838	27
45840	0
45842	4
45843	4
45844	0
45845	0
45846	8
45848	0
45849	4
45850	1
45852	0
45853	3
45854	9
45855	1
45856	6
45857	18
45858	15
45859	11
45861	12
45864	8
45865	8
45866	0
45867	1
45868	0
45869	5
45870	11
45871	12
45872	7
45873	2
45874	6
45875	0
45877	14
45879	4
45880	10
45881	0
45882	2
45883	7
45884	1
45885	2
45886	0
45887	0
45888	0
45889	3
45891	0
45894	10
45895	3
45896	6
45897	7
45898	2
45899	2
45902	5
45903	4
45904	1
45905	2
45906	4
45907	6
45908	6
45909	1
45911	11
45912	4
45913	4
45914	16
45915	5
45916	10
45917	24
45918	26
45919	2
45921	13
45923	4
45924	6
45925	3
45926	3
45928	4
45929	9
45930	2
45931	1
45932	0
45933	3
45934	0
45935	4
45936	3
45937	10
45938	0
45940	2
45941	1
45942	0
45943	1
45944	14
45945	0
45946	4
45947	6
45948	10
45949	0
45950	1
45951	3
45952	0
45953	1
45954	11
45955	0
45957	1
45958	5
45959	16
45960	1
45961	0
45962	0
45964	0
45965	1
45966	4
45967	3
45968	11
45969	0
45970	4
45971	0
45972	15
45973	8
45974	5
45976	3
45977	0
45979	4
45980	1
45981	7
45982	9
45983	0
45984	0
45985	2
45986	12
45987	32
45988	1
45989	1
45990	8
45991	0
45992	6
45993	8
45995	10
45996	0
45997	11
45998	4
45999	0
46000	1
46001	0
46002	9
46003	0
46004	7
46005	8
46006	0
46008	0
46009	12
46010	17
46011	0
46012	2
46013	6
46014	0
46017	6
46018	1
46020	0
46021	22
46022	12
46023	8
46024	0
46026	0
46027	2
46029	18
46031	0
46032	14
46034	2
46035	11
46036	5
46037	10
46038	17
46039	7
46040	17
46041	10
46042	9
46043	3
46044	14
46045	5
46046	2
46048	7
46049	8
46050	2
46051	0
46052	2
46053	6
46054	11
46056	4
46057	3
46058	6
46059	0
46060	7
46061	5
46062	0
46063	4
46064	1
46065	2
46066	5
46067	0
46068	1
46069	2
46070	7
46071	22
46072	3
46073	9
46074	7
46075	13
46076	0
46077	4
46078	0
46079	7
46080	26
46081	0
46082	0
46083	4
46084	1
46085	5
46086	0
46088	8
46089	6
46090	4
46091	6
46092	15
46093	4
46096	0
46097	2
46098	0
46099	12
46100	2
46101	10
46102	3
46103	0
46104	0
46105	3
46106	2
46107	5
46109	9
46111	11
46112	0
46113	0
46114	0
46115	4
46116	5
46117	0
46118	6
46119	23
46120	8
46121	23
46122	1
46124	0
46125	4
46126	3
46128	0
46129	0
46130	3
46131	7
46133	5
46134	0
46135	5
46136	0
46137	2
46139	0
46140	5
46141	0
46143	2
46144	1
46145	15
46147	5
46148	1
46150	1
46151	1
46152	1
46153	1
46154	2
46155	5
46156	0
46159	14
46160	15
46162	3
46163	1
46164	2
46165	3
46167	1
46168	0
46169	0
46170	2
46171	1
46172	0
46173	4
46174	2
46175	4
46176	2
46177	1
46179	0
46180	0
46181	0
46182	0
46183	18
46184	2
46185	6
46188	0
46189	3
46190	0
46191	1
46192	14
46193	0
46194	4
46195	5
46197	8
46198	0
46199	9
46200	1
46201	10
46202	5
46204	16
46205	4
46206	6
46207	0
46208	1
46209	9
46210	0
46211	18
46212	4
46213	5
46214	2
46215	0
46216	1
46217	4
46218	1
46219	2
46220	11
46221	4
46222	0
46223	1
46224	2
46225	5
46226	1
46227	0
46228	2
46229	8
46230	2
46231	31
46233	5
46234	13
46235	0
46236	3
46238	0
46239	4
46240	5
46242	4
46243	0
46244	9
46245	11
46246	11
46247	2
46248	4
46249	12
46250	18
46252	21
46253	4
46255	10
46256	12
46258	3
46260	0
46261	0
46262	6
46263	0
46264	0
46265	0
46266	0
46267	7
46268	0
46270	13
46271	2
46272	0
46273	4
46274	0
46275	6
46276	1
46277	4
46278	2
46279	0
46280	3
46281	6
46283	1
46284	24
46285	3
46286	2
46287	15
46288	0
46289	7
46290	12
46291	0
46292	18
46294	11
46295	0
46296	12
46299	0
46300	0
46302	0
46303	6
46304	1
46305	7
46306	0
46307	0
46308	9
46309	5
46312	0
46313	5
46314	2
46315	4
46316	3
46317	32
46318	0
46320	0
46321	1
46322	10
46323	8
46324	5
46325	0
46326	7
46327	1
46328	9
46329	4
46330	2
46331	0
46332	18
46333	0
46334	4
46335	0
46336	8
46337	15
46338	6
46339	10
46340	0
46341	12
46342	12
46343	4
46344	2
46345	0
46346	2
46347	3
46348	7
46349	7
46350	0
46351	6
46352	10
46353	5
46354	0
46356	0
46357	0
46358	0
46359	2
46360	0
46361	1
46363	0
46364	1
46365	3
46366	27
46367	0
46369	1
46370	3
46371	13
46373	6
46374	0
46375	3
46376	18
46378	0
46380	1
46381	12
46384	0
46387	8
46391	4
46392	0
46393	0
46394	0
46395	7
46397	1
46398	0
46399	0
46400	2
46401	0
46402	11
46403	0
46404	6
46405	4
46406	1
46409	0
46410	0
46411	2
46412	0
46413	10
46414	0
46415	3
46416	7
46417	0
46418	11
46419	10
46420	1
46421	5
46422	2
46423	10
46427	1
46428	3
46429	0
46430	2
46431	6
46432	0
46434	3
46435	7
46436	10
46437	4
46438	11
46439	2
46440	3
46441	3
46442	0
46443	0
46444	9
46445	3
46447	13
46448	1
46449	3
46450	0
46452	11
46454	9
46455	0
46456	10
46457	0
46458	10
46459	14
46460	3
46462	6
46464	0
46465	0
46466	0
46467	9
46468	25
46470	1
46473	7
46474	2
46475	5
46476	6
46477	0
46478	3
46479	0
46480	0
46481	15
46482	0
46483	0
46486	0
46487	0
46489	1
46490	0
46492	5
46493	33
46494	0
46496	15
46498	0
46499	4
46502	12
46503	9
46504	3
46505	11
46506	2
46507	0
46508	5
46509	1
46510	17
46511	0
46513	19
46514	4
46515	0
46516	8
46517	0
46518	28
46519	0
46521	8
46522	0
46523	0
46524	0
46525	0
46527	0
46528	0
46529	2
46530	3
46531	0
46532	1
46533	6
46534	1
46536	5
46538	4
46539	6
46541	26
46543	0
46545	5
46546	5
46547	1
46549	23
46550	2
46551	7
46552	4
46553	0
46554	12
46555	4
46556	0
46557	5
46558	16
46559	5
46560	0
46561	0
46562	0
46563	5
46564	4
46565	18
46566	0
46567	0
46568	4
46569	6
46570	2
46571	0
46572	27
46573	9
46574	6
46575	2
46576	1
46577	18
46578	1
46579	22
46580	5
46582	20
46583	1
46584	0
46585	8
46586	0
46587	0
46588	0
46589	0
46590	0
46591	4
46592	0
46593	10
46594	11
46595	1
46597	3
46599	5
46600	10
46601	5
46602	9
46603	9
46605	0
46607	0
46608	0
46609	8
46610	2
46611	11
46612	14
46613	1
46614	3
46615	0
46616	17
46617	0
46618	1
46620	3
46621	16
46622	0
46623	5
46624	0
46625	14
46626	7
46627	0
46628	8
46629	0
46631	3
46633	0
46634	2
46635	1
46636	0
46637	5
46638	4
46639	5
46640	5
46641	2
46644	27
46645	0
46647	4
46648	3
46649	2
46651	4
46652	0
46653	9
46654	9
46655	12
46656	1
46657	14
46658	0
46659	0
46660	0
46661	0
46663	9
46664	16
46665	14
46666	4
46667	0
46668	0
46669	4
46670	0
46671	0
46673	0
46674	20
46675	1
46676	4
46677	7
46679	5
46680	0
46682	11
46683	12
46684	0
46685	6
46686	0
46687	9
46688	4
46689	1
46690	4
46692	4
46693	0
46694	12
46695	3
46696	2
46697	11
46698	4
46700	11
46701	18
46702	12
46703	0
46704	18
46706	0
46707	0
46708	0
46709	2
46710	3
46711	5
46712	8
46713	9
46714	3
46717	7
46718	19
46719	0
46720	0
46721	6
46722	4
46723	17
46724	2
46725	0
46727	0
46728	1
46729	1
46731	0
46732	4
46735	0
46736	10
46737	5
46738	7
46740	0
46741	0
46743	3
46744	8
46745	0
46747	5
46749	2
46752	2
46753	0
46754	0
46755	6
46756	0
46757	0
46759	17
46760	16
46761	4
46762	0
46763	0
46764	1
46766	0
46767	9
46768	0
46769	6
46770	4
46771	12
46772	2
46773	5
46774	2
46775	3
46776	0
46777	1
46778	9
46779	2
46780	5
46781	10
46782	1
46784	2
46785	0
46786	0
46787	14
46788	0
46789	1
46790	3
46791	15
46792	3
46793	18
46794	2
46795	6
46796	3
46797	1
46798	0
46799	14
46800	0
46801	17
46802	2
46803	12
46804	9
46805	2
46807	13
46809	3
46810	0
46811	1
46812	0
46814	6
46815	5
46816	0
46817	6
46818	4
46820	0
46821	0
46822	6
46823	18
46824	0
46825	0
46826	1
46828	2
46829	7
46830	0
46831	0
46832	3
46833	5
46834	1
46835	5
46836	0
46838	0
46840	2
46841	7
46842	12
46843	6
46844	8
46845	16
46846	0
46847	15
46848	0
46849	1
46850	9
46851	5
46852	4
46855	20
46856	3
46857	0
46858	6
46859	8
46860	0
46862	12
46863	0
46864	0
46865	0
46866	11
46867	11
46868	1
46869	4
46870	5
46871	10
46872	1
46873	13
46874	9
46875	1
46876	0
46878	2
46879	15
46880	0
46881	13
46882	7
46884	1
46885	1
46886	3
46887	0
46888	3
46889	6
46890	2
46892	1
46893	7
46894	3
46895	12
46896	0
46897	0
46898	0
46899	8
46900	9
46901	11
46902	5
46903	5
46904	16
46905	0
46907	14
46908	1
46909	13
46910	10
46911	2
46912	4
46913	2
46914	8
46915	0
46916	4
46917	0
46919	0
46921	3
46922	3
46923	9
46924	0
46925	0
46926	3
46927	10
46928	5
46929	5
46930	1
46931	0
46932	27
46933	3
46934	3
46935	15
46936	0
46937	5
46939	4
46940	7
46941	5
46942	0
46943	4
46944	2
46945	10
46946	15
46947	1
46948	0
46949	2
46951	0
46952	9
46953	2
46954	5
46956	0
46957	14
46958	18
46959	2
46960	0
46961	4
46963	0
46964	13
46965	8
46966	18
46967	1
46968	13
46969	11
46972	0
46973	11
46974	19
46976	0
46978	5
46979	5
46980	1
46982	0
46983	5
46985	14
46986	10
46987	7
46988	3
46989	4
46990	0
46991	3
46992	0
46993	8
46994	7
46995	6
46997	0
46998	3
46999	22
47001	0
47002	0
47003	12
47004	0
47005	9
47006	14
47007	5
47008	3
47009	0
47010	9
47011	1
47012	14
47015	2
47017	1
47018	0
47019	2
47020	0
47021	14
47022	0
47023	3
47024	2
47025	9
47026	4
47029	6
47031	3
47032	1
47033	1
47035	9
47036	7
47037	5
47038	6
47040	0
47041	11
47042	1
47043	1
47044	2
47045	5
47046	0
47048	17
47050	3
47051	7
47052	0
47053	0
47054	5
47055	11
47056	5
47057	5
47060	1
47061	2
47062	5
47063	5
47064	27
47065	7
47066	0
47069	12
47070	2
47072	5
47073	8
47074	12
47075	1
47076	6
47077	12
47078	0
47079	11
47080	0
47081	10
47083	2
47085	3
47086	3
47087	6
47088	12
47089	6
47090	9
47091	24
47092	1
47094	9
47096	0
47097	1
47098	1
47100	3
47101	0
47102	2
47104	1
47105	0
47106	2
47107	4
47108	10
47109	7
47110	15
47111	7
47112	1
47113	20
47114	2
47115	3
47116	6
47118	1
47119	9
47121	0
47123	0
47125	0
47126	14
47127	2
47128	0
47130	0
47131	11
47132	5
47133	0
47134	7
47136	0
47138	2
47140	11
47141	1
47142	0
47143	8
47144	9
47145	8
47146	6
47147	2
47148	4
47149	11
47151	0
47152	3
47154	16
47155	20
47156	5
47157	1
47158	6
47159	2
47160	0
47161	1
47163	8
47165	0
47166	0
47167	9
47168	10
47169	4
47170	8
47171	0
47173	2
47174	0
47175	0
47176	2
47177	13
47179	3
47180	1
47181	2
47183	0
47184	1
47186	0
47187	1
47188	3
47189	0
47190	0
47191	15
47192	5
47194	3
47195	2
47196	4
47197	2
47198	9
47199	20
47200	1
47201	0
47202	0
47203	4
47204	12
47207	11
47210	8
47211	0
47212	2
47213	0
47215	4
47216	1
47217	12
47218	10
47219	0
47220	23
47221	1
47222	1
47223	7
47225	10
47226	0
47228	0
47229	1
47230	1
47232	0
47233	10
47235	3
47236	29
47237	24
47238	4
47239	15
47240	0
47241	6
47243	1
47244	15
47245	3
47246	0
47247	3
47248	5
47249	8
47250	0
47251	6
47253	1
47254	0
47255	0
47256	5
47257	7
47258	0
47259	6
47260	6
47261	0
47262	2
47263	21
47264	2
47266	0
47268	9
47269	12
47272	2
47273	9
47275	2
47276	7
47277	15
47279	9
47281	0
47282	0
47283	11
47284	6
47286	3
47287	4
47289	1
47290	1
47291	10
47292	4
47293	0
47294	8
47295	2
47296	3
47297	16
47298	0
47299	2
47300	25
47301	26
47302	9
47303	6
47305	0
47306	3
47307	2
47308	27
47309	14
47310	2
47311	8
47312	0
47313	0
47316	0
47317	2
47318	7
47319	22
47320	0
47321	2
47322	3
47323	3
47324	5
47326	7
47327	1
47328	4
47329	4
47330	0
47331	3
47332	5
47333	0
47335	23
47336	3
47337	4
47338	23
47339	0
47340	10
47341	6
47342	9
47343	12
47344	4
47345	1
47346	0
47347	5
47348	0
47349	3
47350	0
47351	0
47352	0
47354	15
47356	2
47357	4
47360	0
47361	0
47362	5
47363	0
47364	8
47365	8
47366	0
47368	1
47369	0
47370	14
47371	0
47372	0
47373	3
47374	2
47375	14
47376	4
47377	19
47378	7
47379	11
47380	3
47381	4
47382	10
47383	11
47384	6
47386	8
47388	0
47389	2
47390	0
47391	0
47392	14
47394	11
47395	1
47396	0
47398	0
47399	0
47400	4
47401	9
47403	9
47404	2
47406	0
47408	0
47409	0
47410	11
47411	6
47412	7
47414	1
47415	0
47416	4
47417	15
47418	21
47419	0
47420	2
47421	13
47422	11
47423	6
47424	8
47425	4
47426	2
47427	0
47428	5
47429	23
47430	0
47431	11
47432	9
47434	5
47435	7
47436	0
47437	0
47438	1
47439	13
47440	8
47441	18
47442	7
47443	0
47444	7
47445	8
47446	14
47447	17
47448	4
47449	4
47450	2
47451	1
47454	9
47455	4
47457	8
47458	13
47459	10
47461	2
47462	2
47463	2
47464	9
47466	6
47467	9
47468	1
47469	0
47470	0
47471	10
47472	0
47473	0
47474	0
47475	8
47476	12
47477	8
47478	0
47479	6
47480	2
47481	0
47482	0
47484	0
47486	12
47488	3
47489	8
47490	0
47491	31
47492	1
47493	8
47494	4
47495	0
47496	0
47497	0
47498	5
47499	1
47500	8
47501	9
47502	6
47503	3
47505	4
47506	3
47509	1
47510	2
47512	5
47513	4
47514	7
47516	6
47517	0
47518	4
47519	3
47520	6
47523	13
47524	1
47525	6
47526	1
47527	4
47530	2
47531	4
47532	8
47534	8
47535	1
47536	6
47538	3
47539	2
47540	12
47541	0
47543	0
47544	4
47545	7
47546	1
47547	7
47548	0
47551	8
47553	9
47554	0
47555	7
47556	10
47558	3
47559	0
47561	0
47562	11
47563	9
47564	11
47565	2
47566	12
47567	1
47568	1
47570	5
47572	0
47573	6
47575	11
47576	0
47577	2
47578	3
47582	0
47585	17
47586	16
47587	7
47588	4
47589	7
47590	6
47591	5
47592	0
47593	7
47594	0
47596	3
47599	26
47600	13
47601	5
47602	15
47603	5
47604	6
47605	7
47606	19
47607	10
47608	4
47609	27
47610	6
47611	0
47612	6
47613	2
47614	0
47616	6
47617	7
47618	13
47619	0
47620	10
47623	0
47624	2
47625	0
47626	4
47628	9
47629	5
47630	0
47631	3
47632	4
47633	0
47636	1
47637	6
47638	3
47639	1
47640	0
47641	14
47642	0
47643	0
47644	0
47645	22
47646	2
47647	0
47648	8
47649	8
47650	0
47651	11
47652	14
47653	5
47654	6
47655	2
47656	3
47657	4
47658	0
47659	0
47660	3
47662	0
47663	2
47664	1
47665	2
47667	10
47668	2
47669	5
47670	34
47671	7
47672	4
47673	0
47674	12
47675	6
47676	0
47677	0
47678	2
47680	1
47681	16
47684	8
47685	0
47686	1
47687	3
47688	2
47689	2
47690	3
47691	2
47692	4
47693	0
47694	3
47695	0
47697	1
47698	0
47699	4
47700	1
47701	14
47703	12
47704	0
47705	10
47706	9
47708	2
47709	17
47710	1
47711	15
47713	6
47714	1
47715	0
47716	0
47717	18
47718	3
47720	1
47721	11
47722	2
47723	6
47724	11
47725	2
47726	0
47727	0
47728	2
47729	12
47730	0
47731	9
47732	0
47733	1
47734	5
47735	2
47736	8
47738	11
47739	4
47740	0
47741	4
47742	20
47743	3
47744	0
47745	0
47746	5
47747	6
47748	4
47749	5
47750	7
47751	0
47752	2
47755	2
47756	3
47759	18
47761	0
47762	2
47763	3
47764	2
47766	16
47767	4
47768	7
47771	0
47772	0
47773	7
47774	0
47775	1
47777	4
47778	2
47779	2
47780	0
47781	4
47782	0
47783	0
47788	0
47789	1
47790	16
47791	0
47792	1
47793	21
47794	0
47795	4
47796	6
47797	0
47798	6
47799	0
47801	5
47802	0
47803	1
47804	0
47805	9
47806	1
47808	6
47809	2
47810	10
47811	14
47812	0
47813	3
47814	19
47817	3
47818	4
47819	0
47820	2
47821	3
47822	4
47823	2
47824	3
47825	13
47826	1
47827	0
47828	16
47829	5
47830	0
47831	10
47832	7
47833	3
47834	18
47835	0
47836	6
47837	2
47838	0
47839	5
47840	11
47841	1
47843	5
47844	5
47845	25
47847	6
47848	3
47849	5
47850	0
47851	0
47852	0
47854	0
47856	5
47857	5
47858	22
47859	14
47860	5
47861	0
47862	6
47863	6
47864	10
47866	2
47869	6
47870	2
47872	4
47873	13
47875	1
47876	3
47877	7
47878	3
47880	5
47881	33
47882	1
47883	0
47884	8
47885	6
47887	1
47888	17
47889	3
47890	11
47891	17
47892	0
47893	4
47894	11
47896	7
47897	2
47898	0
47899	4
47900	0
47902	8
47903	5
47904	6
47905	0
47906	5
47907	1
47908	0
47909	1
47910	2
47911	4
47912	3
47914	0
47915	4
47916	5
47918	0
47919	0
47920	0
47921	1
47922	5
47923	9
47924	17
47926	7
47927	2
47928	4
47929	0
47930	0
47931	0
47932	3
47934	0
47935	8
47938	6
47939	3
47940	1
47941	11
47942	7
47943	0
47944	14
47945	0
47947	5
47948	8
47949	0
47950	8
47951	0
47952	16
47953	6
47954	16
47955	0
47956	13
47957	0
47959	12
47960	0
47961	9
47962	3
47963	7
47964	7
47965	7
47967	3
47968	0
47970	0
47971	0
47972	0
47973	6
47974	25
47975	0
47976	0
47977	0
47978	18
47979	4
47980	4
47981	1
47982	1
47983	10
47984	0
47986	14
47987	1
47988	0
47989	14
47990	20
47991	4
47992	1
47993	9
47995	6
47996	15
47998	4
48000	24
48001	8
48002	5
48003	8
48004	0
48005	4
48006	13
48007	7
48008	3
48009	0
48010	18
48012	0
48013	5
48014	18
48015	4
48016	3
48017	15
48018	13
48019	10
48020	8
48022	10
48023	11
48024	3
48025	3
48026	10
48027	0
48028	22
48029	0
48030	13
48032	1
48033	0
48034	26
48035	1
48036	9
48037	2
48038	4
48039	4
48041	9
48042	3
48043	0
48044	0
48045	4
48046	4
48047	5
48048	0
48049	3
48050	13
48051	18
48052	10
48053	0
48054	1
48056	0
48057	0
48058	0
48059	12
48060	2
48061	7
48062	4
48063	0
48064	0
48065	2
48066	0
48067	4
48068	0
48069	0
48070	12
48071	7
48073	38
48074	7
48075	5
48077	6
48078	14
48079	0
48080	0
48081	0
48082	0
48083	5
48084	1
48085	9
48086	0
48087	0
48088	13
48089	12
48090	0
48092	0
48094	6
48095	0
48096	0
48097	5
48098	9
48099	12
48100	8
48101	0
48102	3
48103	8
48104	5
48105	0
48106	3
48107	2
48108	11
48109	7
48110	0
48111	3
48112	1
48113	3
48114	0
48115	4
48116	4
48117	0
48119	0
48120	15
48122	4
48123	2
48124	3
48125	1
48126	19
48127	0
48128	14
48129	10
48130	2
48131	7
48132	0
48133	0
48134	3
48135	1
48136	12
48137	4
48139	0
48140	0
48142	0
48144	18
48145	3
48146	0
48149	0
48150	4
48151	1
48152	1
48153	11
48154	6
48155	0
48159	5
48160	3
48162	8
48163	0
48164	10
48165	1
48166	6
48167	0
48168	0
48169	1
48170	3
48171	5
48173	16
48174	6
48175	0
48176	3
48179	13
48180	4
48181	1
48182	0
48183	11
48184	0
48185	0
48186	7
48187	0
48188	4
48189	3
48190	5
48191	3
48192	14
48193	7
48194	12
48195	9
48196	0
48199	2
48201	9
48202	4
48203	6
48205	8
48206	19
48207	12
48208	6
48210	8
48211	0
48213	1
48214	0
48215	6
48216	2
48217	0
48218	16
48219	5
48220	8
48221	2
48223	5
48224	1
48225	2
48226	1
48228	4
48229	16
48230	0
48231	2
48232	7
48233	0
48234	0
48235	1
48236	3
48238	0
48239	0
48240	3
48241	16
48245	0
48247	3
48248	3
48249	7
48250	0
48251	15
48252	2
48253	7
48254	4
48255	0
48256	1
48257	0
48258	0
48259	8
48260	21
48261	5
48262	0
48263	4
48265	2
48267	17
48268	3
48269	5
48270	4
48272	4
48273	18
48274	8
48275	0
48276	4
48278	2
48279	16
48280	3
48281	2
48282	6
48283	7
48285	1
48288	3
48289	10
48290	5
48291	2
48293	13
48294	0
48295	6
48296	8
48297	6
48298	2
48299	4
48300	6
48301	0
48302	4
48304	0
48305	1
48306	5
48307	0
48308	22
48309	7
48310	9
48313	0
48314	3
48315	7
48316	12
48317	0
48318	10
48319	8
48320	15
48321	4
48322	13
48324	1
48325	1
48327	0
48329	7
48330	6
48331	0
48332	6
48333	17
48334	37
48335	1
48336	27
48339	2
48340	4
48341	0
48344	10
48345	2
48346	10
48347	11
48348	12
48349	0
48350	0
48351	3
48352	3
48353	0
48355	0
48356	1
48357	4
48358	19
48359	1
48360	6
48362	3
48363	0
48364	0
48365	26
48366	6
48367	0
48368	8
48369	4
48370	3
48371	5
48373	2
48374	12
48375	0
48376	2
48379	5
48380	6
48381	0
48382	9
48383	0
48384	5
48386	2
48387	0
48388	0
48389	2
48392	5
48393	10
48396	5
48397	16
48398	13
48399	5
48400	10
48401	1
48402	2
48403	0
48404	1
48405	6
48406	4
48407	4
48409	23
48410	4
48411	11
48413	18
48416	5
48417	7
48418	0
48419	7
48420	6
48421	8
48422	0
48424	0
48425	13
48426	21
48427	3
48428	19
48430	12
48431	0
48432	4
48434	0
48435	1
48436	10
48437	6
48439	16
48440	1
48441	0
48442	4
48443	8
48444	3
48445	2
48446	5
48447	0
48448	16
48449	0
48451	2
48452	2
48453	6
48455	0
48456	0
48457	0
48458	6
48459	12
48460	17
48462	1
48463	0
48464	9
48466	4
48467	11
48468	6
48469	5
48470	9
48471	3
48472	14
48474	10
48475	0
48476	14
48477	0
48478	1
48479	11
48480	0
48481	3
48482	6
48483	1
48484	4
48485	4
48486	2
48487	4
48488	23
48489	0
48491	2
48492	0
48493	6
48494	1
48495	28
48496	0
48499	5
48501	4
48502	4
48503	0
48505	2
48507	6
48508	1
48509	0
48510	12
48511	0
48512	1
48513	1
48514	6
48515	6
48516	11
48517	12
48518	3
48519	9
48520	4
48521	16
48522	17
48523	7
48524	3
48525	5
48526	2
48527	4
48528	1
48529	1
48530	1
48531	0
48532	1
48533	0
48535	1
48536	1
48537	3
48538	0
48539	2
48540	1
48541	2
48542	0
48543	1
48544	6
48545	10
48546	0
48547	3
48549	0
48550	9
48551	3
48552	12
48553	18
48554	1
48555	0
48557	1
48558	2
48559	6
48560	0
48561	4
48562	7
48564	0
48566	0
48568	2
48569	16
48570	6
48571	0
48572	0
48573	7
48574	5
48575	1
48576	15
48577	0
48578	4
48579	4
48580	0
48581	1
48582	3
48583	12
48584	1
48585	8
48586	11
48587	14
48588	0
48589	6
48590	0
48591	2
48592	4
48593	0
48594	10
48595	0
48596	0
48597	7
48598	4
48599	11
48600	11
48601	7
48602	8
48603	6
48604	0
48605	11
48606	9
48607	13
48608	0
48609	22
48610	7
48611	3
48612	5
48614	11
48615	8
48616	3
48618	0
48620	4
48621	3
48622	0
48623	6
48624	11
48625	11
48626	1
48627	7
48628	0
48629	9
48630	21
48631	1
48632	21
48633	5
48634	1
48636	0
48637	0
48638	0
48639	1
48641	13
48642	2
48643	0
48644	1
48645	0
48646	0
48647	1
48648	0
48649	1
48650	0
48651	2
48652	0
48654	3
48655	10
48656	3
48657	3
48658	0
48659	0
48660	5
48661	3
48662	2
48663	3
48664	7
48665	0
48666	0
48667	2
48668	6
48669	0
48670	8
48671	4
48672	19
48673	0
48674	3
48675	10
48677	2
48678	8
48679	10
48680	0
48681	15
48683	5
48684	2
48685	2
48686	15
48687	0
48688	4
48689	0
48690	0
48691	0
48692	3
48694	6
48695	0
48696	3
48697	9
48698	0
48699	9
48700	0
48701	0
48702	3
48703	4
48704	2
48705	0
48706	6
48707	4
48708	4
48709	3
48711	2
48712	6
48714	3
48716	11
48717	3
48718	4
48719	11
48720	6
48721	11
48722	1
48723	2
48724	3
48725	11
48726	5
48727	12
48728	1
48729	6
48730	5
48732	3
48734	4
48736	0
48737	6
48738	12
48740	14
48741	0
48742	2
48744	4
48745	7
48746	7
48747	23
48748	0
48749	10
48750	11
48752	0
48753	7
48754	8
48755	0
48756	6
48758	0
48759	12
48760	2
48762	8
48763	0
48764	0
48765	3
48766	12
48768	3
48769	1
48770	6
48771	2
48772	0
48773	1
48774	0
48775	2
48776	3
48777	21
48778	7
48779	0
48780	0
48782	2
48783	0
48784	6
48785	7
48786	1
48787	1
48788	2
48791	12
48792	3
48793	5
48794	0
48795	4
48796	10
48797	6
48798	8
48799	15
48800	0
48801	7
48802	4
48803	23
48804	11
48805	1
48806	14
48807	1
48808	8
48809	0
48810	0
48811	11
48813	7
48814	1
48815	0
48816	7
48817	4
48818	5
48819	10
48820	3
48821	1
48822	30
48823	3
48824	0
48825	6
48826	0
48827	18
48828	11
48829	7
48832	13
48833	13
48834	5
48835	1
48837	0
48839	11
48840	19
48841	0
48842	0
48843	1
48845	4
48846	5
48847	0
48849	0
48850	10
48851	0
48852	1
48853	3
48855	0
48857	0
48858	7
48861	4
48862	4
48863	1
48865	5
48867	0
48868	1
48869	9
48870	0
48871	2
48872	0
48873	11
48874	4
48875	7
48876	0
48877	11
48878	9
48879	9
48880	3
48881	6
48883	15
48884	8
48886	4
48887	14
48888	13
48889	4
48890	3
48893	1
48894	6
48895	4
48896	1
48897	5
48898	0
48900	5
48901	6
48902	8
48903	0
48904	6
48907	1
48908	3
48909	1
48910	14
48911	5
48912	2
48913	3
48914	10
48915	0
48916	0
48917	7
48918	2
48919	0
48920	3
48921	8
48922	0
48923	0
48924	0
48925	1
48927	9
48928	3
48929	0
48930	6
48931	12
48933	5
48934	0
48935	30
48936	1
48937	0
48938	7
48939	4
48940	0
48941	0
48942	0
48943	8
48944	4
48945	4
48946	4
48947	2
48948	2
48949	0
48950	3
48951	0
48952	4
48953	15
48954	2
48955	14
48956	5
48957	5
48958	0
48959	1
48960	0
48961	0
48963	1
48964	5
48965	10
48966	0
48967	0
48968	1
48969	5
48970	6
48971	2
48973	0
48974	1
48975	9
48976	9
48977	1
48979	9
48981	0
48982	8
48983	1
48985	6
48986	0
48987	3
48988	1
48989	5
48990	7
48992	0
48993	0
48994	5
48995	6
48997	1
48998	23
48999	0
49000	5
49001	8
49002	6
49004	8
49005	7
49006	7
49007	2
49008	7
49010	3
49011	8
49012	15
49013	4
49014	8
49015	7
49016	6
49017	3
49018	11
49019	3
49020	4
49021	5
49022	0
49024	0
49025	2
49027	10
49029	6
49030	0
49031	20
49032	0
49033	5
49034	2
49035	2
49036	0
49037	13
49038	2
49039	0
49040	1
49042	7
49044	7
49045	0
49046	8
49047	5
49048	15
49049	0
49052	3
49053	8
49054	8
49055	0
49056	0
49057	1
49058	1
49059	5
49060	0
49061	0
49062	8
49063	12
49065	5
49066	5
49068	5
49069	1
49070	3
49071	3
49072	2
49074	8
49075	7
49076	14
49077	0
49078	0
49079	12
49080	8
49081	18
49082	8
49083	4
49085	9
49087	1
49088	7
49090	9
49091	4
49092	20
49093	3
49094	16
49095	0
49096	0
49097	11
49098	15
49099	1
49100	8
49101	16
49103	11
49104	7
49105	4
49106	11
49107	10
49109	13
49110	0
49111	9
49112	3
49113	11
49115	5
49116	12
49117	26
49118	9
49119	10
49120	0
49121	3
49123	8
49124	5
49125	6
49128	5
49129	2
49130	8
49131	6
49132	17
49133	0
49134	0
49135	0
49136	7
49137	5
49138	1
49139	7
49140	0
49142	1
49143	1
49144	7
49145	5
49146	0
49147	5
49149	0
49150	7
49151	5
49152	6
49153	0
49154	20
49155	10
49156	6
49157	9
49158	8
49159	13
49160	2
49161	0
49162	3
49163	4
49164	13
49165	8
49167	0
49168	4
49169	19
49170	0
49171	2
49172	8
49173	4
49176	0
49177	10
49178	0
49179	10
49180	8
49181	6
49182	0
49183	4
49184	4
49185	3
49186	1
49187	2
49188	16
49189	14
49191	4
49192	10
49193	15
49194	10
49195	0
49196	0
49197	10
49198	8
49199	3
49200	4
49201	5
49202	0
49203	0
49204	0
49205	4
49206	7
49207	0
49208	7
49210	12
49211	0
49213	7
49214	7
49215	13
49216	1
49218	0
49219	2
49220	0
49222	6
49223	0
49224	3
49225	3
49227	4
49228	0
49229	9
49230	3
49231	0
49233	0
49235	16
49236	3
49237	14
49238	9
49240	1
49241	7
49242	4
49243	9
49244	0
49245	3
49246	6
49247	6
49248	13
49249	6
49251	0
49252	8
49253	3
49254	11
49255	6
49256	1
49257	20
49259	3
49260	11
49261	1
49263	2
49264	0
49265	5
49266	0
49267	5
49268	1
49269	7
49271	3
49273	10
49274	6
49275	0
49276	9
49277	22
49279	10
49280	0
49281	2
49282	1
49284	8
49286	12
49287	0
49288	0
49289	12
49290	4
49291	0
49292	6
49294	3
49295	4
49296	6
49297	7
49298	8
49299	0
49300	0
49301	0
49302	1
49303	2
49304	6
49305	7
49306	0
49307	15
49309	12
49312	0
49314	4
49315	1
49316	17
49317	0
49319	0
49320	2
49322	15
49323	16
49324	0
49325	8
49326	18
49327	8
49328	2
49329	12
49331	0
49332	5
49333	5
49334	0
49335	0
49336	4
49337	0
49338	14
49339	1
49341	8
49342	1
49343	4
49344	1
49345	0
49346	2
49347	3
49348	21
49349	17
49352	6
49353	11
49354	2
49355	0
49356	3
49357	6
49358	2
49359	4
49360	8
49361	0
49362	7
49363	0
49364	2
49365	18
49366	10
49367	0
49368	8
49369	4
49370	53
49371	0
49372	1
49374	4
49375	6
49376	0
49377	13
49378	0
49379	1
49380	12
49381	1
49382	13
49383	2
49384	7
49385	1
49386	10
49387	7
49388	0
49389	9
49390	18
49392	1
49394	2
49395	2
49396	0
49397	4
49399	3
49400	11
49401	7
49402	12
49403	9
49404	19
49405	5
49406	8
49407	7
49408	0
49409	0
49410	4
49411	2
49412	9
49414	4
49415	6
49416	0
49417	9
49418	0
49419	34
49420	0
49422	2
49423	3
49425	17
49426	0
49427	2
49428	0
49429	20
49430	4
49431	7
49432	5
49433	9
49434	11
49435	9
49436	0
49438	2
49440	1
49441	15
49442	4
49443	4
49445	5
49446	10
49447	14
49448	3
49449	0
49450	8
49451	1
49452	5
49453	0
49454	0
49455	12
49456	4
49457	1
49458	22
49459	15
49460	0
49461	6
49463	0
49465	12
49466	4
49467	16
49468	10
49469	1
49470	0
49471	20
49472	3
49476	2
49477	4
49478	0
49479	8
49482	0
49483	8
49484	0
49485	5
49486	3
49487	0
49488	0
49489	12
49491	14
49492	0
49493	2
49494	0
49495	0
49496	13
49497	3
49499	17
49500	0
49501	3
49502	7
49503	14
49504	0
49506	7
49507	0
49508	5
49509	0
49510	0
49511	2
49512	5
49513	0
49514	8
49516	18
49517	7
49518	8
49519	0
49521	3
49522	14
49523	31
49524	5
49525	0
49526	5
49527	6
49528	0
49529	5
49530	7
49531	2
49532	4
49533	0
49535	10
49536	0
49537	0
49538	0
49539	2
49540	14
49541	10
49542	0
49543	1
49544	7
49546	1
49547	3
49548	22
49550	0
49551	15
49552	1
49554	11
49555	2
49556	5
49557	10
49558	0
49559	13
49560	0
49561	21
49562	24
49563	5
49564	11
49565	24
49566	3
49567	0
49568	3
49569	1
49570	9
49571	2
49572	13
49573	0
49575	0
49576	5
49577	0
49578	0
49579	9
49580	2
49581	2
49582	0
49583	4
49584	2
49585	0
49586	1
49587	2
49588	0
49590	2
49591	4
49592	8
49593	0
49594	11
49595	8
49596	6
49597	11
49598	16
49599	9
49600	6
49601	12
49602	25
49603	0
49604	7
49605	0
49606	0
49607	15
49608	12
49609	0
49610	8
49611	11
49613	2
49614	3
49615	0
49616	6
49617	2
49618	5
49619	4
49620	1
49622	1
49623	0
49624	17
49625	17
49626	0
49627	8
49628	7
49629	2
49630	13
49631	8
49633	0
49634	0
49635	19
49636	7
49637	2
49638	1
49639	7
49640	0
49641	0
49642	4
49643	2
49644	0
49645	0
49646	3
49647	11
49648	0
49649	0
49650	0
49653	2
49654	10
49656	4
49657	12
49658	0
49659	13
49660	1
49661	0
49662	11
49663	3
49664	0
49665	21
49666	2
49667	5
49668	2
49669	0
49670	33
49671	0
49672	28
49673	0
49674	17
49675	6
49676	0
49677	5
49678	0
49679	0
49680	32
49682	5
49683	14
49684	1
49685	0
49687	5
49688	6
49689	1
49690	13
49691	5
49692	0
49693	0
49694	3
49695	0
49696	10
49697	7
49698	8
49699	2
49700	3
49703	1
49704	6
49706	3
49707	5
49708	0
49709	2
49710	8
49711	7
49712	0
49713	4
49714	10
49715	0
49716	2
49717	2
49718	2
49719	5
49720	6
49721	0
49722	8
49723	16
49724	4
49725	1
49726	0
49727	9
49728	0
49729	0
49731	10
49732	11
49733	0
49734	14
49735	2
49736	4
49737	0
49738	17
49739	0
49740	3
49741	2
49742	7
49743	7
49744	3
49745	11
49746	3
49748	4
49750	8
49751	12
49752	0
49753	3
49754	0
49755	2
49756	0
49757	3
49759	3
49760	4
49761	9
49762	0
49765	7
49766	1
49767	7
49768	0
49769	11
49770	0
49772	0
49773	2
49774	15
49775	7
49776	6
49777	2
49779	8
49781	4
49782	4
49783	13
49784	0
49785	12
49786	6
49789	14
49790	1
49791	9
49792	0
49793	1
49794	8
49795	11
49796	2
49797	2
49798	7
49799	9
49800	0
49801	23
49802	1
49803	0
49804	1
49805	12
49806	17
49807	15
49808	1
49809	5
49810	2
49811	1
49812	0
49813	0
49814	17
49815	3
49816	0
49817	0
49819	0
49820	0
49821	0
49822	0
49823	9
49825	0
49826	4
49827	27
49829	14
49830	0
49831	7
49832	4
49833	0
49834	0
49835	4
49836	1
49837	2
49838	24
49839	23
49840	0
49841	7
49842	6
49843	3
49844	7
49845	2
49847	0
49849	7
49850	0
49853	3
49855	0
49856	22
49857	0
49859	3
49860	5
49862	6
49863	19
49864	4
49865	2
49866	0
49867	2
49868	4
49869	6
49870	7
49871	10
49875	6
49876	4
49877	0
49878	0
49879	7
49880	10
49881	12
49882	0
49883	11
49884	0
49885	2
49886	1
49887	8
49888	10
49889	2
49890	7
49891	0
49892	0
49894	3
49895	5
49896	8
49897	13
49898	5
49899	0
49900	0
49901	2
49902	4
49903	5
49905	0
49908	2
49909	2
49911	0
49912	5
49913	0
49914	3
49915	2
49916	0
49917	0
49918	0
49919	21
49920	17
49921	0
49922	0
49923	12
49924	1
49926	3
49927	5
49928	11
49929	11
49932	1
49933	4
49934	4
49935	6
49936	4
49938	3
49939	0
49940	3
49941	12
49942	0
49944	0
49945	0
49946	1
49947	2
49948	6
49949	3
49951	1
49952	10
49955	0
49958	7
49959	1
49960	3
49961	2
49962	0
49965	5
49966	3
49968	1
49970	2
49971	0
49972	0
49973	0
49974	1
49975	0
49976	2
49977	13
49978	20
49979	4
49980	0
49981	0
49982	12
49983	13
49984	3
49985	9
49986	2
49988	1
49990	1
49992	0
49993	0
49994	17
49995	5
49996	0
49997	4
49998	6
49999	0
50000	6
50002	0
50003	0
50005	0
50006	0
50007	6
50008	15
50009	0
50010	5
50011	7
50013	2
50014	3
50015	0
50016	6
50017	4
50018	14
50019	0
50020	5
50021	10
50022	0
50023	27
50024	1
50025	0
50026	0
50027	0
50028	6
50029	4
50030	7
50031	7
50032	0
50033	4
50034	0
50035	5
50036	9
50037	0
50038	3
50039	0
50040	3
50041	11
50042	0
50043	31
50044	0
50045	1
50048	0
50049	4
50050	1
50051	0
50052	1
50053	8
50054	8
50055	0
50056	6
50057	0
50058	7
50059	0
50060	2
50061	1
50062	0
50063	14
50064	5
50065	10
50066	22
50068	5
50069	9
50070	2
50071	1
50072	9
50073	1
50074	0
50075	6
50077	2
50079	6
50080	7
50081	4
50083	4
50084	0
50085	4
50086	0
50087	2
50088	9
50090	2
50091	2
50092	18
50093	0
50094	6
50095	7
50096	12
50097	14
50099	12
50100	0
50102	1
50103	31
50104	3
50106	4
50107	26
50108	4
50111	6
50112	4
50113	2
50114	12
50116	0
50118	2
50119	3
50120	5
50121	0
50122	13
50123	0
50124	0
50125	5
50126	1
50127	12
50128	8
50131	4
50133	5
50134	9
50135	6
50136	0
50137	6
50138	20
50140	1
50141	14
50142	0
50144	4
50146	14
50147	0
50148	1
50149	0
50150	10
50151	3
50152	5
50153	0
50154	10
50155	9
50156	14
50158	8
50159	0
50160	6
50161	2
50162	12
50164	0
50165	0
50166	4
50167	1
50168	0
50169	0
50170	5
50171	5
50172	2
50173	11
50174	14
50175	7
50176	16
50177	3
50178	2
50179	8
50180	6
50181	3
50182	5
50184	6
50185	7
50187	0
50188	22
50189	0
50190	2
50191	4
50192	10
50193	11
50194	5
50195	0
50196	6
50197	2
50199	0
50200	12
50201	0
50202	12
50203	3
50205	5
50206	12
50207	10
50208	1
50209	2
50211	2
50212	1
50213	2
50214	12
50215	5
50216	5
50217	2
50218	0
50221	20
50222	11
50223	2
50224	0
50225	6
50226	16
50227	27
50228	0
50231	1
50232	1
50233	3
50234	16
50235	5
50236	12
50237	1
50238	2
50239	8
50240	1
50241	22
50242	1
50244	16
50245	20
50248	1
50250	4
50251	20
50253	1
50254	0
50255	0
50256	5
50258	12
50259	11
50260	3
50262	19
50263	0
50264	0
50265	6
50266	1
50267	6
50268	0
50269	0
50270	13
50271	11
50272	0
50273	1
50274	12
50275	6
50276	0
50277	0
50278	1
50279	0
50280	13
50281	0
50282	10
50283	23
50284	0
50286	17
50287	0
50288	3
50289	14
50290	7
50291	3
50293	4
50294	19
50295	0
50296	5
50297	1
50298	2
50299	0
50300	23
50302	0
50303	0
50304	3
50305	16
50306	0
50307	9
50308	1
50309	0
50310	0
50311	15
50313	1
50314	12
50315	16
50316	39
50317	1
50318	5
50319	18
50321	1
50322	8
50323	11
50324	13
50325	8
50326	10
50328	0
50329	6
50331	0
50332	4
50333	2
50334	6
50335	9
50336	7
50337	0
50339	1
50340	6
50341	0
50342	11
50343	17
50344	4
50345	3
50346	0
50347	0
50348	34
50349	3
50351	26
50352	0
50353	11
50354	0
50355	5
50356	24
50357	10
50358	8
50359	0
50360	1
50361	6
50362	5
50363	5
50365	23
50366	4
50367	0
50368	2
50369	5
50370	2
50371	0
50372	13
50373	10
50374	7
50375	5
50377	4
50378	0
50379	17
50380	4
50381	0
50382	10
50383	0
50384	2
50385	13
50386	0
50387	2
50389	6
50390	0
50391	15
50392	10
50393	0
50394	7
50395	13
50396	13
50397	0
50398	2
50399	0
50400	0
50401	3
50402	1
50403	5
50404	3
50407	2
50409	1
50410	0
50411	4
50412	0
50413	2
50414	14
50415	11
50416	6
50417	8
50418	11
50419	17
50420	12
50422	8
50423	0
50425	7
50426	0
50427	9
50428	26
50431	12
50432	11
50433	3
50436	3
50437	10
50438	10
50439	0
50440	29
50441	11
50442	2
50443	0
50444	0
50445	8
50446	0
50448	2
50449	3
50450	5
50451	3
50452	0
50453	0
50454	1
50455	3
50456	0
50457	8
50458	7
50459	0
50460	4
50461	13
50462	0
50463	6
50464	9
50465	4
50466	5
50467	22
50468	0
50469	5
50471	6
50473	38
50474	22
50475	10
50476	1
50477	0
50478	39
50479	0
50480	10
50481	0
50482	0
50483	24
50484	0
50485	6
50486	15
50487	11
50488	6
50489	3
50490	0
50491	6
50492	0
50494	1
50496	8
50497	0
50498	0
50499	5
50500	6
50501	5
50502	0
50504	2
50505	7
50507	9
50508	0
50509	0
50510	22
50511	0
50512	27
50513	3
50514	1
50515	8
50517	8
50518	4
50520	4
50523	12
50524	10
50525	6
50526	10
50527	7
50528	15
50529	0
50531	2
50532	21
50533	9
50534	0
50535	0
50536	7
50537	12
50539	7
50540	2
50541	2
50542	5
50543	9
50544	0
50546	0
50547	0
50548	0
50549	0
50550	4
50551	0
50552	0
50554	15
50555	0
50557	8
50559	1
50560	0
50561	9
50562	1
50563	0
50564	0
50565	3
50566	0
50567	1
50570	0
50571	8
50572	5
50573	13
50574	3
50575	2
50576	1
50577	6
50578	0
50580	6
50581	10
50582	9
50583	0
50584	8
50585	0
50586	0
50587	0
50588	0
50589	4
50590	1
50592	5
50593	2
50594	5
50595	1
50596	0
50598	3
50599	0
50600	7
50601	11
50602	26
50603	0
50605	0
50606	6
50607	0
50608	4
50609	2
50610	7
50611	0
50612	11
50613	6
50615	12
50616	9
50617	7
50618	0
50619	4
50620	1
50621	5
50622	4
50623	0
50624	8
50625	0
50626	0
50627	1
50628	0
50629	7
50630	2
50631	4
50632	2
50633	3
50634	0
50635	10
50636	13
50637	0
50638	10
50640	0
50641	38
50642	2
50643	16
50644	2
50645	0
50646	3
50647	11
50648	5
50650	7
50651	6
50652	2
50653	9
50654	1
50655	0
50657	0
50658	0
50659	4
50660	10
50661	9
50662	5
50663	9
50665	2
50666	8
50667	2
50668	1
50669	11
50670	1
50671	0
50672	12
50673	0
50674	28
50675	4
50677	6
50678	0
50679	16
50680	8
50681	8
50682	22
50683	10
50686	3
50688	11
50689	14
50690	2
50691	0
50692	1
50693	1
50694	1
50695	8
50696	6
50697	3
50698	0
50699	1
50700	1
50701	16
50704	24
50705	10
50706	26
50707	1
50708	20
50710	1
50711	9
50712	6
50713	2
50714	6
50715	18
50716	18
50718	5
50719	19
50720	6
50721	2
50722	7
50723	5
50724	1
50725	5
50726	6
50728	10
50729	8
50730	0
50731	9
50732	0
50733	7
50735	8
50736	3
50737	15
50738	1
50739	0
50740	0
50741	6
50743	0
50744	8
50745	20
50746	3
50747	17
50748	0
50750	0
50751	2
50753	12
50754	0
50755	0
50756	10
50758	0
50759	8
50760	0
50761	0
50762	6
50763	6
50764	7
50765	6
50767	8
50768	4
50769	18
50770	0
50771	8
50772	2
50773	12
50774	0
50775	6
50776	0
50777	11
50778	4
50779	9
50780	20
50781	4
50782	1
50783	2
50784	0
50785	2
50786	0
50787	4
50788	4
50790	17
50791	4
50792	5
50793	0
50794	0
50795	3
50796	22
50797	7
50798	0
50799	0
50800	5
50801	0
50802	2
50803	6
50804	13
50805	8
50806	9
50807	6
50808	1
50809	17
50810	0
50811	0
50813	6
50814	5
50815	2
50816	5
50817	9
50818	0
50819	0
50820	0
50821	8
50822	3
50823	2
50824	2
50825	0
50826	0
50827	9
50828	1
50829	16
50830	4
50831	0
50832	1
50833	0
50834	5
50835	9
50836	7
50837	17
50838	13
50839	1
50840	2
50841	0
50842	1
50843	5
50844	1
50845	0
50849	0
50850	6
50851	5
50852	2
50853	7
50854	1
50855	0
50856	8
50857	6
50858	0
50861	10
50862	0
50863	18
50865	15
50866	1
50867	0
50868	5
50869	2
50870	0
50871	7
50872	0
50873	5
50874	0
50875	4
50876	1
50877	3
50879	18
50880	8
50883	0
50884	6
50885	0
50886	0
50888	0
50889	19
50891	11
50892	5
50893	4
50894	2
50895	3
50896	4
50897	4
50899	4
50901	0
50902	3
50903	2
50904	4
50905	1
50906	0
50909	0
50910	4
50911	2
50912	2
50913	3
50914	9
50915	2
50916	3
50917	0
50918	9
50920	3
50921	2
50922	3
50924	0
50929	1
50930	13
50931	10
50932	4
50933	4
50934	0
50936	2
50937	4
50939	0
50940	0
50942	6
50943	2
50944	7
50945	21
50948	4
50949	3
50950	8
50951	1
50953	5
50954	0
50956	2
50957	17
50958	2
50959	3
50960	2
50961	0
50962	0
50963	1
50964	3
50965	0
50966	0
50967	6
50968	5
50969	4
50970	13
50971	2
50972	17
50973	8
50974	0
50975	7
50977	1
50978	4
50979	5
50980	0
50982	1
50983	2
50984	10
50985	1
50986	0
50987	9
50988	4
50989	3
50990	4
50991	16
50993	6
50994	3
50995	0
50996	1
50997	0
50998	1
50999	0
51000	13
51001	0
51002	3
51003	9
51004	0
51008	10
51010	0
51011	0
51012	12
51014	0
51015	0
51016	0
51017	7
51018	1
51020	7
51021	3
51022	0
51023	4
51024	0
51025	16
51027	1
51028	10
51029	0
51031	1
51034	0
51035	0
51036	2
51037	0
51038	5
51039	1
51041	12
51042	11
51043	0
51044	4
51045	0
51046	0
51047	4
51048	21
51051	0
51052	4
51053	8
51054	0
51055	0
51056	0
51059	15
51060	15
51061	3
51062	1
51063	0
51064	7
51065	0
51066	0
51067	6
51069	8
51070	4
51071	0
51072	0
51073	19
51074	4
51075	7
51076	4
51077	0
51078	0
51079	3
51080	0
51081	3
51082	3
51084	20
51085	3
51086	7
51088	23
51089	8
51091	5
51092	10
51094	7
51095	3
51096	1
51098	3
51100	0
51101	2
51102	0
51103	0
51104	11
51105	0
51106	2
51107	0
51108	0
51110	5
51111	0
51114	13
51115	0
51118	8
51119	0
51121	0
51122	1
51123	3
51125	0
51126	4
51127	11
51128	0
51129	0
51130	2
51132	0
51133	2
51134	4
51135	12
51138	16
51139	1
51141	3
51142	5
51143	2
51144	0
51145	0
51147	0
51148	8
51150	3
51151	11
51152	4
51153	6
51154	18
51155	4
51156	7
51157	0
51158	15
51159	1
51160	8
51161	0
51162	4
51163	8
51164	2
51165	14
51166	1
51167	8
51168	0
51169	1
51170	0
51171	1
51172	0
51173	0
51175	14
51176	10
51178	0
51181	8
51182	15
51183	17
51184	2
51185	0
51186	6
51187	11
51189	7
51190	1
51191	2
51192	2
51193	0
51194	0
51195	11
51197	3
51198	30
51199	0
51200	1
51202	8
51203	7
51204	9
51206	13
51207	0
51208	2
51209	15
51210	6
51211	0
51212	0
51213	5
51215	5
51216	14
51217	30
51218	7
51219	4
51220	12
51222	0
51223	0
51224	10
51225	8
51228	6
51229	9
51230	18
51231	19
51232	16
51233	10
51234	1
51235	13
51237	12
51238	4
51239	0
51240	4
51241	2
51243	4
51245	5
51246	0
51247	0
51248	7
51250	6
51251	0
51252	8
51253	11
51254	2
51255	3
51256	0
51257	0
51260	4
51261	1
51262	3
51264	6
51265	6
51266	0
51267	1
51268	9
51269	6
51270	4
51271	0
51272	5
51273	10
51274	0
51276	27
51277	3
51279	0
51280	0
51281	0
51282	0
51283	3
51284	18
51285	0
51286	4
51287	1
51288	0
51289	0
51290	10
51292	7
51293	0
51294	4
51295	5
51297	8
51298	3
51299	7
51300	4
51301	7
51302	0
51305	9
51306	0
51307	8
51308	7
51309	0
51310	2
51312	4
51313	1
51314	0
51315	4
51316	1
51317	0
51318	2
51319	0
51320	7
51321	0
51322	0
51323	0
51324	5
51325	8
51326	0
51327	0
51329	0
51330	7
51331	0
51332	0
51333	18
51334	9
51336	5
51337	0
51338	1
51339	4
51340	0
51341	4
51342	0
51343	1
51344	22
51345	1
51347	4
51348	0
51349	0
51350	7
51351	0
51352	0
51353	7
51355	9
51356	6
51357	8
51358	3
51359	7
51361	0
51362	2
51363	2
51365	0
51366	0
51367	20
51368	0
51369	4
51370	6
51371	19
51372	5
51373	0
51374	0
51375	11
51376	2
51377	7
51378	0
51379	0
51380	3
51381	0
51382	1
51383	7
51384	0
51385	0
51386	13
51387	13
51388	27
51389	13
51390	0
51391	0
51392	0
51393	0
51394	26
51395	1
51396	0
51398	9
51399	5
51400	2
51401	6
51402	1
51403	7
51404	6
51405	0
51406	23
51408	2
51410	3
51411	0
51413	6
51414	12
51416	6
51417	8
51418	6
51419	4
51420	1
51422	2
51423	0
51424	0
51425	5
51426	1
51427	2
51428	0
51429	2
51430	8
51431	0
51432	15
51433	3
51434	11
51436	16
51437	0
51438	2
51440	0
51441	6
51442	0
51443	1
51444	0
51447	9
51448	0
51449	1
51451	3
51452	1
51453	1
51454	0
51455	7
51456	11
51457	0
51459	10
51462	0
51463	0
51465	2
51466	8
51470	0
51472	1
51473	2
51474	3
51475	6
51476	0
51477	4
51478	14
51479	7
51480	2
51482	19
51483	7
51484	2
51485	0
51486	6
51488	0
51489	6
51490	0
51491	3
51494	3
51495	6
51496	0
51498	0
51499	16
51500	0
51501	7
51502	0
51504	1
51505	5
51506	11
51507	17
51508	25
51509	12
51510	7
51511	6
51512	3
51514	3
51515	0
51516	18
51517	0
51518	1
51519	10
51521	6
51522	0
51524	4
51525	1
51526	0
51527	7
51528	3
51531	5
51532	3
51535	2
51536	0
51537	20
51538	0
51539	4
51540	0
51541	7
51542	5
51543	10
51544	0
51545	3
51546	6
51547	0
51548	6
51549	11
51550	0
51552	0
51554	3
51556	0
51558	3
51561	0
51562	3
51563	3
51564	15
51565	13
51566	0
51567	0
51570	4
51571	2
51572	0
51577	10
51578	1
51580	2
51581	3
51582	4
51583	3
51584	0
51585	9
51586	17
51587	2
51588	7
51589	5
51590	4
51591	0
51592	2
51594	6
51595	0
51596	4
51598	18
51599	6
51600	0
51601	10
51602	1
51603	2
51604	13
51605	1
51606	15
51607	2
51608	7
51609	14
51611	0
51612	4
51613	0
51615	7
51616	8
51617	0
51618	6
51619	3
51620	5
51621	9
51622	12
51623	0
51625	1
51626	6
51627	6
51628	11
51629	1
51630	0
51631	5
51634	0
51635	12
51636	0
51638	0
51639	0
51640	0
51641	9
51642	0
51644	4
51646	0
51647	10
51648	0
51649	0
51650	0
51651	1
51652	4
51653	6
51654	2
51655	7
51656	9
51657	0
51658	0
51660	17
51661	29
51662	6
51663	2
51664	9
51666	5
51667	0
51668	14
51669	7
51670	22
51671	0
51673	2
51674	0
51675	0
51676	10
51678	2
51679	5
51680	4
51681	4
51682	2
51683	6
51684	2
51685	0
51686	12
51688	12
51689	15
51690	6
51691	7
51692	3
51693	0
51694	5
51695	12
51696	2
51697	0
51699	11
51700	0
51701	0
51702	11
51703	0
51704	0
51705	3
51706	1
51708	6
51709	4
51710	26
51711	0
51712	4
51713	0
51714	21
51715	0
51716	0
51717	14
51718	7
51719	1
51720	0
51722	0
51723	13
51724	2
51725	11
51726	25
51728	0
51730	6
51731	0
51733	0
51734	9
51735	1
51736	18
51738	9
51739	2
51740	2
51741	6
51742	18
51743	6
51744	0
51745	8
51746	0
51747	0
51748	25
51749	1
51751	4
51752	15
51753	3
51754	11
51755	10
51757	5
51759	4
51761	0
51762	0
51763	6
51764	3
51765	4
51766	0
51767	5
51768	0
51769	16
51770	10
51771	3
51772	10
51773	22
51774	1
51775	3
51776	5
51777	19
51778	4
51779	8
51780	7
51781	8
51782	8
51783	14
51784	0
51785	6
51786	5
51787	0
51788	10
51789	2
51790	1
51791	0
51792	0
51794	11
51795	6
51796	6
51797	6
51798	17
51799	20
51800	11
51801	1
51802	1
51803	9
51804	3
51805	0
51806	0
51809	3
51810	1
51812	6
51813	4
51814	2
51815	3
51816	16
51818	10
51819	5
51820	10
51821	2
51823	4
51824	4
51825	3
51826	0
51827	0
51828	6
51829	17
51830	1
51833	2
51834	13
51835	2
51836	4
51837	0
51838	12
51839	0
51840	7
51841	0
51843	0
51844	0
51845	0
51846	0
51847	6
51848	5
51849	11
51850	7
51851	1
51852	0
51853	6
51854	8
51855	1
51856	5
51858	0
51859	0
51860	1
51861	1
51862	0
51863	0
51864	1
51865	9
51866	0
51867	2
51868	2
51869	12
51870	2
51871	18
51872	5
51873	7
51874	12
51875	6
51876	4
51877	6
51879	19
51880	2
51881	0
51882	5
51883	5
51884	5
51886	0
51887	6
51888	0
51889	6
51890	2
51891	7
51893	0
51894	1
51896	1
51897	0
51898	7
51899	2
51900	0
51901	5
51903	0
51904	7
51905	2
51907	0
51908	0
51910	0
51911	8
51912	0
51913	0
51914	0
51915	2
51916	7
51917	7
51920	0
51921	0
51922	11
51923	0
51925	5
51926	12
51927	0
51928	0
51929	1
51930	0
51933	13
51934	2
51935	0
51936	2
51937	0
51938	4
51939	17
51940	4
51942	13
51943	2
51944	9
51945	0
51946	5
51947	7
51949	0
51950	0
51951	16
51953	0
51955	4
51956	2
51957	0
51958	0
51960	3
51961	12
51963	5
51964	3
51965	0
51966	8
51967	0
51968	0
51969	2
51971	12
51972	16
51974	2
51975	9
51976	2
51977	24
51978	3
51979	0
51980	8
51983	12
51984	5
51985	0
51986	6
51987	0
51988	19
51989	0
51990	3
51991	3
51992	6
51993	3
51994	1
51995	4
51996	0
51997	0
51998	3
51999	8
52000	6
52001	5
52002	14
52003	0
52004	0
52005	0
52006	0
52007	2
52008	10
52009	0
52010	0
52011	2
52012	2
52013	7
52014	0
52015	6
52016	8
52017	0
52018	1
52020	16
52021	11
52023	7
52024	0
52025	1
52026	0
52027	0
52028	9
52029	1
52030	2
52031	10
52032	0
52033	0
52034	9
52035	6
52036	1
52037	2
52040	21
52041	0
52042	4
52043	7
52044	4
52045	0
52046	8
52047	0
52049	0
52050	0
52052	4
52053	4
52054	9
52055	0
52056	6
52059	0
52060	0
52062	6
52063	2
52065	0
52066	1
52067	9
52068	12
52069	8
52070	0
52071	16
52072	3
52073	2
52074	1
52076	0
52077	13
52078	15
52080	4
52081	7
52082	6
52083	4
52084	4
52085	9
52087	8
52088	9
52089	9
52090	3
52091	1
52092	2
52093	13
52094	0
52095	14
52096	0
52098	6
52099	4
52100	3
52101	0
52102	10
52103	2
52104	0
52105	5
52106	1
52107	7
52108	11
52109	4
52111	11
52112	6
52113	1
52114	0
52115	0
52116	3
52117	4
52118	0
52119	5
52120	12
52121	8
52122	2
52123	12
52124	3
52126	4
52127	0
52128	4
52129	8
52131	8
52133	3
52134	0
52135	0
52137	0
52138	5
52139	22
52140	5
52141	12
52142	8
52144	0
52145	3
52146	12
52147	0
52148	1
52149	8
52151	9
52152	7
52153	0
52154	0
52155	3
52156	21
52157	0
52158	13
52159	3
52160	3
52161	1
52162	2
52163	11
52164	0
52165	1
52166	6
52167	10
52168	2
52169	8
52170	5
52171	2
52172	14
52173	12
52174	0
52175	0
52176	1
52177	2
52178	6
52180	4
52181	8
52182	14
52183	7
52186	0
52187	39
52188	3
52189	2
52190	0
52191	16
52192	6
52193	6
52194	1
52195	1
52196	6
52197	6
52198	0
52199	12
52200	5
52201	21
52202	10
52203	6
52204	8
52206	3
52207	10
52208	5
52209	4
52210	6
52211	2
52212	0
52213	7
52214	15
52216	0
52217	0
52218	7
52219	7
52220	0
52221	2
52222	1
52223	1
52225	8
52228	1
52229	4
52230	3
52232	3
52233	2
52234	9
52235	3
52236	0
52237	2
52238	11
52239	1
52240	5
52242	15
52243	9
52244	4
52245	2
52246	15
52247	1
52248	1
52249	0
52250	3
52251	0
52252	3
52253	1
52254	4
52257	4
52258	10
52259	0
52260	33
52261	6
52263	23
52264	0
52265	0
52266	6
52267	0
52268	2
52269	8
52271	8
52272	1
52273	14
52275	0
52276	0
52277	7
52278	9
52279	8
52280	0
52282	0
52283	8
52284	0
52285	1
52286	1
52287	0
52288	2
52291	5
52292	16
52293	8
52294	0
52295	9
52296	1
52297	2
52298	6
52299	1
52300	2
52301	4
52302	1
52303	7
52304	0
52305	13
52306	0
52307	4
52308	0
52309	3
52310	0
52312	0
52313	0
52314	2
52315	9
52316	0
52319	0
52320	2
52322	10
52324	4
52325	0
52326	3
52327	0
52328	0
52329	16
52330	11
52331	1
52332	19
52333	5
52334	8
52335	1
52336	3
52337	11
52338	2
52339	20
52341	28
52342	0
52343	4
52344	4
52345	1
52346	0
52348	11
52349	1
52350	1
52351	0
52352	9
52353	6
52354	0
52355	3
52356	6
52357	4
52358	16
52360	0
52361	4
52362	11
52363	0
52364	2
52365	2
52366	0
52368	1
52369	17
52370	5
52371	0
52372	1
52373	1
52374	0
52375	8
52376	12
52378	0
52379	8
52380	4
52381	1
52382	14
52383	10
52384	0
52385	0
52386	5
52387	4
52388	3
52390	3
52391	6
52392	13
52393	1
52394	11
52395	15
52396	0
52397	0
52399	6
52400	4
52401	11
52402	1
52404	3
52405	2
52406	3
52407	6
52408	2
52409	25
52410	3
52411	6
52412	0
52413	0
52414	3
52415	0
52417	8
52419	5
52420	2
52421	4
52422	24
52425	35
52426	0
52428	2
52429	11
52430	12
52431	15
52432	4
52433	15
52434	3
52435	0
52436	7
52437	19
52438	10
52439	1
52440	0
52441	2
52442	3
52443	7
52445	0
52447	17
52449	3
52451	0
52452	0
52453	11
52455	2
52456	4
52458	0
52459	2
52460	1
52461	3
52462	1
52464	7
52465	9
52466	3
52468	10
52469	24
52470	9
52471	11
52472	7
52473	4
52474	4
52475	28
52476	30
52477	12
52478	3
52479	9
52480	0
52481	4
52482	0
52483	4
52484	2
52485	0
52486	6
52487	9
52489	0
52490	1
52491	1
52492	0
52493	2
52494	4
52496	0
52497	17
52498	0
52499	14
52500	3
52501	2
52503	4
52504	16
52505	28
52506	1
52509	2
52510	17
52511	10
52512	12
52513	3
52514	8
52515	0
52516	24
52517	0
52518	11
52519	5
52520	2
52521	8
52522	0
52524	3
52525	3
52526	7
52528	0
52529	0
52531	1
52532	6
52533	0
52534	14
52536	0
52537	2
52538	3
52539	10
52540	6
52541	31
52542	0
52543	7
52545	0
52547	0
52548	22
52549	0
52550	0
52551	0
52552	15
52553	1
52554	1
52556	0
52557	0
52559	13
52560	0
52561	21
52562	0
52564	10
52565	0
52566	4
52567	27
52568	2
52570	12
52571	3
52572	0
52573	0
52574	0
52575	0
52576	8
52577	3
52579	16
52580	7
52581	15
52582	19
52583	0
52584	3
52586	9
52587	9
52588	0
52589	7
52591	2
52592	0
52593	1
52595	13
52596	0
52598	10
52599	16
52600	1
52601	4
52602	4
52604	14
52605	7
52606	1
52607	20
52608	0
52609	6
52610	0
52611	14
52612	1
52613	0
52614	0
52616	0
52617	5
52618	10
52619	2
52620	16
52621	12
52622	2
52624	2
52625	19
52627	12
52628	7
52629	0
52630	8
52631	0
52632	0
52633	9
52634	0
52635	15
52636	4
52638	2
52639	7
52640	2
52641	10
52642	0
52643	26
52644	2
52645	2
52646	0
52647	16
52648	5
52649	10
52650	7
52651	0
52652	22
52653	11
52654	0
52656	7
52657	5
52658	3
52660	10
52661	8
52662	4
52663	1
52666	1
52667	11
52669	10
52670	0
52671	1
52672	17
52674	0
52675	3
52676	0
52678	0
52679	0
52680	6
52681	3
52682	11
52683	1
52684	5
52685	10
52687	3
52688	1
52689	0
52690	0
52691	0
52692	14
52693	2
52694	2
52696	14
52697	0
52698	1
52699	4
52700	1
52701	2
52703	5
52704	4
52707	4
52708	8
52710	8
52711	13
52712	11
52713	6
52714	1
52715	3
52716	2
52717	17
52718	2
52719	1
52720	2
52723	4
52724	4
52726	2
52729	2
52730	2
52731	3
52732	5
52733	0
52734	0
52735	0
52736	0
52737	9
52738	0
52739	6
52741	6
52742	8
52743	10
52744	14
52745	0
52746	4
52747	3
52748	3
52749	0
52750	0
52751	0
52752	8
52753	0
52754	1
52755	8
52756	13
52758	15
52760	19
52761	5
52763	10
52764	2
52765	2
52766	2
52767	4
52768	1
52769	0
52770	0
52771	6
52772	5
52773	2
52774	0
52775	3
52776	23
52777	0
52778	6
52779	21
52780	0
52781	12
52782	0
52783	18
52784	5
52785	2
52786	4
52787	16
52788	1
52789	2
52790	32
52791	3
52793	1
52794	4
52795	21
52796	8
52798	6
52799	0
52800	0
52801	2
52802	10
52803	4
52804	0
52806	4
52807	5
52808	3
52809	4
52810	0
52811	10
52812	4
52813	10
52814	5
52815	0
52816	0
52818	9
52819	0
52820	14
52821	0
52823	1
52824	2
52825	8
52826	2
52827	0
52828	5
52829	6
52830	21
52831	0
52834	12
52835	7
52836	2
52837	11
52838	6
52839	7
52840	11
52841	4
52842	1
52843	0
52844	0
52845	15
52846	0
52847	0
52848	42
52849	3
52850	5
52851	0
52852	0
52853	2
52856	22
52857	13
52858	1
52859	9
52860	8
52861	1
52862	15
52863	20
52864	0
52865	0
52866	2
52867	5
52868	6
52869	8
52870	0
52871	0
52872	6
52873	2
52874	0
52876	7
52877	23
52878	10
52879	9
52880	4
52881	3
52882	0
52883	3
52884	18
52885	0
52886	0
52887	11
52888	1
52890	12
52891	2
52892	5
52893	8
52894	0
52895	3
52896	1
52897	12
52898	4
52899	0
52900	1
52901	4
52902	0
52905	19
52906	12
52907	2
52908	8
52909	0
52910	2
52911	6
52912	0
52913	2
52914	6
52915	21
52916	0
52917	0
52918	12
52919	12
52920	0
52922	0
52923	6
52924	0
52925	0
52927	6
52928	11
52929	6
52930	7
52931	2
52932	5
52933	3
52934	0
52935	1
52937	3
52938	13
52939	5
52942	0
52943	22
52944	6
52945	2
52946	6
52947	0
52948	0
52949	0
52950	3
52953	17
52954	14
52955	25
52956	0
52957	13
52960	2
52961	1
52962	12
52963	0
52964	3
52965	2
52966	1
52967	0
52968	13
52969	8
52970	7
52971	0
52972	0
52973	13
52974	15
52976	0
52977	9
52978	12
52979	0
52980	2
52981	6
52982	3
52984	2
52985	12
52986	5
52987	21
52988	18
52989	4
52990	8
52991	8
52992	7
52994	4
52995	14
52996	7
52997	2
52999	17
53000	0
53001	2
53003	0
53004	20
53006	3
53007	8
53008	3
53009	1
53010	0
53011	9
53012	0
53014	2
53016	12
53017	0
53018	0
53019	1
53020	3
53021	0
53023	3
53024	1
53025	1
53026	0
53027	2
53028	2
53029	16
53030	1
53032	7
53034	2
53036	18
53037	0
53038	2
53039	3
53040	13
53041	9
53042	10
53044	12
53045	5
53046	0
53047	0
53048	10
53049	0
53051	12
53053	3
53054	0
53055	0
53057	0
53058	3
53059	4
53060	2
53061	7
53062	29
53063	5
53064	3
53065	3
53066	6
53067	4
53068	17
53069	3
53070	3
53071	5
53072	1
53074	14
53075	3
53076	8
53077	0
53078	8
53079	0
53080	6
53082	1
53084	22
53085	0
53086	1
53087	18
53088	6
53089	0
53090	8
53091	0
53092	0
53093	6
53094	9
53095	10
53096	3
53097	6
53098	9
53099	3
53100	11
53101	0
53102	1
53103	12
53104	4
53105	30
53106	0
53107	12
53108	15
53109	2
53110	0
53112	0
53113	2
53115	14
53116	0
53117	0
53118	0
53119	0
53120	5
53121	0
53122	4
53123	8
53125	2
53126	5
53127	1
53128	3
53129	7
53130	11
53131	9
53133	0
53134	4
53136	8
53138	0
53139	3
53140	2
53141	0
53142	12
53144	0
53145	11
53147	13
53148	2
53149	13
53150	11
53151	2
53152	0
53153	0
53154	4
53155	0
53156	0
53157	9
53158	0
53159	0
53160	2
53161	6
53162	3
53163	4
53165	3
53166	12
53167	14
53169	5
53170	28
53171	3
53172	3
53173	0
53174	10
53175	1
53176	0
53177	1
53178	19
53179	2
53180	4
53181	0
53184	8
53186	12
53187	9
53188	5
53190	0
53191	25
53193	5
53194	22
53195	4
53196	4
53197	14
53198	0
53199	0
53200	4
53201	1
53202	0
53203	6
53205	0
53206	0
53207	24
53208	4
53209	0
53210	7
53212	8
53213	11
53214	10
53215	9
53216	9
53217	8
53218	6
53219	0
53221	5
53222	12
53223	1
53224	2
53225	2
53226	3
53228	15
53229	2
53231	0
53232	13
53233	0
53234	6
53235	6
53236	2
53237	0
53238	0
53240	2
53241	7
53242	15
53243	10
53244	4
53245	0
53246	0
53247	0
53248	13
53249	8
53250	10
53251	0
53252	0
53253	17
53256	0
53257	1
53258	0
53259	0
53260	0
53261	16
53262	5
53263	2
53264	0
53265	0
53267	3
53268	24
53269	4
53270	5
53271	14
53273	14
53274	1
53276	7
53277	2
53279	6
53280	0
53281	0
53283	3
53284	2
53285	19
53286	14
53287	1
53288	12
53289	6
53290	8
53292	2
53293	6
53294	0
53295	2
53296	0
53297	1
53298	2
53299	4
53301	3
53302	6
53304	0
53305	0
53306	5
53307	1
53308	13
53309	3
53310	9
53311	5
53312	0
53313	10
53314	3
53315	2
53316	8
53317	2
53320	10
53321	4
53322	1
53323	1
53326	1
53327	12
53328	7
53329	0
53330	0
53331	3
53332	2
53333	27
53334	14
53335	3
53336	7
53337	3
53338	4
53339	5
53340	0
53341	15
53342	7
53343	4
53344	0
53345	10
53346	0
53347	3
53348	16
53349	2
53350	4
53351	3
53352	0
53353	14
53354	1
53355	2
53356	4
53357	10
53358	0
53359	0
53360	4
53361	0
53362	8
53364	3
53366	2
53367	0
53369	2
53370	4
53371	2
53372	2
53373	17
53374	0
53375	0
53377	0
53378	3
53379	1
53380	0
53381	1
53382	0
53383	4
53384	13
53385	9
53386	2
53387	0
53388	8
53389	2
53391	2
53392	1
53394	0
53395	0
53396	7
53397	10
53398	1
53399	0
53400	0
53401	9
53402	26
53403	0
53404	4
53405	19
53406	5
53407	0
53409	6
53410	15
53411	1
53413	0
53414	5
53416	1
53417	19
53418	9
53419	15
53420	11
53421	16
53422	8
53423	5
53424	20
53425	4
53426	0
53427	9
53428	2
53430	0
53431	0
53433	0
53434	5
53435	7
53436	10
53437	0
53438	0
53439	1
53440	2
53442	18
53443	0
53444	15
53445	5
53446	1
53447	13
53448	0
53449	8
53450	5
53451	3
53452	0
53453	3
53454	21
53455	4
53456	10
53457	0
53458	4
53459	10
53460	5
53461	11
53463	3
53464	9
53465	1
53466	3
53467	5
53468	8
53469	13
53470	0
53471	0
53472	0
53473	0
53474	0
53476	1
53477	3
53478	3
53480	5
53481	26
53482	3
53483	8
53484	10
53485	1
53486	0
53487	3
53488	15
53489	2
53490	0
53491	0
53492	3
53494	2
53497	19
53498	3
53499	11
53500	4
53501	12
53502	9
53503	22
53504	3
53505	0
53506	0
53507	3
53508	0
53509	16
53510	0
53512	10
53513	0
53514	0
53515	0
53516	4
53517	1
53518	6
53520	0
53521	4
53522	0
53523	17
53524	12
53525	14
53527	7
53528	3
53530	8
53531	12
53532	3
53533	25
53535	7
53536	9
53537	4
53538	21
53539	0
53540	15
53541	7
53542	13
53543	0
53544	3
53545	1
53546	7
53547	4
53548	10
53550	2
53552	3
53553	3
53554	14
53555	12
53556	0
53557	11
53558	0
53559	15
53561	0
53562	5
53563	0
53564	6
53565	7
53566	0
53567	4
53569	0
53570	6
53572	5
53573	1
53574	16
53575	5
53576	9
53577	6
53578	5
53579	13
53580	0
53581	8
53582	19
53583	0
53584	19
53586	16
53587	10
53588	3
53589	16
53590	9
53591	13
53592	14
53593	2
53594	3
53596	0
53597	2
53598	4
53599	7
53600	2
53601	4
53602	7
53603	0
53604	4
53605	14
53606	12
53607	0
53608	4
53609	0
53610	0
53611	1
53612	8
53613	3
53614	7
53615	23
53616	8
53617	10
53618	8
53619	2
53620	0
53622	11
53623	0
53624	0
53625	4
53626	0
53627	18
53628	4
53629	9
53631	4
53632	4
53633	0
53635	14
53636	2
53637	0
53638	6
53639	0
53640	13
53641	6
53642	11
53643	22
53644	14
53645	5
53646	0
53648	16
53650	18
53651	18
53652	7
53653	4
53654	0
53655	3
53656	0
53657	9
53658	8
53659	0
53661	0
53663	31
53664	4
53665	3
53666	2
53667	4
53668	7
53669	0
53670	9
53671	4
53672	4
53673	3
53674	0
53676	0
53677	3
53678	3
53679	8
53680	0
53681	9
53682	4
53683	1
53684	0
53685	11
53686	1
53689	3
53690	2
53691	0
53692	30
53693	0
53694	0
53696	4
53697	2
53698	0
53699	3
53700	12
53701	17
53702	9
53703	7
53704	0
53705	0
53706	13
53707	5
53708	4
53709	0
53710	1
53711	10
53712	0
53713	1
53714	7
53716	2
53717	2
53718	19
53719	5
53721	0
53722	18
53723	0
53724	5
53725	0
53726	13
53727	9
53728	11
53729	24
53730	0
53732	8
53733	0
53734	4
53736	24
53737	3
53738	9
53740	9
53742	0
53743	10
53745	11
53746	0
53747	6
53748	12
53749	6
53750	4
53753	0
53754	9
53755	14
53756	5
53757	1
53758	19
53760	6
53761	22
53763	4
53764	0
53766	9
53767	2
53768	0
53769	18
53770	18
53771	0
53772	9
53774	0
53775	0
53777	0
53778	0
53779	4
53780	22
53781	23
53782	3
53783	1
53785	8
53786	4
53787	7
53789	4
53790	0
53791	0
53792	24
53793	1
53794	0
53795	2
53796	21
53797	5
53798	0
53799	10
53800	16
53801	0
53802	0
53803	7
53804	21
53805	0
53806	0
53807	6
53808	0
53809	0
53810	0
53811	0
53812	4
53813	6
53814	0
53815	0
53816	11
53818	12
53819	10
53820	16
53821	7
53822	0
53823	6
53824	8
53825	8
53826	0
53827	0
53828	3
53829	0
53830	6
53831	10
53832	1
53833	2
53834	0
53835	6
53836	3
53837	19
53838	5
53839	0
53841	0
53842	2
53843	1
53844	1
53846	0
53847	4
53848	7
53849	6
53850	11
53852	1
53853	2
53854	0
53855	0
53857	0
53860	4
53862	16
53863	7
53864	7
53866	0
53867	7
53868	0
53869	4
53870	5
53872	13
53873	13
53874	6
53875	6
53876	0
53878	1
53879	4
53880	12
53881	4
53882	1
53883	0
53884	14
53885	0
53886	2
53888	1
53889	0
53890	4
53892	0
53893	16
53894	2
53895	6
53896	4
53898	12
53899	1
53900	8
53901	5
53902	8
53904	0
53905	0
53907	0
53908	2
53909	1
53910	7
53911	4
53912	0
53914	6
53915	0
53916	2
53917	4
53918	0
53919	8
53920	4
53921	18
53922	9
53923	0
53925	1
53926	26
53927	0
53928	0
53929	9
53930	0
53931	4
53932	0
53933	3
53934	1
53935	9
53936	1
53937	3
53938	10
53939	1
53940	10
53941	7
53942	4
53943	0
53944	0
53945	8
53946	1
53947	2
53948	2
53949	12
53950	0
53952	12
53953	10
53955	12
53956	0
53957	9
53958	15
53959	3
53960	1
53961	5
53962	0
53964	7
53966	12
53967	4
53968	3
53969	0
53971	5
53972	0
53973	14
53974	0
53975	1
53976	0
53977	0
53978	2
53979	2
53981	0
53982	0
53983	10
53984	28
53985	0
53986	0
53987	8
53988	1
53989	30
53990	5
53991	8
53992	5
53993	2
53994	0
53995	13
53997	0
53998	7
53999	2
54000	7
54001	3
54002	0
54003	4
54004	8
54005	6
54006	2
54007	1
54008	1
54009	4
54011	4
54012	4
54014	15
54016	1
54017	7
54018	3
54019	2
54020	0
54022	4
54023	1
54024	4
54025	0
54026	2
54027	0
54028	7
54029	1
54030	0
54031	2
54032	0
54033	18
54034	0
54035	7
54036	9
54037	12
54038	22
54039	0
54041	0
54042	10
54044	8
54047	9
54048	0
54049	8
54050	3
54051	6
54052	0
54054	1
54055	19
54056	16
54057	1
54060	3
54061	9
54062	1
54063	0
54064	10
54065	17
54067	3
54069	0
54070	3
54071	17
54072	8
54073	4
54074	12
54075	9
54076	1
54077	7
54078	0
54079	2
54080	2
54083	2
54084	20
54086	22
54087	3
54088	4
54089	0
54090	17
54091	2
54092	13
54093	3
54094	2
54095	0
54096	4
54099	1
54100	0
54101	5
54102	1
54103	18
54104	3
54106	0
54107	25
54108	7
54109	0
54110	0
54111	5
54112	0
54113	5
54114	2
54115	4
54116	13
54117	3
54118	6
54119	7
54120	11
54121	0
54122	17
54123	6
54124	0
54125	4
54126	0
54127	9
54129	24
54130	3
54131	7
54132	6
54133	10
54135	20
54136	8
54137	16
54138	6
54139	3
54140	1
54141	6
54142	7
54144	9
54145	0
54146	6
54147	0
54149	14
54150	3
54151	3
54152	0
54153	13
54154	0
54155	14
54157	0
54158	0
54159	9
54160	7
54161	3
54162	0
54165	8
54166	10
54167	4
54168	2
54170	11
54171	0
54172	2
54173	7
54174	0
54175	0
54177	5
54178	9
54179	13
54180	0
54183	0
54185	0
54186	1
54187	0
54188	9
54189	0
54190	3
54191	30
54192	6
54193	2
54194	0
54195	3
54196	6
54197	0
54198	1
54199	1
54200	1
54201	0
54202	15
54203	3
54204	8
54205	6
54206	6
54208	0
54209	19
54210	23
54211	3
54212	2
54213	0
54214	6
54215	0
54216	30
54217	0
54218	3
54219	5
54222	13
54223	11
54225	0
54226	1
54227	4
54228	6
54229	2
54230	15
54231	2
54232	5
54233	9
54234	2
54235	6
54236	4
54237	0
54238	7
54239	0
54240	0
54241	0
54242	17
54243	0
54244	3
54245	14
54246	9
54247	6
54249	1
54250	3
54251	0
54252	2
54253	0
54254	12
54256	0
54257	8
54258	0
54260	0
54261	2
54263	0
54264	0
54265	10
54266	0
54267	17
54268	1
54269	10
54270	5
54271	7
54272	3
54273	0
54274	3
54275	8
54276	0
54277	2
54278	0
54279	8
54280	19
54281	0
54282	13
54283	2
54284	3
54285	4
54286	9
54287	2
54288	0
54289	2
54290	4
54293	9
54294	4
54296	10
54297	0
54299	0
54300	5
54301	7
54303	11
54304	5
54305	0
54306	1
54307	4
54308	0
54309	1
54310	0
54311	0
54312	4
54313	1
54314	0
54315	13
54316	2
54317	0
54318	8
54319	13
54320	7
54321	0
54323	1
54324	0
54325	18
54326	0
54328	0
54329	2
54330	14
54331	0
54332	10
54333	1
54334	0
54335	10
54336	0
54337	3
54338	3
54339	0
54340	2
54341	4
54342	1
54343	4
54344	1
54345	2
54347	13
54348	0
54349	1
54350	10
54351	0
54352	2
54353	13
54354	0
54355	7
54356	1
54357	0
54358	12
54359	26
54361	2
54363	4
54364	10
54365	8
54366	3
54367	0
54368	6
54369	2
54370	7
54372	10
54374	0
54375	2
54376	0
54377	0
54378	4
54379	0
54380	13
54381	0
54382	7
54383	0
54384	0
54386	2
54387	1
54388	3
54389	1
54390	0
54391	4
54392	2
54395	5
54396	5
54397	11
54398	0
54399	1
54400	0
54401	12
54402	6
54403	7
54404	6
54405	6
54406	1
54407	19
54408	8
54409	0
54410	0
54411	0
54412	0
54413	0
54414	3
54415	0
54416	4
54417	3
54419	0
54420	0
54421	5
54422	16
54423	17
54424	0
54425	7
54426	7
54427	0
54428	12
54429	9
54430	12
54431	5
54432	3
54433	6
54434	3
54435	9
54436	0
54437	0
54438	0
54439	1
54440	3
54441	25
54442	9
54443	15
54445	2
54446	6
54447	1
54448	14
54449	3
54450	8
54451	2
54452	0
54454	4
54455	12
54457	5
54458	3
54460	0
54461	3
54462	3
54463	9
54464	0
54465	0
54466	1
54467	14
54468	14
54469	9
54470	6
54471	11
54473	0
54474	0
54475	0
54477	0
54478	3
54479	2
54480	0
54481	1
54482	4
54483	3
54484	3
54485	7
54486	10
54487	5
54488	12
54489	0
54490	0
54491	0
54492	9
54493	11
54494	1
54495	2
54497	6
54498	0
54500	0
54501	4
54502	1
54503	0
54504	0
54505	13
54507	0
54508	0
54510	11
54511	12
54512	0
54513	7
54514	4
54515	7
54516	0
54517	10
54519	2
54520	0
54521	0
54522	0
54523	0
54524	0
54525	1
54526	27
54529	18
54530	5
54531	0
54534	8
54535	12
54536	0
54537	3
54538	3
54539	1
54540	3
54541	0
54544	3
54545	4
54546	10
54547	2
54548	3
54549	5
54550	0
54551	4
54552	9
54553	0
54554	4
54555	3
54556	2
54557	1
54559	6
54560	11
54562	0
54563	11
54565	2
54566	4
54567	0
54568	8
54569	16
54570	4
54571	2
54572	7
54573	1
54574	1
54575	0
54576	0
54578	0
54579	0
54580	3
54581	0
54582	2
54583	0
54587	4
54588	0
54589	10
54590	7
54593	13
54594	1
54596	0
54597	0
54598	4
54599	8
54600	2
54602	5
54603	18
54604	13
54605	2
54606	6
54607	5
54608	3
54609	1
54610	7
54611	2
54612	2
54613	2
54614	0
54615	0
54616	7
54617	6
54618	0
54619	2
54620	12
54621	3
54622	5
54623	8
54624	0
54625	16
54626	0
54627	8
54628	13
54629	0
54630	0
54631	0
54632	12
54633	10
54635	2
54636	0
54638	1
54639	27
54640	13
54641	19
54642	5
54643	6
54644	4
54645	4
54646	0
54647	21
54648	9
54649	24
54650	9
54652	9
54653	0
54654	15
54655	9
54661	6
54662	4
54663	0
54664	9
54665	3
54666	4
54667	0
54668	3
54669	8
54670	14
54671	4
54672	8
54673	2
54674	4
54675	5
54676	4
54677	8
54679	20
54680	2
54681	3
54682	5
54683	2
54684	8
54685	2
54686	6
54687	1
54688	5
54689	0
54690	11
54691	5
54692	11
54694	12
54696	1
54697	0
54698	4
54699	24
54700	15
54701	0
54702	0
54704	2
54705	1
54706	0
54707	0
54708	0
54709	7
54710	0
54711	16
54712	1
54714	12
54715	1
54716	2
54718	0
54719	5
54721	0
54722	7
54724	2
54725	3
54727	7
54729	6
54730	1
54731	4
54732	0
54733	2
54734	22
54735	7
54736	11
54737	2
54738	4
54739	3
54740	1
54741	2
54742	0
54743	0
54744	0
54745	6
54746	4
54747	0
54748	2
54749	7
54750	7
54753	7
54754	8
54756	0
54757	1
54758	6
54759	9
54760	1
54761	0
54762	13
54763	0
54764	2
54765	4
54766	5
54767	3
54768	10
54769	2
54770	0
54772	10
54773	0
54774	0
54775	4
54776	0
54777	8
54778	7
54779	1
54780	8
54781	9
54782	5
54783	13
54784	1
54785	0
54786	1
54788	0
54789	1
54790	12
54792	5
54793	0
54794	20
54795	0
54797	5
54798	0
54799	4
54800	3
54802	1
54804	6
54805	0
54806	5
54807	0
54808	0
54809	2
54810	0
54811	0
54812	0
54813	16
54815	11
54816	3
54817	0
54819	6
54820	11
54821	0
54822	4
54823	2
54825	10
54827	0
54828	1
54830	0
54831	4
54832	19
54834	10
54835	0
54836	0
54837	2
54838	2
54839	0
54840	11
54841	10
54842	13
54843	17
54844	0
54845	5
54846	0
54848	4
54849	6
54850	4
54851	1
54852	3
54853	2
54854	3
54855	1
54856	7
54857	5
54858	4
54859	9
54860	4
54861	9
54862	9
54863	5
54864	0
54865	18
54867	0
54868	24
54869	0
54870	1
54871	6
54872	15
54873	4
54874	3
54875	22
54876	6
54877	0
54878	1
54879	2
54880	9
54881	0
54882	10
54883	16
54884	7
54885	7
54886	2
54887	8
54888	7
54889	0
54890	1
54891	1
54893	0
54894	15
54895	5
54896	15
54897	9
54899	14
54900	12
54901	6
54902	0
54903	0
54904	7
54906	14
54907	0
54910	0
54911	14
54912	1
54913	0
54914	1
54915	5
54916	0
54917	20
54918	0
54919	8
54920	18
54922	11
54923	19
54924	0
54925	1
54926	30
54928	0
54929	15
54930	0
54931	0
54932	1
54933	11
54934	15
54935	9
54936	4
54937	1
54938	0
54939	11
54941	9
54944	1
54946	5
54947	0
54948	10
54949	0
54950	18
54951	2
54952	1
54953	6
54954	1
54955	14
54956	0
54957	1
54958	16
54960	11
54961	5
54962	18
54965	5
54966	27
54968	3
54969	0
54970	20
54971	0
54972	0
54973	13
54974	2
54975	4
54976	3
54977	5
54979	2
54980	1
54983	0
54984	2
54985	9
54986	7
54987	12
54988	0
54989	0
54990	7
54991	7
54992	0
54994	3
54996	0
54997	4
54998	0
54999	0
55000	0
55001	6
55002	0
55003	0
55004	6
55005	2
55006	3
55007	8
55008	11
55009	6
55011	0
55012	3
55013	3
55014	8
55015	9
55016	11
55018	1
55019	0
55020	8
55021	7
55022	5
55023	10
55024	3
55025	0
55026	22
55027	0
55028	2
55030	13
55031	13
55032	11
55033	0
55034	5
55035	1
55036	0
55037	5
55038	0
55039	0
55040	9
55042	0
55043	12
55044	0
55045	0
55046	7
55048	0
55050	0
55053	0
55054	15
55056	17
55057	7
55058	3
55059	11
55060	0
55061	3
55062	8
55063	0
55065	0
55066	25
55067	6
55069	5
55070	7
55071	4
55072	8
55074	0
55075	3
55078	5
55079	2
55080	0
55081	0
55083	18
55084	0
55085	1
55086	0
55087	1
55088	0
55089	6
55090	0
55091	0
55092	4
55093	1
55095	18
55096	14
55097	0
55098	7
55099	5
55100	0
55101	20
55102	0
55103	0
55104	1
55106	0
55107	15
55108	1
55111	0
55112	0
55113	0
55114	1
55115	0
55117	2
55118	0
55119	0
55120	0
55121	5
55122	0
55123	11
55125	1
55126	0
55127	14
55128	0
55130	17
55131	0
55132	12
55133	0
55134	12
55135	7
55136	0
55137	1
55138	8
55140	0
55141	6
55142	1
55143	0
55144	0
55145	14
55146	4
55147	7
55148	5
55149	1
55150	0
55152	3
55153	1
55154	0
55155	1
55156	9
55157	0
55158	1
55161	14
55162	2
55163	21
55166	0
55167	5
55168	6
55170	5
55171	7
55172	0
55173	1
55175	3
55176	4
55178	14
55179	0
55180	15
55181	2
55183	10
55184	0
55185	3
55186	6
55187	3
55188	2
55189	0
55191	0
55192	9
55193	1
55194	0
55195	0
55196	1
55197	0
55198	3
55200	1
55201	3
55202	5
55203	5
55205	12
55206	0
55208	2
55209	0
55210	2
55211	0
55212	0
55213	4
55214	11
55215	17
55216	9
55217	12
55218	13
55219	0
55220	11
55222	7
55223	1
55224	14
55225	2
55226	2
55228	1
55229	5
55230	3
55231	0
55232	13
55234	7
55235	1
55236	0
55237	4
55239	23
55240	3
55241	4
55242	0
55243	0
55244	12
55245	0
55246	0
55247	16
55248	13
55249	0
55250	6
55251	11
55252	1
55254	0
55255	2
55256	0
55257	1
55259	12
55260	0
55261	11
55262	3
55263	3
55264	6
55265	0
55266	12
55267	3
55268	2
55269	22
55270	6
55271	0
55272	2
55273	1
55274	0
55275	1
55276	8
55277	8
55278	0
55280	10
55281	0
55282	0
55283	3
55284	0
55285	4
55286	0
55287	5
55288	2
55289	0
55290	5
55291	5
55292	3
55293	14
55294	0
55296	4
55297	0
55298	0
55299	3
55300	5
55301	5
55302	0
55303	5
55304	1
55305	3
55306	18
55307	12
55308	0
55309	1
55310	8
55311	13
55312	9
55313	4
55314	2
55315	2
55317	41
55318	3
55319	20
55320	3
55322	2
55323	0
55324	3
55325	0
55326	17
55327	15
55328	3
55331	2
55332	0
55333	7
55335	0
55336	15
55337	4
55338	2
55339	6
55340	5
55341	7
55342	7
55343	0
55345	0
55346	1
55347	8
55348	5
55349	33
55350	0
55352	6
55353	22
55355	0
55356	13
55357	10
55358	5
55359	2
55360	0
55361	2
55362	0
55363	3
55364	8
55365	23
55367	8
55368	7
55369	2
55370	0
55371	1
55372	0
55373	0
55374	2
55375	0
55377	1
55378	5
55379	3
55381	0
55382	4
55383	7
55384	6
55385	0
55386	0
55388	12
55389	15
55390	12
55391	0
55392	0
55393	1
55394	12
55395	9
55396	7
55397	0
55398	15
55399	0
55401	1
55402	6
55403	0
55404	0
55405	3
55406	0
55408	8
55409	0
55410	1
55411	0
55412	7
55414	6
55415	15
55417	11
55418	2
55419	4
55420	2
55421	10
55422	1
55423	13
55424	1
55425	4
55426	0
55427	2
55429	16
55430	0
55431	2
55432	0
55433	5
55434	0
55435	2
55436	2
55437	11
55438	15
55439	0
55440	0
55441	10
55442	0
55443	0
55445	5
55446	1
55447	0
55448	0
55449	9
55450	0
55451	0
55453	0
55454	22
55455	12
55456	0
55457	1
55458	0
55459	6
55460	3
55462	6
55464	0
55465	3
55466	3
55467	1
55469	2
55470	3
55471	2
55472	10
55473	0
55474	16
55475	6
55480	3
55481	0
55482	16
55483	0
55484	9
55485	0
55486	0
55487	9
55488	6
55489	5
55490	0
55491	19
55492	2
55493	0
55494	4
55495	0
55496	3
55497	11
55500	14
55501	0
55502	2
55503	8
55504	0
55505	4
55506	0
55507	0
55508	6
55509	0
55510	1
55511	5
55512	5
55513	7
55514	7
55516	15
55517	13
55518	18
55519	6
55520	3
55521	4
55522	9
55523	0
55524	0
55525	6
55526	2
55527	9
55528	0
55529	5
55530	0
55531	4
55532	0
55534	6
55535	0
55536	13
55537	17
55538	5
55539	0
55540	9
55541	14
55542	9
55543	1
55544	23
55545	0
55546	0
55547	0
55550	5
55551	0
55552	11
55553	7
55554	8
55555	5
55556	0
55557	16
55559	12
55560	3
55563	0
55564	1
55565	0
55566	10
55567	1
55569	8
55570	4
55571	17
55572	1
55573	8
55574	1
55575	3
55576	1
55577	1
55578	11
55579	7
55580	6
55581	0
55582	3
55583	3
55584	6
55585	11
55586	6
55587	0
55588	0
55589	5
55590	21
55591	0
55593	8
55594	9
55595	4
55596	2
55597	2
55598	6
55600	0
55601	2
55602	8
55603	3
55604	1
55605	7
55606	5
55607	0
55608	16
55609	4
55610	9
55611	0
55612	9
55613	10
55614	13
55615	6
55616	2
55617	2
55618	0
55619	3
55620	3
55622	5
55623	9
55625	3
55626	1
55627	0
55628	0
55629	17
55630	4
55631	11
55632	7
55633	20
55634	0
55635	0
55637	3
55639	9
55640	1
55641	4
55642	5
55643	3
55644	4
55645	5
55646	6
55647	6
55648	4
55649	10
55650	0
55651	5
55652	2
55653	17
55654	0
55655	7
55656	6
55657	1
55658	8
55659	12
55663	8
55664	5
55665	2
55666	2
55667	0
55668	6
55669	3
55670	6
55672	8
55673	0
55674	25
55675	13
55676	0
55677	0
55678	9
55680	2
55681	0
55682	1
55683	6
55684	3
55685	4
55686	4
55687	3
55688	0
55690	4
55691	0
55692	12
55693	0
55694	4
55696	1
55697	30
55698	0
55699	7
55701	3
55702	10
55703	5
55704	0
55705	12
55706	6
55708	0
55709	1
55712	0
55714	25
55715	15
55716	0
55717	6
55718	0
55719	15
55720	0
55721	3
55722	5
55723	3
55724	1
55725	0
55726	24
55728	2
55729	0
55730	0
55731	2
55732	6
55734	13
55735	5
55737	2
55738	7
55739	1
55740	2
55741	6
55742	0
55743	1
55744	0
55745	0
55746	0
55747	1
55748	14
55749	0
55750	0
55751	0
55752	2
55753	0
55754	3
55755	8
55756	7
55757	0
55758	4
55759	3
55760	14
55761	14
55762	0
55764	0
55765	0
55767	0
55769	12
55770	4
55771	2
55773	2
55774	2
55775	9
55777	2
55778	4
55779	0
55780	7
55781	11
55782	2
55783	3
55784	13
55785	0
55786	3
55787	0
55789	8
55790	9
55791	2
55793	4
55794	1
55795	3
55796	14
55797	4
55798	1
55799	14
55800	11
55801	0
55802	3
55803	23
55804	8
55805	0
55806	0
55807	8
55808	12
55809	14
55811	3
55812	0
55814	14
55815	3
55817	12
55818	0
55819	9
55821	0
55822	0
55823	3
55825	1
55827	0
55828	0
55829	17
55830	2
55831	13
55832	19
55833	17
55834	6
55835	8
55836	9
55838	4
55839	6
55840	11
55843	0
55844	11
55845	5
55846	12
55847	0
55848	2
55849	2
55850	0
55851	5
55852	0
55853	2
55854	15
55856	3
55858	0
55859	3
55860	0
55861	0
55862	4
55863	3
55864	5
55865	12
55866	0
55867	14
55868	3
55870	2
55871	0
55872	10
55873	3
55874	0
55875	2
55878	12
55879	6
55880	0
55881	7
55882	0
55884	3
55885	0
55887	8
55888	0
55889	9
55890	7
55891	0
55892	22
55893	0
55894	12
55895	7
55896	2
55897	0
55899	2
55900	7
55901	0
55902	26
55903	0
55905	0
55906	6
55907	6
55908	17
55909	6
55910	0
55911	6
55912	15
55913	16
55914	1
55915	0
55916	0
55917	0
55918	11
55919	7
55920	11
55921	5
55922	5
55923	6
55924	0
55926	33
55927	12
55928	5
55929	5
55930	17
55931	0
55932	7
55933	10
55934	1
55936	0
55937	0
55938	0
55939	3
55940	0
55941	2
55942	7
55943	19
55945	4
55946	2
55947	0
55948	5
55949	13
55950	0
55952	15
55954	0
55956	4
55957	10
55958	0
55960	0
55961	8
55962	0
55964	1
55965	18
55966	5
55967	3
55968	6
55969	0
55971	3
55972	3
55973	0
55974	0
55975	0
55976	0
55977	9
55978	6
55980	15
55981	10
55982	0
55983	10
55984	14
55985	1
55987	13
55989	1
55990	2
55991	1
55992	5
55993	2
55994	13
55995	0
55996	0
55997	8
55998	7
55999	0
56000	8
56001	7
56002	1
56003	4
56004	3
56005	2
56006	12
56008	5
56009	5
56010	10
56011	17
56012	0
56013	14
56014	0
56015	1
56017	0
56018	0
56019	6
56020	2
56022	5
56024	10
56025	0
56026	9
56027	0
56028	9
56029	15
56030	2
56031	0
56032	5
56033	6
56034	0
56035	15
56036	4
56037	0
56038	17
56039	7
56040	2
56041	7
56042	0
56043	1
56045	11
56046	5
56047	3
56048	2
56049	2
56050	0
56051	0
56052	0
56053	0
56054	0
56057	14
56058	2
56060	0
56061	4
56062	7
56063	9
56064	0
56065	0
56066	0
56067	8
56068	7
56070	3
56071	10
56074	0
56075	2
56076	0
56077	8
56078	0
56080	0
56081	8
56083	0
56084	1
56085	5
56087	3
56088	15
56089	0
56091	2
56092	22
56093	0
56094	0
56095	0
56098	11
56100	0
56101	0
56102	14
56103	0
56105	11
56106	7
56107	5
56108	7
56109	0
56110	0
56111	9
56112	8
56113	4
56114	13
56115	0
56116	2
56117	2
56118	1
56120	4
56122	9
56123	1
56124	6
56125	5
56126	4
56127	5
56130	1
56131	6
56132	2
56133	11
56134	10
56135	6
56136	5
56137	13
56138	13
56139	14
56140	8
56141	9
56142	0
56143	1
56144	13
56145	8
56146	14
56147	0
56148	0
56149	15
56150	6
56151	13
56152	17
56153	4
56154	0
56155	2
56156	0
56157	12
56159	4
56160	0
56162	0
56163	6
56164	2
56165	12
56166	7
56167	7
56169	5
56170	7
56171	5
56172	2
56173	2
56174	4
56175	6
56176	0
56177	11
56178	9
56179	10
56180	18
56181	0
56182	32
56183	4
56184	1
56186	7
56187	0
56188	2
56189	12
56190	6
56191	17
56192	1
56193	6
56194	2
56195	4
56196	7
56197	17
56198	12
56200	3
56201	9
56203	6
56204	0
56205	3
56206	10
56207	0
56208	1
56209	1
56210	11
56211	0
56213	10
56214	0
56215	0
56216	0
56217	3
56218	9
56219	8
56220	4
56221	5
56224	3
56225	5
56226	9
56227	7
56228	8
56230	2
56232	0
56233	10
56234	5
56236	9
56239	0
56240	0
56241	5
56242	1
56243	2
56244	10
56245	7
56246	1
56247	17
56248	7
56249	2
56250	5
56251	6
56252	11
56253	11
56254	6
56255	1
56256	2
56257	0
56258	7
56261	12
56262	0
56263	0
56264	7
56265	0
56266	14
56267	6
56268	4
56269	1
56270	3
56271	3
56272	9
56273	0
56274	7
56275	2
56276	0
56278	12
56279	32
56280	11
56281	8
56282	7
56283	9
56284	13
56285	0
56286	6
56287	0
56290	5
56291	0
56292	3
56293	9
56294	2
56296	6
56298	8
56299	4
56300	8
56301	3
56302	3
56303	2
56304	5
56305	1
56308	5
56310	0
56311	5
56312	0
56315	5
56317	9
56319	0
56320	0
56321	1
56322	0
56324	18
56325	30
56326	2
56327	6
56328	2
56329	1
56330	2
56331	3
56332	7
56333	0
56334	6
56335	1
56336	3
56337	10
56339	4
56340	0
56341	3
56342	0
56343	1
56344	1
56345	0
56346	0
56347	3
56349	2
56350	0
56351	6
56352	0
56355	2
56356	0
56357	0
56358	0
56359	0
56360	10
56361	1
56362	3
56363	8
56365	2
56366	4
56367	3
56369	0
56370	4
56371	5
56372	0
56373	5
56374	1
56375	7
56376	0
56377	0
56378	9
56379	9
56380	0
56381	13
56382	2
56383	6
56384	15
56386	0
56387	7
56388	0
56391	0
56392	2
56393	14
56394	0
56395	1
56396	3
56397	12
56398	0
56399	6
56400	0
56401	11
56402	4
56403	5
56404	9
56405	2
56407	0
56408	11
56410	2
56411	17
56412	1
56413	9
56414	14
56415	16
56416	0
56417	14
56418	7
56419	10
56420	0
56421	0
56422	2
56423	9
56424	15
56425	12
56427	0
56428	2
56430	0
56431	1
56432	0
56433	6
56434	0
56436	0
56437	1
56438	9
56440	9
56441	0
56442	11
56444	3
56445	0
56446	3
56447	1
56448	16
56449	0
56450	14
56451	12
56453	4
56454	0
56455	1
56456	0
56457	24
56458	2
56459	2
56460	1
56463	1
56464	0
56465	2
56466	8
56467	20
56468	4
56469	6
56470	8
56472	0
56473	0
56475	0
56477	9
56478	13
56479	0
56480	0
56481	3
56482	1
56483	6
56484	3
56485	8
56487	0
56489	0
56490	0
56491	0
56492	8
56493	4
56494	1
56495	6
56496	10
56497	2
56498	0
56499	1
56500	1
56501	3
56502	1
56504	13
56505	14
56506	10
56507	5
56508	8
56509	0
56510	9
56511	6
56513	12
56514	0
56516	2
56517	1
56518	2
56519	0
56520	0
56521	1
56522	2
56523	5
56525	11
56526	2
56527	2
56528	0
56529	0
56530	1
56531	3
56532	19
56533	9
56534	4
56535	4
56536	2
56537	4
56538	21
56539	14
56540	22
56541	11
56542	1
56543	0
56544	0
56545	0
56546	0
56547	12
56548	5
56549	11
56550	1
56551	0
56553	0
56554	0
56555	0
56557	11
56558	11
56559	3
56560	5
56561	5
56562	2
56563	13
56564	6
56565	0
56566	1
56568	0
56569	0
56570	2
56571	0
56572	4
56573	5
56574	3
56575	0
56576	7
56577	13
56578	11
56580	1
56581	0
56582	9
56583	8
56584	0
56585	3
56586	2
56587	8
56588	0
56589	5
56591	12
56592	1
56593	2
56594	0
56595	15
56597	0
56599	0
56600	5
56601	0
56603	3
56604	9
56605	0
56606	0
56607	16
56608	0
56609	10
56610	1
56611	7
56612	8
56613	0
56614	0
56615	21
56616	1
56617	1
56618	2
56619	0
56620	4
56621	0
56622	0
56623	14
56624	2
56625	9
56626	20
56627	5
56628	13
56629	3
56630	6
56631	14
56632	5
56633	15
56634	0
56635	0
56636	0
56637	3
56638	0
56639	2
56640	3
56642	0
56644	12
56645	2
56647	6
56648	14
56649	17
56650	10
56651	8
56653	1
56654	9
56655	1
56656	3
56657	0
56658	0
56663	0
56664	1
56665	7
56667	0
56669	5
56670	3
56671	4
56672	0
56673	1
56674	5
56675	3
56676	8
56677	6
56678	0
56679	10
56680	36
56682	18
56683	8
56684	0
56685	25
56686	0
56687	4
56688	14
56689	2
56690	5
56691	9
56692	0
56693	0
56694	0
56695	3
56696	18
56697	6
56698	2
56699	3
56700	8
56702	9
56703	10
56705	5
56706	0
56707	0
56708	10
56709	11
56710	9
56711	4
56712	0
56713	0
56714	17
56715	9
56716	0
56717	4
56718	12
56719	4
56720	0
56722	2
56723	11
56724	6
56725	2
56726	9
56727	4
56728	18
56729	15
56730	6
56731	10
56732	8
56733	9
56734	2
56736	4
56739	20
56740	5
56742	1
56743	8
56744	6
56745	4
56746	0
56747	24
56748	7
56749	21
56750	0
56751	5
56752	2
56753	0
56754	0
56755	1
56756	7
56757	7
56758	0
56759	0
56760	1
56761	17
56762	0
56763	0
56764	1
56765	6
56767	2
56768	12
56769	1
56771	23
56772	0
56773	6
56774	9
56775	17
56776	3
56777	0
56778	0
56779	2
56780	0
56782	0
56783	11
56784	0
56785	12
56786	12
56788	1
56789	4
56791	3
56792	4
56793	4
56794	3
56795	31
56797	6
56798	9
56800	5
56801	0
56802	6
56804	4
56805	0
56806	4
56807	0
56808	19
56809	0
56811	7
56812	0
56813	4
56814	1
56815	4
56816	12
56817	19
56818	1
56819	3
56820	4
56821	0
56822	0
56824	0
56825	0
56826	8
56827	7
56829	1
56830	2
56832	0
56833	6
56834	10
56835	0
56836	16
56837	0
56838	10
56839	2
56840	5
56841	1
56842	8
56844	6
56845	15
56846	1
56848	6
56849	0
56850	29
56851	0
56852	4
56853	13
56854	9
56856	0
56857	3
56858	8
56859	2
56860	13
56861	2
56862	5
56863	4
56864	2
56865	2
56867	19
56868	5
56870	12
56874	12
56875	7
56876	3
56877	15
56878	12
56879	2
56880	4
56882	0
56883	4
56884	0
56886	4
56887	11
56888	4
56889	6
56890	13
56891	0
56892	1
56893	33
56894	0
56895	7
56896	2
56897	17
56898	0
56899	0
56900	3
56901	19
56902	6
56904	12
56905	2
56906	3
56907	10
56908	21
56909	1
56910	3
56912	2
56913	4
56916	12
56917	0
56918	2
56919	5
56920	6
56921	0
56924	0
56926	0
56927	0
56929	4
56930	1
56931	4
56932	7
56933	6
56934	2
56936	15
56937	16
56938	2
56939	0
56940	2
56941	5
56942	4
56943	3
56944	0
56945	0
56946	0
56948	2
56949	5
56950	2
56951	3
56953	4
56954	9
56955	8
56958	0
56959	1
56960	5
56961	4
56962	6
56964	7
56965	4
56967	5
56968	0
56969	2
56970	4
56972	0
56974	0
56975	2
56976	10
56977	0
56979	4
56980	2
56982	2
56983	15
56984	7
56985	7
56986	0
56987	8
56988	0
56989	11
56991	7
56992	19
56993	1
56994	5
56995	6
56997	0
56998	21
56999	1
57001	6
57002	0
57003	10
57004	9
57006	0
57007	0
57008	1
57009	1
57010	7
57011	2
57012	14
57013	4
57014	3
57015	0
57016	0
57017	0
57018	8
57019	4
57020	7
57021	18
57022	0
57023	0
57024	0
57026	0
57027	0
57029	2
57030	3
57031	3
57032	16
57033	4
57034	11
57035	17
57036	0
57037	7
57038	0
57039	12
57041	9
57043	0
57044	1
57045	9
57046	6
57048	0
57049	4
57050	0
57051	0
57052	4
57053	0
57054	0
57055	3
57057	13
57059	7
57060	0
57061	15
57062	23
57064	2
57066	4
57067	0
57068	8
57069	0
57070	2
57071	8
57072	9
57073	9
57074	3
57075	2
57076	6
57077	21
57078	12
57079	6
57081	0
57082	0
57083	3
57084	8
57085	11
57086	4
57087	8
57088	0
57089	0
57091	13
57093	1
57094	10
57095	4
57096	1
57097	2
57098	3
57099	3
57100	9
57101	0
57102	0
57103	7
57105	0
57107	0
57108	2
57109	10
57110	6
57111	6
57112	0
57113	6
57114	0
57115	0
57117	14
57118	11
57119	5
57120	2
57121	0
57123	2
57125	27
57126	13
57127	21
57128	0
57129	2
57130	20
57131	20
57132	8
57133	1
57134	0
57135	0
57136	0
57137	7
57139	0
57140	0
57141	27
57142	16
57145	0
57146	0
57147	8
57148	14
57149	0
57150	22
57151	2
57152	1
57154	0
57155	7
57156	3
57157	7
57158	6
57159	6
57160	0
57162	6
57163	5
57164	1
57165	2
57166	2
57167	7
57168	1
57169	3
57170	2
57172	25
57173	2
57174	4
57175	2
57176	5
57177	0
57178	2
57180	3
57181	4
57182	4
57183	3
57184	0
57185	9
57186	0
57187	0
57188	0
57189	4
57190	4
57191	22
57192	7
57194	4
57195	1
57196	2
57197	4
57198	0
57199	25
57200	7
57201	5
57202	4
57203	0
57204	3
57206	9
57207	4
57208	7
57209	4
57210	12
57211	0
57212	1
57213	1
57215	4
57216	6
57217	2
57219	9
57220	2
57221	7
57222	6
57223	10
57224	21
57225	0
57226	3
57227	2
57228	0
57229	3
57231	4
57233	8
57234	6
57235	0
57236	3
57237	7
57238	0
57239	0
57240	2
57242	6
57243	36
57244	0
57245	7
57246	0
57247	0
57249	10
57250	0
57251	3
57252	1
57253	0
57254	17
57255	9
57256	19
57257	0
57258	1
57260	0
57261	0
57263	20
57264	0
57267	2
57269	1
57270	11
57272	3
57274	2
57275	0
57276	3
57277	0
57278	0
57279	3
57280	0
57282	0
57283	8
57284	1
57285	14
57286	12
57287	1
57289	16
57290	9
57291	4
57292	15
57293	10
57294	10
57295	7
57296	0
57297	3
57298	16
57301	12
57302	8
57303	2
57304	0
57305	0
57307	8
57308	7
57309	9
57310	7
57311	0
57312	3
57314	2
57315	3
57317	3
57318	14
57320	0
57321	0
57322	6
57323	0
57325	6
57326	14
57327	9
57328	0
57333	2
57334	0
57335	2
57336	10
57337	11
57338	22
57339	8
57340	1
57341	0
57342	8
57343	5
57344	0
57345	0
57346	1
57347	2
57349	4
57350	21
57351	0
57352	9
57353	19
57354	0
57355	4
57356	7
57357	4
57358	14
57359	5
57360	9
57361	9
57362	0
57363	0
57364	26
57365	9
57366	0
57369	0
57370	1
57372	1
57373	3
57375	1
57377	15
57378	6
57379	4
57384	8
57385	1
57386	0
57387	5
57388	0
57389	1
57391	3
57392	7
57393	0
57395	0
57396	9
57397	25
57399	8
57400	7
57401	11
57402	7
57403	7
57404	1
57405	4
57406	5
57407	5
57408	7
57409	0
57410	8
57411	2
57412	8
57413	5
57414	1
57415	0
57416	5
57417	7
57418	0
57419	5
57420	6
57422	3
57423	5
57424	2
57425	3
57426	7
57427	1
57428	0
57429	10
57431	0
57432	0
57433	4
57434	5
57435	18
57436	6
57437	4
57438	1
57439	0
57442	9
57443	8
57444	3
57446	0
57447	9
57448	1
57449	6
57450	2
57451	0
57452	9
57454	4
57455	11
57456	2
57457	4
57458	5
57459	0
57460	0
57461	0
57462	1
57463	0
57464	0
57466	10
57468	1
57469	0
57471	2
57473	18
57474	8
57475	12
57476	9
57478	5
57479	0
57481	4
57484	4
57485	0
57486	3
57488	1
57489	7
57491	1
57492	1
57493	4
57494	6
57495	1
57496	20
57497	1
57498	3
57499	5
57501	0
57502	0
57503	0
57504	5
57506	5
57507	3
57509	0
57511	2
57512	8
57514	4
57516	4
57517	4
57518	0
57522	2
57523	0
57524	6
57526	2
57528	0
57529	11
57530	16
57531	0
57532	1
57533	6
57534	23
57535	41
57536	7
57537	11
57538	0
57539	0
57540	2
57541	6
57542	18
57543	18
57544	7
57545	14
57546	22
57547	3
57548	4
57549	0
57550	12
57551	0
57553	10
57555	0
57557	0
57560	4
57561	3
57562	5
57563	0
57564	7
57565	12
57566	8
57568	3
57569	2
57571	20
57572	0
57573	13
57575	1
57576	10
57577	7
57578	5
57579	28
57580	12
57582	0
57583	3
57584	22
57585	2
57586	5
57587	3
57588	16
57589	3
57590	1
57591	5
57592	2
57593	15
57594	3
57595	0
57596	5
57597	0
57598	2
57599	4
57600	0
57601	2
57602	8
57604	5
57605	7
57607	2
57608	2
57609	1
57610	0
57611	5
57613	2
57614	9
57615	7
57616	3
57617	9
57618	0
57619	13
57620	6
57621	8
57622	3
57623	5
57624	28
57625	9
57626	8
57627	5
57629	19
57630	2
57631	4
57632	6
57633	0
57634	0
57635	0
57636	25
57637	0
57638	10
57639	3
57640	3
57641	2
57642	2
57644	8
57646	0
57647	5
57648	27
57649	1
57650	12
57651	2
57653	14
57655	7
57656	9
57657	1
57658	9
57659	3
57660	4
57661	0
57662	0
57663	2
57664	12
57665	8
57666	0
57667	5
57668	0
57669	0
57670	0
57672	0
57673	1
57674	3
57675	1
57676	3
57677	9
57678	0
57680	23
57681	0
57682	2
57683	4
57684	9
57685	5
57686	2
57687	1
57688	4
57690	7
57691	10
57692	2
57693	0
57694	8
57695	0
57696	0
57697	5
57698	4
57699	1
57700	10
57702	0
57703	22
57704	0
57705	0
57706	2
57707	3
57708	12
57709	4
57710	2
57711	6
57712	0
57714	4
57715	0
57716	0
57717	0
57718	5
57719	1
57722	0
57723	4
57724	13
57725	11
57726	1
57727	1
57728	0
57729	6
57730	6
57732	1
57733	1
57734	6
57735	8
57737	1
57738	0
57739	6
57740	7
57741	2
57742	11
57743	5
57744	3
57745	36
57746	2
57749	0
57750	3
57751	0
57752	13
57753	15
57754	0
57755	0
57756	0
57757	10
57758	8
57759	8
57761	10
57762	2
57763	13
57765	6
57767	3
57768	14
57769	6
57770	10
57771	1
57772	0
57773	3
57774	0
57775	2
57776	0
57777	0
57778	13
57779	9
57780	5
57781	4
57782	0
57784	0
57785	0
57786	4
57787	28
57788	2
57790	13
57791	7
57792	1
57794	0
57795	11
57796	0
57797	6
57798	4
57799	5
57800	8
57801	5
57803	2
57805	7
57809	0
57810	0
57811	8
57812	1
57813	0
57814	6
57815	0
57816	6
57817	0
57818	0
57819	1
57820	5
57821	1
57822	3
57824	3
57825	8
57826	0
57827	6
57828	4
57829	6
57830	0
57831	0
57832	3
57833	6
57834	2
57835	0
57836	1
57837	2
57838	4
57839	3
57840	7
57841	13
57842	15
57843	0
57845	9
57846	2
57847	0
57848	0
57849	5
57850	19
57851	4
57852	5
57855	3
57856	0
57857	0
57858	0
57860	0
57861	8
57862	12
57864	6
57865	11
57866	0
57867	2
57869	4
57870	0
57871	3
57873	18
57874	1
57875	1
57876	8
57877	15
57878	25
57879	0
57880	7
57881	0
57882	2
57883	1
57884	14
57886	15
57888	6
57889	6
57890	4
57891	1
57892	10
57893	1
57894	0
57895	17
57896	6
57897	1
57899	0
57900	0
57901	7
57902	4
57904	8
57905	16
57906	7
57907	9
57908	0
57909	17
57910	12
57911	0
57912	0
57914	7
57915	2
57918	0
57919	2
57920	14
57921	3
57923	2
57924	1
57925	2
57926	7
57928	15
57929	3
57930	1
57931	19
57932	3
57935	4
57936	7
57937	3
57938	20
57939	11
57940	0
57941	10
57942	0
57943	6
57944	19
57946	0
57947	0
57948	0
57949	0
57950	0
57952	1
57953	0
57954	9
57955	0
57956	3
57957	10
57958	8
57959	5
57960	0
57961	1
57962	0
57963	2
57965	6
57966	12
57968	0
57969	1
57970	2
57971	10
57972	7
57973	13
57974	13
57975	3
57976	4
57977	11
57978	4
57979	0
57981	0
57982	0
57984	0
57985	4
57986	2
57987	9
57989	16
57990	0
57991	1
57992	0
57993	0
57994	0
57996	5
57998	6
57999	8
58000	1
58001	5
58003	3
58004	0
58005	0
58006	0
58007	0
58008	3
58009	2
58010	0
58011	3
58012	0
58013	0
58015	1
58016	4
58017	4
58018	12
58019	12
58020	1
58021	12
58022	2
58023	2
58024	1
58025	1
58026	2
58027	5
58028	4
58029	0
58030	0
58031	0
58033	21
58034	4
58035	0
58037	2
58039	8
58040	7
58041	2
58042	1
58043	0
58044	11
58045	20
58046	0
58047	2
58048	0
58049	18
58050	7
58051	1
58052	3
58053	14
58054	2
58055	5
58056	5
58057	3
58058	0
58059	12
58060	0
58061	25
58062	2
58063	9
58064	15
58065	10
58066	1
58068	6
58069	6
58070	0
58071	0
58072	12
58073	3
58074	0
58075	0
58076	6
58077	0
58078	15
58079	6
58080	5
58081	7
58082	0
58083	4
58084	0
58085	2
58086	0
58087	3
58088	0
58089	13
58090	10
58091	19
58092	6
58093	9
58094	12
58095	5
58096	2
58097	6
58099	7
58101	3
58102	0
58103	2
58104	1
58105	6
58106	11
58107	4
58109	0
58110	0
58111	10
58113	0
58114	0
58115	14
58116	22
58117	7
58118	8
58119	0
58122	17
58123	0
58124	3
58125	0
58126	8
58128	0
58129	8
58130	9
58131	9
58132	8
58134	5
58135	6
58136	3
58137	0
58138	1
58139	7
58140	11
58141	4
58142	0
58143	4
58144	0
58145	5
58147	0
58148	6
58149	8
58150	0
58151	1
58152	28
58153	14
58154	9
58155	11
58156	17
58157	8
58159	2
58160	3
58161	4
58162	21
58164	1
58165	0
58166	17
58168	4
58169	25
58170	4
58171	7
58172	3
58173	2
58174	1
58175	1
58176	2
58177	0
58178	17
58179	8
58180	0
58181	2
58182	0
58183	0
58184	0
58185	0
58186	0
58188	2
58189	12
58190	3
58192	3
58193	9
58195	0
58196	4
58198	7
58199	0
58200	6
58201	4
58202	0
58204	4
58205	1
58206	16
58207	13
58208	13
58209	3
58210	0
58211	0
58212	1
58213	24
58214	5
58216	7
58217	5
58218	16
58219	8
58220	7
58222	18
58223	11
58224	2
58225	21
58226	3
58227	6
58228	4
58229	13
58230	8
58232	12
58233	10
58234	0
58235	12
58237	1
58238	20
58239	4
58240	1
58242	0
58243	14
58244	0
58246	9
58247	15
58248	0
58249	6
58250	1
58251	2
58252	19
58253	2
58254	0
58255	5
58256	11
58257	8
58258	8
58259	2
58260	11
58262	9
58263	3
58264	20
58265	2
58267	0
58268	2
58269	10
58270	4
58271	0
58272	1
58273	5
58274	0
58275	15
58276	1
58277	9
58279	2
58280	0
58281	1
58282	5
58283	4
58284	2
58285	0
58286	23
58288	0
58289	1
58290	8
58291	14
58292	0
58293	7
58294	0
58295	9
58296	11
58297	4
58298	3
58299	9
58300	7
58301	6
58302	6
58303	9
58304	0
58305	0
58306	12
58307	4
58308	0
58309	0
58310	13
58311	12
58312	8
58314	14
58315	0
58316	21
58317	5
58318	4
58320	5
58321	5
58322	3
58323	7
58325	10
58326	0
58329	0
58331	0
58333	0
58334	5
58335	5
58336	7
58337	0
58338	3
58339	9
58340	16
58342	3
58343	0
58344	3
58345	0
58346	0
58347	0
58348	0
58349	0
58350	0
58353	1
58354	0
58355	4
58356	2
58357	0
58358	0
58359	5
58361	2
58362	8
58363	4
58364	13
58365	1
58366	4
58367	4
58368	6
58369	2
58370	2
58371	9
58372	15
58373	3
58375	0
58376	0
58377	0
58379	4
58381	0
58384	3
58385	7
58386	8
58387	0
58388	0
58389	0
58390	0
58391	3
58392	0
58393	3
58394	4
58395	1
58396	3
58397	9
58398	1
58399	0
58400	0
58402	7
58403	1
58404	9
58405	15
58406	3
58407	2
58409	0
58410	7
58411	4
58412	8
58413	0
58414	2
58415	6
58416	0
58417	0
58418	2
58421	3
58422	8
58423	4
58424	3
58425	0
58426	7
58427	2
58428	4
58429	6
58431	4
58433	14
58434	5
58435	7
58436	0
58437	0
58438	10
58439	1
58440	0
58441	0
58442	2
58444	5
58446	7
58447	0
58448	6
58449	6
58450	11
58452	6
58454	14
58455	1
58456	2
58457	2
58458	0
58459	0
58460	5
58461	5
58463	3
58464	0
58465	0
58466	15
58467	0
58469	0
58470	0
58471	7
58472	2
58473	0
58474	20
58475	0
58476	6
58477	0
58478	0
58479	0
58480	1
58481	7
58482	3
58483	5
58484	0
58485	2
58487	8
58488	10
58489	8
58490	0
58491	7
58492	19
58495	8
58496	0
58497	0
58499	8
58500	15
58501	13
58502	2
58503	0
58506	4
58508	21
58509	0
58510	0
58511	1
58512	3
58513	0
58514	4
58515	16
58516	0
58518	0
58519	0
58520	3
58521	0
58522	1
58523	0
58524	3
58525	0
58526	0
58527	16
58528	5
58529	14
58530	0
58531	0
58532	2
58533	24
58535	7
58536	9
58537	20
58538	18
58540	0
58541	12
58543	13
58545	4
58546	14
58548	3
58549	9
58551	10
58552	2
58553	1
58554	15
58556	14
58557	0
58558	3
58560	15
58561	0
58562	1
58564	0
58565	4
58566	0
58567	3
58568	6
58570	1
58571	6
58573	9
58574	0
58575	17
58576	0
58577	2
58578	2
58579	17
58581	4
58582	4
58583	4
58584	0
58585	8
58586	4
58588	12
58589	3
58590	0
58591	8
58592	0
58594	5
58595	12
58596	16
58597	6
58598	4
58599	2
58600	0
58601	6
58602	3
58603	2
58604	4
58605	0
58606	0
58607	0
58608	2
58609	0
58610	4
58611	3
58612	1
58613	11
58614	6
58615	1
58616	1
58617	0
58619	12
58622	0
58623	12
58624	4
58625	6
58626	7
58628	24
58630	17
58631	0
58632	0
58633	6
58634	3
58635	1
58636	4
58637	0
58638	11
58639	1
58640	5
58642	10
58643	3
58645	2
58646	0
58647	0
58649	1
58650	0
58651	1
58652	11
58653	9
58654	11
58655	40
58657	1
58658	0
58659	4
58661	1
58662	7
58663	10
58664	5
58665	19
58666	0
58667	10
58668	0
58669	2
58670	0
58671	9
58672	1
58673	1
58674	0
58675	0
58676	5
58678	0
58679	2
58680	31
58681	0
58682	7
58683	6
58684	0
58686	1
58687	8
58688	5
58690	2
58692	6
58693	0
58694	0
58695	0
58696	4
58697	11
58698	15
58699	0
58700	16
58701	0
58703	0
58704	1
58705	0
58707	3
58709	0
58710	2
58711	4
58712	7
58713	5
58714	8
58716	6
58717	17
58718	13
58720	5
58721	12
58723	6
58724	2
58726	0
58727	1
58729	0
58730	3
58731	9
58732	4
58733	0
58734	0
58735	10
58736	4
58737	8
58738	17
58739	4
58740	0
58741	0
58742	0
58743	10
58744	4
58745	0
58747	0
58748	3
58750	1
58751	16
58753	3
58754	3
58755	0
58756	12
58757	0
58758	0
58759	8
58760	6
58761	0
58762	0
58763	1
58764	6
58766	5
58767	16
58768	0
58769	3
58771	0
58772	15
58773	4
58774	13
58775	3
58776	1
58777	0
58778	10
58779	6
58781	0
58782	0
58784	4
58786	3
58787	2
58788	8
58789	4
58790	9
58791	1
58792	1
58794	11
58795	13
58797	0
58798	18
58799	3
58800	2
58801	8
58805	9
58806	4
58807	7
58808	0
58809	0
58811	19
58812	3
58813	7
58814	0
58815	0
58816	0
58817	0
58818	7
58820	16
58821	9
58823	6
58824	5
58826	5
58827	5
58828	1
58829	1
58830	9
58831	0
58832	6
58833	0
58834	5
58835	1
58836	9
58837	7
58838	0
58839	3
58840	2
58841	0
58844	24
58845	9
58846	0
58847	20
58848	0
58849	2
58850	13
58851	13
58852	4
58853	0
58854	13
58855	4
58856	7
58857	7
58858	0
58859	18
58860	1
58861	0
58862	5
58863	0
58864	3
58865	0
58866	7
58867	5
58868	1
58869	9
58871	0
58872	4
58874	2
58875	5
58876	2
58877	5
58878	10
58879	2
58880	4
58881	9
58882	9
58883	6
58884	11
58885	0
58886	14
58887	3
58888	0
58889	0
58890	2
58891	8
58892	3
58893	1
58895	0
58896	24
58897	3
58899	0
58901	0
58902	16
58903	1
58904	0
58905	11
58906	3
58907	5
58908	18
58909	4
58910	8
58911	2
58912	4
58913	8
58914	0
58915	5
58916	0
58917	0
58919	1
58920	5
58921	0
58924	0
58925	12
58926	0
58927	2
58928	16
58929	0
58930	11
58931	6
58932	0
58933	6
58934	0
58935	2
58936	0
58937	5
58938	0
58939	0
58940	1
58941	2
58942	4
58943	10
58944	1
58945	3
58946	0
58947	0
58949	0
58950	12
58951	0
58952	0
58953	2
58954	22
58955	0
58956	6
58957	3
58958	4
58960	16
58961	21
58962	2
58965	5
58966	5
58968	5
58969	8
58971	13
58972	1
58973	0
58976	16
58977	22
58981	10
58983	6
58984	8
58985	7
58988	0
58989	1
58990	9
58991	0
58992	9
58993	12
58994	6
58995	13
58996	3
58997	12
58998	0
58999	0
59000	0
59001	22
59002	2
59003	2
59004	18
59005	7
59006	4
59007	11
59008	19
59009	4
59010	0
59011	15
59012	0
59013	10
59014	14
59015	6
59017	13
59018	12
59019	10
59020	0
59021	0
59022	0
59023	7
59024	6
59025	4
59026	8
59027	0
59028	12
59030	7
59031	14
59032	0
59033	12
59034	1
59035	0
59036	4
59037	17
59038	11
59039	11
59040	0
59041	9
59043	3
59044	3
59045	7
59046	3
59047	4
59048	10
59049	4
59051	0
59052	12
59054	1
59055	0
59056	7
59057	4
59059	7
59061	3
59062	18
59064	0
59065	0
59066	4
59067	9
59068	2
59070	3
59071	8
59072	0
59073	0
59074	4
59075	6
59076	16
59078	5
59079	4
59080	6
59081	1
59082	3
59083	3
59085	0
59086	2
59087	8
59088	8
59089	5
59090	3
59091	0
59092	0
59093	10
59094	6
59095	17
59096	9
59097	3
59099	0
59100	11
59101	7
59102	20
59103	2
59104	7
59105	0
59106	9
59107	9
59108	7
59109	0
59110	5
59111	4
59112	1
59113	12
59114	17
59116	4
59119	0
59121	0
59122	7
59124	12
59125	0
59126	2
59127	4
59128	8
59129	0
59130	0
59131	13
59132	0
59133	1
59136	2
59137	7
59139	0
59141	0
59142	3
59143	12
59144	0
59146	1
59147	0
59148	0
59149	7
59150	8
59151	6
59152	0
59153	1
59154	10
59156	9
59157	22
59158	0
59159	0
59160	0
59162	0
59163	19
59164	1
59165	6
59167	9
59168	1
59169	0
59170	0
59171	0
59172	12
59174	0
59175	4
59176	12
59177	2
59178	8
59179	3
59183	0
59185	0
59186	0
59187	16
59188	12
59190	0
59191	3
59192	8
59193	0
59194	4
59195	0
59197	6
59198	0
59200	0
59201	1
59203	8
59204	2
59205	7
59206	0
59207	17
59208	20
59209	4
59210	0
59211	0
59212	12
59213	3
59214	5
59215	2
59216	4
59217	4
59218	1
59219	12
59220	0
59221	1
59223	8
59224	13
59225	0
59226	15
59227	7
59228	6
59229	2
59230	2
59232	7
59233	0
59234	6
59235	7
59236	0
59237	0
59238	9
59239	0
59240	1
59241	5
59242	2
59243	0
59244	0
59245	0
59246	14
59247	3
59248	5
59250	0
59251	1
59252	5
59253	0
59254	3
59255	1
59256	2
59257	21
59258	3
59259	0
59260	5
59261	7
59262	14
59263	2
59264	2
59265	11
59267	13
59268	0
59269	0
59270	2
59271	7
59272	0
59273	6
59274	0
59275	10
59277	1
59278	11
59279	4
59281	5
59282	10
59283	0
59284	12
59285	19
59289	2
59290	3
59291	0
59292	0
59293	0
59295	0
59296	4
59297	0
59299	0
59300	19
59301	2
59302	3
59303	0
59304	0
59305	6
59306	1
59307	3
59308	29
59309	2
59310	12
59311	4
59314	20
59315	0
59316	5
59317	10
59318	0
59319	6
59320	7
59321	0
59322	3
59323	5
59324	0
59326	2
59327	0
59328	4
59329	3
59330	14
59331	6
59332	0
59333	3
59334	6
59335	4
59336	9
59338	4
59339	2
59340	10
59341	20
59342	10
59343	9
59344	0
59345	7
59347	0
59348	1
59349	1
59350	0
59351	1
59352	2
59353	2
59354	7
59355	10
59356	10
59357	1
59358	2
59359	9
59360	18
59361	17
59362	7
59363	3
59364	3
59365	12
59366	2
59367	5
59368	0
59369	8
59370	14
59371	0
59372	0
59373	8
59374	0
59375	7
59376	5
59377	3
59378	11
59379	0
59380	0
59381	2
59382	10
59383	1
59384	5
59385	13
59386	5
59388	12
59389	0
59390	4
59393	0
59394	3
59396	10
59397	10
59398	0
59400	18
59401	4
59402	2
59403	0
59404	0
59405	5
59406	0
59407	0
59408	14
59409	2
59411	9
59412	2
59414	5
59415	3
59416	0
59417	7
59418	34
59419	0
59420	17
59421	0
59422	18
59423	0
59424	2
59425	1
59426	1
59427	13
59428	5
59429	3
59430	1
59431	7
59432	0
59433	8
59435	35
59436	4
59438	7
59439	0
59441	0
59442	11
59443	4
59444	5
59445	2
59447	0
59448	17
59449	5
59451	10
59452	4
59453	8
59454	0
59455	0
59457	4
59458	0
59459	0
59460	1
59463	15
59464	1
59465	0
59466	1
59467	6
59468	4
59469	14
59470	0
59471	1
59472	2
59473	0
59474	0
59475	6
59476	10
59477	17
59478	16
59479	0
59480	3
59481	9
59482	13
59483	17
59484	6
59485	1
59486	8
59487	6
59488	23
59489	6
59490	1
59491	6
59492	1
59493	4
59494	1
59495	3
59496	0
59498	0
59499	12
59500	6
59501	6
59502	0
59503	1
59504	6
59505	0
59506	9
59507	0
59508	13
59510	4
59511	1
59512	0
59513	0
59514	0
59515	0
59516	0
59517	19
59518	23
59519	0
59520	1
59521	7
59522	4
59523	0
59524	3
59525	0
59527	2
59528	21
59530	22
59531	1
59532	5
59533	0
59534	12
59535	3
59536	18
59538	2
59540	23
59541	0
59542	0
59543	6
59544	31
59545	3
59546	1
59547	6
59548	8
59549	0
59550	0
59551	0
59552	2
59553	4
59554	6
59555	1
59557	1
59558	0
59560	0
59563	5
59564	0
59565	2
59566	6
59568	0
59570	9
59571	0
59572	3
59573	11
59574	13
59575	2
59576	0
59577	27
59578	2
59579	4
59580	12
59581	6
59583	10
59584	0
59585	15
59586	0
59587	0
59588	2
59589	15
59590	0
59591	11
59592	3
59594	1
59595	2
59596	5
59597	3
59598	7
59599	1
59600	3
59601	14
59602	0
59603	19
59604	13
59605	0
59606	0
59608	8
59609	4
59610	4
59611	10
59612	4
59613	2
59614	0
59615	0
59616	7
59617	10
59618	4
59619	10
59620	1
59623	1
59624	0
59625	1
59626	14
59627	1
59628	6
59629	10
59630	0
59631	0
59633	8
59635	10
59637	8
59638	1
59639	16
59640	0
59641	4
59642	2
59643	22
59644	0
59645	0
59646	0
59647	1
59648	6
59649	2
59650	17
59651	4
59652	0
59653	0
59654	2
59655	12
59657	8
59658	18
59659	0
59660	1
59661	0
59662	1
59663	8
59665	0
59666	9
59667	5
59668	1
59670	0
59671	0
59672	8
59673	2
59674	6
59675	10
59676	1
59677	7
59678	3
59679	14
59680	0
59681	3
59682	2
59683	16
59684	0
59685	1
59686	8
59687	19
59688	3
59689	12
59690	0
59691	2
59692	3
59693	4
59694	3
59695	15
59697	2
59698	19
59699	5
59700	0
59701	0
59702	0
59703	9
59704	0
59705	9
59706	0
59707	1
59708	5
59709	5
59710	5
59711	1
59712	8
59713	0
59715	8
59716	1
59717	3
59718	9
59719	6
59721	6
59723	34
59724	13
59725	0
59726	7
59727	4
59728	11
59730	1
59731	0
59732	0
59734	0
59735	4
59736	0
59737	10
59738	1
59739	5
59740	10
59741	16
59742	13
59743	0
59744	4
59746	0
59747	0
59748	16
59749	0
59750	4
59751	0
59752	5
59753	6
59754	2
59755	22
59756	22
59757	0
59758	0
59759	8
59760	6
59761	17
59762	8
59763	1
59764	1
59766	16
59767	7
59768	16
59769	13
59770	2
59771	7
59772	1
59773	4
59774	3
59775	6
59777	17
59778	2
59779	3
59780	2
59781	0
59782	0
59783	0
59784	2
59785	13
59786	3
59787	17
59788	5
59789	0
59790	1
59791	3
59792	3
59793	5
59794	0
59795	5
59796	13
59797	2
59798	6
59799	7
59800	0
59801	3
59802	0
59803	0
59804	0
59805	18
59806	3
59807	0
59808	7
59809	2
59810	0
59811	2
59812	8
59813	0
59814	4
59815	6
59816	16
59817	29
59819	14
59820	4
59821	0
59822	20
59823	3
59824	3
59825	7
59827	19
59828	0
59829	0
59830	25
59831	6
59832	5
59833	6
59834	11
59835	0
59836	2
59837	7
59838	7
59839	0
59840	6
59841	0
59842	0
59843	0
59844	0
59845	1
59846	0
59847	0
59848	0
59849	3
59850	10
59851	7
59852	15
59853	11
59854	1
59855	4
59856	7
59857	9
59859	12
59860	2
59861	6
59862	0
59863	14
59864	18
59865	11
59866	4
59868	0
59869	20
59870	1
59871	0
59874	4
59875	2
59876	2
59877	0
59878	10
59881	1
59882	6
59883	15
59884	1
59885	4
59886	0
59887	5
59888	4
59890	0
59891	3
59892	8
59893	3
59894	1
59895	10
59897	9
59898	0
59899	8
59900	8
59902	0
59903	0
59904	17
59905	0
59907	0
59908	0
59909	7
59910	0
59911	15
59912	0
59913	2
59914	0
59915	6
59916	18
59918	4
59919	3
59920	0
59922	0
59925	12
59926	0
59928	3
59929	4
59931	5
59933	19
59934	20
59935	2
59936	4
59937	0
59938	6
59939	4
59942	2
59944	13
59945	36
59946	14
59947	5
59948	12
59949	0
59950	10
59952	2
59954	0
59955	4
59956	3
59957	1
59958	0
59959	2
59960	5
59961	3
59962	0
59964	2
59965	2
59966	0
59967	1
59968	14
59969	0
59970	0
59971	10
59972	0
59974	8
59975	0
59976	11
59978	5
59979	10
59980	0
59981	5
59982	12
59983	8
59984	4
59985	14
59986	9
59987	1
59989	0
59990	0
59991	8
59992	5
59993	10
59994	8
59995	3
59996	0
59997	2
59998	9
59999	7
60000	0
60001	0
60002	8
60003	3
60004	6
60005	18
60006	0
60008	10
60009	10
60010	2
60011	7
60012	5
60013	4
60014	2
60015	5
60016	2
60017	8
60018	1
60019	14
60020	11
60022	0
60023	18
60024	17
60025	11
60026	9
60027	1
60028	2
60029	15
60030	16
60031	15
60033	0
60034	0
60035	3
60036	0
60037	0
60038	12
60039	5
60040	2
60041	3
60042	1
60043	14
60045	0
60046	0
60047	4
60048	4
60049	0
60050	4
60051	1
60053	0
60054	2
60056	0
60057	5
60058	0
60059	18
60060	0
60061	12
60062	5
60063	14
60064	0
60066	3
60067	12
60068	5
60070	1
60071	14
60072	9
60073	5
60074	1
60075	9
60076	13
60077	0
60078	8
60079	9
60080	10
60081	11
60082	2
60083	2
60084	0
60085	6
60086	7
60087	16
60088	11
60089	0
60090	18
60091	1
60092	0
60093	3
60094	17
60095	0
60096	7
60097	0
60098	1
60099	6
60100	1
60101	10
60102	17
60103	7
60104	0
60105	15
60106	0
60107	7
60108	3
60109	0
60110	6
60111	4
60112	7
60113	1
60115	5
60117	0
60118	5
60119	6
60120	0
60121	0
60122	6
60123	8
60124	0
60125	11
60128	0
60129	2
60131	8
60132	0
60133	0
60134	0
60135	5
60136	8
60137	1
60138	21
60139	1
60140	4
60142	0
60145	2
60147	0
60148	3
60149	3
60151	6
60152	18
60153	12
60155	7
60156	10
60157	6
60158	3
60159	5
60161	5
60162	19
60163	2
60166	19
60167	4
60168	11
60169	8
60170	7
60171	9
60173	18
60174	2
60175	5
60176	4
60177	16
60178	7
60179	0
60181	0
60182	8
60183	0
60185	0
60186	3
60187	9
60188	10
60190	0
60191	19
60192	11
60193	0
60194	2
60195	0
60196	0
60197	14
60199	6
60200	9
60201	3
60202	8
60203	0
60204	4
60205	0
60206	11
60207	0
60208	0
60209	1
60210	0
60211	3
60212	5
60214	3
60215	2
60216	21
60218	11
60219	0
60220	12
60221	2
60222	0
60223	2
60224	8
60225	0
60226	9
60227	0
60229	6
60230	0
60232	0
60233	2
60234	3
60235	2
60236	7
60237	1
60239	10
60241	11
60242	17
60243	1
60244	14
60247	0
60248	8
60249	11
60250	1
60251	5
60252	4
60253	11
60254	0
60255	3
60256	0
60257	9
60258	2
60259	2
60260	0
60261	8
60262	3
60263	3
60264	0
60266	13
60267	2
60268	10
60269	3
60270	0
60271	14
60272	40
60273	7
60275	3
60276	2
60277	1
60278	0
60279	2
60281	0
60283	2
60284	4
60285	17
60286	11
60287	6
60288	0
60289	3
60290	1
60291	1
60292	1
60293	0
60294	0
60296	4
60297	0
60298	0
60299	1
60300	2
60301	0
60302	9
60303	2
60304	4
60305	1
60306	7
60307	12
60309	10
60310	3
60311	0
60312	13
60313	4
60314	7
60315	8
60316	1
60317	7
60318	11
60319	1
60320	11
60321	6
60322	2
60323	8
60324	0
60325	21
60326	6
60327	13
60328	2
60329	1
60330	9
60333	2
60334	9
60335	0
60336	4
60338	8
60339	7
60340	1
60342	24
60343	1
60344	3
60345	8
60346	2
60348	10
60349	0
60350	0
60351	0
60352	3
60353	4
60354	12
60356	0
60357	0
60358	4
60359	21
60360	21
60361	1
60362	5
60363	2
60366	5
60367	3
60369	2
60371	11
60372	11
60373	7
60374	8
60375	0
60376	21
60377	0
60378	7
60379	9
60381	5
60382	1
60383	5
60384	5
60386	8
60387	0
60388	8
60389	0
60390	2
60392	0
60393	12
60395	5
60396	1
60397	10
60398	1
60399	17
60400	3
60401	2
60403	20
60404	16
60405	4
60406	0
60408	8
60409	4
60410	13
60411	0
60412	1
60413	2
60414	14
60415	2
60417	6
60418	8
60419	6
60420	18
60422	2
60423	3
60424	10
60425	25
60426	6
60427	4
60428	19
60429	1
60430	14
60431	5
60432	3
60433	7
60434	3
60435	1
60436	5
60437	4
60439	4
60440	2
60441	0
60442	4
60443	0
60444	13
60445	7
60446	13
60447	8
60448	2
60449	4
60450	4
60451	4
60452	2
60453	1
60454	0
60455	4
60456	8
60457	4
60458	7
60459	16
60460	3
60461	10
60462	4
60463	16
60464	1
60465	4
60466	2
60467	0
60468	5
60469	1
60470	4
60472	0
60473	1
60474	2
60476	4
60478	9
60479	6
60480	6
60481	5
60484	6
60485	8
60487	0
60489	8
60490	11
60491	0
60492	4
60494	6
60495	1
60496	0
60497	1
60498	9
60499	1
60500	3
60503	1
60504	2
60505	0
60506	0
60508	10
60509	27
60511	0
60513	0
60515	5
60516	4
60517	16
60519	7
60520	26
60521	0
60522	2
60523	4
60524	2
60525	4
60526	0
60527	1
60529	0
60531	5
60532	18
60533	4
60534	2
60535	0
60536	1
60537	2
60538	0
60539	19
60540	8
60541	4
60542	5
60543	4
60544	1
60545	12
60547	2
60548	8
60549	0
60550	0
60551	1
60552	12
60553	6
60554	8
60555	0
60556	2
60557	17
60558	5
60559	0
60560	1
60561	0
60562	13
60563	6
60564	0
60565	15
60566	2
60567	4
60568	0
60569	1
60570	0
60571	0
60572	5
60573	3
60574	2
60575	0
60576	16
60579	10
60580	1
60581	1
60583	3
60584	0
60585	8
60586	32
60587	10
60589	0
60590	0
60591	9
60593	1
60594	5
60595	0
60596	7
60597	2
60598	23
60599	4
60600	7
60601	1
60602	3
60603	0
60604	2
60605	0
60606	2
60607	9
60608	1
60609	0
60610	6
60611	0
60612	14
60613	4
60614	0
60615	5
60616	3
60617	3
60618	0
60619	0
60620	2
60621	3
60626	2
60627	0
60628	12
60629	0
60630	0
60631	8
60633	3
60635	0
60636	0
60637	6
60638	20
60639	10
60641	2
60642	0
60643	18
60645	4
60646	0
60647	14
60650	1
60652	9
60654	0
60657	0
60658	11
60659	4
60660	5
60661	3
60662	13
60663	6
60664	4
60665	1
60666	6
60668	5
60669	0
60670	0
60672	8
60673	19
60675	12
60676	5
60677	10
60678	0
60679	0
60680	3
60681	7
60682	4
60683	4
60684	3
60685	1
60686	0
60687	3
60688	5
60689	3
60690	16
60691	0
60692	10
60693	0
60695	7
60696	3
60697	5
60698	10
60699	4
60700	0
60701	0
60702	0
60703	9
60704	5
60707	2
60708	6
60709	5
60710	7
60711	3
60713	0
60714	10
60715	17
60716	4
60717	0
60718	25
60720	20
60721	2
60722	0
60724	5
60725	10
60726	4
60727	15
60728	1
60729	1
60731	3
60732	0
60733	0
60734	3
60735	5
60736	0
60737	0
60738	0
60739	2
60740	9
60741	8
60742	0
60743	18
60744	0
60745	40
60746	2
60747	20
60749	6
60750	4
60751	0
60753	1
60754	8
60755	8
60757	3
60758	5
60760	12
60761	7
60762	0
60763	0
60764	1
60765	9
60766	6
60767	1
60768	4
60771	8
60772	8
60773	4
60774	1
60776	8
60777	3
60778	2
60779	0
60780	2
60781	10
60782	20
60783	0
60784	10
60785	1
60786	16
60787	0
60790	1
60791	0
60792	3
60793	19
60794	0
60795	15
60796	4
60797	3
60798	5
60799	12
60800	0
60801	0
60802	3
60803	0
60804	0
60805	0
60806	0
60808	5
60809	2
60810	0
60812	0
60813	6
60814	19
60815	14
60816	3
60817	0
60819	0
60820	3
60821	8
60822	14
60823	8
60826	8
60827	10
60828	2
60829	6
60830	1
60831	8
60832	2
60833	14
60834	14
60835	21
60836	9
60837	1
60838	5
60840	15
60841	3
60842	3
60843	2
60844	23
60845	2
60846	13
60847	9
60848	9
60849	8
60850	0
60851	14
60853	6
60855	0
60857	5
60858	7
60860	2
60861	0
60862	0
60865	19
60866	5
60868	9
60870	3
60871	0
60872	3
60873	21
60874	0
60875	5
60877	1
60878	3
60879	5
60880	10
60882	17
60883	5
60884	12
60886	9
60887	4
60889	0
60890	1
60891	6
60892	4
60893	6
60894	7
60895	8
60896	1
60897	3
60898	7
60899	4
60900	0
60901	10
60902	1
60903	7
60904	1
60905	0
60906	8
60907	4
60908	4
60909	7
60911	6
60912	0
60913	0
60916	7
60918	5
60919	3
60920	14
60922	0
60923	10
60924	0
60926	2
60927	1
60928	3
60929	12
60930	7
60931	3
60932	9
60933	1
60934	0
60935	2
60936	0
60937	0
60938	0
60940	1
60941	4
60942	16
60943	1
60944	4
60945	1
60947	7
60949	2
60950	10
60951	10
60952	2
60953	20
60954	8
60955	25
60956	0
60957	1
60958	7
60959	14
60961	1
60962	17
60963	7
60964	6
60965	3
60966	10
60967	18
60968	0
60969	4
60970	18
60971	0
60972	0
60973	0
60974	0
60975	16
60976	7
60978	7
60981	8
60983	0
60985	8
60986	7
60987	2
60988	1
60992	0
60993	4
60994	4
60995	0
60996	12
60997	0
61000	9
61001	0
61002	0
61003	5
61004	7
61005	0
61006	11
61007	0
61008	0
61009	0
61010	6
61011	19
61014	16
61015	0
61016	5
61017	1
61018	0
61019	6
61020	11
61022	8
61023	5
61024	7
61027	1
61028	6
61029	6
61030	2
61031	7
61032	15
61033	16
61034	8
61035	12
61037	3
61038	1
61039	8
61040	3
61041	0
61043	1
61044	0
61045	15
61046	0
61048	6
61049	1
61050	3
61051	7
61052	9
61053	0
61055	0
61056	0
61057	2
61058	4
61059	0
61060	1
61061	0
61062	1
61063	7
61064	5
61065	1
61066	0
61067	14
61068	5
61069	20
61070	14
61072	8
61073	2
61074	12
61075	5
61076	14
61077	6
61078	4
61079	5
61080	3
61081	16
61083	3
61084	7
61085	0
61086	5
61087	3
61089	1
61090	11
61091	16
61092	3
61093	3
61094	4
61095	5
61096	0
61097	5
61098	0
61099	6
61100	3
61102	8
61104	2
61107	2
61108	3
61109	0
61110	13
61112	3
61113	0
61114	0
61115	3
61116	4
61117	6
61118	0
61119	21
61120	5
61121	0
61122	1
61123	10
61124	9
61125	1
61126	0
61127	0
61128	5
61130	8
61131	7
61132	4
61134	0
61136	0
61137	7
61138	0
61139	0
61140	5
61141	3
61142	7
61143	2
61144	11
61145	0
61146	10
61147	5
61151	3
61153	11
61154	0
61155	0
61156	9
61157	4
61158	0
61159	6
61160	1
61161	6
61162	1
61163	0
61164	0
61165	0
61166	4
61167	7
61168	0
61169	2
61170	3
61171	3
61172	8
61174	1
61175	0
61176	0
61177	5
61178	14
61182	3
61183	0
61184	1
61185	6
61186	6
61187	15
61188	5
61189	7
61190	17
61191	1
61192	4
61193	6
61194	7
61195	2
61197	6
61198	0
61199	0
61200	7
61201	10
61202	12
61203	2
61204	4
61205	5
61206	2
61207	13
61208	8
61209	1
61210	0
61211	13
61212	0
61213	5
61214	13
61215	3
61216	0
61217	12
61218	1
61219	2
61220	5
61221	0
61225	11
61228	17
61229	10
61230	7
61231	0
61232	4
61233	6
61235	0
61237	19
61238	24
61239	29
61240	0
61241	1
61242	3
61243	18
61244	16
61245	0
61246	0
61247	0
61248	8
61249	6
61250	2
61251	0
61252	0
61253	2
61254	10
61255	0
61256	3
61257	3
61258	14
61259	0
61260	1
61261	6
61262	0
61263	0
61264	10
61265	5
61266	4
61267	0
61268	6
61269	9
61270	14
61271	3
61272	20
61273	5
61274	2
61275	2
61276	0
61278	3
61279	15
61280	0
61281	1
61282	0
61283	11
61284	8
61285	3
61286	7
61287	3
61288	0
61289	9
61290	0
61291	0
61292	6
61293	2
61295	0
61296	19
61297	6
61298	0
61300	0
61301	5
61303	7
61304	13
61305	0
61306	17
61307	7
61308	0
61309	0
61310	21
61311	11
61312	3
61313	13
61314	0
61315	2
61316	31
61318	0
61320	3
61321	0
61322	10
61323	3
61325	6
61326	16
61327	1
61328	24
61329	0
61330	0
61331	1
61332	10
61333	0
61334	0
61335	6
61336	0
61337	1
61338	9
61339	4
61340	5
61341	25
61342	3
61343	5
61344	23
61345	6
61346	0
61347	0
61348	0
61349	6
61350	15
61351	0
61352	19
61353	5
61354	20
61355	1
61356	2
61358	8
61360	14
61362	11
61363	0
61364	13
61365	1
61367	2
61368	11
61369	0
61370	6
61371	11
61372	4
61373	1
61374	10
61375	4
61376	25
61377	5
61378	20
61379	29
61380	5
61381	11
61382	0
61383	4
61384	1
61385	0
61386	14
61387	4
61388	0
61390	0
61391	18
61392	3
61393	7
61394	4
61395	0
61396	0
61397	7
61398	30
61399	13
61400	12
61401	0
61402	10
61403	0
61404	0
61405	5
61406	6
61407	2
61408	12
61409	1
61411	30
61412	5
61414	0
61415	3
61416	8
61417	0
61420	0
61421	9
61422	7
61423	16
61424	0
61425	6
61426	0
61428	3
61429	4
61430	10
61432	0
61433	6
61434	15
61435	11
61436	16
61437	7
61438	17
61439	5
61440	4
61442	0
61443	4
61444	5
61445	3
61446	5
61447	4
61449	0
61450	0
61451	5
61452	0
61453	22
61454	2
61455	13
61456	2
61457	4
61458	1
61459	9
61460	13
61462	0
61464	0
61465	11
61466	0
61467	0
61469	2
61472	0
61473	5
61474	0
61475	9
61477	3
61478	8
61479	0
61480	1
61481	0
61482	8
61483	9
61484	20
61486	13
61487	1
61489	1
61490	11
61491	7
61493	9
61494	12
61495	8
61496	5
61498	9
61499	5
61500	20
61501	9
61503	4
61504	8
61507	0
61509	9
61510	15
61511	1
61512	7
61513	0
61514	0
61515	17
61516	5
61517	1
61518	17
61520	3
61521	4
61522	8
61523	5
61524	0
61525	0
61526	7
61527	0
61528	10
61529	12
61530	6
61531	15
61532	11
61533	0
61534	1
61535	8
61536	13
61537	0
61539	0
61541	3
61543	3
61544	0
61546	7
61547	0
61548	2
61549	12
61550	2
61551	1
61552	1
61554	0
61555	12
61556	10
61557	9
61558	4
61559	4
61560	7
61561	9
61562	3
61564	0
61565	2
61566	2
61567	3
61568	3
61569	11
61570	17
61571	1
61572	5
61573	11
61574	18
61575	0
61576	11
61577	5
61578	7
61579	15
61580	2
61581	1
61582	14
61583	5
61584	17
61585	11
61586	21
61587	6
61590	5
61591	0
61592	23
61593	7
61595	5
61596	7
61598	16
61599	0
61600	9
61601	1
61602	5
61603	0
61604	8
61605	3
61606	9
61607	1
61608	0
61609	2
61611	4
61612	14
61613	2
61614	4
61615	2
61616	7
61617	6
61620	5
61621	0
61624	5
61625	8
61626	0
61627	16
61630	0
61631	4
61632	12
61633	5
61634	0
61635	4
61636	2
61637	0
61639	12
61640	10
61641	0
61642	3
61643	1
61645	1
61646	0
61647	7
61648	11
61649	18
61650	0
61651	4
61652	0
61653	6
61654	1
61655	3
61656	8
61657	6
61658	0
61659	16
61660	0
61662	3
61663	0
61664	7
61665	12
61666	2
61667	3
61668	7
61669	4
61670	4
61671	0
61672	0
61673	2
61674	7
61675	9
61676	7
61677	0
61678	0
61679	6
61680	16
61681	4
61682	12
61683	16
61684	0
61686	11
61688	4
61689	3
61690	8
61691	7
61692	3
61694	7
61695	5
61696	5
61697	8
61698	11
61699	25
61700	8
61701	7
61703	3
61704	0
61705	2
61707	10
61708	10
61709	10
61711	1
61712	2
61713	0
61714	0
61715	16
61716	1
61717	8
61718	26
61720	0
61721	0
61722	5
61723	0
61724	0
61726	2
61727	5
61728	12
61729	1
61730	5
61731	0
61732	0
61734	0
61735	1
61736	11
61737	5
61738	4
61739	0
61741	0
61742	0
61743	2
61744	2
61746	2
61748	8
61749	0
61750	8
61752	25
61753	4
61754	6
61756	12
61757	0
61758	2
61759	6
61760	2
61761	0
61762	3
61764	0
61765	22
61766	2
61767	3
61770	7
61771	2
61773	0
61774	8
61775	4
61776	2
61777	0
61778	26
61779	4
61780	21
61782	12
61783	13
61784	4
61785	4
61786	0
61787	12
61788	2
61789	0
61790	2
61791	1
61792	7
61793	0
61794	7
61795	0
61796	3
61797	10
61798	0
61799	2
61800	0
61801	0
61802	7
61803	8
61804	4
61805	14
61806	4
61807	9
61808	0
61809	6
61810	0
61812	6
61813	2
61814	5
61815	6
61816	5
61817	4
61818	19
61819	4
61821	16
61822	0
61823	7
61825	3
61826	5
61827	1
61828	8
61829	8
61830	11
61831	0
61832	24
61833	0
61834	11
61835	0
61836	11
61837	0
61838	1
61839	11
61840	3
61841	0
61842	11
61843	11
61845	2
61847	4
61849	5
61850	1
61851	14
61852	1
61853	20
61854	20
61855	16
61856	0
61857	3
61858	2
61859	11
61860	0
61861	0
61862	1
61864	8
61865	15
61866	4
61867	6
61868	0
61869	4
61870	7
61871	0
61872	3
61873	3
61874	0
61875	10
61876	0
61877	12
61878	0
61880	0
61881	0
61883	5
61884	5
61885	17
61886	3
61888	1
61890	3
61891	4
61892	4
61895	11
61896	2
61898	0
61899	38
61900	4
61901	21
61902	14
61903	0
61904	2
61905	0
61906	0
61907	3
61908	1
61909	0
61911	9
61912	8
61914	4
61915	5
61917	0
61918	1
61919	1
61920	0
61921	14
61922	1
61923	39
61925	26
61926	0
61931	0
61932	13
61933	6
61934	0
61935	0
61936	7
61937	11
61938	4
61939	0
61940	2
61941	0
61942	8
61943	0
61944	5
61946	0
61949	7
61950	6
61952	17
61953	0
61954	2
61955	1
61956	4
61957	2
61958	2
61959	0
61960	4
61961	6
61964	0
61966	5
61967	4
61968	1
61969	4
61970	8
61971	22
61973	1
61974	0
61975	2
61976	2
61977	13
61978	4
61979	0
61980	0
61981	0
61982	2
61983	0
61987	0
61988	15
61989	14
61990	9
61991	0
61992	0
61995	0
61996	0
61999	25
62000	3
62001	12
62003	0
62004	4
62005	10
62007	0
62008	2
62009	6
62010	10
62011	0
62012	5
62013	0
62014	0
62016	3
62017	3
62018	7
62019	3
62020	0
62021	0
62022	0
62023	4
62024	0
62025	0
62026	0
62028	9
62029	4
62030	15
62031	0
62032	3
62033	5
62035	2
62036	11
62038	3
62039	1
62040	1
62041	0
62042	5
62043	11
62044	10
62046	3
62047	7
62048	10
62049	8
62050	8
62051	0
62052	0
62053	2
62054	5
62055	4
62057	12
62058	2
62059	0
62060	0
62062	0
62064	9
62065	11
62066	4
62068	20
62069	0
62070	0
62071	9
62072	6
62073	2
62074	6
62075	11
62076	34
62078	0
62080	6
62081	10
62082	7
62083	1
62084	1
62086	4
62087	11
62089	10
62090	1
62091	0
62092	13
62093	7
62094	4
62095	0
62096	6
62097	0
62098	12
62099	7
62100	0
62101	6
62102	4
62103	0
62105	4
62107	10
62108	0
62109	4
62110	2
62111	0
62112	3
62113	0
62114	4
62115	7
62117	3
62118	0
62119	3
62120	0
62121	5
62122	0
62123	1
62124	0
62125	0
62126	20
62127	3
62128	11
62129	0
62130	0
62131	0
62132	7
62133	5
62134	9
62135	6
62136	0
62137	2
62138	6
62139	0
62140	4
62141	1
62142	3
62143	8
62144	4
62145	4
62146	1
62147	5
62148	5
62149	2
62150	6
62151	5
62152	4
62153	1
62154	8
62155	27
62157	18
62158	0
62159	7
62160	0
62161	0
62162	4
62163	0
62164	8
62165	3
62166	1
62167	2
62168	0
62169	6
62170	3
62171	0
62172	2
62173	1
62174	14
62175	10
62176	1
62177	7
62179	0
62180	0
62181	7
62182	7
62183	8
62184	0
62185	3
62186	0
62187	3
62188	0
62190	1
62191	1
62192	9
62193	2
62194	0
62195	0
62196	2
62198	1
62200	1
62201	4
62202	14
62203	19
62204	1
62205	0
62206	0
62208	5
62209	20
62211	22
62213	9
62214	25
62216	2
62218	2
62219	0
62220	10
62221	0
62223	1
62224	0
62225	0
62226	0
62227	0
62228	11
62229	1
62230	0
62231	0
62232	10
62233	11
62235	0
62236	27
62237	3
62239	24
62241	2
62242	2
62243	6
62244	18
62245	2
62246	0
62247	4
62248	8
62249	5
62250	2
62251	0
62253	2
62254	0
62255	5
62257	17
62258	22
62261	0
62263	6
62264	3
62265	5
62266	1
62269	0
62270	0
62271	0
62272	0
62273	1
62274	23
62275	9
62277	1
62278	3
62281	2
62282	0
62283	6
62284	9
62286	12
62287	13
62289	0
62290	5
62291	7
62292	7
62293	0
62294	1
62296	0
62297	12
62298	4
62299	6
62300	1
62301	19
62302	1
62303	9
62305	8
62307	34
62308	10
62309	0
62310	1
62311	2
62312	4
62314	2
62315	0
62316	1
62317	4
62318	2
62319	6
62320	13
62321	7
62322	41
62323	6
62324	8
62325	0
62326	6
62327	2
62328	3
62329	15
62330	15
62331	0
62332	0
62333	0
62334	0
62337	6
62338	1
62339	0
62340	6
62341	12
62342	0
62343	0
62344	8
62345	0
62348	1
62349	0
62350	7
62351	12
62352	7
62353	16
62354	0
62355	1
62357	0
62358	2
62359	10
62361	6
62362	3
62364	0
62365	2
62366	0
62367	0
62368	8
62369	13
62370	13
62371	0
62372	5
62373	2
62374	6
62375	1
62376	4
62377	0
62379	16
62380	5
62383	4
62384	4
62385	1
62386	10
62387	1
62388	2
62390	0
62391	2
62392	0
62393	2
62394	13
62395	7
62396	6
62397	0
62398	0
62399	10
62400	2
62401	5
62402	12
62403	7
62404	0
62405	7
62406	0
62407	0
62408	17
62409	16
62410	0
62411	2
62413	12
62414	0
62416	4
62417	0
62418	0
62419	12
62420	7
62422	0
62423	10
62425	0
62426	6
62427	3
62428	0
62429	7
62430	0
62431	11
62432	6
62433	0
62434	0
62435	0
62436	0
62437	4
62438	8
62440	1
62441	10
62442	7
62443	0
62444	0
62445	0
62446	0
62447	14
62448	16
62449	0
62450	10
62451	1
62452	0
62453	26
62454	8
62455	6
62456	10
62457	0
62458	0
62459	1
62460	1
62461	0
62462	16
62464	0
62465	0
62466	3
62467	4
62468	9
62469	0
62470	1
62471	9
62472	0
62474	4
62475	3
62476	3
62477	0
62478	9
62479	11
62480	0
62481	3
62482	0
62483	2
62484	0
62485	12
62486	3
62487	5
62488	0
62489	9
62490	0
62491	4
62493	9
62494	4
62495	4
62496	3
62498	1
62500	6
62501	8
62502	8
62503	0
62504	1
62505	18
62508	6
62509	6
62510	0
62511	0
62512	16
62513	0
62515	5
62516	4
62517	2
62519	11
62521	0
62522	2
62523	2
62524	1
62525	0
62526	0
62527	10
62528	0
62529	0
62530	0
62532	25
62534	11
62535	3
62536	16
62539	1
62540	4
62541	2
62542	7
62543	0
62544	10
62548	11
62549	6
62550	21
62551	0
62553	16
62554	0
62555	14
62557	4
62559	11
62560	0
62561	7
62562	0
62563	4
62564	3
62565	12
62566	2
62567	2
62568	10
62569	0
62570	0
62572	13
62574	4
62575	0
62576	0
62577	2
62578	6
62579	8
62580	12
62581	2
62582	11
62584	5
62585	2
62586	14
62587	0
62588	7
62589	9
62590	0
62591	7
62593	6
62594	2
62595	0
62596	1
62597	27
62598	3
62599	7
62600	0
62601	0
62602	0
62603	14
62604	0
62605	1
62606	10
62609	5
62610	1
62612	5
62613	3
62614	9
62616	6
62617	2
62618	2
62619	0
62620	0
62622	0
62624	8
62625	6
62626	0
62627	1
62628	0
62629	0
62630	2
62631	0
62632	9
62634	1
62635	13
62636	0
62637	0
62638	1
62639	6
62640	3
62641	3
62642	0
62643	10
62645	15
62647	9
62648	4
62649	5
62650	0
62651	15
62652	8
62653	19
62654	0
62656	0
62657	6
62658	0
62659	0
62660	8
62661	13
62663	6
62664	2
62665	11
62666	11
62667	0
62669	32
62670	13
62672	1
62673	3
62674	8
62675	9
62676	12
62677	5
62678	0
62679	0
62680	0
62681	5
62684	0
62685	5
62686	0
62688	13
62689	4
62690	1
62691	0
62692	0
62693	0
62694	0
62695	0
62696	0
62697	0
62699	14
62700	5
62701	10
62702	1
62703	2
62704	7
62705	8
62707	6
62708	4
62709	4
62710	0
62711	16
62712	5
62713	5
62714	1
62715	7
62716	1
62717	18
62718	3
62719	10
62721	4
62722	5
62724	0
62726	7
62727	1
62728	4
62729	0
62730	4
62731	1
62732	0
62733	0
62734	4
62735	0
62736	3
62737	0
62739	3
62740	0
62742	0
62743	0
62744	2
62745	5
62746	14
62748	0
62749	0
62750	0
62752	29
62753	9
62754	0
62755	0
62756	7
62758	0
62759	1
62760	0
62761	2
62763	3
62764	10
62765	4
62766	5
62768	19
62769	0
62770	3
62771	0
62772	0
62773	12
62774	14
62775	6
62776	3
62777	1
62778	13
62779	2
62780	3
62781	8
62782	0
62783	0
62784	8
62785	9
62786	0
62787	0
62788	0
62789	3
62790	5
62791	0
62792	13
62795	9
62796	2
62797	6
62798	0
62799	5
62800	5
62801	10
62802	3
62804	3
62805	6
62806	9
62807	7
62809	9
62810	10
62811	1
62812	0
62813	0
62814	2
62815	0
62816	9
62817	1
62818	0
62819	12
62820	2
62821	6
62822	3
62823	2
62824	0
62825	2
62826	0
62827	3
62828	7
62829	11
62830	8
62832	7
62833	3
62834	1
62835	7
62836	13
62838	0
62839	0
62840	3
62841	27
62843	4
62845	2
62846	8
62847	4
62848	4
62851	0
62852	2
62853	9
62854	3
62855	0
62856	1
62857	3
62858	3
62859	14
62860	0
62861	0
62862	0
62863	15
62864	0
62865	3
62866	2
62867	33
62868	6
62869	3
62870	5
62871	4
62872	5
62873	6
62874	2
62875	0
62876	3
62877	3
62878	10
62881	0
62882	1
62883	6
62884	3
62885	9
62886	2
62888	9
62889	1
62891	3
62892	0
62893	0
62894	2
62895	0
62896	3
62897	5
62898	6
62899	14
62900	7
62901	1
62902	4
62903	1
62904	0
62905	0
62906	1
62907	9
62908	0
62909	14
62910	0
62911	14
62912	0
62913	10
62914	0
62915	9
62916	11
62917	0
62919	10
62920	10
62921	0
62922	4
62923	0
62924	7
62925	3
62926	0
62927	3
62928	2
62929	2
62930	6
62932	6
62934	4
62935	0
62936	0
62937	0
62938	0
62939	0
62941	10
62942	1
62943	16
62945	3
62946	1
62947	4
62948	12
62949	3
62951	24
62953	0
62954	3
62955	6
62956	3
62957	0
62958	0
62959	4
62961	14
62962	0
62963	1
62964	14
62965	5
62966	13
62967	16
62968	26
62969	11
62970	7
62971	13
62972	1
62973	0
62974	5
62975	21
62976	0
62977	1
62978	16
62979	0
62980	7
62981	0
62982	3
62983	2
62984	0
62985	0
62987	0
62988	0
62989	3
62990	12
62991	1
62992	0
62994	7
62995	8
62996	3
62997	0
62999	4
63000	10
63001	9
63002	0
63003	6
63004	0
63005	0
63006	4
63008	4
63009	2
63010	1
63012	10
63013	7
63014	7
63015	2
63016	0
63017	0
63019	13
63020	0
63021	1
63022	5
63024	4
63025	0
63026	2
63027	6
63028	0
63029	6
63030	28
63031	4
63032	0
63033	1
63034	13
63035	5
63036	0
63037	9
63038	5
63039	0
63040	8
63041	0
63042	0
63043	11
63044	2
63045	5
63046	11
63047	4
63048	0
63049	1
63050	11
63051	15
63052	7
63053	0
63054	2
63055	9
63056	2
63057	0
63059	5
63060	0
63061	11
63062	0
63063	0
63064	0
63065	3
63066	5
63067	0
63068	2
63069	8
63070	2
63071	6
63073	7
63074	0
63075	8
63076	5
63077	9
63078	6
63079	5
63080	4
63081	1
63082	0
63083	1
63084	0
63085	4
63087	0
63090	0
63091	6
63093	8
63094	6
63096	13
63097	0
63098	5
63099	0
63100	16
63102	13
63105	0
63106	5
63107	3
63108	22
63109	1
63111	14
63112	8
63113	0
63114	8
63115	0
63116	0
63117	0
63118	0
63119	4
63120	1
63121	8
63122	1
63125	4
63126	0
63127	9
63128	4
63129	11
63130	6
63131	4
63133	10
63134	5
63135	3
63136	4
63137	6
63138	5
63139	0
63140	15
63142	7
63143	2
63144	8
63145	2
63146	14
63147	0
63148	0
63149	15
63150	0
63151	33
63152	4
63153	1
63154	13
63155	14
63156	3
63157	1
63158	1
63159	7
63160	0
63161	2
63162	3
63163	6
63164	9
63165	2
63166	2
63167	0
63168	12
63169	0
63170	5
63171	7
63173	8
63174	2
63175	5
63176	10
63178	4
63180	2
63182	0
63183	1
63184	0
63185	9
63186	0
63187	7
63188	22
63189	0
63190	0
63191	10
63192	0
63193	11
63194	3
63196	3
63197	1
63198	5
63199	1
63200	4
63201	5
63202	6
63203	1
63204	16
63205	0
63206	25
63207	0
63208	1
63209	0
63210	4
63211	21
63212	20
63213	2
63214	10
63215	11
63216	8
63217	5
63218	0
63220	0
63221	4
63222	6
63223	3
63225	16
63226	23
63227	0
63229	8
63230	2
63231	0
63232	8
63233	2
63234	2
63236	12
63237	15
63238	2
63239	0
63240	5
63241	7
63243	4
63244	9
63245	2
63246	2
63247	11
63248	1
63249	1
63250	16
63251	9
63252	10
63253	5
63254	17
63255	1
63256	10
63257	5
63259	5
63260	2
63261	1
63263	0
63264	0
63265	5
63266	0
63267	10
63268	2
63269	1
63271	9
63272	2
63276	3
63277	0
63278	0
63279	24
63281	5
63282	9
63283	6
63284	5
63286	2
63287	12
63289	3
63290	10
63291	11
63292	5
63293	13
63294	5
63296	0
63297	0
63298	4
63299	18
63301	9
63303	2
63304	0
63305	3
63306	0
63307	0
63308	2
63309	0
63310	0
63311	3
63312	4
63313	0
63314	2
63315	0
63316	3
63317	27
63318	4
63319	13
63320	12
63321	4
63322	4
63323	1
63324	7
63325	3
63326	7
63327	1
63328	7
63329	9
63330	0
63331	3
63332	0
63333	11
63334	3
63335	8
63337	12
63338	0
63339	2
63340	0
63341	0
63342	2
63343	3
63344	0
63345	4
63346	6
63347	12
63348	7
63349	5
63350	4
63351	1
63352	3
63354	6
63355	0
63360	4
63361	2
63362	20
63363	4
63364	0
63365	8
63366	0
63367	4
63369	0
63370	10
63371	0
63374	5
63375	0
63376	13
63377	0
63379	0
63380	6
63381	0
63382	6
63383	0
63385	4
63387	21
63388	3
63389	2
63390	11
63391	6
63392	3
63393	0
63394	10
63398	0
63399	0
63400	5
63401	6
63402	0
63403	0
63404	0
63405	7
63406	0
63407	5
63408	24
63409	25
63410	8
63411	6
63413	3
63414	2
63415	0
63417	17
63418	0
63419	6
63421	11
63422	1
63423	5
63424	0
63425	1
63426	1
63427	14
63428	10
63429	0
63431	3
63432	2
63433	0
63434	1
63435	6
63436	6
63437	13
63438	5
63439	3
63440	3
63442	0
63443	1
63445	6
63447	11
63448	0
63451	4
63454	5
63455	0
63458	4
63460	3
63461	1
63462	3
63463	2
63465	0
63466	0
63468	1
63469	10
63470	5
63471	17
63472	13
63473	16
63474	0
63475	0
63476	1
63478	1
63479	10
63481	4
63482	0
63483	1
63484	2
63485	10
63486	3
63487	22
63488	3
63489	11
63490	13
63491	24
63492	12
63495	15
63496	2
63497	1
63498	18
63499	3
63500	5
63501	3
63503	3
63504	0
63505	31
63507	8
63508	5
63509	5
63510	0
63511	6
63512	8
63513	0
63514	1
63515	2
63516	0
63517	9
63518	10
63519	3
63520	0
63521	0
63522	1
63523	7
63524	4
63526	0
63527	1
63528	3
63529	4
63530	0
63531	4
63533	8
63534	2
63535	3
63536	11
63537	2
63538	11
63539	14
63540	1
63541	0
63542	10
63543	12
63544	6
63545	0
63546	6
63547	9
63548	0
63549	18
63551	5
63552	0
63553	14
63554	4
63555	0
63556	0
63558	0
63559	2
63560	3
63561	8
63563	0
63564	1
63565	2
63566	11
63567	2
63568	0
63569	3
63571	0
63572	8
63573	0
63574	9
63575	9
63576	1
63577	0
63578	1
63579	20
63580	4
63581	16
63582	0
63583	1
63584	8
63585	0
63586	4
63587	2
63588	12
63589	2
63590	9
63591	0
63593	1
63594	7
63595	1
63596	5
63597	9
63598	10
63599	0
63600	8
63601	0
63602	8
63603	0
63604	9
63605	0
63606	2
63608	9
63609	3
63610	17
63611	5
63612	1
63613	0
63614	0
63615	23
63617	0
63618	1
63620	7
63621	0
63622	1
63623	1
63624	2
63625	0
63626	1
63627	6
63628	13
63629	10
63630	0
63632	4
63633	2
63634	5
63635	0
63636	1
63637	0
63638	2
63640	2
63641	4
63642	1
63643	0
63645	3
63646	4
63647	6
63649	6
63650	17
63651	1
63652	5
63653	0
63654	7
63655	5
63656	7
63657	1
63658	29
63659	0
63660	0
63661	5
63662	10
63664	0
63665	10
63666	31
63667	21
63668	9
63669	8
63670	10
63671	4
63672	0
63673	0
63674	2
63675	2
63676	6
63677	4
63678	22
63680	9
63681	3
63682	16
63683	0
63684	0
63687	0
63688	17
63689	1
63690	3
63691	12
63692	10
63694	19
63695	9
63696	2
63697	7
63699	2
63700	2
63702	0
63703	1
63704	3
63705	5
63706	0
63707	8
63708	0
63709	15
63710	3
63711	6
63712	9
63713	5
63714	1
63715	9
63717	4
63718	0
63719	3
63720	2
63721	0
63723	0
63724	0
63725	3
63726	2
63727	12
63728	0
63729	0
63730	5
63731	14
63732	2
63733	0
63735	0
63736	9
63738	0
63739	0
63743	22
63744	13
63745	1
63746	5
63747	7
63749	5
63750	6
63751	9
63752	3
63753	3
63754	1
63755	8
63756	8
63757	8
63758	17
63759	1
63760	3
63761	0
63762	11
63763	2
63764	4
63765	2
63767	0
63768	7
63770	3
63771	2
63773	1
63774	5
63775	3
63776	1
63777	10
63778	5
63779	6
63781	13
63782	1
63783	13
63785	0
63786	10
63787	1
63788	8
63789	1
63791	12
63792	8
63793	6
63794	9
63795	4
63796	0
63797	4
63798	9
63799	6
63800	2
63801	0
63802	12
63803	3
63804	22
63805	10
63806	1
63807	5
63809	9
63810	8
63811	12
63813	0
63814	17
63815	3
63816	9
63817	0
63818	3
63819	0
63820	5
63821	2
63823	8
63824	10
63825	8
63826	13
63827	0
63828	9
63829	4
63831	1
63832	0
63833	0
63834	0
63835	4
63837	8
63838	4
63839	2
63840	1
63841	3
63842	12
63843	0
63844	5
63845	1
63846	2
63847	11
63848	15
63849	6
63850	8
63852	8
63854	1
63855	10
63856	6
63857	4
63858	0
63859	0
63860	5
63861	11
63862	0
63863	0
63864	13
63866	3
63867	7
63868	1
63869	0
63870	0
63871	0
63872	0
63873	0
63874	24
63875	1
63876	11
63878	8
63879	3
63880	15
63881	15
63883	1
63884	1
63885	19
63886	0
63887	0
63888	5
63889	2
63890	1
63891	2
63892	3
63893	0
63894	1
63895	30
63897	0
63898	8
63899	0
63900	8
63901	3
63902	5
63903	0
63904	0
63905	1
63906	1
63907	6
63908	6
63909	3
63910	16
63911	1
63912	0
63913	11
63914	2
63915	0
63916	0
63917	4
63918	12
63919	4
63920	5
63921	4
63922	2
63923	5
63924	6
63925	12
63927	6
63928	9
63929	8
63930	7
63931	1
63932	0
63934	6
63936	2
63937	0
63938	21
63939	9
63940	3
63941	14
63942	8
63943	5
63945	1
63946	4
63948	21
63949	8
63950	10
63951	0
63952	0
63953	0
63954	1
63955	5
63956	2
63957	3
63958	26
63959	0
63960	9
63961	1
63962	0
63965	4
63966	12
63968	8
63969	14
63971	3
63972	11
63973	5
63974	8
63977	0
63978	9
63979	13
63980	3
63981	0
63982	2
63983	15
63984	11
63985	4
63986	0
63988	8
63989	0
63990	3
63991	7
63992	14
63993	2
63994	9
63995	4
63996	0
63997	3
63998	2
63999	10
64000	2
64001	6
64002	6
64003	0
64005	7
64006	2
64007	0
64008	1
64009	12
64010	7
64011	4
64012	4
64014	2
64015	11
64016	4
64017	0
64018	5
64019	6
64020	3
64021	1
64022	7
64023	0
64024	2
64025	12
64026	0
64027	0
64028	0
64029	4
64031	18
64033	8
64034	0
64037	3
64038	6
64039	0
64040	10
64041	6
64042	15
64043	0
64044	1
64045	4
64046	3
64047	0
64048	0
64049	1
64050	3
64051	1
64052	2
64053	3
64054	0
64055	13
64056	10
64058	0
64059	9
64060	0
64061	12
64062	0
64063	16
64064	7
64065	11
64066	1
64067	0
64068	2
64069	0
64070	7
64072	7
64073	0
64074	2
64075	5
64076	4
64078	3
64079	13
64080	3
64081	17
64082	3
64083	7
64084	22
64085	1
64087	0
64088	0
64089	0
64090	1
64092	0
64093	7
64094	4
64095	6
64096	0
64097	1
64098	7
64099	0
64100	0
64101	0
64103	0
64104	8
64105	7
64106	2
64107	4
64108	0
64110	3
64111	3
64112	0
64113	19
64114	5
64115	0
64116	1
64117	18
64118	10
64119	6
64120	12
64122	5
64123	1
64125	6
64126	0
64127	3
64128	3
64129	8
64130	2
64131	16
64132	16
64133	6
64134	7
64135	11
64136	3
64137	10
64138	3
64139	0
64140	3
64141	1
64143	1
64144	32
64145	3
64146	0
64147	16
64148	12
64149	2
64150	13
64151	0
64152	5
64153	6
64154	14
64155	2
64156	0
64157	0
64158	3
64160	6
64162	14
64164	3
64165	5
64166	7
64168	13
64170	0
64171	0
64172	12
64173	1
64174	7
64175	10
64176	4
64177	8
64178	0
64180	7
64181	19
64182	4
64183	19
64185	2
64186	0
64187	7
64188	1
64189	12
64190	0
64191	0
64192	5
64193	9
64194	3
64195	1
64196	0
64197	8
64198	0
64199	1
64200	10
64201	6
64202	4
64203	0
64204	3
64205	5
64206	4
64209	19
64210	5
64211	3
64212	2
64213	21
64214	0
64215	2
64216	17
64217	3
64218	6
64219	0
64220	13
64221	14
64222	2
64223	0
64225	2
64226	19
64227	11
64228	10
64230	2
64231	0
64233	2
64234	35
64236	0
64237	0
64238	0
64239	11
64240	19
64241	6
64242	4
64243	0
64244	0
64245	0
64246	9
64247	0
64248	0
64249	8
64250	4
64253	0
64255	0
64256	2
64257	5
64258	0
64259	1
64260	4
64261	0
64262	3
64264	20
64265	20
64266	5
64268	1
64269	1
64270	3
64271	9
64272	0
64273	0
64274	0
64275	5
64276	0
64277	2
64279	2
64280	8
64281	2
64282	2
64283	1
64284	12
64286	2
64287	0
64288	1
64291	5
64292	5
64293	0
64294	6
64295	18
64296	0
64297	18
64298	0
64300	6
64301	0
64302	0
64303	0
64304	7
64305	18
64306	27
64307	3
64308	0
64309	1
64310	2
64311	0
64312	1
64313	15
64314	4
64316	0
64317	0
64318	4
64319	0
64320	0
64321	2
64322	4
64323	4
64324	2
64325	0
64326	2
64327	4
64328	16
64329	0
64330	0
64332	4
64333	2
64334	26
64335	0
64336	0
64337	4
64340	4
64341	8
64343	7
64344	12
64345	0
64346	0
64347	8
64348	9
64349	2
64350	0
64352	10
64354	1
64355	7
64356	7
64357	0
64358	19
64359	7
64360	1
64362	0
64363	1
64364	1
64365	3
64366	0
64367	0
64368	0
64369	7
64370	0
64372	0
64373	16
64374	6
64375	0
64376	0
64378	7
64380	5
64381	1
64382	0
64383	8
64384	6
64385	11
64386	20
64387	2
64388	14
64389	1
64390	3
64391	11
64392	0
64393	9
64394	0
64395	7
64396	14
64397	4
64398	0
64401	6
64402	0
64404	4
64405	23
64406	2
64407	4
64408	0
64409	2
64410	6
64411	5
64412	6
64413	9
64415	10
64416	13
64417	0
64419	2
64420	20
64421	3
64422	0
64423	0
64425	20
64426	0
64427	0
64428	19
64429	7
64430	0
64431	4
64433	0
64434	25
64435	2
64436	5
64440	0
64441	13
64442	8
64443	1
64444	2
64445	9
64446	0
64448	10
64449	10
64450	13
64451	0
64452	2
64453	0
64454	0
64455	26
64456	7
64457	1
64458	6
64459	10
64461	0
64462	10
64464	10
64465	0
64466	6
64467	0
64468	12
64470	1
64471	3
64472	0
64473	15
64474	0
64475	10
64476	5
64477	1
64478	2
64479	6
64480	3
64481	8
64482	0
64483	0
64484	5
64485	8
64487	7
64488	14
64489	10
64490	26
64491	0
64492	23
64493	9
64494	12
64496	7
64497	1
64498	4
64500	12
64501	0
64502	1
64503	0
64504	2
64505	1
64507	6
64508	10
64509	16
64511	2
64512	3
64513	13
64514	9
64515	0
64517	3
64518	4
64521	17
64522	12
64523	2
64524	4
64525	5
64526	12
64527	26
64529	9
64532	3
64533	0
64534	0
64535	6
64536	13
64538	6
64539	17
64543	9
64544	3
64545	2
64547	0
64549	7
64550	0
64551	7
64553	0
64555	12
64556	5
64560	26
64561	2
64563	1
64564	16
64565	4
64566	0
64567	15
64568	11
64569	0
64570	0
64572	0
64573	3
64574	2
64575	9
64576	3
64577	5
64579	0
64580	0
64581	9
64583	1
64584	0
64585	3
64587	1
64589	5
64590	5
64592	4
64593	9
64594	0
64595	0
64596	1
64597	4
64599	11
64600	7
64601	8
64602	0
64603	1
64604	1
64605	4
64606	0
64607	8
64608	0
64609	3
64610	0
64611	10
64614	0
64616	8
64617	12
64618	7
64619	4
64620	0
64621	0
64623	0
64624	6
64625	2
64626	3
64627	17
64628	13
64629	8
64630	15
64631	25
64632	3
64633	11
64634	0
64635	19
64636	4
64637	0
64638	12
64639	25
64640	8
64641	2
64642	7
64643	2
64644	5
64645	5
64646	0
64647	18
64648	3
64649	1
64651	3
64652	7
64653	2
64654	0
64655	1
64656	3
64657	8
64658	11
64659	0
64661	0
64662	0
64663	4
64664	1
64665	5
64666	14
64667	10
64668	2
64669	0
64670	0
64671	15
64672	7
64673	10
64674	0
64675	2
64676	5
64677	15
64678	0
64679	2
64680	9
64682	12
64683	0
64684	2
64685	3
64686	2
64687	5
64689	2
64690	10
64691	8
64692	10
64693	32
64694	8
64695	0
64696	8
64697	1
64698	3
64699	13
64700	3
64701	11
64702	15
64703	9
64704	17
64705	0
64706	0
64707	0
64708	10
64709	7
64710	7
64711	0
64712	5
64713	6
64714	1
64715	6
64716	0
64717	3
64718	6
64719	1
64720	5
64721	0
64723	7
64724	1
64725	0
64727	18
64728	0
64729	0
64730	4
64731	0
64733	0
64734	2
64735	6
64736	0
64737	1
64739	0
64741	2
64742	5
64743	22
64744	5
64745	22
64746	0
64747	1
64748	5
64749	0
64750	0
64751	3
64752	7
64753	11
64754	8
64756	5
64758	5
64759	9
64760	7
64761	6
64762	1
64763	0
64764	7
64766	2
64767	0
64768	2
64769	0
64770	2
64771	23
64772	2
64773	11
64774	19
64775	0
64776	7
64777	0
64778	0
64779	1
64780	0
64781	0
64782	0
64783	2
64784	0
64785	11
64786	0
64787	8
64788	0
64789	1
64792	6
64793	5
64794	0
64795	0
64796	6
64797	2
64798	18
64799	19
64800	14
64801	7
64802	0
64804	0
64805	5
64806	7
64807	4
64808	0
64809	13
64810	9
64811	2
64812	0
64813	6
64814	1
64815	0
64816	6
64818	18
64819	3
64820	0
64821	0
64822	6
64823	18
64824	9
64825	3
64826	0
64827	1
64829	23
64830	2
64831	12
64832	9
64833	23
64834	19
64835	7
64836	0
64837	0
64838	4
64839	8
64840	5
64841	6
64842	13
64843	19
64844	0
64845	0
64846	2
64847	0
64848	13
64849	2
64850	7
64851	6
64852	0
64853	0
64856	0
64857	5
64859	3
64860	0
64861	0
64863	0
64865	3
64866	10
64867	14
64868	11
64869	0
64870	1
64871	6
64872	5
64873	2
64874	0
64876	2
64877	28
64878	4
64879	5
64880	8
64881	4
64883	7
64884	0
64885	13
64886	7
64887	14
64889	0
64890	1
64891	9
64894	7
64895	10
64896	11
64897	15
64898	15
64899	2
64900	4
64901	2
64903	7
64904	18
64905	2
64906	6
64908	6
64909	2
64910	12
64911	0
64912	1
64913	0
64915	23
64916	0
64917	7
64918	0
64919	1
64921	12
64922	0
64923	1
64924	6
64925	0
64926	3
64927	4
64928	12
64929	0
64930	3
64931	4
64932	6
64933	1
64934	0
64936	1
64938	2
64939	6
64940	5
64941	10
64942	15
64943	17
64944	11
64946	0
64947	3
64948	0
64950	24
64951	0
64952	0
64953	0
64955	0
64957	0
64958	0
64959	0
64960	0
64961	9
64963	1
64964	15
64965	0
64966	0
64967	1
64968	1
64969	0
64970	1
64971	5
64972	9
64973	10
64974	0
64976	7
64977	6
64978	6
64979	2
64980	0
64981	3
64982	3
64983	9
64984	7
64985	4
64986	7
64987	0
64988	0
64989	12
64990	3
64991	1
64992	6
64993	6
64994	7
64996	5
64997	19
64998	1
64999	12
65000	6
65001	2
65002	5
65003	3
65004	0
65005	14
65006	0
65008	9
65009	14
65010	3
65012	2
65013	1
65014	6
65015	8
65016	0
65018	15
65019	10
65020	8
65021	2
65022	2
65023	5
65024	12
65025	3
65026	14
65028	2
65030	2
65031	6
65032	0
65034	4
65036	15
65037	0
65038	0
65039	0
65040	4
65042	3
65043	4
65044	0
65045	2
65046	0
65047	2
65048	2
65049	2
65050	4
65051	1
65052	16
65053	0
65054	2
65055	0
65056	0
65057	3
65059	0
65060	15
65061	4
65062	0
65063	0
65064	0
65065	7
65066	0
65067	0
65068	3
65070	0
65071	6
65072	0
65073	1
65074	5
65075	2
65076	0
65077	12
65078	13
65080	15
65081	7
65082	0
65084	3
65085	5
65086	0
65088	6
65089	0
65090	7
65091	6
65093	5
65094	0
65095	4
65096	0
65097	5
65098	3
65099	6
65101	0
65102	15
65103	17
65104	3
65105	3
65106	0
65107	1
65108	0
65109	10
65111	2
65112	0
65113	7
65114	4
65115	0
65116	2
65117	1
65118	1
65119	0
65120	1
65121	5
65122	0
65123	0
65124	11
65125	4
65126	6
65127	11
65128	12
65129	4
65130	6
65131	2
65132	5
65133	0
65134	3
65135	4
65136	1
65137	5
65138	5
65139	7
65140	1
65141	0
65142	1
65143	0
65144	3
65145	17
65146	0
65149	0
65150	2
65151	12
65152	0
65153	0
65155	0
65159	3
65160	0
65161	1
65162	0
65163	6
65164	5
65167	2
65168	4
65169	15
65170	5
65171	9
65172	2
65173	0
65174	10
65175	0
65177	25
65178	14
65179	4
65181	23
65182	3
65184	0
65185	0
65187	1
65189	9
65190	6
65191	0
65192	0
65194	0
65195	15
65196	0
65197	8
65198	4
65199	5
65200	0
65201	4
65202	2
65203	1
65204	5
65205	0
65206	6
65208	1
65210	17
65213	5
65214	9
65215	7
65216	0
65217	2
65218	0
65219	1
65220	11
65221	9
65222	3
65223	23
65226	13
65227	0
65228	4
65229	0
65230	7
65231	0
65233	0
65234	0
65235	1
65236	10
65237	4
65238	3
65239	0
65240	14
65241	10
65242	1
65243	4
65244	5
65245	11
65246	0
65247	4
65248	9
65249	0
65250	5
65251	7
65252	0
65253	2
65254	0
65257	0
65258	2
65259	2
65261	0
65262	0
65264	2
65266	14
65267	1
65268	9
65269	0
65270	0
65271	1
65272	9
65273	3
65274	2
65275	7
65276	7
65277	5
65278	1
65279	0
65280	2
65281	5
65283	8
65284	0
65285	0
65286	3
65287	1
65288	2
65289	8
65291	13
65293	0
65294	0
65295	4
65296	0
65297	0
65298	13
65300	0
65302	0
65303	5
65304	10
65305	3
65306	0
65307	4
65308	0
65309	0
65311	2
65312	2
65313	6
65315	2
65316	1
65317	0
65318	0
65319	3
65321	0
65322	3
65323	1
65324	2
65325	16
65326	9
65327	1
65328	9
65329	14
65330	0
65331	0
65332	1
65333	1
65334	10
65336	7
65337	4
65338	3
65339	4
65340	0
65342	0
65343	2
65344	4
65345	6
65346	15
65347	11
65348	12
65349	0
65350	2
65351	6
65353	4
65354	5
65355	7
65356	4
65357	2
65358	32
65359	2
65361	2
65362	2
65364	6
65365	3
65366	8
65367	0
65368	20
65369	0
65370	0
65371	0
65372	0
65373	0
65374	10
65375	7
65376	0
65377	1
65378	7
65379	1
65380	4
65381	1
65382	2
65383	1
65384	12
65386	0
65387	9
65389	14
65390	5
65391	0
65392	6
65393	2
65394	0
65395	1
65396	3
65397	11
65398	15
65399	1
65400	2
65402	4
65403	5
65404	5
65405	0
65406	7
65407	0
65408	5
65409	0
65410	2
65411	27
65412	15
65413	1
65415	0
65416	4
65417	4
65418	4
65419	1
65420	1
65421	13
65423	10
65424	0
65425	2
65426	1
65428	4
65429	16
65430	8
65431	2
65432	28
65434	6
65435	1
65436	6
65437	18
65438	5
65440	2
65441	15
65443	13
65444	1
65445	1
65446	3
65447	0
65448	12
65449	1
65451	9
65452	0
65453	0
65454	0
65455	0
65456	3
65457	2
65458	5
65459	8
65460	9
65461	2
65462	3
65463	12
65464	2
65465	13
65466	5
65467	0
65469	17
65470	8
65471	17
65472	2
65473	9
65474	3
65475	0
65477	8
65478	2
65479	5
65480	2
65481	0
65482	8
65483	2
65484	14
65485	2
65486	3
65487	2
65488	2
65489	0
65490	2
65491	5
65492	12
65493	1
65494	4
65495	9
65496	7
65497	7
65498	6
65499	0
65500	0
65501	2
65502	12
65503	3
65504	20
65505	0
65506	7
65508	3
65509	18
65510	2
65511	0
65512	0
65513	4
65514	11
65515	9
65516	3
65517	0
65519	0
65520	24
65521	10
65522	1
65523	1
65524	12
65525	0
65526	13
65527	19
65528	9
65529	0
65530	6
65531	0
65532	5
65534	8
65535	0
65536	0
65537	3
65538	12
65539	2
65540	15
65542	1
65544	0
65545	3
65546	9
65547	0
65548	10
65549	1
65550	8
65551	0
65553	5
65554	0
65555	3
65557	13
65559	12
65561	0
65562	4
65563	5
65564	17
65565	0
65567	12
65568	0
65569	11
65570	0
65572	29
65573	1
65574	0
65575	0
65576	0
65578	12
65579	6
65580	0
65581	10
65582	10
65583	0
65584	8
65585	0
65586	2
65587	11
65588	7
65589	12
65591	13
65592	6
65593	0
65594	6
65596	0
65597	0
65598	7
65599	11
65600	0
65601	10
65602	1
65605	2
65606	15
65608	1
65609	0
65610	10
65611	0
65612	3
65613	7
65614	4
65615	12
65616	3
65617	0
65618	7
65619	9
65620	8
65621	3
65622	14
65623	0
65625	0
65626	0
65627	4
65628	6
65629	17
65630	0
65631	2
65632	6
65633	0
65634	11
65635	0
65636	6
65637	5
65638	3
65639	0
65640	5
65642	7
65643	3
65644	0
65645	5
65646	0
65647	3
65648	0
65649	5
65650	4
65651	0
65652	0
65653	2
65654	4
65656	0
65658	5
65659	19
65660	6
65661	2
65663	4
65664	3
65665	9
65666	4
65667	8
65668	2
65669	12
65670	0
65671	10
65672	14
65673	13
65674	14
65675	0
65676	1
65677	0
65679	5
65680	12
65681	0
65682	12
65683	6
65685	2
65687	13
65688	2
65689	1
65690	0
65691	8
65692	1
65693	2
65694	8
65695	0
65696	0
65697	12
65698	8
65699	0
65700	0
65701	3
65702	3
65703	2
65704	0
65705	4
65706	0
65708	0
65709	13
65710	1
65711	8
65712	4
65715	0
65716	0
65717	4
65718	5
65719	13
65721	0
65722	8
65723	3
65725	6
65726	4
65727	1
65728	2
65729	0
65730	0
65731	0
65732	0
65733	15
65734	4
65735	1
65737	10
65738	5
65739	2
65740	1
65742	14
65743	1
65744	9
65746	1
65747	13
65748	0
65749	13
65750	7
65751	0
65752	10
65753	0
65754	0
65755	5
65756	6
65757	6
65758	0
65760	6
65761	23
65762	2
65763	6
65764	0
65765	3
65766	0
65767	0
65768	13
65769	0
65770	6
65771	13
65772	11
65773	5
65774	1
65775	10
65776	4
65777	3
65778	0
65779	0
65780	10
65781	13
65782	0
65783	17
65784	2
65785	3
65786	3
65787	3
65788	0
65789	5
65790	3
65791	4
65792	4
65793	3
65794	0
65796	0
65797	8
65798	24
65799	6
65802	9
65803	2
65805	0
65806	8
65807	2
65810	1
65811	0
65812	18
65813	6
65814	1
65815	0
65816	3
65817	3
65818	7
65819	0
65821	9
65823	3
65824	0
65825	0
65826	7
65827	2
65828	0
65829	11
65830	8
65831	7
65832	0
65833	10
65834	3
65836	7
65837	7
65838	0
65839	0
65840	7
65842	2
65843	7
65845	11
65846	2
65847	9
65848	6
65849	19
65850	8
65851	7
65852	9
65853	3
65854	11
65856	4
65857	0
65858	16
65859	5
65860	1
65861	1
65862	5
65863	13
65865	3
65866	3
65867	12
65868	1
65869	0
65870	4
65871	1
65872	0
65873	23
65874	0
65875	14
65876	3
65878	3
65879	5
65880	0
65881	0
65882	5
65883	2
65884	0
65885	1
65886	0
65887	0
65889	3
65890	0
65891	13
65892	0
65893	6
65895	7
65896	19
65897	0
65898	14
65899	6
65900	0
65901	4
65902	2
65903	4
65904	0
65906	6
65907	15
65909	0
65910	0
65911	5
65912	0
65913	10
65915	9
65916	23
65918	0
65919	16
65920	6
65921	11
65922	15
65923	3
65924	0
65925	1
65926	7
65928	0
65929	6
65930	4
65931	0
65932	10
65933	2
65934	5
65935	3
65936	7
65938	0
65939	0
65941	3
65942	3
65943	2
65944	3
65945	0
65947	0
65948	0
65949	26
65950	16
65953	1
65954	9
65955	0
65956	1
65957	0
65958	7
65959	4
65960	9
65962	1
65964	17
65965	9
65966	10
65969	7
65970	9
65971	3
65972	6
65973	10
65974	2
65975	0
65976	0
65977	2
65978	0
65979	4
65980	7
65981	17
65982	11
65983	16
65984	16
65985	0
65986	1
65987	6
65988	5
65989	2
65990	3
65991	5
65992	1
65993	12
65994	19
65995	0
65996	1
65997	1
65999	19
66000	2
66001	3
66002	5
66003	16
66004	1
66005	5
66006	3
66009	1
66010	0
66011	0
66012	2
66013	0
66014	8
66015	12
66016	2
66017	2
66018	1
66019	14
66020	0
66021	19
66022	1
66024	9
66025	11
66026	15
66027	15
66028	0
66029	12
66030	4
66031	12
66032	0
66033	3
66035	8
66037	8
66039	1
66040	0
66041	8
66042	0
66045	5
66046	15
66047	0
66048	2
66049	0
66050	17
66052	11
66053	14
66054	8
66055	0
66056	8
66057	3
66058	27
66059	2
66060	14
66061	4
66062	5
66063	4
66064	2
66065	3
66066	1
66067	1
66068	4
66070	0
66071	0
66072	0
66073	13
66074	2
66075	7
66076	3
66077	2
66078	4
66079	6
66080	0
66081	1
66082	0
66083	17
66084	16
66087	2
66088	0
66089	23
66090	8
66091	0
66092	0
66093	2
66094	0
66095	0
66096	5
66097	4
66099	6
66100	1
66101	2
66102	5
66103	3
66104	21
66105	5
66106	0
66107	2
66108	2
66109	13
66110	0
66111	0
66113	1
66114	11
66115	4
66117	1
66118	11
66119	9
66121	0
66122	13
66125	20
66126	0
66127	0
66128	2
66129	5
66130	15
66131	13
66132	2
66134	0
66135	0
66136	3
66137	9
66138	5
66139	1
66140	4
66141	0
66142	3
66143	5
66144	3
66145	1
66146	3
66147	2
66151	9
66152	6
66154	0
66155	0
66156	1
66157	0
66158	12
66159	2
66160	5
66161	0
66162	12
66163	5
66164	20
66165	17
66166	6
66167	1
66168	0
66169	0
66170	0
66171	11
66172	5
66173	0
66174	9
66175	8
66177	0
66178	3
66179	0
66180	1
66181	7
66182	16
66183	8
66184	2
66185	1
66186	9
66187	1
66188	0
66189	5
66190	4
66191	0
66192	0
66193	4
66194	0
66195	4
66196	0
66197	3
66200	6
66201	35
66202	0
66203	1
66205	4
66206	11
66207	2
66208	5
66209	2
66211	1
66212	9
66213	6
66214	2
66215	0
66216	4
66217	0
66218	0
66219	12
66221	5
66222	2
66223	2
66224	6
66225	2
66226	6
66227	2
66228	0
66229	9
66230	25
66231	4
66232	8
66233	9
66235	0
66236	3
66237	8
66238	26
66240	8
66241	5
66242	2
66243	0
66244	10
66246	6
66247	12
66249	9
66250	8
66251	0
66252	1
66253	14
66254	0
66255	18
66256	6
66258	6
66259	7
66261	0
66262	0
66263	2
66264	0
66266	9
66268	0
66269	7
66270	1
66271	0
66272	8
66273	0
66275	18
66276	0
66277	6
66278	12
66279	2
66281	20
66282	0
66283	0
66284	9
66285	0
66286	5
66287	13
66288	20
66289	5
66290	8
66291	0
66292	2
66293	8
66294	5
66295	10
66296	0
66297	0
66298	7
66300	3
66301	1
66302	2
66303	9
66304	0
66305	0
66306	1
66307	2
66308	8
66310	11
66311	16
66312	4
66313	6
66314	0
66315	3
66316	3
66317	9
66319	4
66322	0
66323	6
66324	0
66325	12
66326	13
66327	11
66328	2
66329	11
66330	2
66331	1
66332	1
66333	0
66335	2
66336	4
66337	2
66338	3
66339	23
66340	8
66341	4
66342	8
66343	9
66344	0
66345	3
66346	5
66347	0
66349	8
66350	3
66351	11
66352	0
66353	12
66354	0
66356	9
66357	11
66358	5
66359	14
66360	16
66361	2
66362	1
66363	1
66364	0
66365	0
66366	7
66367	4
66368	19
66370	3
66371	18
66372	5
66373	0
66374	3
66375	8
66378	0
66379	2
66381	1
66382	0
66383	7
66384	4
66385	11
66386	0
66387	1
66389	0
66390	0
66391	8
66392	0
66393	5
66394	16
66396	10
66397	0
66398	11
66399	0
66400	4
66401	0
66403	1
66404	0
66407	3
66408	5
66409	0
66410	0
66411	6
66414	3
66415	22
66416	0
66417	10
66418	3
66419	0
66420	8
66422	1
66425	8
66428	0
66430	6
66431	17
66432	5
66433	2
66436	1
66438	16
66439	3
66440	6
66441	7
66443	0
66444	4
66445	0
66446	7
66447	3
66448	1
66449	0
66450	0
66451	1
66452	0
66453	4
66454	1
66455	0
66456	1
66457	0
66458	7
66459	7
66460	3
66461	0
66462	12
66463	9
66464	4
66466	8
66467	13
66468	1
66469	1
66470	9
66471	1
66472	11
66473	27
66474	1
66475	0
66476	1
66477	12
66478	7
66479	8
66480	3
66481	0
66483	3
66484	11
66485	4
66487	3
66488	8
66489	0
66490	3
66491	10
66492	11
66493	3
66494	3
66495	12
66496	1
66497	14
66498	1
66499	0
66500	3
66502	2
66503	0
66504	0
66505	2
66507	7
66508	20
66509	3
66510	11
66511	0
66512	1
66513	7
66514	0
66515	7
66516	1
66517	2
66518	3
66519	0
66520	2
66521	2
66522	1
66523	12
66524	0
66525	2
66526	0
66528	2
66529	10
66530	3
66532	5
66533	15
66534	0
66535	2
66536	7
66537	0
66538	0
66539	2
66540	2
66541	0
66542	9
66544	1
66545	4
66546	0
66547	0
66548	2
66549	3
66550	0
66551	10
66552	7
66554	5
66556	5
66557	5
66559	2
66560	0
66562	0
66564	0
66565	7
66566	0
66567	3
66568	14
66569	1
66570	11
66571	12
66572	2
66573	2
66575	9
66576	0
66577	0
66578	0
66579	10
66580	2
66581	3
66582	2
66583	2
66584	13
66585	4
66586	4
66587	1
66588	25
66589	20
66590	2
66591	4
66592	5
66593	3
66594	0
66595	0
66596	3
66597	4
66598	6
66599	6
66600	10
66601	0
66602	10
66604	3
66605	4
66606	5
66607	3
66608	7
66609	1
66610	7
66612	1
66613	0
66614	0
66615	8
66616	11
66617	21
66618	9
66619	7
66620	7
66621	11
66622	7
66624	0
66626	14
66627	2
66629	6
66630	14
66631	15
66633	0
66634	8
66636	3
66637	2
66638	3
66639	8
66640	7
66641	0
66642	0
66643	0
66644	3
66646	4
66647	5
66648	13
66649	13
66650	6
66651	4
66652	0
66653	25
66654	7
66655	0
66656	13
66657	7
66658	17
66659	16
66660	0
66661	3
66663	0
66664	17
66665	0
66667	6
66668	0
66669	4
66670	12
66671	6
66672	5
66674	6
66676	3
66677	7
66678	0
66679	15
66680	5
66681	5
66682	6
66684	7
66685	8
66686	12
66688	3
66690	0
66691	0
66692	0
66694	0
66695	7
66697	1
66698	0
66699	15
66700	0
66702	5
66704	19
66705	0
66706	0
66708	2
66709	0
66710	12
66711	1
66712	8
66713	4
66714	2
66715	4
66716	8
66718	0
66719	0
66720	5
66721	1
66722	12
66723	0
66724	0
66725	0
66726	5
66727	2
66728	0
66730	0
66731	8
66732	3
66733	2
66734	6
66735	0
66736	0
66737	0
66738	0
66740	0
66741	0
66742	3
66744	0
66745	8
66746	0
66747	5
66748	0
66749	12
66750	0
66751	0
66752	7
66753	5
66754	2
66755	3
66756	14
66757	1
66759	13
66761	0
66763	1
66764	0
66765	15
66767	0
66768	9
66769	0
66770	0
66771	4
66772	5
66773	19
66774	0
66775	9
66777	0
66778	10
66780	3
66781	6
66782	18
66783	0
66784	3
66785	14
66786	1
66787	9
66788	10
66789	0
66790	12
66792	0
66794	0
66795	16
66796	9
66797	6
66798	14
66800	0
66801	0
66802	0
66803	4
66804	4
66805	11
66806	9
66807	1
66808	14
66809	0
66810	4
66811	2
66812	6
66813	11
66814	0
66816	4
66817	6
66818	0
66819	0
66820	2
66821	1
66822	12
66823	3
66824	9
66825	0
66826	0
66827	15
66829	9
66830	2
66831	4
66832	7
66833	0
66834	3
66835	9
66836	3
66837	0
66838	2
66839	7
66841	7
66842	5
66843	1
66845	2
66848	3
66851	12
66852	0
66853	1
66854	9
66856	0
66857	24
66858	11
66859	0
66861	8
66863	8
66864	4
66865	10
66866	2
66867	0
66868	15
66870	1
66871	4
66872	15
66873	6
66874	0
66875	6
66876	5
66877	0
66878	0
66880	2
66881	10
66882	15
66883	0
66885	6
66886	1
66887	1
66889	5
66890	7
66891	4
66892	8
66895	12
66897	1
66898	0
66899	0
66900	0
66901	4
66902	0
66903	3
66905	0
66906	29
66907	9
66908	9
66909	6
66911	10
66912	18
66914	9
66915	17
66916	2
66917	3
66918	2
66919	3
66920	17
66921	0
66922	5
66924	15
66925	8
66926	15
66927	4
66928	8
66929	19
66931	4
66932	8
66933	3
66934	5
66936	0
66937	13
66938	2
66939	0
66941	2
66943	3
66944	7
66945	0
66946	6
66947	0
66948	8
66949	5
66951	2
66952	0
66953	5
66954	12
66955	10
66956	1
66957	1
66958	8
66959	2
66960	16
66961	12
66962	10
66964	0
66965	5
66966	2
66967	20
66968	5
66969	0
66970	1
66971	13
66972	20
66973	2
66974	10
66975	7
66976	4
66977	0
66978	1
66979	0
66980	7
66981	0
66982	22
66983	8
66986	8
66987	0
66988	20
66990	4
66991	4
66992	10
66993	9
66994	9
66995	4
66996	2
66997	2
66998	3
66999	7
67000	14
67001	16
67002	0
67003	1
67004	1
67005	13
67006	0
67007	13
67008	0
67009	5
67010	2
67013	1
67014	6
67015	6
67016	0
67018	5
67019	0
67021	0
67022	20
67023	0
67024	1
67025	20
67026	13
67027	1
67028	0
67029	5
67030	0
67032	7
67033	1
67034	11
67035	0
67036	26
67037	18
67038	0
67039	0
67040	10
67041	0
67042	17
67043	5
67044	5
67045	27
67046	1
67047	0
67048	5
67049	0
67050	13
67051	3
67053	3
67054	3
67055	16
67056	1
67057	16
67059	4
67060	4
67061	0
67062	0
67063	1
67064	0
67066	2
67067	4
67068	0
67070	11
67071	0
67073	1
67074	10
67075	4
67076	1
67077	0
67078	9
67079	0
67080	3
67081	0
67082	11
67083	3
67084	10
67085	3
67086	10
67087	3
67088	6
67089	0
67091	4
67092	0
67094	4
67095	0
67097	8
67098	3
67099	1
67100	12
67101	0
67102	0
67103	8
67104	7
67107	3
67109	20
67110	9
67111	4
67112	3
67113	3
67116	2
67118	0
67119	1
67120	0
67121	0
67122	2
67123	3
67124	10
67125	5
67126	4
67127	19
67128	0
67129	5
67130	4
67131	0
67132	1
67133	3
67134	0
67135	6
67137	0
67138	5
67139	10
67140	6
67141	15
67142	0
67143	0
67144	4
67145	22
67146	27
67147	4
67148	1
67149	0
67150	0
67151	6
67152	1
67153	1
67154	0
67155	9
67157	1
67158	5
67159	3
67160	3
67161	7
67163	0
67164	4
67165	7
67167	6
67168	9
67169	5
67170	7
67171	0
67172	0
67173	0
67174	16
67175	1
67176	12
67177	2
67178	4
67180	0
67181	1
67182	2
67183	2
67184	0
67185	0
67186	5
67187	23
67188	0
67189	2
67190	14
67191	9
67192	15
67193	23
67194	0
67195	3
67196	0
67199	5
67200	0
67201	11
67202	0
67203	3
67204	6
67205	6
67206	11
67207	5
67208	0
67209	3
67211	0
67212	9
67213	1
67214	4
67215	16
67216	0
67217	20
67218	0
67219	13
67220	2
67221	5
67222	11
67223	3
67224	2
67225	7
67226	0
67227	2
67228	1
67229	0
67231	4
67232	2
67233	0
67234	4
67235	6
67237	2
67238	4
67240	21
67241	11
67242	24
67244	9
67245	11
67246	4
67247	6
67248	5
67249	4
67250	3
67252	0
67253	8
67254	5
67255	0
67256	4
67258	12
67259	0
67260	6
67261	19
67262	0
67265	10
67266	4
67268	4
67271	2
67272	15
67273	1
67274	1
67276	0
67277	6
67278	6
67279	5
67280	12
67282	4
67283	2
67284	10
67285	3
67286	21
67287	0
67288	11
67289	0
67290	3
67291	6
67292	0
67293	1
67294	10
67296	11
67297	0
67298	0
67299	3
67300	0
67301	9
67302	4
67303	1
67304	0
67305	0
67306	7
67307	11
67309	9
67310	3
67311	5
67312	0
67313	3
67314	1
67315	0
67316	16
67317	0
67318	3
67319	10
67320	5
67322	3
67323	12
67324	2
67325	0
67327	0
67329	12
67330	0
67331	9
67333	8
67334	0
67335	16
67336	15
67337	5
67338	5
67339	0
67340	4
67341	0
67342	0
67343	9
67344	6
67345	11
67346	6
67347	4
67348	2
67349	6
67350	1
67351	16
67352	18
67353	7
67355	0
67358	0
67359	20
67360	1
67361	2
67362	12
67364	0
67365	0
67366	5
67367	6
67368	2
67369	1
67370	0
67372	15
67373	3
67374	4
67375	13
67376	0
67378	0
67379	8
67380	15
67381	2
67382	0
67383	0
67384	0
67385	2
67387	4
67388	5
67389	0
67390	3
67391	16
67392	0
67393	2
67394	6
67395	0
67396	6
67397	11
67398	3
67399	5
67400	0
67401	4
67402	0
67403	0
67404	1
67405	9
67406	0
67407	9
67409	2
67410	18
67411	13
67412	0
67414	0
67416	42
67417	3
67419	8
67420	1
67421	4
67422	15
67423	1
67424	1
67425	10
67426	7
67427	5
67428	4
67429	1
67430	4
67431	5
67432	3
67433	7
67434	2
67436	1
67437	4
67438	5
67439	1
67440	2
67441	6
67442	0
67443	0
67444	9
67445	9
67446	2
67447	0
67448	9
67449	0
67450	0
67451	2
67452	0
67453	21
67454	22
67455	10
67457	0
67458	11
67459	3
67460	2
67461	2
67462	0
67463	4
67464	0
67465	0
67466	0
67467	2
67468	10
67469	9
67470	0
67471	9
67473	0
67474	0
67475	0
67476	7
67478	1
67481	6
67483	11
67484	0
67485	5
67486	7
67487	0
67488	11
67491	0
67492	5
67493	1
67494	11
67495	0
67497	13
67498	15
67499	0
67500	4
67501	1
67502	8
67503	0
67504	0
67505	0
67506	14
67508	7
67509	4
67510	15
67511	2
67512	6
67513	12
67515	19
67516	0
67517	4
67518	0
67519	16
67521	0
67522	2
67523	2
67524	4
67525	3
67526	29
67528	10
67529	2
67530	14
67531	1
67532	2
67533	7
67535	0
67536	23
67539	0
67540	0
67541	7
67542	6
67543	7
67544	5
67545	10
67547	7
67548	4
67549	0
67550	16
67551	5
67552	13
67553	4
67554	9
67556	11
67557	0
67558	4
67559	0
67560	11
67561	3
67562	9
67563	4
67564	2
67566	3
67567	3
67568	1
67569	14
67571	6
67572	8
67573	0
67574	0
67575	5
67576	9
67577	0
67578	6
67579	4
67580	6
67581	0
67583	6
67584	10
67585	11
67586	5
67588	4
67589	0
67590	8
67591	8
67592	3
67593	3
67594	1
67596	0
67597	15
67598	6
67600	1
67601	5
67602	11
67603	6
67604	3
67605	5
67606	7
67607	14
67608	3
67610	17
67611	0
67612	8
67613	11
67614	22
67615	6
67617	8
67618	0
67619	1
67620	3
67621	5
67622	9
67623	9
67624	6
67625	6
67626	2
67627	17
67628	1
67629	8
67630	2
67631	0
67632	12
67633	4
67634	3
67636	3
67637	4
67638	0
67639	11
67640	1
67641	8
67642	17
67643	8
67644	0
67645	4
67646	10
67648	2
67649	5
67651	4
67652	0
67653	22
67654	6
67656	2
67657	23
67658	4
67659	0
67660	9
67663	2
67664	6
67665	1
67666	0
67668	2
67669	10
67670	5
67671	4
67672	10
67673	0
67674	0
67675	6
67676	7
67677	0
67678	16
67679	3
67680	7
67681	5
67682	0
67683	0
67684	0
67685	3
67687	9
67688	11
67689	0
67690	0
67691	3
67693	0
67694	4
67695	8
67696	0
67697	0
67698	12
67700	14
67701	0
67702	0
67703	6
67705	0
67707	0
67708	17
67709	2
67710	9
67711	9
67712	3
67713	2
67716	0
67719	0
67720	0
67721	13
67722	13
67723	0
67725	0
67726	20
67727	0
67728	0
67729	0
67730	1
67731	8
67732	0
67733	1
67734	4
67735	9
67736	11
67738	0
67739	2
67740	5
67741	0
67742	9
67743	6
67744	9
67745	18
67746	2
67747	3
67748	5
67749	1
67750	13
67751	18
67752	1
67753	7
67754	7
67755	6
67756	0
67757	0
67758	0
67759	0
67760	1
67761	7
67762	7
67763	8
67764	0
67765	13
67766	0
67767	4
67768	13
67769	0
67770	14
67771	2
67772	14
67773	0
67774	8
67776	11
67777	3
67778	1
67779	0
67780	0
67781	27
67782	5
67783	8
67784	16
67785	8
67787	21
67788	0
67789	12
67790	9
67791	0
67792	2
67794	22
67795	0
67796	0
67797	9
67798	0
67799	0
67800	2
67802	3
67803	30
67804	4
67805	9
67807	3
67808	7
67810	3
67811	2
67812	2
67813	0
67815	2
67816	0
67817	2
67818	14
67819	1
67820	0
67821	14
67822	20
67823	11
67825	6
67826	8
67827	0
67828	3
67829	0
67830	10
67831	17
67832	2
67833	0
67834	0
67835	4
67836	10
67837	9
67838	0
67840	7
67841	0
67842	3
67843	8
67844	25
67845	0
67846	12
67847	0
67848	14
67849	4
67850	0
67852	3
67853	0
67855	7
67857	8
67858	5
67859	4
67860	4
67861	9
67862	3
67863	16
67864	0
67865	1
67866	0
67867	3
67868	6
67869	2
67870	0
67871	2
67872	2
67874	5
67875	0
67876	1
67877	2
67878	1
67879	0
67880	6
67881	5
67882	0
67883	0
67884	2
67885	16
67886	8
67887	11
67888	3
67889	5
67890	1
67892	0
67893	10
67894	7
67895	8
67896	6
67897	17
67898	1
67899	1
67900	4
67902	11
67904	0
67905	0
67906	8
67907	4
67908	0
67909	7
67910	13
67911	2
67912	9
67913	0
67914	0
67916	0
67917	4
67918	20
67919	0
67920	11
67921	8
67922	0
67923	0
67924	9
67925	5
67926	6
67927	1
67928	14
67930	24
67931	10
67932	3
67933	17
67934	0
67935	2
67937	7
67938	1
67939	18
67940	17
67942	5
67943	10
67945	1
67946	6
67947	14
67948	0
67949	4
67950	0
67951	15
67952	0
67953	0
67954	1
67956	0
67957	12
67958	13
67959	6
67960	0
67962	0
67963	9
67964	13
67965	0
67966	4
67967	2
67968	1
67970	0
67971	2
67972	3
67973	19
67974	0
67975	0
67977	15
67978	0
67979	0
67981	6
67982	0
67984	5
67985	4
67988	4
67989	20
67990	4
67991	5
67992	10
67993	2
67995	5
67996	3
67997	0
67998	25
67999	7
68001	19
68002	0
68003	3
68004	8
68005	28
68006	4
68007	0
68010	4
68011	7
68012	0
68013	4
68014	4
68015	3
68016	0
68017	13
68018	13
68019	4
68020	0
68021	14
68022	23
68024	0
68025	1
68026	7
68027	29
68028	4
68029	1
68030	1
68031	11
68033	3
68034	4
68035	2
68036	5
68037	0
68039	5
68040	6
68041	4
68042	4
68043	0
68044	0
68045	21
68046	1
68047	13
68048	3
68049	0
68051	12
68052	7
68053	10
68054	7
68055	0
68056	0
68059	17
68060	1
68061	0
68062	7
68063	0
68064	0
68066	4
68067	0
68068	7
68069	6
68071	0
68072	0
68073	0
68076	4
68077	5
68078	1
68079	0
68080	4
68081	13
68082	3
68083	4
68084	3
68085	18
68086	2
68087	3
68088	0
68089	5
68090	1
68091	14
68092	7
68093	9
68094	0
68095	0
68096	16
68097	0
68098	4
68099	25
68100	1
68101	4
68103	0
68104	16
68105	2
68106	12
68107	5
68108	0
68110	6
68111	4
68112	15
68113	16
68114	4
68115	0
68116	0
68117	0
68118	1
68119	0
68121	5
68122	0
68123	1
68124	4
68125	15
68126	0
68127	0
68129	0
68130	1
68131	0
68132	0
68133	10
68135	8
68136	2
68137	15
68138	13
68139	0
68140	10
68141	15
68143	20
68145	15
68146	2
68147	0
68150	0
68151	7
68152	0
68153	0
68154	0
68155	2
68156	7
68157	0
68158	2
68159	0
68161	1
68162	2
68163	9
68164	3
68165	9
68166	0
68167	0
68168	0
68169	43
68170	4
68171	8
68172	2
68173	3
68174	6
68175	0
68176	18
68177	5
68178	0
68179	0
68180	14
68181	9
68182	14
68183	0
68184	4
68185	2
68186	0
68187	1
68188	0
68189	11
68190	22
68191	14
68194	7
68195	5
68196	4
68197	6
68198	0
68200	0
68201	5
68202	7
68203	1
68205	4
68206	14
68207	13
68208	2
68209	2
68210	3
68211	0
68212	0
68213	2
68214	3
68215	12
68216	21
68218	0
68219	0
68220	5
68221	0
68222	4
68223	1
68227	21
68228	0
68229	16
68230	0
68231	8
68232	1
68233	6
68234	10
68235	0
68236	0
68237	0
68239	2
68240	7
68242	3
68243	4
68245	4
68246	0
68247	0
68248	5
68250	7
68251	0
68252	6
68253	1
68254	0
68255	14
68256	0
68257	8
68258	0
68259	0
68260	5
68262	6
68263	8
68264	7
68265	14
68266	17
68267	3
68268	8
68269	0
68270	7
68271	0
68272	4
68273	5
68274	1
68275	0
68276	1
68277	6
68278	3
68279	6
68280	12
68282	0
68284	0
68285	3
68286	0
68287	20
68289	2
68290	3
68291	2
68292	0
68293	0
68294	4
68295	0
68296	6
68297	1
68298	19
68299	10
68300	0
68301	7
68302	7
68303	22
68304	2
68305	0
68306	5
68307	0
68308	4
68309	1
68310	7
68311	1
68312	4
68313	6
68314	4
68315	0
68317	27
68319	5
68320	1
68322	0
68323	7
68324	2
68325	0
68327	0
68329	4
68330	0
68331	4
68332	0
68333	5
68334	4
68336	6
68338	1
68339	25
68340	3
68341	0
68342	8
68343	0
68344	0
68346	6
68347	3
68348	0
68349	1
68350	0
68353	7
68354	1
68355	0
68356	3
68357	0
68358	1
68359	0
68360	7
68361	0
68362	0
68363	0
68364	0
68365	5
68366	0
68367	0
68368	6
68369	8
68371	11
68373	0
68375	3
68376	26
68377	8
68378	4
68379	2
68380	0
68381	6
68382	5
68383	11
68384	0
68385	3
68386	7
68387	4
68388	0
68389	0
68390	3
68391	2
68392	17
68393	0
68394	0
68395	0
68396	1
68397	13
68398	4
68399	11
68400	4
68401	0
68402	1
68403	4
68404	3
68405	0
68406	2
68407	2
68409	11
68411	15
68412	12
68413	15
68414	7
68415	0
68416	14
68417	1
68419	2
68420	0
68422	17
68424	4
68425	7
68426	3
68427	0
68428	3
68429	7
68430	5
68431	10
68432	14
68433	5
68435	20
68436	6
68437	11
68438	12
68439	19
68440	12
68441	6
68442	2
68443	1
68444	10
68445	9
68446	15
68447	1
68449	4
68450	0
68451	6
68452	0
68453	2
68454	13
68456	0
68457	0
68458	5
68459	1
68460	8
68461	0
68462	7
68463	0
68464	5
68465	0
68466	1
68468	15
68469	8
68470	16
68471	10
68472	0
68473	0
68474	2
68476	0
68477	19
68478	5
68480	8
68481	8
68483	0
68485	4
68486	12
68487	0
68488	5
68489	2
68490	1
68492	9
68493	1
68494	5
68495	8
68496	0
68497	1
68498	0
68499	18
68500	2
68501	0
68502	23
68503	1
68504	2
68505	0
68506	7
68507	7
68508	9
68509	3
68510	1
68511	5
68512	0
68513	0
68514	1
68516	0
68517	2
68518	2
68520	1
68521	11
68522	1
68523	0
68524	0
68525	2
68526	1
68528	9
68529	7
68530	0
68531	0
68533	4
68534	0
68535	11
68536	8
68537	2
68538	23
68539	6
68540	3
68541	30
68542	4
68543	0
68544	6
68545	10
68546	17
68547	0
68549	0
68550	15
68551	3
68552	4
68553	24
68554	0
68555	3
68556	2
68557	10
68558	10
68559	15
68560	1
68561	11
68562	3
68563	3
68564	2
68565	8
68566	4
68567	9
68568	8
68569	13
68570	1
68571	7
68573	13
68574	1
68575	4
68576	2
68577	5
68578	1
68579	5
68580	11
68582	26
68583	0
68584	10
68585	6
68586	0
68587	22
68590	6
68591	3
68592	0
68593	0
68594	13
68595	17
68596	13
68597	0
68599	7
68601	7
68602	8
68603	9
68605	0
68606	15
68607	4
68608	10
68609	2
68610	6
68612	12
68613	0
68614	6
68616	2
68617	0
68618	1
68619	6
68620	1
68621	7
68622	7
68623	0
68624	12
68625	7
68626	1
68627	3
68629	2
68635	0
68636	10
68637	0
68638	2
68639	0
68640	0
68641	5
68642	14
68643	8
68644	4
68645	9
68646	3
68649	11
68650	2
68652	3
68653	1
68654	0
68656	7
68657	8
68658	2
68660	2
68662	13
68663	0
68664	0
68665	1
68666	2
68667	4
68668	4
68669	9
68670	5
68672	37
68674	1
68676	4
68678	10
68679	1
68680	12
68681	1
68682	0
68683	1
68686	0
68687	0
68688	1
68689	2
68690	3
68692	2
68693	9
68694	0
68695	0
68696	7
68697	2
68698	1
68699	20
68700	1
68701	3
68702	4
68703	7
68704	0
68705	9
68706	7
68707	0
68708	12
68709	10
68710	0
68711	15
68712	4
68714	0
68716	0
68717	8
68718	1
68719	10
68720	0
68721	6
68722	13
68724	9
68725	1
68726	9
68727	6
68729	0
68730	0
68731	6
68732	2
68733	0
68734	0
68735	0
68736	0
68739	9
68740	0
68741	2
68743	11
68744	4
68745	0
68746	1
68747	0
68748	9
68749	3
68750	5
68752	5
68753	0
68754	0
68755	4
68757	0
68758	0
68759	6
68760	0
68761	0
68762	5
68763	13
68764	0
68765	5
68766	0
68767	10
68768	6
68769	12
68770	13
68771	2
68772	3
68773	0
68774	7
68775	0
68777	5
68778	8
68779	4
68780	0
68781	3
68782	14
68783	5
68784	0
68785	0
68786	1
68787	5
68788	0
68789	7
68790	5
68791	0
68792	4
68793	5
68794	0
68795	11
68796	9
68797	7
68798	34
68799	7
68800	3
68802	11
68804	9
68805	0
68806	3
68807	2
68808	4
68809	2
68810	8
68811	0
68812	0
68813	7
68814	1
68815	7
68818	30
68819	0
68820	4
68821	5
68822	13
68823	0
68824	20
68825	8
68827	5
68828	4
68829	5
68830	0
68831	0
68832	19
68833	5
68834	10
68835	4
68836	8
68837	0
68838	17
68840	0
68842	6
68843	0
68844	13
68845	0
68846	0
68847	1
68848	5
68849	1
68850	7
68851	1
68852	12
68853	0
68854	10
68856	0
68857	2
68858	13
68859	11
68860	3
68861	2
68862	3
68863	5
68864	3
68865	13
68866	2
68867	11
68868	4
68869	6
68870	18
68871	2
68872	7
68873	0
68874	1
68875	10
68876	5
68877	0
68878	0
68882	6
68883	1
68885	0
68886	6
68887	6
68888	12
68890	6
68891	0
68892	3
68893	8
68894	0
68895	6
68896	1
68897	8
68898	7
68899	0
68901	2
68902	2
68903	4
68905	0
68906	0
68907	5
68908	14
68910	10
68912	9
68913	30
68914	4
68915	11
68916	9
68917	4
68918	1
68919	0
68920	0
68921	2
68922	0
68923	5
68924	0
68925	9
68926	5
68927	17
68928	9
68930	12
68931	27
68933	0
68934	8
68935	0
68936	3
68937	0
68938	0
68939	10
68940	17
68941	6
68942	4
68944	3
68945	3
68947	0
68949	0
68950	12
68951	0
68952	0
68953	3
68954	0
68955	0
68956	21
68959	0
68960	0
68961	10
68962	4
68963	0
68964	4
68965	2
68967	3
68968	1
68969	3
68970	4
68971	1
68972	0
68973	0
68974	1
68975	0
68976	0
68977	0
68978	6
68979	4
68980	1
68981	10
68982	13
68983	5
68984	0
68985	15
68986	0
68987	1
68988	0
68989	10
68990	5
68991	4
68992	0
68993	2
68994	11
68995	7
68996	3
68997	4
68998	14
68999	4
69000	0
69001	1
69002	0
69003	0
69004	9
69005	17
69006	0
69007	0
69008	0
69009	4
69010	2
69011	3
69012	10
69013	0
69014	0
69015	0
69017	4
69018	1
69019	1
69020	2
69021	4
69022	1
69023	1
69024	2
69025	1
69026	3
69028	19
69029	31
69030	0
69031	3
69032	6
69033	5
69034	6
69036	29
69037	0
69038	0
69039	1
69041	8
69042	9
69043	7
69044	1
69045	2
69046	22
69047	14
69048	3
69049	0
69050	0
69052	1
69053	5
69054	4
69055	7
69056	7
69057	2
69058	8
69059	6
69060	6
69061	22
69062	3
69063	0
69064	0
69065	18
69067	14
69068	9
69069	9
69070	2
69071	1
69072	8
69074	7
69075	3
69076	0
69077	1
69078	3
69079	3
69081	5
69082	3
69085	0
69087	18
69088	1
69089	4
69090	0
69091	2
69092	6
69093	3
69095	13
69096	1
69097	8
69098	3
69099	3
69100	1
69101	11
69102	10
69103	8
69104	3
69105	7
69106	5
69107	0
69108	0
69109	8
69110	1
69111	11
69112	4
69113	13
69114	0
69115	0
69116	0
69117	0
69118	0
69122	0
69123	3
69124	19
69125	2
69126	0
69127	1
69128	1
69129	1
69131	4
69133	0
69134	0
69136	14
69137	14
69140	2
69141	22
69142	2
69143	7
69144	6
69145	20
69146	0
69147	0
69148	0
69150	5
69151	0
69152	8
69153	1
69156	32
69157	10
69158	15
69159	10
69160	1
69161	2
69163	1
69164	10
69165	5
69166	27
69167	0
69168	21
69169	4
69171	6
69172	1
69173	0
69174	9
69175	8
69176	16
69177	8
69178	9
69179	11
69180	0
69181	13
69182	2
69183	2
69184	12
69185	8
69186	11
69187	27
69188	7
69190	0
69191	0
69192	0
69194	8
69195	20
69196	0
69197	0
69198	3
69199	9
69200	4
69201	2
69202	0
69203	0
69204	0
69205	7
69206	0
69207	8
69208	0
69209	4
69210	0
69212	12
69213	6
69214	0
69215	15
69216	0
69218	2
69219	3
69220	0
69222	2
69225	1
69226	0
69227	0
69228	2
69229	12
69230	13
69232	0
69233	4
69234	5
69235	7
69236	23
69237	7
69238	0
69239	15
69240	0
69241	2
69242	4
69243	2
69244	0
69246	0
69247	20
69248	0
69249	3
69250	0
69251	2
69252	11
69253	6
69254	6
69255	9
69257	3
69258	6
69260	1
69261	1
69262	5
69263	11
69264	0
69265	4
69266	0
69267	2
69269	6
69270	4
69271	0
69273	2
69274	15
69275	7
69276	2
69277	9
69278	0
69279	5
69280	11
69281	9
69282	11
69283	22
69284	0
69285	3
69287	0
69288	0
69289	4
69291	17
69292	2
69293	1
69294	4
69295	5
69296	4
69297	14
69298	2
69299	3
69300	0
69301	0
69302	6
69304	17
69306	6
69307	0
69308	2
69309	0
69310	2
69311	0
69312	18
69313	5
69314	12
69315	4
69316	12
69317	6
69318	0
69319	0
69320	3
69321	1
69322	0
69323	24
69324	2
69325	13
69326	3
69327	31
69328	4
69329	2
69330	17
69331	7
69332	0
69333	8
69335	3
69336	8
69338	0
69339	3
69340	7
69341	3
69342	0
69343	7
69344	0
69345	3
69346	3
69347	0
69348	12
69349	12
69350	6
69352	1
69353	0
69354	0
69355	9
69356	6
69357	5
69358	6
69359	10
69360	5
69361	8
69362	2
69363	34
69364	2
69366	10
69367	3
69368	4
69369	9
69370	0
69371	6
69372	18
69374	0
69375	2
69376	11
69377	0
69378	2
69379	0
69380	0
69381	13
69382	9
69383	4
69384	8
69385	1
69387	6
69388	1
69389	0
69390	21
69391	4
69392	12
69393	0
69394	6
69395	9
69396	1
69397	0
69398	7
69399	1
69400	10
69401	3
69402	1
69403	0
69404	0
69405	6
69406	1
69407	3
69408	12
69409	0
69410	7
69412	1
69413	12
69414	16
69416	7
69417	2
69418	1
69419	0
69420	0
69421	0
69422	15
69423	16
69424	1
69427	9
69428	0
69429	8
69430	3
69431	3
69432	1
69433	3
69434	16
69435	0
69436	5
69437	1
69438	8
69439	4
69441	0
69442	6
69443	0
69444	4
69446	4
69447	4
69448	0
69449	1
69450	17
69451	21
69452	14
69453	0
69454	7
69456	0
69457	2
69458	2
69459	0
69460	8
69462	3
69463	0
69466	5
69467	1
69469	11
69470	0
69471	0
69472	2
69473	7
69474	14
69476	0
69477	0
69478	2
69479	5
69480	0
69481	5
69482	5
69483	3
69484	18
69485	0
69486	11
69488	13
69489	0
69490	7
69491	0
69492	0
69493	13
69494	4
69495	1
69496	4
69497	9
69498	6
69500	0
69501	8
69502	4
69503	3
69504	2
69505	5
69506	26
69507	5
69508	6
69512	6
69513	5
69514	0
69515	0
69516	10
69518	1
69520	0
69521	4
69523	5
69524	0
69525	0
69526	7
69527	12
69528	0
69529	1
69531	0
69535	4
69536	4
69537	0
69538	25
69539	4
69541	4
69542	8
69543	0
69544	0
69545	0
69547	10
69548	0
69549	31
69550	0
69551	6
69552	0
69553	3
69554	8
69555	5
69556	6
69557	27
69558	0
69559	5
69561	0
69563	3
69564	16
69565	12
69567	2
69568	3
69569	7
69570	0
69572	8
69573	13
69574	6
69575	9
69576	1
69577	0
69578	10
69580	8
69582	7
69583	0
69584	0
69585	7
69586	4
69587	4
69588	1
69589	4
69590	1
69591	6
69592	5
69593	8
69594	2
69595	2
69596	2
69597	26
69598	2
69599	8
69600	0
69602	11
69603	1
69604	6
69605	5
69606	15
69607	1
69609	0
69610	0
69611	12
69612	0
69613	4
69614	14
69615	2
69616	6
69617	14
69618	7
69619	9
69620	1
69622	2
69623	7
69624	2
69625	0
69627	1
69629	0
69630	6
69631	1
69632	13
69634	0
69635	14
69636	0
69637	13
69639	0
69640	31
69641	5
69642	13
69643	6
69644	0
69645	1
69646	4
69647	2
69648	9
69649	5
69650	5
69651	3
69653	14
69655	1
69656	4
69657	0
69658	0
69659	1
69660	0
69661	7
69662	17
69663	6
69664	5
69666	1
69668	3
69669	0
69671	1
69672	0
69673	1
69674	1
69675	0
69676	0
69677	16
69678	0
69679	0
69680	0
69681	4
69684	1
69685	0
69686	0
69687	6
69688	5
69689	1
69690	6
69691	0
69692	7
69693	0
69694	5
69696	1
69697	4
69698	1
69699	22
69700	4
69701	11
69703	0
69704	8
69705	4
69706	4
69707	13
69710	32
69711	12
69713	3
69714	0
69716	0
69717	4
69718	5
69719	3
69720	0
69721	10
69723	0
69724	10
69725	0
69726	2
69727	0
69728	0
69729	10
69730	11
69731	0
69732	9
69733	11
69734	6
69735	2
69736	11
69737	3
69738	6
69739	13
69741	0
69742	12
69743	0
69744	0
69745	11
69746	0
69747	0
69748	1
69749	3
69750	10
69751	0
69752	1
69753	0
69754	7
69755	0
69756	0
69758	0
69760	3
69761	10
69762	0
69763	3
69764	0
69766	6
69767	0
69769	4
69771	0
69772	4
69773	8
69774	6
69775	20
69776	2
69777	4
69778	5
69779	11
69780	1
69782	19
69783	5
69786	5
69787	6
69788	5
69789	7
69790	7
69791	0
69792	7
69793	6
69794	9
69795	3
69797	10
69798	4
69800	9
69801	0
69802	2
69803	17
69804	0
69805	0
69806	7
69807	0
69808	0
69809	5
69810	18
69811	11
69812	0
69813	13
69814	6
69815	0
69816	1
69817	0
69819	1
69820	15
69821	20
69822	12
69823	2
69824	2
69825	21
69826	2
69827	0
69828	0
69829	22
69831	9
69832	0
69833	0
69835	8
69836	7
69838	5
69839	3
69840	16
69841	4
69842	2
69843	7
69845	0
69847	15
69848	0
69849	0
69852	2
69853	10
69855	11
69856	0
69857	1
69858	0
69859	17
69860	1
69861	2
69863	6
69864	2
69865	4
69866	6
69869	0
69870	16
69871	5
69872	5
69873	2
69874	1
69875	21
69876	1
69877	7
69878	5
69879	11
69880	2
69881	0
69882	0
69884	1
69885	0
69886	0
69887	2
69888	5
69889	11
69890	0
69892	0
69893	0
69895	10
69896	18
69898	0
69900	12
69901	15
69902	0
69903	0
69904	15
69905	12
69906	11
69907	7
69908	5
69909	0
69911	4
69912	7
69913	15
69914	0
69915	29
69916	13
69917	5
69918	7
69919	0
69921	15
69922	0
69924	6
69925	2
69927	0
69928	2
69929	2
69930	7
69932	0
69933	10
69934	0
69935	2
69936	15
69938	0
69939	6
69940	3
69942	9
69943	0
69944	5
69945	1
69946	8
69947	3
69948	0
69949	18
69950	2
69951	10
69952	0
69953	16
69954	0
69955	4
69956	0
69957	0
69958	15
69960	0
69961	0
69963	0
69964	11
69965	5
69966	12
69967	9
69968	3
69969	7
69970	0
69971	2
69972	11
69973	33
69974	6
69975	1
69976	0
69977	0
69980	8
69981	4
69982	2
69983	8
69985	0
69986	2
69987	0
69988	3
69989	7
69990	18
69991	0
69992	1
69993	1
69995	7
69997	0
69998	1
69999	0
70000	0
70001	0
70002	14
70003	11
70004	8
70005	10
70006	6
70007	9
70008	0
70009	8
70010	6
70013	10
70014	0
70015	0
70016	2
70017	8
70018	3
70019	0
70020	9
70021	8
70022	0
70023	0
70024	0
70025	12
70028	0
70029	0
70030	6
70031	4
70032	5
70033	0
70034	3
70035	2
70036	10
70037	2
70038	0
70039	10
70040	1
70041	6
70042	9
70043	15
70044	1
70046	19
70047	0
70048	28
70049	0
70050	6
70051	5
70052	13
70054	11
70057	9
70058	9
70059	3
70060	26
70061	4
70062	4
70063	9
70065	6
70066	0
70067	5
70068	3
70070	0
70071	2
70073	0
70074	19
70075	13
70076	0
70077	7
70078	3
70080	26
70081	0
70082	3
70083	15
70084	0
70085	4
70086	2
70087	3
70088	0
70089	8
70090	13
70091	1
70092	2
70093	9
70094	12
70095	0
70096	3
70097	0
70098	2
70100	20
70101	0
70102	0
70103	21
70104	3
70105	14
70107	3
70108	16
70109	3
70110	8
70111	19
70112	10
70114	14
70115	9
70116	0
70118	0
70119	0
70120	4
70121	0
70122	0
70123	0
70124	20
70125	0
70126	1
70127	4
70128	0
70129	0
70130	12
70131	0
70132	17
70133	4
70134	5
70135	0
70136	0
70137	12
70138	7
70140	12
70141	3
70142	5
70143	13
70144	0
70145	7
70146	0
70149	8
70150	1
70151	13
70152	4
70153	3
70154	13
70155	6
70156	1
70157	4
70158	7
70159	0
70160	0
70161	1
70162	25
70163	5
70164	10
70165	5
70166	0
70167	8
70168	7
70169	0
70170	13
70172	0
70173	3
70174	10
70175	10
70176	0
70177	1
70178	7
70179	5
70180	14
70181	4
70182	1
70184	2
70185	15
70186	7
70187	0
70188	0
70189	6
70191	0
70193	0
70194	2
70195	3
70196	0
70197	12
70199	4
70200	3
70201	16
70203	7
70204	1
70205	13
70206	0
70207	9
70209	5
70210	3
70211	2
70212	2
70213	10
70214	8
70216	3
70217	8
70218	5
70219	3
70221	1
70222	11
70223	1
70224	1
70225	1
70226	0
70227	0
70228	0
70229	1
70230	1
70231	12
70232	0
70233	10
70234	0
70235	4
70236	3
70237	16
70238	11
70239	2
70240	5
70241	6
70242	4
70243	7
70246	3
70247	2
70249	6
70250	13
70251	3
70252	0
70253	4
70254	24
70256	9
70257	8
70259	17
70260	1
70261	9
70262	0
70263	0
70264	12
70266	0
70268	1
70269	0
70270	1
70271	4
70273	0
70274	0
70275	0
70277	5
70278	0
70279	0
70280	12
70282	4
70283	6
70284	0
70285	3
70286	4
70287	0
70288	2
70290	2
70291	10
70292	0
70293	2
70295	0
70296	4
70297	2
70299	5
70301	1
70302	13
70303	11
70304	0
70305	10
70306	0
70307	3
70308	8
70309	0
70310	20
70311	4
70313	2
70316	0
70317	0
70318	10
70319	0
70320	6
70322	2
70324	5
70325	0
70326	0
70327	14
70328	0
70329	0
70330	9
70331	9
70332	3
70333	7
70334	11
70335	7
70337	8
70338	7
70340	0
70341	20
70342	1
70343	12
70344	5
70345	0
70347	4
70348	8
70349	0
70350	5
70351	9
70352	14
70353	8
70354	10
70355	0
70356	0
70357	3
70358	0
70359	2
70360	6
70361	10
70362	6
70363	4
70364	12
70366	1
70367	1
70368	4
70369	1
70372	1
70373	0
70374	4
70375	3
70376	11
70377	6
70378	5
70379	1
70380	6
70381	4
70382	9
70383	5
70384	21
70385	5
70386	6
70387	0
70389	3
70390	8
70392	6
70393	0
70394	7
70396	2
70397	7
70398	2
70399	0
70400	0
70401	6
70403	8
70404	6
70405	2
70406	1
70408	0
70409	4
70410	7
70411	0
70413	0
70414	19
70415	5
70416	1
70417	0
70418	0
70419	1
70420	1
70421	18
70422	0
70423	9
70425	6
70427	0
70428	22
70429	2
70430	7
70431	5
70433	0
70434	0
70435	1
70436	4
70437	0
70438	0
70439	31
70440	11
70442	14
70443	0
70444	15
70445	0
70446	0
70449	4
70450	0
70451	8
70452	3
70453	2
70454	0
70455	27
70456	3
70457	1
70459	0
70460	7
70461	5
70462	2
70463	2
70464	5
70465	1
70466	13
70468	8
70469	20
70470	5
70471	1
70472	2
70473	16
70475	2
70476	3
70477	8
70478	1
70479	6
70480	11
70481	4
70482	5
70483	0
70484	0
70485	1
70486	4
70487	3
70488	4
70489	0
70491	6
70492	4
70493	13
70494	8
70495	5
70496	1
70497	13
70498	17
70499	11
70500	0
70501	1
70502	0
70505	5
70506	2
70507	0
70508	5
70509	4
70511	0
70513	2
70514	9
70515	7
70516	0
70517	7
70519	8
70521	11
70522	0
70523	12
70525	9
70526	2
70528	5
70529	6
70530	0
70531	1
70532	0
70533	4
70535	5
70536	1
70538	1
70539	4
70540	6
70541	2
70542	1
70543	4
70544	2
70545	16
70546	3
70547	0
70548	0
70550	11
70551	0
70552	5
70553	0
70554	0
70555	14
70556	6
70557	5
70558	0
70559	3
70560	1
70561	7
70562	0
70563	2
70565	2
70567	3
70568	16
70569	5
70570	0
70571	6
70572	30
70573	5
70574	2
70575	0
70576	1
70577	6
70578	6
70581	0
70583	0
70584	2
70585	0
70586	9
70587	10
70588	19
70589	3
70590	7
70592	2
70593	4
70594	12
70595	7
70596	5
70597	4
70598	8
70599	1
70600	3
70601	15
70602	14
70603	3
70604	3
70605	6
70606	0
70607	6
70609	2
70611	0
70612	0
70613	5
70614	4
70616	0
70617	0
70618	16
70619	3
70621	19
70623	10
70624	0
70625	5
70627	4
70629	0
70630	3
70631	0
70632	0
70633	9
70634	15
70635	18
70636	3
70637	0
70638	6
70639	12
70640	3
70641	3
70642	2
70643	0
70644	2
70645	19
70646	7
70647	2
70648	7
70649	17
70650	5
70651	8
70653	0
70654	3
70655	0
70656	13
70658	7
70659	7
70660	4
70661	3
70662	6
70663	0
70664	16
70665	4
70667	15
70668	2
70671	0
70673	0
70674	1
70675	0
70676	0
70677	0
70678	5
70679	2
70680	10
70681	1
70682	3
70683	0
70684	6
70685	8
70686	3
70687	2
70688	1
70689	10
70691	0
70692	8
70694	0
70697	5
70698	1
70699	0
70700	2
70701	0
70702	7
70703	0
70705	4
70707	0
70708	0
70709	7
70710	11
70711	0
70712	18
70713	0
70714	0
70715	4
70717	2
70718	13
70719	1
70720	3
70721	5
70723	5
70724	7
70725	2
70726	5
70727	9
70728	3
70730	7
70731	13
70732	1
70733	5
70734	8
70735	15
70737	3
70738	14
70740	0
70741	10
70742	25
70744	1
70746	4
70747	16
70748	0
70749	6
70750	6
70751	1
70752	11
70753	0
70755	13
70757	11
70759	11
70760	12
70761	4
70762	0
70763	0
70764	5
70765	8
70766	7
70767	0
70769	11
70770	0
70771	1
70772	1
70773	0
70774	13
70775	3
70776	6
70777	0
70778	0
70779	10
70782	6
70783	0
70784	3
70786	2
70787	3
70788	3
70789	6
70790	4
70791	9
70792	2
70793	1
70794	0
70795	4
70796	12
70797	3
70798	8
70800	10
70801	3
70802	3
70803	13
70804	2
70805	7
70807	17
70808	5
70810	0
70811	28
70812	2
70813	11
70814	12
70815	23
70816	6
70817	9
70819	37
70820	23
70821	20
70823	0
70826	3
70827	7
70828	6
70829	12
70830	3
70831	0
70832	5
70833	3
70834	12
70837	0
70839	9
70840	0
70841	4
70842	2
70843	9
70844	0
70845	0
70846	0
70847	11
70848	1
70849	13
70850	8
70851	1
70852	25
70854	15
70855	1
70856	8
70858	7
70860	2
70861	9
70862	0
70863	3
70864	0
70865	0
70867	6
70869	7
70870	4
70871	0
70874	0
70875	0
70876	3
70877	1
70878	0
70879	4
70880	2
70881	0
70882	2
70883	1
70884	6
70885	14
70886	1
70888	0
70889	5
70890	0
70892	0
70893	0
70894	7
70895	0
70896	3
70897	1
70898	0
70899	1
70900	5
70901	3
70902	7
70903	34
70904	5
70905	15
70906	8
70907	5
70908	7
70909	6
70910	0
70911	8
70912	8
70913	13
70914	0
70915	0
70916	12
70917	8
70920	3
70921	14
70922	0
70924	1
70926	12
70927	3
70928	15
70929	1
70930	7
70931	1
70932	0
70933	3
70934	2
70936	7
70937	6
70938	0
70939	10
70940	3
70941	0
70942	2
70943	1
70944	8
70945	2
70946	5
70947	0
70948	3
70949	9
70950	10
70951	18
70952	10
70953	37
70954	3
70955	6
70956	6
70957	2
70959	4
70960	7
70961	8
70962	12
70963	4
70964	0
70965	4
70966	8
70967	7
70968	0
70969	1
70970	0
70972	0
70973	24
70975	20
70976	0
70977	0
70978	10
70979	0
70980	6
70981	7
70983	2
70984	3
70985	1
70986	3
70988	18
70989	3
70990	6
70991	1
70992	0
70993	8
70994	7
70995	0
70996	18
70997	0
70998	8
70999	0
71000	12
71001	1
71002	11
71003	14
71004	0
71006	1
71007	9
71008	0
71009	9
71010	4
71011	0
71012	0
71013	0
71014	3
71015	0
71016	17
71017	0
71018	5
71019	16
71020	0
71021	2
71022	16
71024	0
71025	9
71026	0
71027	1
71029	0
71032	2
71033	1
71034	7
71035	7
71036	6
71037	0
71038	2
71040	2
71041	24
71042	3
71043	2
71044	5
71045	1
71046	5
71047	0
71049	7
71050	0
71052	3
71053	0
71054	6
71055	10
71057	4
71058	7
71059	0
71060	1
71062	5
71063	0
71064	0
71065	2
71066	1
71067	2
71068	2
71069	8
71070	10
71071	0
71072	3
71074	9
71075	0
71076	7
71077	1
71078	3
71080	6
71081	9
71082	0
71083	2
71086	7
71087	0
71088	0
71089	13
71091	14
71092	10
71093	9
71094	4
71096	0
71097	4
71098	0
71099	5
71100	10
71104	5
71105	7
71107	19
71108	16
71109	0
71110	9
71111	0
71112	4
71113	3
71114	0
71116	2
71117	0
71119	8
71120	0
71121	0
71122	9
71123	0
71124	6
71125	6
71126	10
71127	2
71128	6
71129	13
71130	15
71131	1
71132	3
71133	4
71135	0
71136	9
71138	4
71139	3
71140	12
71141	2
71144	4
71146	7
71147	0
71148	0
71151	12
71152	10
71153	16
71154	4
71155	8
71156	0
71157	4
71159	6
71160	0
71162	1
71163	0
71164	7
71165	7
71166	9
71168	0
71169	6
71171	0
71172	0
71173	0
71174	2
71176	29
71177	0
71178	17
71179	18
71181	0
71182	0
71184	5
71185	1
71186	0
71188	9
71189	1
71190	2
71191	6
71192	8
71193	17
71194	6
71196	0
71197	7
71198	3
71199	18
71200	0
71201	20
71202	2
71203	12
71204	0
71206	4
71207	3
71210	7
71211	5
71212	0
71213	8
71215	0
71216	2
71219	19
71220	0
71221	6
71224	2
71225	0
71226	0
71227	0
71228	6
71229	2
71230	11
71231	1
71233	10
71234	6
71235	18
71236	0
71237	1
71239	4
71240	7
71241	0
71242	0
71243	2
71244	2
71245	18
71246	0
71247	0
71248	16
71249	17
71250	0
71251	11
71253	0
71254	2
71256	0
71257	14
71260	7
71261	1
71263	7
71264	7
71265	2
71266	16
71267	0
71268	0
71269	8
71270	28
71271	0
71272	6
71273	0
71274	5
71275	12
71276	16
71277	0
71278	10
71279	8
71280	0
71281	15
71282	0
71283	0
71285	8
71286	7
71289	8
71290	19
71291	10
71292	0
71293	0
71294	0
71295	4
71296	3
71297	3
71298	1
71299	6
71300	7
71301	0
71303	0
71304	5
71305	0
71306	8
71307	0
71308	5
71309	0
71310	15
71311	1
71312	5
71313	2
71314	0
71315	0
71316	0
71317	4
71318	10
71319	0
71320	10
71321	6
71322	7
71323	0
71324	1
71325	0
71326	4
71327	0
71328	17
71329	3
71330	0
71331	0
71332	0
71333	23
71334	7
71335	6
71336	8
71337	15
71338	4
71339	3
71341	0
71342	1
71343	10
71344	0
71345	9
71346	2
71347	2
71348	0
71349	15
71350	2
71351	1
71352	11
71353	15
71355	0
71356	0
71357	1
71358	0
71359	3
71360	15
71361	16
71362	1
71363	0
71364	15
71366	1
71367	0
71368	10
71370	2
71371	7
71372	0
71373	0
71374	9
71375	0
71376	3
71378	0
71379	0
71384	9
71385	0
71387	0
71388	0
71389	7
71390	3
71391	0
71392	3
71393	4
71394	1
71395	16
71396	23
71397	14
71398	2
71399	6
71400	8
71401	1
71402	15
71403	0
71404	17
71405	0
71406	13
71407	0
71408	3
71409	7
71410	1
71411	2
71412	0
71413	5
71414	11
71415	4
71416	5
71417	1
71418	3
71419	10
71420	1
71421	8
71422	6
71423	18
71424	8
71425	2
71426	0
71428	3
71429	0
71430	11
71431	7
71433	0
71434	5
71436	0
71437	4
71440	1
71441	3
71442	8
71443	35
71445	9
71449	4
71450	6
71451	2
71452	0
71454	4
71455	0
71456	0
71457	0
71459	2
71461	0
71462	8
71463	0
71464	3
71465	12
71466	2
71467	22
71468	1
71471	8
71472	8
71473	0
71475	15
71476	6
71477	12
71478	1
71479	0
71480	1
71481	0
71482	4
71483	0
71484	4
71486	2
71487	18
71488	13
71489	7
71490	1
71492	7
71493	3
71495	10
71497	14
71498	4
71499	17
71500	4
71502	25
71503	9
71504	6
71505	0
71506	4
71507	1
71508	4
71509	2
71510	0
71511	3
71513	1
71514	9
71515	3
71516	1
71517	0
71518	0
71519	4
71520	6
71521	2
71522	5
71524	13
71526	0
71527	0
71528	2
71530	3
71531	8
71532	5
71533	8
71534	2
71535	3
71536	0
71537	0
71538	8
71539	2
71540	13
71542	0
71543	0
71544	4
71546	3
71547	4
71548	0
71549	5
71550	0
71551	10
71552	1
71555	1
71556	14
71558	0
71559	5
71561	1
71562	4
71563	2
71564	0
71566	0
71567	0
71568	7
71569	6
71570	0
71572	11
71573	2
71574	6
71575	12
71576	5
71577	6
71578	19
71579	0
71580	10
71581	0
71584	3
71585	19
71587	16
71588	0
71589	8
71590	1
71592	5
71594	4
71595	9
71596	0
71597	4
71598	2
71599	5
71600	0
71601	7
71602	3
71603	15
71604	9
71605	6
71606	3
71607	3
71608	0
71609	6
71610	7
71611	4
71612	3
71613	0
71614	0
71615	3
71617	0
71618	5
71619	8
71620	0
71621	13
71622	20
71623	0
71624	0
71625	1
71626	2
71628	6
71629	0
71632	3
71633	0
71634	4
71636	0
71637	0
71639	6
71640	0
71641	8
71643	17
71644	1
71645	11
71646	15
71647	2
71649	0
71650	3
71652	0
71653	3
71654	6
71655	2
71656	15
71657	1
71658	7
71659	0
71660	0
71661	3
71663	19
71664	10
71667	9
71669	10
71670	5
71672	0
71673	0
71674	13
71675	2
71677	7
71678	1
71680	10
71681	2
71682	16
71683	3
71685	4
71686	1
71688	0
71689	4
71690	0
71691	9
71694	10
71695	1
71696	3
71697	2
71699	4
71701	2
71704	7
71705	2
71706	5
71707	5
71708	0
71709	7
71710	7
71711	5
71712	1
71714	6
71715	4
71716	2
71717	9
71718	2
71719	0
71720	0
71722	0
71723	1
71724	3
71725	22
71726	15
71727	1
71728	18
71729	0
71730	0
71731	7
71732	4
71733	0
71734	10
71735	0
71736	0
71737	5
71738	7
71739	11
71740	15
71741	4
71743	1
71744	2
71746	5
71747	4
71748	2
71749	4
71751	3
71752	3
71753	0
71755	5
71756	28
71757	11
71758	0
71759	3
71760	0
71761	5
71762	7
71765	6
71766	10
71767	0
71768	10
71769	5
71770	0
71771	7
71773	5
71774	2
71775	1
71776	5
71778	12
71779	24
71780	3
71781	0
71782	6
71783	3
71784	0
71786	9
71787	3
71788	8
71789	8
71790	0
71792	0
71793	7
71795	4
71797	10
71798	5
71799	2
71800	1
71801	6
71802	21
71803	0
71804	33
71806	8
71807	3
71808	19
71810	4
71811	15
71812	5
71814	11
71815	0
71817	0
71818	0
71819	16
71821	6
71823	19
71824	0
71825	1
71826	4
71827	5
71828	2
71829	0
71830	6
71832	18
71833	2
71834	4
71835	0
71837	1
71838	3
71839	0
71840	3
71841	7
71842	1
71844	0
71845	0
71846	0
71848	4
71849	1
71850	15
71851	21
71852	0
71853	22
71854	1
71855	3
71856	8
71857	9
71859	13
71861	3
71862	3
71863	3
71864	5
71866	6
71867	0
71868	2
71869	1
71870	1
71871	4
71872	4
71873	8
71874	1
71875	0
71876	10
71877	3
71878	2
71879	1
71880	6
71882	16
71883	12
71884	0
71885	5
71886	8
71887	16
71888	20
71889	1
71890	0
71891	12
71894	0
71895	0
71896	0
71897	0
71898	2
71900	12
71901	5
71902	16
71903	0
71904	1
71905	2
71906	7
71907	4
71908	12
71910	2
71911	1
71913	1
71914	10
71917	4
71918	4
71919	10
71921	9
71922	0
71923	8
71924	6
71925	4
71926	3
71927	2
71929	23
71930	0
71931	2
71933	0
71934	5
71935	7
71936	2
71937	0
71938	13
71939	1
71941	4
71943	0
71944	0
71945	0
71946	12
71947	1
71949	20
71950	8
71951	11
71952	9
71955	1
71956	2
71957	17
71958	2
71960	3
71961	7
71962	8
71963	0
71964	10
71965	11
71966	3
71967	8
71968	3
71969	1
71971	0
71972	0
71973	3
71975	2
71977	0
71978	0
71979	0
71980	0
71981	5
71983	5
71984	10
71985	1
71986	14
71987	0
71988	20
71989	0
71990	2
71992	0
71993	0
71994	2
71995	20
71996	7
71997	2
71998	3
71999	0
72001	0
72003	8
72005	7
72006	0
72007	5
72008	14
72009	0
72010	13
72011	8
72012	13
72013	0
72014	0
72016	2
72017	2
72018	0
72019	0
72020	3
72021	6
72022	2
72023	0
72024	4
72025	1
72026	10
72028	5
72029	5
72031	2
72032	2
72034	10
72035	1
72036	10
72037	0
72038	15
72039	12
72040	0
72041	13
72042	9
72043	8
72044	9
72045	2
72046	0
72047	17
72048	0
72050	0
72051	11
72052	0
72053	12
72055	2
72056	17
72059	2
72060	16
72061	7
72063	6
72064	0
72065	2
72066	10
72067	4
72068	0
72070	4
72071	8
72072	1
72073	10
72076	10
72077	3
72078	4
72079	0
72080	8
72082	5
72083	4
72084	0
72085	16
72088	8
72090	0
72091	1
72092	8
72093	3
72094	3
72095	7
72096	0
72097	12
72098	0
72099	0
72100	3
72101	1
72102	0
72104	17
72105	0
72106	0
72107	17
72108	13
72110	2
72111	7
72112	0
72113	0
72115	8
72116	0
72117	0
72118	2
72119	3
72120	0
72121	5
72122	5
72126	1
72127	0
72128	9
72129	2
72130	0
72132	3
72134	7
72135	1
72136	32
72137	13
72138	12
72139	1
72140	13
72142	1
72143	4
72145	0
72146	2
72147	13
72148	0
72149	6
72150	0
72151	0
72153	3
72154	1
72155	13
72156	8
72157	4
72158	0
72159	9
72160	2
72161	5
72163	12
72164	4
72165	3
72166	15
72167	0
72168	15
72169	3
72170	0
72171	8
72173	6
72174	12
72175	22
72176	8
72177	2
72178	8
72179	18
72180	1
72181	3
72182	16
72184	8
72185	12
72186	7
72187	4
72188	1
72189	8
72190	0
72191	0
72193	7
72194	3
72196	0
72198	2
72199	9
72200	11
72201	0
72203	0
72204	0
72205	2
72207	2
72208	4
72209	13
72210	0
72211	7
72212	4
72213	2
72214	5
72215	0
72217	1
72218	0
72219	0
72220	11
72221	17
72222	0
72223	8
72224	0
72225	0
72226	0
72227	16
72229	3
72230	9
72231	0
72232	0
72233	0
72234	0
72235	0
72236	4
72237	4
72238	2
72239	5
72241	0
72242	0
72243	1
72244	7
72245	6
72246	0
72247	7
72248	9
72249	14
72250	0
72251	22
72252	0
72254	5
72255	18
72256	0
72257	0
72258	0
72259	19
72260	14
72261	3
72262	7
72263	14
72264	6
72265	4
72266	9
72267	0
72268	0
72269	2
72274	0
72275	6
72276	0
72277	2
72279	12
72280	2
72281	12
72282	19
72283	0
72284	0
72286	5
72287	3
72288	17
72289	2
72290	14
72291	2
72293	0
72294	7
72295	0
72296	19
72298	0
72299	2
72300	4
72301	2
72302	0
72303	3
72304	2
72305	5
72306	5
72307	22
72308	6
72309	9
72310	0
72311	1
72312	0
72313	0
72315	0
72316	0
72317	0
72319	2
72320	16
72321	6
72322	1
72323	11
72324	20
72325	8
72326	3
72327	5
72328	5
72329	10
72330	3
72331	20
72332	5
72333	14
72334	8
72335	8
72336	0
72337	0
72338	3
72339	0
72340	10
72341	0
72342	0
72343	7
72344	2
72345	11
72346	9
72347	2
72348	14
72349	0
72350	0
72352	26
72354	7
72355	7
72358	0
72359	15
72360	7
72362	3
72363	18
72366	1
72367	4
72368	7
72369	0
72370	6
72371	9
72372	1
72373	1
72374	12
72375	20
72376	6
72377	0
72378	0
72379	4
72380	8
72382	12
72383	26
72384	10
72385	0
72386	5
72387	0
72389	12
72392	0
72393	0
72394	2
72396	1
72397	4
72398	0
72399	3
72400	0
72401	0
72402	6
72403	3
72404	6
72405	0
72406	4
72408	0
72409	11
72410	4
72411	0
72412	0
72413	6
72414	5
72417	2
72418	0
72419	5
72420	0
72421	1
72422	2
72423	20
72424	8
72425	3
72427	3
72428	2
72429	23
72430	11
72431	3
72432	2
72433	4
72434	3
72435	5
72436	4
72437	2
72438	19
72439	6
72440	0
72442	6
72443	2
72445	0
72446	0
72447	2
72448	0
72449	0
72450	3
72451	3
72452	10
72453	9
72455	6
72456	0
72457	3
72458	0
72459	0
72460	0
72462	7
72463	1
72465	9
72466	0
72467	7
72468	2
72469	0
72470	0
72471	0
72472	0
72473	3
72474	3
72475	3
72477	0
72478	13
72479	4
72480	6
72481	7
72482	5
72484	5
72485	0
72486	0
72488	14
72489	12
72490	14
72492	13
72493	5
72494	17
72495	1
72497	0
72498	3
72500	0
72501	21
72502	4
72503	10
72504	11
72505	3
72506	12
72507	5
72508	4
72509	6
72510	0
72511	8
72513	9
72514	10
72515	0
72517	0
72518	0
72520	6
72521	15
72522	18
72523	5
72524	10
72525	12
72526	9
72527	11
72528	3
72530	11
72531	1
72532	6
72533	4
72534	1
72535	5
72536	9
72537	1
72539	6
72540	0
72541	3
72542	3
72543	0
72544	3
72545	4
72547	5
72548	2
72549	2
72551	2
72552	3
72553	4
72554	6
72556	2
72557	1
72558	10
72559	7
72560	7
72562	13
72563	4
72564	0
72566	1
72567	5
72568	9
72570	18
72571	0
72572	3
72573	2
72574	0
72575	10
72577	0
72578	11
72580	0
72581	0
72582	0
72583	0
72584	0
72585	0
72586	4
72587	6
72588	13
72589	8
72590	16
72591	0
72592	4
72593	0
72594	0
72595	0
72596	1
72598	1
72600	2
72601	18
72602	5
72603	0
72604	7
72605	5
72606	0
72607	8
72608	0
72609	0
72611	2
72612	0
72613	3
72614	2
72615	5
72616	1
72617	10
72618	6
72619	5
72620	8
72621	0
72622	6
72624	1
72625	0
72626	9
72627	11
72628	4
72629	7
72630	0
72631	0
72632	4
72633	10
72634	20
72635	9
72636	0
72637	1
72638	8
72639	9
72640	5
72641	5
72643	3
72644	15
72645	6
72646	2
72648	1
72649	0
72650	0
72651	11
72653	5
72654	22
72656	0
72657	1
72658	6
72659	6
72661	3
72663	0
72664	6
72665	3
72666	7
72667	0
72668	0
72669	2
72671	5
72673	3
72674	4
72675	2
72676	3
72677	6
72678	16
72679	13
72680	3
72681	0
72682	0
72683	4
72684	1
72685	23
72686	10
72687	2
72688	0
72689	13
72690	2
72691	3
72693	0
72694	7
72695	10
72696	5
72697	3
72698	0
72699	0
72700	0
72701	3
72702	11
72703	1
72705	3
72706	3
72707	4
72708	3
72709	5
72710	9
72711	0
72712	7
72713	0
72714	0
72716	0
72717	12
72718	10
72719	2
72720	9
72721	2
72722	8
72723	0
72724	11
72725	0
72726	0
72727	0
72728	7
72730	0
72731	10
72732	1
72733	0
72735	0
72736	2
72737	0
72738	0
72739	14
72740	0
72741	16
72742	6
72743	3
72744	4
72745	0
72746	0
72748	0
72749	9
72750	12
72751	1
72752	0
72753	1
72754	2
72755	1
72756	0
72757	0
72758	0
72759	0
72760	1
72761	5
72762	3
72763	43
72764	6
72765	2
72766	3
72767	5
72768	6
72769	0
72770	5
72771	5
72772	3
72773	0
72774	14
72775	8
72776	0
72777	0
72778	3
72779	8
72780	1
72781	17
72782	6
72783	4
72784	0
72785	11
72786	1
72787	0
72788	0
72789	9
72791	4
72792	8
72793	5
72795	3
72796	3
72798	0
72799	1
72800	0
72801	0
72802	16
72803	6
72804	4
72805	0
72806	6
72807	2
72808	2
72809	0
72810	10
72811	3
72812	3
72813	0
72814	23
72815	8
72816	4
72817	5
72818	0
72819	0
72820	15
72822	8
72823	7
72824	0
72825	1
72827	17
72828	15
72829	10
72830	0
72832	29
72833	0
72834	8
72835	2
72836	12
72838	2
72839	6
72840	0
72841	25
72842	13
72843	0
72844	6
72845	9
72846	2
72847	6
72848	6
72849	10
72850	10
72851	21
72852	0
72853	5
72854	5
72855	4
72856	4
72857	2
72859	13
72860	1
72861	0
72862	8
72863	0
72864	16
72865	7
72867	4
72868	5
72869	5
72870	0
72871	0
72872	4
72873	25
72874	1
72876	0
72877	10
72878	23
72879	1
72880	8
72881	8
72882	7
72883	7
72884	0
72885	12
72886	11
72887	15
72888	0
72889	8
72890	12
72891	2
72892	5
72893	0
72895	0
72896	20
72897	0
72898	18
72899	2
72901	0
72904	9
72906	7
72907	0
72908	2
72909	4
72910	2
72912	1
72914	8
72915	9
72916	4
72917	11
72918	0
72923	1
72924	13
72926	11
72927	7
72929	15
72930	7
72931	12
72932	0
72933	11
72934	1
72936	0
72937	0
72938	13
72939	2
72940	1
72941	0
72943	4
72944	0
72945	0
72947	6
72948	2
72949	4
72951	7
72954	0
72955	7
72957	14
72958	0
72959	7
72960	10
72961	0
72962	1
72963	10
72964	0
72965	7
72966	2
72967	0
72968	17
72969	0
72970	1
72971	1
72973	0
72974	0
72975	9
72976	0
72979	0
72980	6
72981	9
72982	5
72983	5
72984	4
72985	11
72986	6
72987	6
72988	1
72989	0
72990	5
72991	13
72992	0
72993	4
72994	3
72995	2
72996	21
72997	18
72999	0
73000	2
73002	4
73003	1
73005	6
73006	5
73007	1
73008	0
73010	7
73012	11
73013	10
73014	4
73015	3
73016	7
73017	5
73018	0
73019	0
73020	15
73021	8
73022	11
73023	0
73024	8
73025	6
73026	6
73027	4
73028	24
73029	0
73030	13
73031	9
73032	0
73033	23
73034	3
73035	0
73036	14
73040	1
73041	0
73042	5
73044	1
73045	4
73046	5
73047	9
73048	6
73049	1
73050	9
73051	0
73052	4
73053	0
73054	15
73056	0
73057	0
73058	0
73059	2
73060	4
73061	8
73062	0
73063	9
73064	9
73065	0
73066	0
73067	7
73068	1
73069	0
73070	0
73071	1
73072	1
73073	3
73075	0
73077	8
73078	0
73079	6
73080	9
73081	10
73083	0
73084	0
73085	3
73086	0
73087	1
73089	0
73091	3
73092	0
73093	8
73094	2
73095	1
73096	10
73097	4
73098	3
73099	0
73100	6
73101	6
73102	0
73103	15
73104	9
73106	2
73107	3
73108	1
73111	0
73113	0
73114	0
73116	4
73118	0
73119	1
73120	8
73121	7
73122	1
73123	10
73124	0
73125	0
73126	0
73127	11
73128	25
73129	1
73130	0
73131	9
73132	1
73133	9
73134	12
73135	0
73136	11
73137	9
73138	2
73139	8
73140	1
73142	0
73143	1
73144	4
73145	1
73146	3
73147	0
73148	5
73149	3
73150	9
73151	1
73152	3
73153	3
73154	0
73156	2
73157	1
73158	0
73160	3
73162	0
73163	7
73164	2
73165	22
73167	0
73168	0
73169	4
73170	2
73171	11
73172	0
73173	17
73174	18
73175	0
73177	0
73178	15
73180	4
73181	5
73182	2
73183	1
73185	3
73186	0
73187	0
73189	2
73191	3
73194	1
73195	0
73196	0
73198	4
73199	0
73200	3
73201	1
73202	0
73203	4
73204	2
73205	5
73206	0
73207	0
73208	0
73209	12
73210	5
73211	8
73212	27
73213	0
73214	6
73215	2
73216	10
73217	0
73218	3
73219	0
73220	10
73221	3
73222	0
73223	13
73224	3
73225	4
73226	3
73227	0
73228	1
73229	11
73230	9
73231	1
73232	3
73233	1
73235	4
73236	0
73237	5
73238	7
73239	0
73240	9
73241	0
73242	0
73243	0
73244	2
73245	14
73246	16
73248	0
73249	2
73250	4
73251	0
73253	5
73256	6
73258	0
73260	3
73261	20
73262	1
73263	4
73264	10
73265	3
73266	5
73267	3
73268	2
73269	4
73270	0
73271	0
73272	7
73274	0
73276	3
73277	7
73278	2
73280	0
73281	21
73282	1
73283	0
73284	3
73285	6
73286	4
73287	6
73288	0
73289	9
73290	0
73291	0
73292	10
73293	6
73294	7
73295	0
73296	0
73297	27
73299	0
73300	0
73301	0
73302	0
73303	3
73304	12
73305	0
73306	27
73308	6
73309	0
73310	0
73311	0
73312	3
73313	2
73314	0
73315	1
73318	6
73319	5
73322	0
73323	13
73324	1
73325	4
73326	3
73328	16
73329	5
73330	2
73331	0
73333	3
73334	7
73335	1
73336	6
73337	0
73338	0
73340	17
73342	5
73345	4
73346	17
73347	5
73348	0
73349	25
73350	0
73351	0
73352	0
73353	13
73354	16
73355	1
73356	4
73357	7
73358	2
73359	20
73360	0
73361	9
73362	8
73364	4
73365	5
73367	10
73368	4
73369	7
73370	0
73371	2
73372	1
73373	4
73374	0
73376	1
73377	1
73380	9
73381	4
73382	5
73383	3
73384	0
73385	3
73387	2
73388	10
73389	0
73390	9
73392	3
73394	0
73395	0
73396	0
73397	0
73400	0
73401	16
73402	8
73403	10
73405	0
73406	23
73408	4
73409	1
73411	0
73412	7
73413	4
73414	3
73416	7
73417	1
73418	9
73419	0
73421	14
73422	1
73423	0
73425	0
73426	0
73427	0
73428	0
73429	15
73431	2
73432	2
73434	6
73435	3
73436	3
73437	11
73438	3
73440	7
73441	10
73442	0
73444	13
73445	12
73447	1
73448	30
73449	0
73450	0
73452	7
73453	0
73454	0
73455	3
73457	3
73459	12
73460	1
73461	1
73462	1
73463	0
73464	2
73465	22
73466	6
73467	0
73468	1
73469	8
73471	0
73472	30
73473	9
73474	11
73475	0
73476	1
73477	2
73478	7
73479	2
73480	8
73481	2
73483	14
73484	0
73485	19
73486	3
73487	3
73488	0
73489	9
73490	2
73491	2
73492	9
73493	0
73494	6
73495	0
73497	4
73498	4
73499	4
73500	3
73501	4
73503	12
73504	0
73505	4
73506	3
73508	0
73509	11
73510	0
73511	9
73512	9
73513	1
73514	1
73516	2
73517	1
73518	5
73519	2
73520	1
73521	0
73522	12
73523	0
73524	7
73526	0
73527	12
73528	17
73529	0
73530	2
73532	0
73533	0
73535	0
73536	0
73537	5
73538	1
73539	12
73540	4
73541	16
73542	0
73543	37
73544	4
73545	0
73546	3
73547	0
73548	8
73549	4
73550	3
73551	0
73552	2
73553	3
73555	0
73556	0
73558	0
73560	13
73561	5
73563	13
73564	0
73565	0
73566	6
73567	0
73568	10
73569	14
73570	14
73571	32
73572	0
73573	0
73574	6
73575	0
73576	3
73577	0
73578	15
73579	3
73580	0
73581	14
73582	25
73583	5
73585	0
73586	11
73588	6
73589	5
73590	12
73591	6
73592	10
73593	3
73594	14
73595	6
73596	7
73597	6
73598	10
73599	0
73601	0
73602	0
73603	12
73604	0
73605	2
73607	9
73608	1
73609	0
73610	0
73611	3
73612	0
73613	2
73615	7
73616	0
73617	1
73619	0
73620	10
73621	0
73622	0
73623	8
73624	1
73626	4
73627	3
73628	1
73629	8
73630	0
73631	2
73632	0
73633	0
73634	22
73635	5
73636	10
73638	10
73639	16
73640	0
73641	2
73642	10
73646	4
73647	1
73648	5
73649	0
73650	3
73651	0
73652	22
73653	3
73657	0
73658	9
73659	1
73660	9
73661	0
73662	3
73663	21
73664	12
73665	10
73666	9
73668	0
73669	0
73670	3
73671	2
73672	8
73673	7
73674	25
73675	1
73677	4
73678	0
73679	3
73680	0
73681	7
73682	0
73684	7
73687	0
73689	14
73690	12
73691	5
73692	0
73693	0
73694	0
73695	3
73696	0
73698	4
73699	8
73700	0
73701	6
73704	3
73705	0
73706	2
73708	3
73709	1
73711	16
73712	2
73713	1
73714	8
73715	0
73716	1
73717	4
73718	0
73720	2
73722	6
73723	8
73724	5
73725	1
73726	5
73727	0
73728	13
73729	1
73731	7
73732	0
73733	2
73734	6
73735	10
73737	0
73738	7
73739	9
73740	12
73741	4
73742	8
73743	17
73744	0
73745	6
73746	5
73747	0
73748	0
73750	15
73752	0
73753	2
73754	0
73755	0
73756	4
73757	14
73758	0
73760	4
73761	17
73763	2
73764	8
73767	11
73768	2
73769	6
73770	0
73771	2
73772	5
73774	8
73775	0
73776	10
73777	0
73778	16
73779	3
73780	0
73781	0
73782	0
73783	4
73784	1
73785	0
73786	0
73787	22
73788	1
73789	7
73791	14
73792	0
73793	0
73794	3
73795	12
73797	3
73798	2
73799	1
73800	14
73801	9
73802	2
73803	0
73804	19
73805	21
73806	6
73807	10
73808	0
73809	1
73810	0
73811	4
73812	43
73813	1
73814	2
73815	3
73816	7
73817	2
73818	3
73819	11
73820	10
73821	15
73822	0
73824	1
73825	16
73827	7
73828	12
73829	12
73830	5
73831	10
73833	8
73834	1
73835	1
73836	25
73837	4
73838	9
73839	13
73840	5
73841	0
73842	17
73843	8
73844	7
73845	12
73846	0
73848	0
73849	0
73850	5
73851	1
73853	0
73854	11
73855	1
73856	1
73858	0
73859	0
73860	0
73861	8
73862	0
73863	15
73864	0
73865	0
73866	8
73867	1
73869	11
73870	0
73871	5
73872	6
73873	1
73874	7
73875	10
73876	1
73877	0
73878	3
73880	8
73881	8
73882	1
73884	15
73885	16
73886	1
73887	0
73888	16
73889	0
73890	3
73891	0
73892	8
73893	0
73896	12
73897	19
73898	0
73899	5
73900	13
73901	0
73903	2
73904	5
73905	0
73906	7
73907	4
73908	11
73909	0
73910	9
73912	2
73913	1
73914	3
73917	4
73918	9
73920	8
73921	11
73922	3
73923	1
73924	25
73925	4
73926	7
73928	1
73929	0
73930	11
73931	5
73932	9
73933	3
73934	18
73935	7
73937	1
73938	2
73939	1
73940	9
73941	19
73942	0
73944	3
73945	0
73946	2
73947	4
73948	7
73949	16
73950	33
73951	3
73952	0
73953	7
73954	9
73956	8
73957	1
73958	11
73959	3
73960	4
73961	2
73962	0
73963	11
73964	3
73965	4
73966	7
73967	7
73968	9
73970	0
73971	5
73972	0
73973	3
73975	12
73976	0
73977	0
73978	2
73979	16
73980	10
73981	0
73982	7
73983	7
73984	12
73985	2
73986	2
73989	24
73990	7
73991	5
73992	3
73993	0
73994	0
73995	0
73996	3
73998	3
74000	9
74001	4
74002	0
74003	0
74004	2
74005	5
74006	8
74008	7
74009	0
74012	5
74013	18
74014	4
74016	3
74017	4
74018	0
74019	4
74020	15
74021	17
74022	2
74023	0
74024	0
74025	0
74026	15
74028	6
74029	1
74031	10
74032	5
74033	13
74034	4
74035	10
74036	7
74037	0
74038	0
74039	5
74040	2
74041	4
74042	36
74044	8
74045	4
74046	0
74048	3
74049	8
74050	0
74052	6
74053	0
74056	1
74057	8
74058	4
74059	9
74060	15
74061	0
74062	4
74063	0
74064	0
74065	0
74066	8
74067	3
74068	11
74069	12
74070	1
74071	7
74072	14
74073	0
74074	0
74075	0
74076	7
74077	0
74078	9
74079	6
74080	0
74081	1
74082	13
74083	0
74084	2
74085	15
74086	0
74087	0
74088	8
74089	7
74090	10
74091	1
74092	2
74093	0
74094	2
74096	0
74097	0
74098	7
74099	2
74100	10
74101	1
74102	8
74104	17
74105	0
74106	5
74107	1
74108	0
74109	6
74110	18
74111	6
74112	3
74113	5
74114	21
74116	4
74117	19
74119	6
74120	2
74121	16
74122	6
74123	11
74124	11
74125	14
74126	3
74129	0
74130	4
74131	10
74133	6
74134	0
74137	5
74138	6
74139	14
74140	1
74141	0
74142	1
74143	0
74144	1
74145	0
74146	4
74147	5
74149	0
74150	8
74151	9
74153	4
74154	0
74155	7
74156	0
74157	0
74158	1
74159	3
74160	0
74162	2
74164	0
74165	0
74166	20
74167	0
74168	17
74171	0
74172	8
74173	0
74174	0
74176	13
74177	10
74178	0
74179	14
74180	8
74182	9
74183	7
74184	13
74185	4
74186	0
74187	1
74188	7
74189	10
74190	4
74191	12
74192	1
74193	4
74194	13
74195	0
74196	9
74197	3
74198	6
74199	15
74201	3
74202	21
74203	2
74204	1
74205	3
74206	10
74207	2
74208	4
74209	4
74210	2
74211	0
74213	7
74214	1
74215	2
74216	0
74217	18
74218	4
74220	1
74221	10
74222	1
74223	11
74224	11
74225	4
74226	6
74227	4
74228	0
74229	3
74230	4
74232	3
74233	3
74235	4
74236	0
74237	10
74238	0
74239	2
74240	4
74241	1
74242	2
74243	16
74244	0
74246	22
74247	6
74248	3
74249	18
74250	8
74251	3
74253	2
74254	2
74255	13
74257	11
74258	14
74259	18
74260	0
74261	3
74262	0
74263	4
74264	0
74265	18
74267	14
74268	1
74269	3
74270	0
74271	0
74272	10
74273	22
74274	1
74275	4
74276	1
74277	2
74278	0
74279	7
74281	0
74282	2
74283	7
74284	3
74285	0
74287	3
74288	49
74289	6
74290	3
74291	1
74292	5
74294	13
74295	0
74296	0
74297	0
74298	1
74299	0
74300	10
74301	2
74302	4
74304	0
74305	0
74306	5
74307	1
74308	0
74309	1
74310	2
74312	2
74313	0
74315	0
74316	0
74317	0
74318	10
74319	4
74321	3
74323	7
74325	0
74326	9
74327	7
74329	4
74330	3
74331	5
74333	0
74334	0
74336	9
74337	3
74338	0
74339	4
74340	17
74341	1
74342	0
74343	13
74344	0
74345	27
74346	6
74347	9
74349	0
74351	11
74352	3
74354	6
74355	3
74356	0
74357	1
74358	4
74359	0
74360	3
74361	1
74362	8
74363	2
74364	8
74365	3
74366	5
74367	2
74368	8
74369	15
74371	2
74372	0
74373	3
74375	3
74376	6
74377	5
74378	4
74379	0
74380	1
74381	0
74382	0
74383	2
74384	3
74385	15
74386	0
74387	2
74388	3
74389	3
74390	4
74393	3
74394	0
74395	7
74396	8
74397	0
74398	29
74399	11
74401	5
74402	0
74403	5
74404	0
74405	3
74406	16
74407	5
74408	3
74409	3
74410	2
74411	5
74412	0
74414	1
74415	0
74416	5
74418	4
74419	0
74420	0
74421	5
74422	0
74423	0
74424	4
74425	4
74426	1
74427	4
74428	0
74429	4
74431	3
74433	0
74434	2
74435	0
74436	2
74437	4
74438	0
74439	2
74440	20
74441	0
74442	4
74444	2
74445	23
74446	4
74447	3
74449	7
74450	14
74451	3
74452	7
74454	0
74455	0
74456	1
74457	1
74458	1
74459	0
74460	0
74461	2
74462	8
74463	5
74464	15
74465	12
74466	23
74467	0
74469	1
74470	3
74471	0
74472	5
74473	10
74474	0
74475	3
74476	1
74477	12
74478	2
74479	10
74480	6
74481	18
74482	1
74484	5
74485	7
74486	1
74487	0
74489	1
74490	2
74491	4
74492	8
74493	1
74494	11
74495	7
74496	0
74497	4
74498	3
74499	0
74500	12
74501	12
74502	6
74503	0
74504	18
74505	12
74506	1
74507	2
74508	0
74511	5
74512	0
74513	1
74514	1
74515	4
74516	18
74517	12
74518	20
74519	8
74520	5
74521	9
74522	2
74523	0
74524	4
74525	2
74526	0
74527	0
74528	0
74529	0
74530	3
74531	6
74532	0
74533	23
74534	9
74537	2
74538	12
74539	0
74540	6
74541	16
74542	1
74543	34
74545	0
74546	0
74547	0
74548	0
74551	1
74552	4
74553	0
74554	8
74555	0
74556	0
74557	0
74558	12
74559	9
74560	0
74562	2
74564	5
74565	4
74566	4
74567	0
74568	0
74569	1
74570	7
74571	2
74572	1
74573	0
74575	5
74577	2
74578	6
74580	0
74581	3
74582	2
74583	0
74584	0
74585	0
74586	13
74587	2
74588	6
74589	8
74590	11
74591	2
74592	2
74593	16
74595	2
74596	8
74597	13
74598	5
74599	0
74600	16
74601	2
74602	4
74603	12
74604	0
74605	0
74606	5
74607	3
74609	0
74610	6
74612	2
74613	0
74614	5
74615	18
74616	0
74617	8
74618	2
74619	13
74620	5
74621	9
74622	1
74623	0
74624	4
74625	0
74626	6
74627	5
74628	6
74629	1
74631	2
74632	9
74633	20
74634	2
74635	20
74636	0
74637	2
74640	4
74641	17
74642	2
74643	0
74644	7
74645	1
74646	9
74647	0
74649	9
74650	30
74651	4
74652	10
74653	3
74655	2
74656	7
74657	1
74658	1
74659	14
74660	2
74661	7
74662	1
74664	1
74665	0
74667	28
74668	2
74669	0
74670	0
74673	4
74674	4
74676	0
74678	21
74679	1
74681	0
74682	10
74683	10
74684	11
74685	0
74686	4
74687	0
74688	1
74689	3
74690	10
74691	1
74692	6
74693	1
74695	12
74696	4
74697	18
74698	2
74699	7
74700	3
74701	3
74702	4
74703	7
74704	6
74705	7
74706	0
74707	0
74708	2
74709	0
74710	8
74711	2
74712	0
74713	4
74714	0
74715	8
74716	0
74717	23
74718	4
74719	0
74720	1
74721	1
74724	5
74726	0
74728	15
74729	16
74730	7
74731	2
74732	20
74733	0
74734	2
74736	10
74738	2
74739	0
74740	1
74741	3
74743	21
74744	0
74745	0
74747	0
74748	17
74749	0
74750	0
74751	0
74752	17
74753	0
74754	0
74755	9
74757	1
74758	0
74759	1
74760	6
74762	2
74763	4
74764	6
74765	5
74766	0
74767	7
74768	0
74769	2
74770	4
74771	1
74772	0
74774	11
74775	3
74776	2
74777	6
74778	7
74779	4
74780	4
74781	0
74782	0
74783	1
74784	7
74785	8
74786	10
74787	4
74788	0
74791	0
74793	2
74794	2
74795	3
74796	4
74797	12
74799	4
74800	0
74801	6
74802	11
74804	6
74805	1
74806	11
74807	0
74808	0
74809	12
74810	3
74812	15
74813	14
74814	5
74815	0
74817	14
74818	0
74819	1
74820	5
74821	2
74822	6
74823	0
74824	9
74826	2
74827	3
74828	0
74829	7
74830	11
74831	10
74832	9
74833	0
74835	0
74836	14
74837	1
74838	4
74839	8
74840	0
74841	6
74842	13
74843	7
74845	0
74846	2
74847	2
74848	0
74849	8
74850	0
74851	13
74853	6
74856	0
74858	1
74859	11
74860	0
74862	18
74863	0
74865	2
74866	0
74867	0
74868	0
74869	8
74870	8
74871	2
74872	5
74873	3
74874	14
74875	5
74876	4
74877	7
74879	9
74880	0
74883	5
74884	15
74885	0
74886	8
74887	8
74888	19
74890	3
74891	5
74892	1
74893	0
74894	1
74895	20
74896	23
74898	0
74899	2
74900	3
74901	7
74902	2
74903	12
74904	4
74905	4
74906	3
74907	3
74908	7
74909	4
74911	6
74912	2
74913	4
74914	0
74915	0
74916	1
74917	0
74918	4
74919	0
74920	7
74921	1
74922	0
74923	31
74924	0
74925	2
74926	0
74927	14
74928	5
74930	0
74931	2
74932	0
74933	24
74935	4
74936	0
74937	8
74939	11
74940	4
74941	19
74942	5
74943	4
74944	4
74946	10
74947	4
74948	3
74949	0
74950	2
74951	0
74952	3
74953	8
74955	4
74956	2
74957	4
74958	6
74959	0
74960	6
74961	12
74962	0
74963	0
74966	3
74967	5
74968	2
74969	6
74970	7
74971	10
74972	8
74973	5
74974	0
74975	4
74976	0
74977	14
74978	8
74979	1
74980	4
74981	0
74984	6
74985	3
74987	0
74988	0
74990	8
74991	8
74992	0
74993	2
74994	1
74995	10
74996	8
74997	0
74998	0
75000	3
75001	14
75002	3
75004	6
75005	18
75007	0
75008	0
75009	0
75010	6
75011	2
75012	5
75013	9
75014	13
75016	11
75017	7
75018	7
75019	7
75020	16
75021	0
75022	7
75024	3
75025	6
75028	5
75029	2
75030	0
75031	6
75032	0
75033	7
75035	3
75036	11
75037	4
75038	2
75039	2
75040	6
75042	9
75043	22
75044	11
75045	4
75047	0
75048	1
75049	10
75050	3
75051	0
75054	12
75056	0
75057	2
75058	8
75059	11
75060	0
75061	14
75062	0
75064	2
75067	4
75069	32
75070	12
75071	7
75072	0
75073	12
75074	9
75076	0
75078	29
75079	1
75080	12
75081	4
75082	0
75083	14
75084	2
75085	1
75087	5
75088	15
75089	13
75090	1
75092	26
75093	1
75094	0
75095	1
75096	4
75097	1
75098	0
75099	7
75100	0
75102	0
75103	0
75104	0
75106	2
75107	2
75108	4
75109	9
75110	9
75112	7
75114	1
75115	0
75116	0
75118	8
75119	0
75120	0
75121	2
75122	0
75123	0
75125	0
75126	0
75127	2
75128	0
75130	10
75131	0
75132	3
75133	17
75134	6
75135	1
75136	11
75137	22
75138	9
75139	6
75140	1
75141	0
75143	6
75144	4
75145	4
75146	4
75147	4
75148	23
75149	10
75150	0
75151	0
75152	15
75155	0
75157	5
75158	12
75159	0
75160	15
75161	1
75162	2
75164	3
75165	0
75166	3
75167	0
75168	6
75169	0
75171	2
75172	0
75173	2
75175	10
75176	19
75177	0
75178	3
75179	8
75181	4
75182	8
75183	13
75185	0
75187	12
75188	1
75189	5
75190	0
75193	0
75194	1
75195	5
75196	11
75197	2
75199	0
75200	0
75202	0
75203	8
75204	5
75205	4
75206	8
75207	0
75209	0
75210	5
75212	0
75213	4
75215	0
75216	6
75217	5
75219	0
75220	9
75221	2
75222	0
75223	1
75224	20
75226	0
75227	0
75228	0
75229	4
75230	21
75231	4
75233	16
75234	0
75235	0
75236	9
75237	0
75238	1
75239	2
75240	0
75241	6
75242	7
75243	2
75245	0
75246	8
75247	10
75248	0
75249	0
75250	0
75251	0
75253	3
75254	9
75255	16
75256	0
75258	8
75259	1
75260	0
75261	3
75262	0
75267	14
75269	2
75270	0
75271	2
75272	0
75273	1
75274	0
75276	5
75277	11
75279	4
75280	4
75281	18
75282	8
75283	0
75284	1
75285	3
75286	12
75287	7
75288	16
75289	2
75290	4
75291	4
75292	3
75293	13
75294	0
75296	5
75297	0
75298	0
75299	0
75301	3
75302	6
75303	6
75304	5
75305	15
75306	2
75307	13
75308	4
75309	1
75310	1
75311	1
75312	1
75313	21
75314	10
75315	3
75316	0
75319	4
75320	1
75322	6
75323	0
75325	1
75326	1
75327	3
75328	4
75329	1
75330	9
75331	0
75332	2
75333	0
75334	0
75335	0
75336	1
75337	5
75338	8
75339	2
75340	0
75341	9
75342	4
75343	11
75344	0
75346	12
75348	3
75349	8
75350	10
75351	0
75352	4
75353	10
75357	0
75358	1
75360	0
75362	2
75363	9
75364	2
75365	12
75367	1
75368	0
75369	1
75370	0
75372	0
75373	6
75374	2
75375	0
75376	6
75377	5
75378	2
75379	2
75380	0
75381	0
75382	0
75383	0
75384	7
75385	2
75386	0
75387	3
75388	2
75389	2
75390	11
75391	9
75392	0
75393	0
75395	0
75396	1
75397	1
75399	6
75400	11
75403	6
75404	17
75405	0
75406	0
75407	2
75408	0
75409	21
75411	0
75412	8
75414	0
75415	8
75416	0
75417	7
75418	0
75419	14
75420	11
75421	0
75422	5
75423	3
75424	17
75425	6
75426	12
75428	6
75429	1
75430	5
75431	0
75432	7
75433	1
75434	3
75436	3
75437	8
75438	1
75439	4
75440	6
75441	0
75443	6
75444	1
75445	0
75446	2
75447	4
75448	10
75449	12
75450	1
75451	0
75452	1
75453	15
75454	0
75456	7
75457	9
75458	1
75459	4
75461	8
75462	14
75463	0
75465	0
75466	0
75467	5
75468	26
75469	17
75470	3
75471	0
75472	13
75473	12
75474	0
75475	2
75476	6
75477	0
75478	6
75479	12
75481	0
75482	12
75483	0
75484	6
75485	7
75486	0
75487	28
75488	0
75489	0
75490	0
75491	5
75492	10
75493	0
75494	0
75495	17
75497	2
75498	0
75499	1
75500	5
75501	2
75502	2
75503	3
75505	7
75506	4
75507	1
75508	2
75509	20
75510	0
75511	0
75512	1
75513	7
75515	2
75516	8
75517	0
75518	0
75519	0
75520	4
75521	0
75522	0
75523	0
75524	4
75525	0
75526	0
75527	0
75529	0
75531	2
75532	0
75535	11
75536	0
75537	1
75538	0
75539	14
75540	22
75541	2
75543	4
75544	1
75546	6
75548	5
75549	0
75550	3
75551	0
75552	7
75553	8
75554	1
75555	0
75556	1
75557	4
75558	10
75559	12
75560	9
75562	0
75563	26
75564	4
75565	0
75566	6
75568	9
75570	18
75571	9
75572	5
75573	2
75574	5
75575	0
75576	12
75578	13
75579	0
75580	3
75581	3
75582	3
75584	0
75585	0
75586	3
75588	3
75589	2
75590	20
75591	17
75592	0
75593	18
75594	0
75595	0
75596	5
75597	4
75599	15
75600	8
75602	4
75604	10
75605	7
75607	9
75608	0
75609	0
75610	2
75611	7
75613	4
75614	2
75615	0
75616	1
75617	0
75618	4
75619	7
75620	0
75621	0
75622	5
75623	2
75624	13
75625	0
75626	4
75627	0
75628	3
75629	0
75631	18
75632	0
75634	2
75635	18
75636	7
75637	17
75638	9
75641	0
75642	21
75644	14
75645	18
75646	8
75647	23
75648	1
75649	3
75650	4
75652	4
75653	0
75654	4
75656	25
75657	5
75658	2
75659	2
75660	0
75662	0
75665	0
75667	6
75668	2
75669	5
75670	9
75671	0
75672	12
75673	1
75674	0
75677	4
75678	2
75679	0
75681	6
75682	24
75684	9
75685	9
75686	0
75687	2
75688	5
75689	1
75690	14
75691	3
75692	26
75693	3
75694	6
75696	0
75697	0
75698	1
75699	23
75700	3
75701	1
75702	0
75703	3
75704	0
75705	11
75706	7
75707	1
75708	0
75709	0
75711	0
75712	27
75713	3
75714	3
75715	6
75716	0
75717	10
75718	7
75719	19
75720	9
75721	5
75722	1
75723	0
75724	2
75725	0
75726	1
75727	2
75728	0
75730	1
75731	0
75732	1
75733	5
75734	10
75735	0
75736	8
75737	1
75739	0
75740	4
75741	5
75742	3
75743	11
75744	1
75745	11
75746	17
75747	0
75748	13
75749	1
75750	4
75751	10
75752	6
75753	1
75754	15
75755	4
75756	0
75757	6
75758	5
75759	1
75760	0
75761	0
75762	6
75763	0
75764	8
75765	12
75766	11
75767	9
75768	1
75769	0
75770	1
75771	4
75772	17
75773	3
75774	3
75775	0
75776	0
75778	8
75780	0
75783	10
75787	1
75788	10
75789	9
75790	12
75791	19
75792	5
75795	10
75796	9
75798	8
75800	11
75801	7
75802	11
75803	3
75804	20
75805	0
75806	10
75807	0
75808	5
75809	2
75810	14
75811	10
75813	0
75814	2
75815	2
75816	8
75817	0
75819	15
75820	3
75821	2
75822	7
75823	5
75824	0
75826	0
75827	5
75829	4
75830	2
75831	5
75832	8
75833	13
75834	36
75835	15
75836	12
75837	11
75838	2
75839	2
75840	0
75841	3
75842	14
75844	1
75845	20
75846	0
75847	7
75848	0
75849	1
75850	0
75851	0
75852	10
75853	0
75854	0
75855	5
75856	0
75857	7
75858	11
75859	0
75860	12
75861	1
75862	24
75863	4
75864	4
75865	1
75866	10
75867	5
75869	15
75870	1
75871	1
75872	6
75873	6
75874	0
75875	6
75876	0
75878	6
75879	3
75880	8
75881	10
75882	11
75883	10
75884	6
75885	2
75886	0
75887	0
75888	9
75889	0
75890	1
75891	2
75892	0
75893	7
75894	9
75895	6
75896	5
75897	9
75899	3
75900	7
75902	0
75903	3
75904	5
75905	3
75906	0
75907	18
75908	7
75909	0
75910	3
75911	8
75912	5
75913	0
75914	5
75915	0
75917	5
75918	2
75920	4
75921	4
75922	12
75923	0
75924	1
75925	6
75926	2
75927	11
75930	13
75931	8
75932	3
75933	4
75934	6
75935	0
75936	2
75937	2
75938	9
75939	4
75941	27
75942	2
75943	4
75944	0
75945	12
75946	6
75947	0
75948	18
75949	6
75950	0
75951	8
75954	3
75955	7
75956	4
75957	12
75959	1
75960	6
75961	3
75962	2
75963	0
75964	0
75966	0
75967	5
75968	8
75969	0
75970	2
75972	0
75973	2
75974	26
75975	7
75976	4
75977	5
75978	22
75979	10
75981	0
75982	11
75984	0
75986	0
75987	9
75988	8
75989	0
75990	3
75991	4
75992	2
75995	1
75996	3
75997	15
75998	1
75999	1
76000	0
76001	1
76003	0
76004	7
76005	1
76006	5
76007	4
76008	0
76009	0
76010	17
76013	2
76015	0
76017	10
76018	0
76019	15
76020	3
76021	2
76022	18
76023	7
76024	1
76025	18
76026	4
76027	0
76028	0
76029	0
76030	9
76031	0
76032	7
76034	10
76035	5
76036	2
76038	2
76039	0
76040	0
76041	0
76042	0
76043	0
76044	1
76045	1
76046	5
76047	0
76048	10
76049	12
76050	6
76051	0
76052	0
76053	10
76055	0
76057	5
76058	9
76059	4
76060	8
76062	0
76063	11
76064	1
76065	5
76066	15
76067	2
76068	10
76069	2
76070	2
76072	10
76073	0
76074	4
76075	6
76077	3
76078	13
76079	8
76080	0
76081	0
76082	0
76083	4
76084	7
76085	0
76087	0
76088	0
76091	6
76092	10
76093	2
76094	0
76095	2
76096	34
76097	11
76098	7
76099	0
76100	0
76101	3
76102	2
76103	0
76104	5
76106	3
76107	1
76108	0
76109	3
76110	1
76111	0
76112	0
76113	0
76114	14
76115	3
76116	2
76118	8
76119	0
76120	0
76121	0
76122	14
76124	16
76125	0
76126	0
76128	9
76129	21
76130	22
76131	5
76132	9
76133	5
76134	0
76135	8
76136	10
76137	2
76138	3
76139	14
76140	14
76141	0
76142	13
76143	10
76144	2
76145	15
76147	0
76148	0
76149	1
76150	3
76152	1
76153	0
76154	0
76155	17
76156	4
76158	0
76159	9
76161	13
76163	9
76165	2
76166	9
76167	2
76168	6
76172	10
76173	0
76174	5
76177	1
76179	8
76181	2
76182	6
76183	2
76184	12
76185	10
76187	20
76188	15
76189	1
76190	0
76191	5
76192	3
76194	8
76195	0
76196	4
76197	9
76198	4
76199	3
76200	11
76201	2
76202	0
76203	5
76204	7
76205	2
76206	5
76207	1
76208	0
76209	0
76210	7
76211	2
76212	4
76214	23
76216	6
76217	0
76218	0
76219	2
76220	2
76221	21
76223	0
76224	1
76226	3
76227	7
76228	4
76229	4
76230	3
76231	2
76232	12
76233	24
76234	14
76235	8
76236	2
76237	3
76238	10
76239	2
76240	1
76241	2
76242	3
76243	26
76244	13
76246	2
76247	0
76248	6
76249	3
76250	13
76251	0
76252	0
76253	2
76254	10
76255	1
76256	9
76257	5
76258	5
76259	0
76260	0
76262	6
76263	11
76264	16
76265	11
76267	2
76268	13
76269	0
76270	1
76271	11
76272	0
76273	1
76274	8
76275	1
76276	0
76277	16
76278	0
76279	8
76280	10
76281	7
76282	3
76283	0
76284	4
76285	0
76287	15
76288	0
76289	19
76290	0
76291	17
76292	0
76293	4
76294	0
76295	0
76296	2
76297	10
76298	4
76299	7
76300	5
76301	8
76302	0
76303	0
76304	1
76305	0
76306	4
76307	4
76308	2
76309	6
76310	1
76312	4
76313	16
76315	4
76316	0
76317	1
76318	4
76319	2
76320	7
76321	0
76322	23
76323	0
76324	1
76325	11
76326	0
76327	34
76328	5
76329	1
76330	4
76331	0
76332	4
76333	3
76334	1
76335	8
76336	2
76337	0
76338	0
76339	2
76340	2
76341	0
76343	0
76344	13
76345	0
76346	9
76347	0
76348	0
76349	3
76350	9
76351	2
76352	5
76353	11
76355	26
76356	1
76357	11
76358	4
76359	2
76360	4
76361	0
76362	10
76363	0
76364	0
76365	11
76366	0
76367	0
76368	0
76369	8
76370	0
76372	0
76373	5
76376	5
76377	0
76378	0
76379	4
76381	6
76382	2
76383	3
76384	6
76385	13
76386	14
76387	0
76388	4
76389	1
76390	3
76391	0
76392	6
76393	0
76394	0
76395	0
76396	0
76397	3
76399	1
76400	0
76401	5
76403	0
76404	0
76405	7
76406	6
76407	3
76408	4
76409	2
76410	22
76411	4
76412	4
76414	4
76415	5
76416	0
76417	1
76418	18
76420	11
76421	5
76422	6
76423	2
76424	0
76426	11
76427	12
76428	14
76429	23
76430	8
76431	2
76432	11
76433	12
76434	0
76436	11
76437	9
76438	0
76439	2
76441	0
76442	0
76444	9
76445	0
76446	1
76447	6
76448	5
76449	2
76450	5
76451	19
76455	0
76456	12
76457	1
76458	0
76459	3
76460	1
76461	0
76462	0
76463	9
76464	2
76465	1
76466	20
76467	0
76468	6
76469	3
76470	2
76471	12
76472	6
76473	4
76474	1
76475	4
76476	6
76478	7
76480	0
76481	0
76484	3
76485	0
76486	13
76487	1
76488	1
76490	2
76491	0
76492	0
76493	0
76496	0
76498	4
76499	2
76500	2
76501	5
76502	1
76503	0
76505	7
76506	0
76509	10
76510	0
76511	0
76512	3
76514	10
76515	0
76516	5
76518	19
76520	7
76521	21
76523	13
76524	1
76525	3
76526	0
76527	6
76528	0
76529	4
76530	5
76531	2
76532	1
76533	3
76536	10
76537	0
76538	18
76539	0
76540	0
76541	2
76544	0
76545	10
76546	4
76547	0
76548	2
76549	1
76550	11
76551	0
76552	2
76554	5
76556	0
76557	3
76558	3
76559	0
76561	0
76562	11
76563	1
76564	2
76565	2
76567	9
76568	8
76572	8
76573	10
76574	10
76576	3
76577	8
76578	6
76579	2
76581	0
76582	7
76583	2
76584	29
76586	5
76587	0
76589	0
76590	9
76591	0
76593	9
76594	0
76595	7
76596	0
76598	0
76599	3
76600	7
76601	3
76602	0
76603	9
76604	10
76606	4
76607	5
76609	0
76610	17
76611	1
76614	3
76616	4
76617	0
76618	0
76619	6
76620	6
76621	3
76623	6
76624	3
76625	5
76626	0
76627	4
76628	6
76630	0
76631	11
76633	10
76634	7
76635	3
76636	9
76637	7
76638	0
76639	0
76640	11
76642	0
76643	15
76646	12
76647	3
76648	15
76650	9
76651	1
76652	4
76653	8
76654	0
76655	0
76656	0
76657	6
76658	0
76659	0
76660	10
76661	10
76663	2
76664	27
76665	0
76667	4
76668	5
76669	10
76672	1
76673	6
76674	0
76675	9
76676	0
76678	10
76679	14
76681	0
76682	5
76685	2
76686	3
76687	0
76688	16
76689	2
76690	2
76691	1
76692	2
76693	10
76694	4
76695	4
76696	7
76697	12
76698	0
76699	6
76700	0
76701	0
76702	5
76704	9
76705	23
76706	10
76707	15
76708	3
76709	24
76710	9
76711	6
76712	9
76713	2
76714	6
76717	22
76718	4
76719	1
76720	4
76721	0
76723	1
76724	0
76725	5
76726	0
76727	1
76729	3
76731	1
76732	2
76733	1
76734	2
76735	4
76736	6
76738	16
76740	2
76741	9
76742	0
76743	6
76744	9
76745	29
76746	9
76747	11
76748	12
76750	0
76751	2
76752	0
76753	3
76755	14
76756	0
76757	0
76758	7
76759	0
76760	11
76761	3
76762	19
76764	11
76766	6
76767	8
76768	5
76769	6
76770	4
76772	0
76773	27
76774	0
76775	0
76776	11
76777	20
76779	4
76780	0
76781	3
76782	0
76783	0
76784	19
76785	5
76786	0
76787	21
76789	21
76790	0
76791	9
76792	4
76793	3
76795	3
76796	7
76797	0
76798	4
76799	1
76800	0
76802	0
76803	5
76804	11
76805	7
76806	1
76807	3
76808	5
76810	0
76811	9
76812	0
76813	0
76814	1
76815	1
76816	4
76818	2
76819	14
76820	6
76821	22
76822	10
76823	3
76824	1
76825	0
76826	0
76827	6
76828	0
76829	13
76830	0
76831	5
76832	13
76833	17
76834	0
76835	0
76838	0
76839	13
76841	0
76842	5
76843	0
76845	0
76846	2
76847	0
76848	13
76849	0
76850	5
76851	0
76852	2
76853	2
76854	4
76855	1
76856	1
76857	17
76859	0
76860	3
76861	20
76862	3
76863	9
76865	1
76866	11
76868	2
76870	10
76871	4
76872	2
76873	17
76874	3
76876	0
76877	14
76878	0
76879	4
76880	2
76881	6
76882	15
76884	15
76886	4
76887	7
76888	8
76889	10
76890	5
76892	7
76893	3
76894	0
76896	0
76897	1
76899	1
76900	7
76901	1
76903	4
76904	1
76906	8
76908	10
76909	4
76912	1
76913	6
76914	1
76915	5
76916	7
76917	0
76918	5
76920	8
76921	3
76922	29
76923	0
76926	2
76927	8
76928	14
76930	0
76931	3
76932	18
76933	0
76934	3
76936	19
76937	4
76939	0
76940	0
76941	6
76942	1
76944	8
76945	5
76946	10
76947	1
76948	1
76949	16
76950	16
76952	19
76953	0
76954	4
76955	8
76956	0
76957	7
76958	1
76959	5
76960	5
76962	3
76963	8
76964	0
76966	1
76967	0
76968	7
76969	2
76970	11
76971	1
76972	2
76973	9
76974	5
76975	6
76976	5
76978	0
76979	19
76980	0
76981	4
76982	0
76983	0
76984	6
76985	4
76986	3
76987	0
76988	13
76990	0
76991	18
76992	0
76993	7
76994	35
76995	0
76996	0
76997	10
76998	0
76999	0
77000	16
77001	1
77002	1
77004	1
77005	7
77006	0
77007	2
77008	0
77009	6
77010	8
77011	2
77012	1
77013	0
77014	0
77015	0
77016	0
77017	3
77018	2
77019	9
77020	1
77022	0
77023	6
77024	0
77025	12
77026	4
77027	2
77028	18
77030	0
77031	20
77032	6
77033	2
77034	0
77035	20
77036	0
77037	18
77038	3
77039	17
77041	1
77042	2
77043	10
77044	2
77045	8
77046	9
77047	8
77049	4
77050	18
77051	1
77052	2
77053	0
77054	2
77055	0
77056	0
77057	0
77058	12
77060	0
77061	3
77063	1
77064	0
77065	5
77066	20
77067	3
77068	0
77069	0
77071	7
77072	11
77073	12
77074	3
77075	7
77076	2
77077	1
77078	6
77079	16
77081	1
77082	0
77083	0
77084	13
77086	0
77087	0
77088	2
77089	10
77092	4
77093	9
77094	0
77095	9
77096	0
77097	9
77098	4
77099	7
77100	5
77101	5
77103	5
77104	2
77105	17
77107	1
77108	1
77109	0
77110	18
77111	0
77112	2
77113	8
77114	3
77116	4
77117	2
77118	0
77119	1
77121	19
77122	8
77123	0
77124	9
77126	5
77127	10
77128	5
77129	0
77130	6
77131	9
77132	12
77133	0
77134	4
77138	0
77140	5
77141	0
77142	3
77143	3
77145	7
77146	2
77148	0
77149	0
77150	4
77151	4
77153	1
77154	0
77155	10
77156	0
77157	18
77158	0
77159	6
77160	16
77161	0
77162	7
77163	5
77164	0
77166	4
77168	15
77169	0
77170	14
77171	38
77172	0
77173	3
77174	0
77175	2
77176	13
77177	3
77178	0
77180	0
77183	7
77184	4
77185	8
77186	4
77188	2
77190	16
77191	13
77192	6
77193	9
77194	17
77195	17
77196	5
77198	9
77199	0
77200	7
77201	1
77202	0
77203	0
77204	0
77205	1
77206	0
77207	28
77208	0
77209	17
77210	6
77211	2
77212	0
77213	2
77214	7
77216	3
77217	16
77218	12
77219	1
77220	9
77221	1
77223	12
77225	0
77226	2
77227	13
77228	2
77230	0
77232	4
77233	8
77235	0
77236	0
77237	9
77238	5
77240	20
77241	2
77242	2
77243	16
77244	6
77247	2
77248	27
77249	8
77250	10
77252	0
77253	2
77254	3
77256	3
77257	6
77259	1
77260	19
77261	15
77262	5
77263	0
77265	9
77266	0
77267	4
77269	0
77270	0
77271	2
77273	2
77275	1
77276	11
77277	3
77278	4
77280	6
77281	5
77282	15
77283	19
77284	8
77285	5
77286	10
77287	1
77288	8
77289	9
77290	0
77291	2
77294	1
77295	16
77296	13
77297	0
77300	3
77301	7
77302	2
77303	0
77304	2
77305	0
77306	1
77308	10
77309	0
77310	23
77311	11
77312	8
77313	8
77314	30
77315	4
77316	12
77317	16
77318	15
77320	1
77322	0
77323	0
77324	0
77325	5
77326	2
77327	4
77330	7
77331	3
77332	11
77334	4
77335	15
77336	21
77337	9
77338	12
77340	0
77341	2
77342	2
77343	0
77344	12
77345	4
77346	0
77347	16
77348	4
77349	3
77352	13
77353	4
77354	19
77355	0
77356	0
77357	3
77358	0
77359	0
77360	3
77361	4
77363	6
77364	3
77365	0
77366	24
77367	25
77368	21
77371	1
77372	4
77375	3
77376	1
77377	0
77378	20
77380	0
77381	7
77382	0
77383	14
77384	1
77385	18
77386	14
77388	0
77389	8
77390	0
77393	14
77394	4
77395	11
77396	5
77397	0
77398	0
77399	25
77400	3
77401	6
77402	4
77403	10
77405	7
77406	0
77407	13
77408	6
77409	3
77410	1
77411	9
77412	0
77413	6
77415	22
77416	0
77417	1
77420	0
77421	3
77422	1
77423	0
77424	0
77425	0
77426	0
77427	14
77428	3
77429	2
77430	0
77431	1
77432	6
77433	0
77434	1
77435	9
77437	6
77438	4
77439	2
77440	0
77441	1
77442	8
77443	9
77444	4
77445	4
77446	2
77448	0
77449	2
77450	0
77451	0
77453	0
77454	1
77456	16
77458	0
77460	0
77461	0
77462	0
77463	0
77464	1
77466	0
77468	0
77469	0
77471	0
77472	10
77474	9
77476	6
77477	14
77479	3
77480	0
77481	0
77482	6
77483	0
77484	7
77485	9
77486	4
77487	7
77488	0
77489	21
77490	7
77491	0
77492	0
77493	0
77494	7
77495	2
77496	5
77498	1
77499	17
77500	0
77501	1
77502	5
77503	11
77504	8
77505	0
77506	1
77507	13
77509	0
77510	9
77511	0
77512	7
77514	1
77515	3
77516	15
77518	4
77519	6
77520	5
77522	0
77523	10
77524	7
77525	0
77526	1
77527	11
77528	4
77530	1
77531	3
77532	11
77533	5
77534	1
77535	1
77536	0
77537	7
77538	9
77539	13
77540	6
77541	0
77542	6
77543	0
77544	1
77545	8
77546	6
77547	14
77548	0
77549	2
77550	21
77551	11
77552	4
77555	2
77557	16
77559	11
77560	18
77561	3
77562	3
77563	2
77564	10
77565	8
77566	20
77567	0
77568	2
77570	4
77572	7
77574	1
77575	3
77576	8
77577	5
77578	19
77579	3
77580	29
77581	0
77582	11
77583	1
77584	18
77585	3
77586	1
77588	7
77590	5
77591	0
77592	9
77593	8
77594	7
77595	0
77597	0
77598	11
77599	4
77600	0
77601	8
77602	17
77603	0
77604	13
77605	2
77606	8
77609	0
77610	0
77611	0
77612	2
77613	9
77614	0
77616	0
77617	5
77618	0
77619	3
77620	5
77621	0
77622	0
77623	3
77625	5
77626	0
77627	0
77628	1
77630	0
77631	0
77632	1
77633	0
77635	1
77636	11
77637	16
77638	4
77640	9
77641	0
77643	0
77644	0
77645	0
77646	4
77647	1
77648	1
77649	0
77650	8
77652	22
77653	3
77654	15
77655	10
77656	0
77657	2
77658	0
77659	12
77661	17
77662	6
77663	0
77664	0
77665	8
77667	7
77668	1
77669	3
77670	12
77671	1
77672	15
77673	2
77674	3
77675	11
77677	13
77678	0
77679	9
77680	10
77681	9
77682	12
77683	22
77684	31
77685	10
77686	0
77687	4
77688	4
77689	1
77690	5
77691	0
77692	0
77693	20
77694	0
77695	0
77696	8
77697	0
77698	15
77699	0
77700	3
77703	7
77705	0
77706	6
77708	0
77709	0
77710	2
77711	2
77712	0
77713	26
77715	0
77717	11
77718	24
77719	0
77720	4
77721	0
77722	1
77723	17
77724	5
77725	6
77727	0
77728	0
77732	0
77733	6
77734	0
77735	3
77736	0
77738	9
77739	0
77740	3
77742	18
77744	12
77745	6
77746	0
77747	10
77748	2
77749	3
77750	3
77752	0
77753	7
77754	5
77755	6
77756	0
77757	6
77758	13
77759	0
77761	5
77762	1
77763	6
77764	0
77765	0
77766	0
77768	0
77770	0
77771	1
77772	1
77773	12
77774	2
77775	5
77776	16
77777	3
77778	0
77779	0
77780	0
77781	9
77783	15
77784	4
77786	9
77787	18
77788	4
77789	0
77790	9
77791	3
77792	11
77793	5
77794	11
77795	4
77796	2
77797	0
77798	3
77799	4
77800	11
77802	0
77803	8
77804	11
77805	7
77806	7
77807	13
77808	3
77809	2
77810	4
77811	5
77812	12
77813	4
77815	2
77816	11
77817	2
77818	15
77819	1
77820	0
77821	10
77822	0
77823	11
77824	3
77825	0
77826	11
77827	6
77828	2
77829	0
77830	0
77832	0
77833	0
77834	4
77835	14
77836	5
77837	3
77838	0
77839	2
77840	0
77841	35
77843	7
77844	6
77845	9
77846	0
77847	16
77848	0
77849	0
77850	7
77851	21
77852	0
77853	1
77854	5
77855	0
77856	0
77857	14
77858	10
77859	15
77860	0
77861	0
77862	20
77863	0
77864	1
77865	12
77866	0
77867	9
77868	3
77869	0
77871	1
77872	12
77873	15
77874	0
77876	7
77877	5
77878	7
77879	9
77880	3
77882	0
77884	0
77885	1
77887	11
77889	9
77890	0
77891	8
77892	1
77893	0
77894	0
77895	14
77896	0
77897	0
77898	8
77899	5
77900	8
77901	15
77902	0
77903	2
77905	11
77907	13
77908	1
77909	0
77910	4
77911	0
77912	1
77913	0
77914	0
77915	0
77916	6
77917	9
77918	0
77919	6
77920	4
77921	7
77922	1
77924	14
77925	0
77927	4
77928	13
77929	1
77930	3
77931	0
77932	4
77933	17
77934	3
77935	3
77936	1
77937	5
77938	3
77940	3
77941	5
77942	8
77943	0
77945	3
77947	4
77949	8
77950	2
77951	0
77952	2
77953	0
77954	5
77955	3
77956	0
77958	3
77959	0
77960	15
77962	8
77963	1
77964	1
77965	5
77967	2
77968	0
77969	0
77970	5
77971	0
77972	12
77973	35
77974	19
77975	0
77976	4
77977	1
77979	0
77980	8
77981	7
77982	5
77983	4
77984	0
77985	3
77986	2
77987	12
77988	3
77989	0
77990	8
77991	0
77992	7
77993	3
77994	21
77995	7
77996	13
77997	0
77998	5
77999	0
78000	7
78003	15
78005	10
78006	3
78007	2
78008	7
78009	8
78010	18
78011	4
78012	2
78013	9
78014	4
78015	6
78016	14
78017	2
78019	4
78020	9
78022	0
78023	2
78024	4
78025	6
78026	6
78027	0
78029	0
78030	12
78032	1
78033	6
78034	14
78035	6
78036	3
78037	1
78038	4
78039	0
78041	3
78042	5
78043	2
78044	11
78045	8
78046	0
78047	0
78048	13
78050	1
78051	3
78054	0
78055	0
78056	2
78058	5
78059	11
78060	3
78061	10
78062	2
78063	1
78064	0
78065	1
78066	4
78067	20
78068	0
78070	0
78071	0
78072	5
78073	16
78074	4
78075	0
78076	2
78077	0
78078	1
78079	4
78080	3
78081	13
78082	0
78084	0
78086	2
78087	0
78088	10
78090	1
78091	9
78092	14
78093	0
78094	5
78095	5
78096	6
78097	3
78098	13
78100	1
78101	3
78102	3
78103	16
78105	16
78106	3
78107	0
78108	27
78109	5
78111	0
78112	0
78114	2
78115	3
78116	9
78117	12
78118	1
78119	0
78120	7
78123	0
78124	0
78125	0
78126	10
78127	1
78128	0
78129	17
78130	9
78131	9
78134	0
78135	12
78136	1
78137	1
78138	1
78139	0
78140	6
78141	10
78143	5
78144	1
78145	2
78146	0
78147	6
78148	0
78149	8
78150	11
78152	0
78153	10
78154	1
78155	7
78156	5
78157	4
78158	0
78159	4
78161	0
78162	11
78163	5
78164	0
78165	3
78167	15
78168	3
78169	4
78171	16
78172	0
78173	7
78174	7
78175	0
78176	2
78177	1
78179	3
78180	3
78181	0
78182	1
78184	0
78185	0
78186	13
78188	0
78189	0
78190	1
78192	2
78193	8
78194	4
78195	3
78196	1
78197	0
78198	2
78199	6
78200	17
78201	14
78202	1
78203	4
78204	0
78206	9
78207	30
78208	1
78209	4
78210	7
78211	1
78212	5
78213	9
78214	5
78215	11
78216	1
78217	3
78219	0
78220	1
78221	11
78222	4
78224	8
78225	0
78226	8
78227	6
78228	0
78229	16
78231	1
78232	25
78234	1
78235	4
78236	7
78237	1
78238	1
78239	0
78240	9
78241	0
78242	5
78243	7
78244	2
78245	0
78246	1
78247	0
78248	0
78249	3
78250	2
78251	10
78252	2
78253	14
78254	0
78255	3
78257	6
78258	7
78259	5
78261	0
78262	6
78263	4
78264	5
78266	0
78267	4
78268	3
78269	9
78270	1
78271	3
78272	8
78273	1
78274	2
78275	3
78276	0
78277	7
78279	1
78280	1
78281	5
78283	18
78284	3
78286	21
78288	15
78289	11
78290	0
78291	0
78292	11
78293	0
78294	0
78295	0
78297	7
78299	0
78300	0
78301	0
78302	5
78303	1
78304	12
78306	2
78307	2
78309	0
78310	0
78311	3
78312	13
78313	2
78314	7
78315	4
78316	0
78317	5
78319	7
78322	3
78323	4
78324	2
78325	0
78326	12
78327	0
78328	5
78329	0
78330	1
78331	13
78332	0
78333	3
78334	2
78335	6
78336	0
78337	0
78338	8
78339	15
78340	20
78341	6
78343	11
78345	6
78346	0
78347	0
78348	5
78349	3
78350	0
78351	3
78352	15
78353	12
78354	3
78356	0
78358	4
78360	11
78362	1
78363	0
78364	5
78365	4
78366	7
78367	11
78369	5
78370	0
78371	5
78372	15
78373	1
78376	3
78377	1
78378	18
78379	3
78380	2
78381	10
78382	11
78383	0
78384	12
78385	11
78386	14
78387	2
78388	6
78389	0
78390	2
78391	3
78392	6
78393	0
78394	0
78395	0
78396	6
78397	8
78398	0
78399	9
78400	8
78401	7
78402	2
78403	1
78404	10
78406	5
78408	5
78409	7
78410	0
78411	14
78413	7
78414	11
78416	11
78418	5
78420	2
78421	0
78424	8
78425	9
78426	6
78427	10
78428	0
78429	6
78430	4
78431	18
78432	20
78433	10
78434	0
78435	7
78436	0
78437	4
78438	5
78439	0
78441	2
78443	1
78444	5
78445	0
78446	16
78449	0
78450	3
78451	0
78452	9
78453	22
78457	4
78458	0
78459	12
78461	12
78462	16
78463	9
78464	1
78465	5
78466	1
78467	7
78468	0
78469	3
78470	2
78471	3
78472	6
78473	0
78474	4
78475	0
78476	0
78478	18
78480	3
78481	0
78482	1
78483	8
78484	4
78485	3
78486	14
78487	3
78488	0
78489	0
78490	13
78491	0
78492	1
78493	0
78494	3
78495	4
78496	8
78497	0
78498	0
78499	0
78500	8
78501	3
78502	2
78503	0
78504	0
78505	2
78506	5
78507	0
78508	7
78510	1
78511	0
78512	5
78513	3
78514	0
78515	9
78516	0
78517	0
78518	6
78519	3
78520	30
78521	0
78522	0
78523	0
78524	5
78525	5
78527	3
78528	11
78530	0
78533	18
78534	1
78535	10
78536	6
78537	8
78538	3
78540	4
78541	2
78542	2
78543	11
78544	0
78545	1
78546	15
78547	9
78548	0
78549	1
78550	3
78552	0
78553	13
78555	24
78556	0
78557	7
78558	0
78559	0
78560	13
78561	4
78562	0
78564	7
78566	8
78567	0
78568	4
78570	9
78571	20
78572	0
78573	4
78574	6
78575	11
78576	0
78577	1
78578	0
78579	15
78580	0
78581	1
78583	2
78584	10
78585	4
78586	0
78587	4
78588	1
78591	0
78592	0
78594	9
78595	7
78596	5
78597	8
78598	4
78599	7
78600	6
78602	1
78603	4
78604	0
78605	16
78606	0
78608	12
78609	4
78610	0
78612	6
78613	2
78615	3
78616	4
78617	3
78618	0
78619	0
78620	1
78622	3
78624	6
78625	3
78627	2
78628	2
78629	9
78630	0
78631	4
78632	11
78633	0
78634	0
78637	0
78638	12
78639	0
78640	26
78641	10
78642	0
78643	4
78644	5
78645	0
78646	2
78647	1
78648	7
78649	0
78651	10
78652	5
78653	12
78654	2
78655	1
78656	0
78657	7
78658	12
78659	3
78660	15
78661	6
78663	3
78664	0
78665	0
78666	0
78667	22
78668	2
78669	2
78670	1
78671	0
78672	7
78673	9
78674	2
78675	0
78676	15
78677	4
78678	1
78679	0
78680	5
78681	0
78682	2
78683	7
78684	7
78685	0
78686	2
78687	0
78688	0
78689	3
78690	3
78691	0
78692	0
78693	2
78694	0
78695	8
78696	6
78697	9
78699	11
78700	0
78701	17
78702	18
78703	2
78705	3
78706	0
78708	11
78709	3
78712	6
78713	0
78714	2
78715	24
78717	8
78718	0
78719	4
78720	5
78721	6
78722	7
78723	12
78724	7
78725	4
78727	28
78728	8
78730	9
78731	6
78732	6
78733	1
78734	8
78737	10
78738	6
78740	4
78741	3
78742	3
78743	5
78744	0
78745	3
78747	11
78748	15
78749	0
78751	1
78753	9
78754	8
78755	1
78757	0
78758	1
78759	1
78760	8
78761	0
78763	4
78764	0
78766	2
78769	0
78770	14
78771	12
78772	3
78773	5
78774	7
78775	0
78777	1
78778	2
78779	13
78780	0
78781	1
78783	16
78785	25
78786	14
78787	7
78788	1
78789	3
78790	2
78791	11
78792	0
78794	3
78796	12
78797	4
78798	4
78799	29
78800	15
78801	1
78802	6
78803	9
78804	3
78805	0
78806	2
78807	0
78808	12
78809	14
78810	15
78811	2
78812	9
78814	10
78815	4
78816	0
78817	14
78818	0
78820	1
78821	10
78822	12
78823	0
78824	2
78825	18
78826	5
78827	7
78828	3
78829	1
78830	0
78831	3
78832	8
78833	9
78834	12
78835	0
78836	7
78837	7
78838	8
78839	10
78840	4
78841	6
78842	6
78844	0
78845	3
78846	0
78847	0
78848	8
78849	22
78850	0
78851	18
78854	2
78855	5
78856	0
78858	0
78859	3
78860	9
78861	9
78862	2
78863	1
78867	3
78868	0
78870	4
78871	19
78872	1
78873	19
78874	0
78875	0
78876	0
78877	0
78878	9
78879	7
78880	0
78881	8
78882	13
78883	0
78885	3
78887	17
78888	1
78890	6
78891	0
78893	18
78894	6
78895	3
78896	0
78898	8
78899	6
78901	0
78902	0
78903	10
78904	0
78905	10
78906	20
78907	5
78908	10
78909	2
78910	4
78911	1
78912	1
78913	11
78914	7
78915	0
78918	0
78919	0
78920	5
78921	3
78922	2
78924	3
78925	3
78927	12
78928	10
78929	10
78930	0
78931	0
78934	0
78935	1
78936	6
78937	7
78938	0
78939	5
78940	8
78941	9
78942	0
78943	11
78944	1
78945	3
78946	5
78948	6
78949	10
78950	6
78951	0
78952	4
78953	0
78954	0
78956	0
78960	3
78961	0
78962	4
78963	4
78965	6
78966	3
78967	4
78968	0
78969	15
78970	3
78971	0
78972	1
78973	10
78974	1
78975	0
78976	13
78977	2
78978	2
78979	16
78980	25
78981	10
78982	4
78983	7
78984	1
78986	5
78988	0
78989	11
78990	19
78991	5
78992	0
78993	9
78994	0
78995	6
78996	1
78997	5
78998	6
78999	7
79000	14
79001	0
79002	6
79003	10
79004	2
79006	17
79007	1
79008	2
79009	5
79010	0
79011	1
79012	0
79013	11
79014	30
79017	3
79018	4
79019	8
79020	0
79021	0
79022	0
79023	0
79024	19
79025	13
79026	2
79027	4
79028	15
79029	1
79030	3
79031	4
79032	0
79034	0
79035	0
79036	6
79037	0
79038	3
79039	14
79040	13
79041	3
79042	0
79045	31
79046	1
79047	2
79048	3
79049	12
79050	0
79051	0
79052	7
79053	6
79054	0
79055	7
79056	18
79057	3
79058	8
79060	1
79062	10
79063	0
79065	2
79066	0
79068	9
79071	0
79072	8
79073	2
79074	0
79075	8
79076	0
79077	7
79078	3
79079	0
79080	0
79082	4
79083	13
79085	15
79086	6
79087	0
79088	1
79089	9
79090	0
79091	2
79092	0
79093	0
79094	0
79096	0
79097	3
79098	3
79099	7
79101	0
79102	2
79103	16
79104	9
79105	5
79107	6
79108	4
79110	24
79113	2
79114	18
79115	19
79116	24
79117	2
79119	3
79120	12
79121	5
79122	8
79123	15
79124	11
79125	1
79126	2
79127	0
79129	0
79132	0
79133	11
79134	5
79135	0
79136	7
79137	5
79138	1
79139	3
79140	3
79141	7
79143	0
79144	5
79145	5
79146	13
79148	11
79150	0
79152	14
79153	0
79154	4
79155	3
79157	6
79158	1
79159	5
79160	10
79162	3
79163	3
79164	18
79165	10
79166	5
79168	6
79170	0
79171	2
79172	1
79173	3
79174	16
79175	5
79176	0
79177	1
79180	1
79181	0
79182	0
79183	7
79184	1
79185	0
79186	1
79187	1
79188	3
79189	0
79190	20
79192	6
79193	4
79194	1
79195	0
79196	5
79197	11
79199	0
79200	4
79201	1
79202	0
79203	17
79205	7
79206	6
79207	1
79208	0
79210	7
79211	0
79212	29
79213	16
79214	2
79215	6
79216	4
79217	0
79218	1
79219	1
79220	0
79221	0
79222	7
79223	6
79224	2
79225	0
79226	9
79227	9
79228	22
79229	0
79230	4
79231	14
79232	14
79233	0
79234	0
79236	22
79237	4
79238	3
79239	4
79240	10
79241	23
79242	12
79243	4
79244	0
79245	1
79246	4
79249	8
79250	0
79252	3
79253	8
79254	1
79255	1
79256	15
79258	0
79259	0
79260	6
79261	4
79262	17
79263	2
79265	22
79266	8
79267	9
79268	1
79269	8
79270	0
79271	11
79272	0
79273	0
79274	7
79275	0
79276	13
79277	5
79278	7
79279	1
79280	2
79282	10
79283	5
79285	19
79286	7
79287	5
79288	3
79289	1
79290	4
79291	19
79292	5
79293	0
79294	10
79297	4
79298	3
79300	0
79301	8
79303	0
79304	6
79305	1
79306	5
79307	5
79308	14
79309	0
79310	14
79311	2
79312	13
79313	20
79314	2
79315	4
79316	4
79317	3
79318	12
79319	5
79320	5
79321	9
79323	0
79324	5
79327	3
79328	10
79329	0
79330	6
79331	0
79332	0
79333	0
79334	1
79335	0
79336	9
79337	2
79338	6
79339	2
79341	0
79343	0
79344	11
79345	0
79346	3
79347	4
79348	0
79349	6
79350	6
79351	15
79352	3
79353	2
79355	4
79356	13
79359	1
79360	9
79361	11
79363	8
79364	0
79366	0
79367	4
79368	0
79370	8
79373	7
79374	7
79375	0
79376	10
79377	2
79378	0
79379	5
79380	12
79382	0
79383	8
79384	0
79385	3
79386	2
79387	7
79388	7
79389	14
79390	5
79391	3
79392	3
79393	3
79395	3
79396	3
79398	0
79399	3
79400	1
79401	17
79402	8
79403	0
79404	4
79406	8
79407	0
79408	0
79409	0
79410	0
79412	0
79413	2
79414	5
79415	0
79416	10
79417	9
79418	5
79419	0
79420	0
79421	0
79422	5
79423	0
79424	5
79425	11
79426	8
79427	9
79428	3
79429	3
79430	5
79431	0
79432	5
79433	9
79434	6
79435	0
79436	17
79437	6
79438	3
79441	4
79442	1
79443	4
79444	13
79445	0
79446	0
79447	0
79448	10
79449	0
79450	1
79451	5
79452	1
79453	9
79454	26
79455	5
79456	17
79457	10
79458	0
79459	6
79460	18
79461	12
79462	17
79463	0
79464	5
79466	0
79467	2
79468	10
79469	8
79470	4
79471	20
79472	12
79473	9
79475	3
79476	6
79477	6
79478	9
79479	4
79480	8
79481	16
79482	3
79483	0
79484	3
79485	5
79486	0
79489	16
79490	1
79491	0
79492	0
79493	6
79494	0
79495	16
79496	16
79497	5
79498	3
79501	14
79503	1
79504	6
79505	5
79506	4
79507	6
79508	0
79509	1
79510	4
79512	1
79513	1
79514	12
79515	7
79516	1
79517	5
79518	5
79519	15
79520	0
79521	4
79523	0
79524	0
79525	0
79527	3
79528	5
79529	3
79530	2
79531	0
79532	0
79533	1
79534	0
79535	2
79536	2
79537	0
79538	7
79539	6
79540	13
79541	17
79542	7
79543	0
79544	3
79545	8
79546	6
79547	10
79548	1
79549	7
79550	0
79551	6
79552	4
79553	6
79554	3
79555	10
79556	0
79557	16
79558	0
79559	6
79560	8
79561	6
79562	2
79563	0
79564	26
79565	0
79566	1
79567	2
79568	7
79569	0
79570	7
79571	1
79573	2
79574	3
79576	3
79577	7
79578	5
79579	8
79580	6
79581	1
79582	19
79583	0
79584	0
79585	0
79586	18
79587	2
79588	4
79589	11
79591	1
79592	0
79593	7
79594	1
79595	2
79596	15
79597	0
79598	22
79599	3
79600	6
79601	0
79602	5
79603	12
79604	1
79605	5
79606	2
79607	0
79608	4
79610	1
79611	13
79612	3
79613	6
79614	8
79616	14
79617	4
79618	34
79619	15
79620	0
79621	10
79622	15
79623	8
79625	7
79626	3
79627	0
79628	0
79629	1
79630	2
79631	8
79632	15
79633	9
79634	0
79635	0
79636	0
79637	0
79638	0
79639	3
79640	0
79641	9
79642	11
79643	0
79644	0
79645	13
79646	1
79647	4
79648	29
79649	6
79650	0
79651	3
79652	3
79653	10
79654	10
79655	8
79656	9
79658	0
79659	1
79661	0
79663	11
79664	0
79665	8
79666	2
79667	7
79670	9
79671	0
79672	1
79673	3
79674	2
79677	4
79678	20
79679	3
79680	0
79681	3
79682	0
79683	18
79684	13
79685	21
79686	4
79687	3
79688	11
79689	9
79690	0
79691	6
79692	0
79693	4
79694	9
79697	0
79698	0
79699	3
79700	1
79701	2
79702	25
79703	1
79704	0
79705	0
79706	7
79707	17
79709	11
79712	9
79713	4
79715	11
79716	9
79719	0
79720	2
79722	12
79723	12
79725	0
79726	2
79727	0
79728	18
79729	1
79730	0
79731	2
79732	0
79733	10
79734	3
79735	1
79736	1
79737	3
79739	0
79740	14
79741	0
79743	4
79744	2
79745	4
79746	3
79747	6
79748	7
79749	0
79750	15
79751	4
79752	17
79753	2
79754	8
79755	12
79757	6
79758	6
79760	0
79761	9
79762	0
79764	6
79765	0
79766	4
79767	0
79768	9
79769	0
79770	0
79772	15
79773	8
79774	0
79776	0
79777	5
79779	16
79780	0
79782	4
79784	10
79785	2
79786	5
79787	1
79788	1
79789	9
79790	0
79791	8
79792	0
79793	18
79794	3
79796	9
79797	4
79798	0
79799	10
79800	0
79801	0
79802	1
79803	6
79804	4
79805	6
79806	11
79807	24
79809	24
79810	1
79811	15
79812	9
79813	9
79814	6
79815	0
79816	0
79817	0
79819	0
79820	9
79821	1
79822	1
79823	16
79824	8
79825	3
79826	6
79827	1
79828	0
79829	10
79831	14
79832	10
79833	14
79834	3
79835	5
79836	6
79837	1
79838	18
79839	0
79840	0
79841	14
79842	6
79843	24
79844	2
79845	4
79846	9
79847	2
79848	5
79849	1
79850	5
79851	0
79852	13
79854	12
79855	0
79856	2
79857	8
79858	15
79859	19
79860	16
79862	3
79863	0
79864	5
79865	0
79866	0
79867	0
79869	2
79870	10
79871	0
79872	0
79873	0
79874	4
79875	2
79876	24
79877	9
79878	8
79879	16
79880	0
79881	3
79883	0
79884	0
79885	11
79886	3
79888	12
79889	2
79890	0
79891	1
79892	17
79893	0
79894	14
79895	11
79896	2
79897	0
79899	0
79900	14
79901	0
79902	8
79904	2
79905	7
79906	1
79907	3
79908	0
79909	0
79910	13
79911	2
79912	0
79913	5
79914	1
79915	12
79916	0
79917	4
79918	2
79919	0
79920	0
79921	10
79922	6
79923	7
79924	0
79926	6
79928	0
79929	5
79930	0
79931	0
79932	27
79933	5
79934	12
79936	0
79938	4
79939	0
79940	10
79941	0
79942	0
79943	1
79944	2
79945	1
79947	1
79948	6
79949	8
79950	9
79952	1
79953	6
79954	17
79955	16
79956	5
79957	10
79958	2
79959	0
79960	12
79961	6
79962	0
79963	18
79964	0
79965	0
79966	5
79967	0
79968	5
79969	8
79970	19
79971	7
79972	3
79973	5
79974	2
79975	15
79976	3
79977	6
79978	2
79979	3
79981	0
79982	3
79983	17
79984	0
79985	1
79986	1
79987	19
79989	0
79990	0
79992	0
79993	0
79994	1
79995	0
79996	0
79997	0
79998	2
79999	5
80000	1
80001	4
80002	4
80003	0
80004	10
80005	3
80006	0
80007	17
80008	2
80009	9
80010	8
80011	3
80012	0
80013	13
80014	0
80015	9
80016	0
80017	2
80018	4
80019	1
80020	0
80021	2
80022	14
80023	10
80024	3
80026	0
80027	7
80029	0
80030	8
80031	2
80032	0
80033	0
80034	2
80035	0
80036	7
80037	15
80038	0
80039	5
80040	0
80041	6
80043	0
80044	0
80045	3
80046	22
80048	8
80049	9
80050	9
80051	0
80052	16
80053	3
80054	20
80055	5
80056	1
80057	5
80058	2
80059	3
80060	8
80061	7
80063	5
80064	0
80065	4
80066	17
80067	1
80068	3
80069	0
80070	9
80071	4
80073	4
80074	0
80075	5
80077	0
80078	4
80079	0
80080	13
80081	11
80082	2
80084	9
80086	0
80087	2
80088	0
80089	0
80090	30
80091	14
80093	14
80094	0
80095	6
80096	7
80097	11
80098	1
80099	5
80100	4
80101	2
80102	1
80103	8
80104	3
80108	7
80109	2
80110	8
80111	0
80112	4
80113	0
80114	0
80115	2
80116	3
80117	18
80118	2
80120	4
80121	0
80122	8
80124	10
80125	0
80126	8
80127	3
80129	3
80130	5
80131	0
80133	5
80134	12
80135	0
80136	8
80137	5
80138	0
80139	0
80140	7
80141	9
80142	0
80143	0
80144	3
80145	10
80146	7
80148	2
80149	12
80150	3
80151	4
80155	0
80156	5
80157	3
80158	0
80159	0
80160	0
80161	2
80162	12
80163	1
80164	4
80165	6
80166	2
80167	7
80168	0
80169	0
80170	3
80171	4
80172	0
80174	0
80175	3
80176	0
80177	3
80178	13
80179	4
80180	0
80182	1
80183	0
80184	8
80185	0
80186	12
80188	0
80189	13
80190	9
80191	2
80192	0
80193	1
80194	11
80195	0
80196	11
80197	9
80198	14
80200	0
80201	3
80202	0
80203	0
80205	3
80207	13
80208	1
80209	18
80210	9
80211	3
80212	9
80213	6
80214	18
80215	11
80216	4
80217	7
80218	2
80219	9
80220	8
80221	3
80222	1
80223	1
80224	1
80225	0
80226	0
80227	0
80228	0
80229	0
80230	7
80231	0
80232	14
80233	9
80234	7
80235	0
80236	0
80237	1
80238	1
80239	18
80240	0
80241	16
80242	0
80243	0
80244	9
80245	5
80246	0
80247	9
80248	0
80249	1
80250	42
80252	0
80253	10
80254	6
80255	1
80256	4
80257	6
80258	13
80259	7
80260	2
80261	4
80262	2
80263	6
80264	1
80265	0
80266	11
80267	21
80268	0
80269	0
80270	10
80272	9
80273	10
80274	0
80275	9
80276	0
80277	1
80278	5
80279	5
80280	16
80281	14
80282	5
80283	17
80284	2
80285	8
80286	8
80289	2
80291	6
80292	0
80293	3
80294	0
80295	6
80296	37
80297	7
80298	7
80299	24
80300	3
80301	6
80302	3
80304	2
80305	0
80307	4
80308	5
80311	4
80312	11
80313	0
80315	0
80316	3
80317	4
80318	1
80319	7
80320	0
80321	15
80322	0
80323	5
80324	0
80325	17
80326	11
80328	10
80329	0
80330	7
80331	2
80332	9
80333	0
80334	6
80336	0
80337	8
80338	5
80339	5
80342	0
80344	0
80346	0
80347	8
80349	4
80350	7
80351	0
80353	0
80354	8
80357	3
80358	13
80359	0
80360	0
80361	18
80362	8
80364	3
80365	7
80366	6
80367	2
80368	2
80369	9
80370	16
80371	6
80372	14
80373	0
80374	1
80375	18
80376	0
80377	6
80378	0
80379	1
80380	0
80381	7
80382	10
80383	5
80384	0
80385	8
80387	1
80388	2
80390	0
80391	0
80392	0
80393	3
80394	2
80396	5
80398	2
80399	6
80400	8
80402	2
80403	12
80404	10
80405	11
80406	1
80408	5
80409	18
80410	2
80411	14
80412	1
80413	6
80414	3
80415	0
80416	9
80417	0
80418	0
80419	1
80420	2
80421	3
80422	0
80423	1
80424	6
80425	0
80426	0
80427	0
80429	0
80430	2
80432	9
80433	1
80434	5
80435	0
80436	5
80437	1
80438	15
80439	0
80440	22
80441	3
80442	1
80443	0
80444	0
80445	17
80446	0
80447	8
80448	5
80449	15
80451	1
80452	2
80453	0
80454	2
80455	11
80456	3
80458	1
80459	18
80460	2
80461	4
80462	0
80463	3
80464	9
80466	4
80467	12
80468	11
80470	2
80471	0
80472	17
80473	0
80474	1
80475	24
80476	22
80477	5
80478	7
80480	8
80481	2
80484	5
80485	0
80486	7
80487	9
80488	0
80489	2
80490	14
80491	8
80492	0
80493	18
80494	0
80495	1
80496	0
80498	8
80499	1
80500	7
80501	3
80502	6
80503	0
80504	11
80505	0
80506	2
80507	2
80508	6
80509	8
80510	6
80511	9
80512	0
80513	0
80514	1
80515	1
80516	0
80517	2
80518	0
80519	1
80520	5
80521	7
80522	0
80523	1
80524	16
80526	5
80527	3
80528	11
80529	0
80530	1
80531	17
80532	16
80533	4
80534	5
80535	2
80536	8
80537	0
80538	7
80539	3
80540	0
80541	13
80542	1
80543	18
80544	0
80545	11
80546	1
80547	10
80548	12
80549	10
80550	16
80551	0
80552	9
80553	14
80554	13
80555	7
80556	19
80557	4
80558	0
80560	0
80561	6
80562	4
80563	2
80564	36
80565	4
80566	4
80567	5
80568	8
80569	2
80570	19
80572	0
80573	0
80574	0
80575	0
80576	0
80578	6
80579	0
80580	12
80581	31
80582	6
80584	1
80585	0
80586	4
80587	0
80588	14
80589	1
80590	5
80591	6
80592	19
80593	1
80594	15
80595	1
80596	1
80597	0
80598	9
80600	2
80601	10
80603	7
80604	3
80605	2
80606	0
80607	2
80609	8
80610	0
80611	0
80612	5
80613	6
80615	5
80616	0
80617	10
80618	3
80621	1
80622	5
80623	7
80625	0
80626	3
80627	6
80628	9
80630	0
80632	11
80633	18
80636	9
80637	0
80638	5
80639	2
80640	0
80641	4
80642	0
80643	0
80644	1
80645	0
80646	1
80647	10
80648	6
80649	0
80650	0
80651	0
80652	4
80653	9
80654	5
80655	0
80656	2
80657	15
80658	2
80660	16
80661	0
80663	0
80664	3
80665	3
80666	0
80667	0
80668	5
80669	14
80671	0
80672	4
80673	2
80675	3
80676	30
80677	2
80678	13
80679	8
80680	3
80681	3
80682	19
80683	7
80684	1
80685	6
80686	20
80687	0
80688	2
80689	0
80690	3
80691	10
80693	1
80694	1
80695	0
80696	2
80697	0
80698	3
80699	3
80700	9
80701	0
80702	4
80703	5
80704	1
80705	0
80706	0
80708	0
80709	6
80710	2
80711	17
80712	3
80714	3
80715	5
80716	8
80717	0
80718	0
80719	2
80720	4
80721	0
80724	2
80725	5
80726	11
80727	0
80728	0
80729	7
80730	1
80732	23
80734	2
80735	18
80736	0
80737	4
80739	0
80740	0
80741	0
80742	10
80743	6
80744	15
80745	2
80746	9
80747	13
80749	5
80750	4
80751	1
80752	12
80753	0
80755	4
80756	1
80757	3
80758	9
80764	7
80765	1
80766	12
80767	2
80768	14
80769	17
80770	5
80771	0
80774	6
80775	14
80776	7
80777	0
80778	5
80779	1
80780	12
80781	13
80782	2
80784	13
80785	0
80786	8
80787	0
80788	5
80790	3
80791	13
80792	0
80793	4
80794	5
80797	1
80798	9
80799	0
80800	11
80801	9
80804	14
80805	3
80806	0
80807	0
80808	6
80810	2
80811	5
80812	20
80813	0
80814	3
80815	1
80818	10
80819	4
80821	0
80822	1
80823	14
80824	1
80825	10
80826	3
80827	1
80828	0
80829	7
80831	0
80832	0
80834	5
80835	7
80837	0
80838	0
80839	0
80840	1
80841	7
80842	16
80843	12
80845	4
80846	0
80847	2
80848	1
80849	0
80850	3
80851	0
80852	0
80853	0
80854	0
80855	2
80856	2
80857	0
80858	0
80859	9
80860	6
80861	1
80862	0
80863	0
80864	1
80865	3
80866	14
80867	3
80868	6
80869	5
80870	12
80871	23
80872	0
80873	2
80874	8
80875	0
80876	0
80877	1
80878	9
80879	1
80880	4
80881	14
80883	0
80885	0
80886	11
80888	6
80889	17
80890	0
80891	2
80892	0
80893	9
80895	3
80897	1
80898	0
80899	5
80900	3
80901	9
80902	2
80903	7
80904	8
80905	10
80906	7
80907	1
80908	5
80909	1
80910	8
80911	0
80912	11
80913	2
80914	5
80915	2
80916	0
80917	14
80920	19
80921	4
80922	9
80923	2
80924	5
80925	2
80926	0
80927	6
80928	0
80929	10
80930	0
80931	0
80932	4
80934	0
80935	9
80936	5
80937	7
80938	0
80939	6
80940	10
80941	2
80943	0
80944	4
80945	19
80947	2
80948	7
80950	3
80951	3
80952	4
80953	8
80954	1
80955	29
80956	7
80957	1
80958	0
80960	0
80961	7
80962	4
80963	35
80964	0
80965	7
80966	11
80969	3
80970	0
80971	7
80972	6
80973	17
80974	1
80975	0
80976	2
80977	3
80978	28
80979	4
80981	1
80982	3
80983	4
80984	17
80985	12
80986	1
80987	4
80988	0
80989	5
80990	4
80993	10
80994	4
80995	11
80996	4
80997	4
80998	0
80999	0
81000	3
81001	14
81002	3
81003	0
81004	9
81005	4
81006	0
81007	2
81009	4
81010	3
81011	0
81012	0
81013	6
81014	5
81015	3
81016	0
81019	2
81020	0
81022	2
81024	1
81025	0
81026	4
81027	0
81028	19
81029	6
81030	11
81031	2
81032	0
81033	6
81034	0
81035	6
81036	5
81037	4
81038	7
81039	0
81040	0
81041	12
81042	6
81043	8
81044	15
81045	2
81046	0
81047	0
81048	2
81049	5
81051	20
81052	1
81053	0
81054	0
81055	1
81056	1
81057	4
81058	5
81060	8
81061	3
81062	0
81063	0
81064	7
81065	16
81067	27
81068	11
81069	7
81070	0
81072	4
81073	0
81074	4
81075	5
81077	1
81079	6
81080	0
81081	7
81082	16
81083	12
81085	20
81086	17
81087	1
81088	8
81089	2
81091	15
81092	15
81093	5
81095	1
81096	13
81097	6
81098	2
81099	6
81100	3
81101	14
81102	0
81104	3
81105	0
81106	0
81107	0
81108	4
81109	1
81110	0
81111	6
81112	4
81113	0
81114	17
81115	6
81116	6
81117	8
81118	6
81119	12
81120	0
81122	15
81124	2
81125	5
81127	0
81128	6
81129	2
81130	8
81131	8
81132	1
81133	28
81134	12
81135	2
81137	12
81138	0
81139	8
81140	5
81141	1
81142	0
81144	4
81145	1
81146	4
81147	4
81148	3
81149	9
81150	0
81151	0
81152	14
81153	1
81154	2
81155	26
81156	10
81157	4
81158	0
81159	11
81160	5
81161	1
81163	8
81164	4
81165	2
81166	9
81168	12
81169	5
81170	4
81171	2
81172	4
81173	2
81174	8
81175	1
81176	13
81177	1
81179	10
81180	24
81181	4
81182	2
81183	7
81184	0
81185	20
81186	7
81187	2
81188	2
81189	13
81190	3
81191	0
81193	7
81194	11
81196	0
81197	3
81198	0
81199	3
81200	10
81201	0
81202	0
81203	6
81205	0
81206	3
81207	5
81208	6
81209	0
81210	13
81211	0
81212	1
81213	9
81214	3
81216	0
81217	0
81218	5
81219	1
81220	0
81221	7
81224	23
81225	1
81226	8
81228	17
81229	7
81230	0
81232	0
81234	0
81235	1
81237	0
81238	9
81239	1
81240	0
81241	19
81242	0
81243	13
81244	13
81245	4
81246	10
81247	3
81248	0
81249	19
81250	0
81251	6
81252	13
81254	15
81255	1
81257	0
81258	2
81259	1
81261	30
81262	4
81264	8
81266	0
81267	0
81268	0
81269	22
81271	2
81272	5
81273	3
81274	9
81275	6
81276	10
81277	6
81278	18
81280	4
81281	0
81282	0
81283	1
81285	0
81287	26
81288	4
81289	1
81290	4
81291	4
81292	7
81294	15
81295	3
81296	2
81297	0
81298	6
81299	1
81301	1
81302	16
81303	3
81304	2
81305	0
81308	0
81309	5
81310	4
81311	4
81312	9
81313	6
81314	1
81315	5
81316	6
81317	0
81319	9
81320	2
81322	0
81323	2
81324	17
81325	11
81327	4
81329	0
81330	9
81331	0
81332	0
81334	4
81335	1
81336	1
81337	5
81338	12
81339	12
81341	11
81343	3
81344	0
81345	14
81346	21
81347	4
81348	3
81349	0
81351	0
81354	1
81355	6
81356	6
81357	13
81358	5
81359	11
81360	0
81362	0
81363	17
81364	5
81365	18
81366	0
81367	0
81369	0
81371	5
81373	6
81374	3
81375	0
81376	20
81377	0
81378	2
81381	8
81382	6
81383	1
81385	6
81386	0
81387	18
81389	0
81390	0
81391	9
81392	7
81393	4
81395	8
81396	0
81397	9
81399	2
81401	1
81402	0
81403	8
81404	18
81405	0
81406	4
81407	2
81408	0
81409	24
81410	1
81411	19
81412	21
81413	6
81415	0
81416	2
81417	1
81419	5
81420	10
81421	8
81422	0
81423	4
81424	2
81425	5
81426	13
81427	10
81428	5
81429	0
81430	12
81432	12
81433	2
81434	0
81435	3
81436	12
81437	7
81438	4
81439	0
81441	1
81442	3
81443	7
81445	0
81447	0
81448	3
81449	0
81450	0
81451	2
81452	4
81453	3
81454	9
81455	15
81456	1
81457	0
81458	5
81460	0
81463	0
81464	9
81465	8
81466	15
81467	8
81470	0
81472	2
81473	1
81474	6
81475	1
81476	17
81477	2
81478	11
81479	25
81480	6
81482	7
81484	1
81485	19
81486	0
81487	0
81488	2
81489	1
81490	2
81491	0
81492	0
81493	0
81494	0
81495	0
81496	5
81497	2
81498	4
81499	18
81500	3
81501	0
81502	5
81504	1
81505	13
81506	0
81507	4
81508	0
81509	18
81511	0
81513	7
81516	0
81517	13
81518	0
81519	0
81520	12
81521	5
81522	6
81526	8
81528	2
81529	3
81530	6
81531	7
81532	14
81533	16
81534	2
81535	5
81537	0
81538	6
81539	4
81540	5
81541	0
81543	0
81544	1
81545	0
81546	1
81548	28
81549	11
81550	6
81551	7
81552	2
81554	9
81555	3
81557	20
81558	0
81559	0
81560	10
81562	7
81563	8
81566	0
81567	23
81568	13
81571	4
81572	2
81573	4
81574	0
81576	2
81579	0
81580	4
81581	4
81582	4
81583	0
81584	7
81585	5
81586	0
81587	6
81588	0
81589	3
81590	5
81591	4
81592	9
81593	9
81594	4
81595	0
81596	3
81597	6
81600	4
81601	4
81602	24
81603	0
81604	7
81605	2
81606	2
81607	9
81608	0
81609	9
81610	5
81611	7
81612	0
81613	2
81614	0
81615	1
81616	13
81618	0
81619	0
81620	0
81621	0
81622	0
81623	6
81624	6
81625	15
81626	16
81628	5
81630	0
81631	9
81632	14
81634	16
81635	0
81636	3
81637	0
81638	0
81639	12
81640	0
81641	3
81642	0
81644	1
81645	4
81647	2
81648	2
81649	1
81651	0
81652	0
81654	5
81655	9
81656	0
81657	9
81658	0
81659	21
81660	4
81661	10
81662	2
81663	4
81664	13
81665	3
81666	0
81667	10
81668	4
81670	10
81671	8
81672	0
81673	2
81674	2
81675	9
81676	8
81677	4
81678	0
81679	0
81680	1
81681	7
81683	3
81684	6
81685	0
81686	11
81687	3
81688	12
81690	2
81691	0
81692	7
81693	2
81694	0
81695	0
81696	0
81697	0
81698	0
81699	16
81700	12
81702	5
81703	5
81704	0
81705	4
81708	7
81709	0
81710	13
81711	0
81712	5
81713	10
81714	0
81715	6
81716	0
81717	10
81718	9
81720	12
81721	3
81722	12
81725	0
81726	5
81727	8
81728	0
81729	2
81731	1
81732	4
81733	9
81735	0
81736	0
81737	8
81738	3
81739	0
81741	7
81742	1
81743	10
81744	0
81745	9
81746	11
81750	18
81751	1
81752	8
81753	0
81755	1
81756	2
81757	7
81758	1
81759	1
81760	2
81761	5
81762	3
81764	2
81765	3
81766	0
81767	8
81768	0
81769	0
81770	4
81771	26
81772	4
81773	0
81774	0
81775	0
81776	3
81777	5
81778	0
81779	5
81780	2
81781	1
81782	1
81783	4
81784	5
81785	2
81786	12
81787	13
81788	3
81790	0
81791	0
81792	9
81793	15
81794	3
81796	0
81797	0
81798	1
81799	5
81800	1
81801	15
81802	2
81803	4
81804	8
81805	6
81806	1
81807	0
81808	0
81809	7
81811	11
81814	9
81815	8
81816	0
81817	5
81819	0
81820	2
81821	0
81822	6
81823	24
81824	18
81825	0
81826	3
81827	5
81828	29
81829	24
81831	2
81832	8
81834	0
81835	0
81836	5
81837	7
81838	3
81839	3
81841	5
81842	0
81843	0
81844	5
81845	2
81846	16
81847	2
81848	11
81849	13
81850	14
81852	5
81854	0
81855	23
81856	8
81857	18
81858	4
81859	3
81860	4
81861	3
81862	0
81863	0
81865	2
81866	2
81867	5
81868	2
81870	0
81871	7
81874	0
81876	0
81877	22
81878	5
81879	1
81880	2
81881	4
81882	3
81884	9
81886	0
81887	13
81888	0
81889	2
81890	12
81891	12
81893	0
81894	7
81895	11
81896	4
81897	5
81898	1
81899	1
81901	0
81902	2
81903	0
81904	6
81905	7
81906	1
81907	4
81909	9
81910	0
81911	1
81912	9
81913	0
81914	6
81916	1
81917	0
81918	0
81920	5
81922	3
81924	12
81925	5
81928	8
81929	4
81930	0
81931	3
81932	1
81934	8
81935	1
81936	0
81937	2
81938	5
81939	0
81940	4
81941	2
81942	0
81943	5
81944	6
81946	0
81947	17
81948	5
81949	4
81950	5
81951	0
81952	2
81954	0
81955	11
81957	10
81958	6
81959	22
81960	7
81961	0
81962	12
81963	0
81964	0
81965	7
81966	3
81967	3
81968	7
81969	3
81970	13
81971	5
81973	11
81974	0
81975	0
81976	4
81977	8
81978	0
81980	19
81981	4
81982	2
81983	1
81984	7
81985	0
81986	0
81987	7
81990	2
81991	6
81992	8
81994	1
81995	0
81997	0
81998	11
81999	0
82000	22
82001	10
82002	10
82003	1
82004	0
82005	0
82006	14
82007	0
82009	0
82011	2
82012	7
82013	2
82014	11
82015	0
82016	0
82017	0
82018	0
82019	0
82021	10
82022	3
82023	1
82024	4
82025	27
82026	0
82027	13
82028	0
82029	8
82031	6
82033	9
82034	3
82035	2
82036	2
82037	1
82038	0
82040	0
82041	7
82043	9
82044	7
82045	0
82046	0
82047	0
82048	0
82049	10
82050	0
82051	5
82052	5
82053	0
82054	0
82055	8
82058	11
82059	11
82060	3
82061	10
82063	1
82065	7
82066	3
82067	2
82068	0
82069	6
82070	9
82071	0
82072	3
82073	6
82074	3
82075	2
82076	27
82077	7
82079	15
82080	1
82081	4
82082	8
82083	3
82084	9
82085	0
82086	0
82087	1
82088	1
82089	1
82090	9
82091	15
82092	12
82093	0
82094	2
82095	1
82096	20
82097	0
82098	0
82099	0
82100	2
82101	0
82102	2
82103	3
82104	17
82105	9
82106	12
82107	0
82108	17
82109	4
82110	0
82111	6
82112	6
82113	4
82114	6
82115	21
82117	4
82118	0
82119	3
82120	3
82121	1
82122	10
82123	0
82124	2
82125	6
82126	1
82128	6
82129	6
82130	2
82131	2
82132	9
82133	9
82134	1
82136	18
82137	0
82139	23
82140	19
82141	0
82142	17
82143	0
82145	0
82146	1
82147	10
82148	4
82150	3
82151	7
82152	2
82153	0
82154	0
82155	3
82156	6
82157	0
82158	0
82159	3
82160	11
82161	12
82162	3
82163	5
82164	3
82165	17
82167	1
82168	0
82170	4
82171	6
82173	4
82175	4
82176	0
82177	3
82178	2
82179	0
82180	0
82181	4
82182	0
82183	21
82184	1
82185	5
82186	7
82188	3
82189	6
82190	12
82191	3
82192	0
82193	7
82194	0
82195	9
82196	12
82199	7
82200	0
82201	13
82202	16
82203	0
82204	8
82205	20
82206	0
82207	1
82208	8
82209	14
82210	1
82211	10
82212	3
82213	0
82215	7
82216	2
82217	21
82218	3
82219	0
82220	4
82221	6
82222	13
82223	4
82224	10
82225	17
82227	14
82229	19
82230	4
82231	5
82232	0
82233	1
82235	2
82236	15
82238	0
82239	18
82240	5
82241	5
82242	0
82243	5
82244	12
82245	3
82246	1
82247	3
82248	0
82249	1
82250	1
82251	10
82253	13
82254	9
82255	6
82256	0
82257	23
82258	18
82259	6
82260	0
82261	7
82262	3
82263	7
82264	0
82265	4
82266	12
82267	26
82268	8
82269	5
82271	7
82272	6
82273	6
82274	0
82275	2
82276	5
82277	9
82278	10
82279	0
82280	29
82281	13
82284	0
82286	6
82287	7
82288	20
82290	0
82291	5
82292	2
82293	1
82294	18
82295	0
82296	0
82297	0
82298	6
82299	2
82300	0
82301	10
82303	11
82304	0
82306	7
82307	8
82308	4
82310	0
82311	0
82312	4
82313	0
82314	19
82315	0
82317	0
82318	0
82319	8
82320	0
82321	15
82322	12
82323	0
82325	0
82326	12
82327	3
82328	5
82329	5
82330	1
82331	0
82334	0
82335	0
82336	9
82337	0
82338	8
82339	2
82341	3
82342	6
82343	0
82344	11
82345	27
82347	1
82348	9
82349	6
82350	3
82351	10
82352	0
82353	13
82354	0
82355	0
82356	6
82357	29
82358	14
82361	0
82362	7
82363	2
82364	0
82365	0
82366	4
82367	5
82368	3
82369	7
82371	2
82372	0
82373	4
82374	3
82375	6
82376	1
82377	5
82378	0
82379	6
82380	9
82381	2
82382	0
82383	0
82384	6
82385	0
82386	0
82387	7
82388	4
82389	3
82390	1
82392	0
82393	12
82394	0
82396	5
82397	0
82398	2
82399	0
82400	11
82401	12
82402	4
82403	16
82404	4
82405	7
82406	1
82407	2
82408	13
82410	6
82411	9
82412	3
82414	15
82415	13
82416	0
82417	3
82422	2
82423	0
82424	17
82425	0
82426	3
82428	3
82429	2
82431	4
82432	0
82433	0
82434	0
82435	5
82436	1
82437	5
82438	4
82440	8
82441	3
82442	2
82443	6
82444	5
82445	6
82446	1
82447	5
82448	0
82449	3
82450	9
82451	11
82452	10
82453	0
82454	0
82455	5
82457	4
82458	0
82459	0
82460	0
82461	6
82464	4
82465	0
82466	7
82467	5
82469	5
82470	5
82471	34
82472	5
82473	7
82474	0
82475	11
82476	16
82477	14
82478	4
82479	2
82480	0
82482	7
82483	0
82484	5
82485	7
82486	3
82487	15
82488	18
82489	2
82490	0
82491	0
82492	1
82493	2
82494	0
82495	0
82497	12
82498	1
82499	4
82500	5
82501	2
82502	1
82503	0
82504	7
82506	0
82507	0
82508	5
82509	13
82510	12
82511	10
82512	3
82514	0
82515	15
82516	6
82517	0
82518	0
82519	11
82521	1
82523	1
82524	9
82525	1
82527	9
82528	0
82529	6
82530	4
82531	20
82532	11
82533	3
82534	3
82535	0
82536	14
82537	0
82538	0
82539	20
82540	0
82541	0
82542	13
82545	0
82546	0
82547	8
82548	4
82550	3
82551	0
82552	0
82553	5
82555	0
82556	19
82557	0
82558	0
82559	0
82560	0
82561	0
82562	1
82563	4
82564	3
82565	3
82566	10
82567	0
82568	4
82569	2
82570	11
82571	2
82572	3
82573	12
82574	8
82576	0
82577	14
82578	3
82579	0
82580	11
82581	2
82582	7
82583	0
82584	0
82586	11
82587	6
82588	16
82589	19
82590	13
82591	4
82592	4
82593	4
82594	1
82595	17
82596	2
82597	5
82598	0
82600	15
82601	4
82602	4
82605	0
82606	5
82607	2
82608	0
82609	15
82610	0
82612	2
82615	7
82616	7
82617	2
82618	20
82619	4
82621	4
82622	14
82623	3
82624	1
82625	0
82626	5
82627	0
82628	0
82629	9
82630	4
82631	0
82633	18
82635	6
82636	0
82637	2
82638	0
82639	13
82640	0
82641	3
82643	0
82645	14
82646	9
82647	5
82648	1
82650	7
82651	4
82653	4
82657	4
82658	2
82660	14
82661	2
82662	8
82663	13
82664	13
82666	5
82667	0
82668	7
82669	1
82670	9
82671	10
82674	10
82675	3
82676	3
82678	0
82679	0
82680	5
82681	4
82682	0
82683	0
82684	3
82685	0
82688	16
82689	0
82692	34
82693	0
82694	10
82696	7
82697	12
82698	0
82699	0
82700	4
82701	2
82702	0
82703	0
82704	11
82706	0
82707	2
82708	0
82709	0
82711	0
82712	3
82713	6
82714	10
82715	0
82716	13
82717	0
82718	2
82719	10
82720	11
82721	3
82722	4
82723	5
82724	0
82725	6
82726	2
82727	22
82728	12
82729	8
82730	12
82731	2
82732	5
82733	1
82734	2
82735	4
82736	9
82737	8
82738	17
82739	6
82740	0
82741	7
82742	8
82743	8
82744	14
82745	0
82746	9
82748	0
82749	6
82750	13
82751	1
82752	7
82753	3
82754	7
82755	0
82756	4
82757	7
82758	0
82760	0
82761	5
82762	0
82763	2
82764	2
82765	0
82766	0
82767	0
82769	0
82771	20
82772	0
82774	9
82776	1
82777	4
82778	7
82779	4
82780	0
82781	2
82785	0
82786	9
82787	17
82788	8
82789	4
82790	0
82791	2
82792	1
82793	20
82794	2
82796	39
82798	4
82799	0
82800	3
82801	5
82802	5
82803	3
82804	5
82805	9
82806	1
82807	10
82809	14
82810	0
82811	24
82812	2
82813	1
82815	11
82816	3
82817	7
82818	9
82819	0
82820	7
82821	10
82822	2
82823	0
82824	0
82825	0
82826	12
82827	14
82828	1
82829	6
82830	0
82831	10
82832	6
82833	4
82834	0
82836	4
82837	7
82838	10
82839	0
82840	8
82841	11
82843	1
82844	2
82845	9
82846	8
82849	3
82851	5
82852	0
82853	20
82854	5
82856	19
82857	0
82858	2
82859	3
82860	4
82862	6
82863	18
82864	5
82866	0
82867	0
82868	2
82869	7
82870	3
82872	2
82873	4
82874	14
82875	1
82876	1
82877	7
82878	1
82879	1
82880	12
82882	6
82883	3
82885	8
82886	1
82887	20
82888	6
82890	3
82891	0
82892	3
82893	0
82894	2
82895	8
82896	7
82897	5
82898	7
82899	5
82901	5
82902	3
82903	0
82904	4
82905	0
82906	0
82907	6
82908	0
82909	0
82910	25
82911	11
82912	13
82913	0
82914	5
82915	0
82916	6
82917	0
82918	6
82919	3
82920	2
82921	0
82924	8
82925	14
82926	9
82927	1
82929	9
82930	0
82931	1
82932	7
82933	6
82934	2
82935	6
82938	7
82939	3
82940	4
82941	12
82942	27
82943	6
82944	1
82945	0
82946	0
82947	2
82948	2
82949	1
82950	1
82951	9
82953	8
82954	0
82955	17
82957	0
82958	4
82959	6
82960	2
82961	5
82962	10
82963	6
82964	0
82965	13
82966	7
82967	3
82968	1
82969	29
82970	0
82971	13
82972	11
82973	15
82974	6
82975	4
82976	9
82978	14
82979	0
82980	12
82983	0
82984	9
82985	0
82986	1
82987	0
82988	0
82990	12
82991	2
82993	1
82994	9
82995	12
82996	6
82997	9
82998	9
82999	0
83000	11
83001	1
83002	4
83004	4
83005	5
83006	8
83007	6
83008	3
83009	10
83010	15
83012	0
83013	8
83014	2
83016	8
83017	0
83018	0
83019	8
83020	0
83021	1
83022	4
83023	10
83024	1
83025	0
83026	3
83028	2
83029	4
83031	16
83032	15
83033	5
83034	0
83035	0
83036	2
83037	7
83038	1
83039	0
83040	19
83041	4
83042	7
83043	0
83044	14
83045	11
83046	22
83047	6
83048	10
83050	0
83051	4
83053	1
83054	0
83055	0
83056	0
83057	0
83058	3
83060	0
83061	0
83062	1
83063	1
83065	0
83066	8
83067	5
83068	5
83069	2
83070	8
83071	1
83072	0
83073	5
83074	0
83075	8
83076	0
83078	1
83079	3
83080	13
83081	0
83082	6
83083	0
83084	9
83085	4
83086	9
83089	3
83090	0
83091	1
83094	2
83095	2
83096	4
83097	4
83098	0
83102	4
83104	8
83105	5
83106	11
83107	3
83108	29
83109	2
83110	0
83111	0
83113	21
83114	0
83115	0
83116	0
83117	0
83118	0
83119	9
83120	1
83121	9
83123	0
83125	5
83126	0
83127	0
83128	1
83129	0
83130	3
83131	6
83132	0
83134	0
83135	12
83136	28
83137	4
83138	2
83139	3
83140	6
83141	0
83142	1
83143	1
83144	3
83145	0
83146	0
83147	3
83148	0
83150	0
83151	9
83152	9
83153	0
83154	1
83155	0
83156	22
83157	0
83158	3
83159	13
83160	0
83161	0
83162	7
83163	10
83166	0
83167	0
83168	3
83169	3
83170	17
83171	0
83172	4
83173	19
83174	6
83175	4
83176	5
83179	0
83180	0
83181	0
83183	0
83184	15
83185	2
83186	6
83187	0
83188	0
83189	2
83190	0
83191	2
83192	4
83193	0
83194	8
83195	8
83196	1
83197	4
83198	2
83200	12
83201	1
83204	0
83205	7
83206	0
83207	5
83210	20
83211	4
83212	6
83213	6
83215	0
83217	0
83219	0
83221	4
83222	9
83223	0
83224	29
83225	9
83226	3
83227	0
83228	12
83229	1
83231	11
83232	1
83233	3
83235	11
83236	10
83237	0
83238	7
83240	9
83243	0
83244	13
83245	0
83246	0
83247	12
83249	0
83250	6
83251	9
83252	0
83253	0
83254	1
83256	10
83257	9
83258	0
83259	2
83260	2
83261	3
83263	0
83264	7
83265	12
83266	1
83267	3
83269	6
83270	0
83272	3
83273	9
83274	0
83275	5
83276	0
83277	2
83278	1
83279	4
83280	3
83281	0
83282	4
83283	4
83284	9
83285	7
83286	15
83287	1
83288	2
83289	22
83290	2
83291	3
83292	0
83293	0
83294	3
83295	14
83296	0
83297	7
83298	6
83299	11
83301	0
83303	9
83304	4
83305	0
83306	5
83307	5
83308	21
83309	0
83310	0
83311	14
83312	6
83313	0
83314	7
83315	19
83316	0
83317	5
83318	0
83319	6
83321	0
83323	12
83324	0
83325	0
83326	5
83327	0
83328	3
83329	3
83330	0
83331	12
83332	0
83334	3
83335	2
83337	25
83338	22
83339	5
83340	6
83341	0
83342	0
83343	3
83344	20
83345	9
83346	0
83347	11
83348	9
83349	1
83350	13
83351	7
83352	3
83353	1
83354	15
83356	5
83357	0
83358	9
83359	4
83360	4
83361	0
83362	6
83363	13
83365	5
83367	0
83368	0
83369	5
83372	2
83374	8
83375	0
83376	2
83377	0
83378	0
83379	3
83380	16
83381	0
83382	0
83383	0
83384	2
83385	15
83386	0
83387	0
83388	0
83389	0
83390	16
83391	0
83392	3
83393	5
83395	10
83396	0
83397	6
83398	9
83400	6
83401	3
83402	3
83403	0
83404	3
83405	3
83406	0
83407	2
83408	0
83409	5
83410	9
83411	12
83412	0
83413	8
83414	5
83415	0
83416	14
83417	0
83418	2
83420	2
83421	11
83422	8
83423	5
83424	3
83425	0
83426	0
83427	0
83428	4
83429	0
83430	0
83431	0
83432	4
83433	4
83434	15
83435	1
83437	7
83438	13
83440	0
83441	5
83442	0
83443	0
83444	6
83445	0
83446	5
83447	14
83448	25
83450	3
83451	8
83452	4
83453	12
83454	14
83455	1
83456	2
83457	9
83458	7
83459	14
83460	1
83461	13
83462	3
83463	0
83464	4
83465	0
83466	19
83467	0
83468	1
83469	3
83470	8
83472	4
83473	1
83476	0
83477	4
83478	0
83479	4
83480	12
83481	7
83482	7
83483	1
83484	0
83485	4
83486	9
83488	0
83491	19
83492	7
83493	4
83494	3
83495	22
83496	4
83497	8
83498	5
83499	16
83500	0
83501	0
83502	1
83503	3
83504	0
83505	14
83506	0
83507	0
83508	3
83509	3
83512	2
83514	4
83515	8
83516	0
83517	3
83518	0
83521	4
83522	4
83523	13
83524	2
83525	0
83526	6
83527	7
83528	14
83529	12
83530	6
83531	0
83532	2
83533	2
83534	23
83535	7
83536	9
83539	0
83540	2
83541	7
83542	5
83543	5
83544	6
83545	2
83546	8
83547	18
83548	29
83549	3
83550	15
83551	18
83552	0
83553	0
83554	2
83555	3
83556	29
83557	5
83558	0
83559	4
83560	0
83561	2
83562	16
83563	2
83564	9
83565	1
83566	3
83567	15
83568	4
83569	1
83570	8
83571	13
83572	7
83573	12
83574	3
83577	0
83578	7
83579	0
83580	9
83581	0
83582	8
83583	5
83584	2
83585	2
83586	0
83587	1
83588	7
83589	9
83590	3
83591	0
83592	12
83593	0
83594	2
83596	7
83597	2
83598	6
83599	0
83600	9
83601	13
83602	0
83604	7
83605	13
83606	7
83607	1
83608	3
83609	3
83610	4
83611	7
83612	0
83613	9
83614	11
83615	15
83617	2
83619	0
83621	1
83622	0
83623	0
83624	3
83625	1
83626	9
83627	9
83628	4
83629	6
83630	17
83631	0
83633	15
83634	9
83635	3
83636	0
83638	13
83639	6
83640	0
83641	7
83642	0
83643	0
83644	2
83645	17
83646	0
83647	11
83648	3
83649	0
83650	0
83651	0
83652	5
83653	4
83654	0
83655	3
83656	4
83657	19
83658	4
83659	4
83660	2
83661	13
83662	0
83663	4
83664	4
83665	6
83666	5
83667	0
83668	5
83670	9
83671	7
83672	3
83673	7
83674	0
83675	3
83677	1
83678	5
83679	0
83680	4
83681	5
83682	5
83683	11
83684	2
83685	0
83686	2
83687	8
83688	21
83689	3
83690	0
83691	0
83692	0
83693	5
83694	2
83695	5
83697	5
83698	12
83700	1
83701	3
83702	4
83703	8
83704	3
83705	9
83706	7
83709	13
83710	2
83712	12
83713	0
83714	4
83715	0
83716	7
83717	13
83718	0
83719	21
83720	18
83721	3
83722	10
83724	6
83725	0
83726	0
83727	6
83729	10
83730	19
83731	0
83732	0
83733	1
83734	0
83735	0
83737	8
83738	0
83740	12
83741	6
83742	4
83743	5
83744	2
83746	1
83747	13
83748	9
83749	0
83750	0
83751	10
83752	0
83753	0
83754	1
83755	0
83756	14
83757	11
83759	0
83761	4
83764	0
83766	1
83767	4
83768	9
83769	4
83770	2
83771	5
83772	12
83774	1
83775	8
83776	2
83777	3
83778	3
83779	0
83780	11
83781	0
83782	0
83783	7
83785	5
83786	10
83789	6
83790	1
83791	0
83792	4
83794	5
83796	5
83797	1
83800	22
83801	12
83802	12
83803	0
83804	0
83805	10
83806	7
83807	0
83808	1
83809	3
83810	5
83811	5
83812	15
83813	0
83814	12
83815	3
83816	5
83817	18
83818	3
83821	4
83822	4
83823	1
83824	18
83825	2
83826	0
83828	5
83829	7
83830	14
83831	11
83832	5
83833	5
83834	11
83835	7
83836	7
83837	5
83838	19
83839	8
83840	11
83841	12
83842	2
83843	4
83844	1
83845	17
83847	0
83848	3
83849	2
83850	0
83851	6
83852	0
83853	0
83854	14
83855	12
83856	1
83858	15
83859	6
83860	0
83861	7
83862	1
83865	4
83866	0
83867	0
83868	1
83869	3
83871	6
83872	13
83873	0
83874	7
83876	9
83877	32
83878	7
83879	2
83880	14
83882	0
83883	2
83884	2
83885	3
83886	7
83887	13
83889	0
83890	14
83891	5
83892	1
83893	0
83894	3
83895	5
83896	0
83897	4
83898	12
83900	6
83902	5
83903	6
83904	10
83905	6
83906	0
83907	18
83909	5
83910	0
83911	8
83912	0
83913	1
83914	4
83915	0
83916	1
83917	2
83919	0
83920	2
83922	6
83923	8
83924	0
83927	3
83928	3
83929	2
83930	11
83933	11
83934	10
83935	0
83937	3
83939	5
83940	6
83941	12
83942	3
83944	0
83946	6
83947	9
83949	3
83950	4
83951	11
83952	17
83953	2
83954	0
83955	0
83957	18
83959	4
83961	6
83962	15
83963	11
83966	0
83967	0
83968	2
83969	1
83970	0
83971	0
83972	9
83973	18
83974	0
83975	0
83976	23
83977	16
83978	9
83980	2
83981	9
83982	0
83983	4
83984	7
83985	0
83986	1
83987	3
83991	0
83992	3
83993	0
83994	0
83996	5
83997	1
83998	0
83999	0
84000	5
84001	24
84002	0
84004	3
84005	5
84006	7
84007	6
84009	7
84010	4
84011	7
84012	9
84013	4
84014	8
84015	8
84017	5
84018	8
84019	1
84020	0
84021	0
84022	2
84023	1
84024	0
84025	5
84027	15
84028	7
84029	8
84030	3
84033	10
84034	3
84035	0
84036	0
84037	9
84038	0
84039	10
84041	0
84042	0
84043	1
84044	0
84045	3
84048	1
84049	6
84050	5
84051	7
84053	3
84054	10
84055	7
84056	5
84057	6
84058	1
84059	6
84060	0
84061	3
84062	7
84063	0
84064	7
84065	1
84066	0
84067	0
84068	18
84069	4
84070	0
84071	11
84072	0
84073	1
84074	0
84075	0
84076	6
84077	16
84078	9
84079	2
84080	3
84081	0
84082	2
84083	0
84084	16
84085	12
84086	0
84087	16
84088	0
84089	21
84090	11
84092	3
84093	0
84094	2
84096	0
84097	0
84098	0
84099	1
84100	4
84101	0
84102	3
84103	3
84104	0
84106	12
84107	0
84108	0
84110	9
84111	10
84113	0
84114	0
84117	20
84118	8
84120	4
84122	0
84123	0
84124	10
84125	0
84126	6
84127	8
84128	6
84129	7
84130	5
84131	11
84133	7
84135	0
84136	0
84137	8
84138	1
84139	7
84140	1
84141	37
84142	0
84143	7
84144	0
84145	1
84147	4
84150	2
84151	0
84152	7
84153	12
84154	2
84155	1
84156	6
84158	5
84159	7
84161	7
84162	10
84163	0
84164	1
84165	2
84166	11
84167	8
84168	0
84170	3
84172	8
84173	3
84174	6
84175	0
84176	5
84177	0
84178	1
84182	1
84183	5
84184	0
84186	10
84187	7
84188	1
84189	1
84190	5
84191	1
84193	8
84194	5
84195	2
84196	4
84197	5
84198	0
84199	5
84201	3
84202	3
84203	0
84204	0
84205	0
84206	0
84207	16
84208	1
84209	12
84210	3
84211	1
84212	20
84213	2
84214	9
84215	0
84216	3
84217	0
84218	27
84219	14
84220	4
84221	2
84222	25
84224	2
84225	8
84226	4
84227	0
84228	0
84229	4
84230	8
84231	6
84232	24
84234	9
84235	5
84236	0
84240	1
84241	0
84242	8
84244	0
84246	0
84247	46
84249	0
84251	8
84253	0
84254	2
84256	2
84257	23
84259	16
84260	0
84262	0
84264	7
84266	10
84267	0
84268	4
84270	2
84271	1
84272	10
84273	0
84274	3
84275	2
84277	4
84278	0
84279	1
84280	4
84281	1
84282	2
84283	0
84284	4
84285	13
84287	2
84289	24
84290	0
84291	5
84292	16
84294	17
84295	2
84296	5
84298	14
84299	6
84300	0
84302	2
84304	1
84306	15
84307	0
84308	5
84309	11
84310	3
84311	1
84314	19
84316	5
84317	11
84318	9
84319	0
84321	13
84322	2
84323	4
84324	1
84326	7
84327	10
84328	3
84329	15
84330	0
84331	5
84332	0
84333	0
84335	9
84336	22
84338	0
84340	0
84341	6
84343	13
84344	2
84345	0
84346	7
84347	7
84348	0
84349	2
84351	7
84352	26
84354	11
84355	3
84356	9
84357	1
84358	0
84359	4
84360	3
84362	0
84363	0
84364	15
84365	0
84367	3
84368	14
84369	0
84370	1
84372	0
84373	2
84374	17
84376	9
84377	12
84378	0
84379	6
84381	9
84382	0
84383	20
84384	6
84385	4
84386	7
84387	4
84388	0
84389	18
84390	7
84391	1
84393	15
84394	1
84395	7
84396	0
84399	10
84400	0
84401	0
84402	0
84403	0
84404	9
84405	4
84406	4
84408	2
84409	4
84410	0
84411	4
84412	0
84413	0
84414	16
84415	0
84417	7
84419	2
84420	10
84421	17
84422	3
84423	21
84425	2
84426	5
84427	0
84428	12
84429	1
84430	14
84431	4
84432	16
84433	0
84434	2
84435	0
84437	8
84438	0
84439	15
84440	0
84441	14
84442	0
84443	0
84444	14
84446	9
84447	3
84448	21
84449	1
84450	4
84454	0
84455	0
84456	12
84457	1
84460	8
84461	1
84462	0
84463	0
84464	7
84465	0
84468	9
84469	0
84471	1
84472	9
84473	14
84474	0
84475	9
84476	4
84477	4
84478	0
84479	1
84480	5
84481	10
84482	0
84484	0
84485	1
84487	1
84488	1
84489	0
84490	0
84491	0
84493	2
84494	9
84495	1
84496	0
84497	0
84498	9
84500	6
84501	0
84502	7
84503	5
84504	0
84505	3
84506	7
84507	0
84508	12
84509	0
84510	0
84511	1
84512	4
84513	4
84514	5
84515	15
84517	4
84519	7
84520	0
84521	0
84522	1
84524	0
84525	0
84526	0
84527	2
84528	10
84529	10
84530	0
84531	4
84533	10
84534	2
84535	0
84536	0
84537	1
84538	6
84539	8
84541	3
84542	15
84543	15
84544	1
84545	6
84546	8
84547	5
84548	0
84549	31
84551	7
84552	2
84554	4
84555	6
84556	0
84557	2
84558	20
84560	0
84561	23
84562	4
84563	0
84564	0
84565	8
84566	0
84567	18
84568	4
84569	4
84570	4
84571	1
84572	2
84573	2
84574	0
84575	0
84577	13
84578	5
84579	1
84581	0
84583	17
84584	9
84585	4
84586	3
84587	14
84590	6
84592	0
84593	0
84594	1
84595	0
84596	0
84597	0
84598	0
84601	0
84602	11
84603	2
84605	5
84607	0
84608	3
84609	2
84610	5
84611	1
84612	2
84613	3
84614	6
84615	3
84617	22
84618	0
84619	6
84620	1
84621	1
84622	4
84623	0
84624	4
84625	8
84626	3
84627	0
84628	10
84629	10
84630	8
84631	0
84632	6
84633	7
84634	17
84635	0
84636	9
84637	0
84638	1
84639	7
84642	5
84643	6
84644	5
84645	4
84646	16
84647	2
84648	6
84649	5
84650	0
84651	1
84654	0
84655	0
84656	6
84657	0
84658	0
84660	9
84661	1
84662	3
84664	22
84665	8
84666	0
84667	1
84669	6
84670	3
84672	0
84673	0
84674	6
84675	2
84676	2
84677	1
84678	0
84680	0
84681	0
84682	6
84685	9
84686	3
84687	4
84688	0
84690	9
84691	2
84693	7
84695	2
84696	5
84697	6
84698	3
84699	2
84700	1
84701	1
84702	7
84703	6
84704	0
84706	21
84707	0
84708	17
84709	8
84711	5
84712	2
84713	8
84714	2
84717	8
84719	4
84720	0
84721	4
84722	2
84723	6
84724	3
84725	0
84726	28
84727	0
84728	4
84729	1
84731	3
84732	19
84733	0
84734	4
84735	5
84736	0
84737	0
84738	16
84739	0
84740	0
84741	0
84742	11
84743	0
84744	4
84745	1
84747	4
84748	0
84749	3
84750	1
84751	10
84752	25
84753	0
84754	6
84755	0
84756	17
84757	0
84758	4
84759	4
84760	8
84761	7
84763	0
84764	3
84766	0
84767	0
84768	3
84769	11
84770	0
84771	3
84772	3
84774	26
84775	6
84776	1
84777	6
84778	8
84780	2
84781	2
84782	0
84783	5
84784	0
84785	0
84786	4
84788	1
84789	0
84791	22
84792	18
84794	0
84796	4
84798	1
84799	0
84800	8
84801	11
84802	9
84803	8
84804	5
84805	1
84806	3
84807	8
84808	8
84809	1
84810	15
84811	7
84812	10
84813	6
84814	2
84815	0
84816	15
84819	13
84820	3
84821	1
84822	19
84824	0
84825	7
84826	17
84827	4
84831	16
84832	7
84834	0
84835	9
84836	7
84839	0
84840	14
84841	12
84842	4
84844	12
84845	0
84846	3
84848	15
84849	0
84851	9
84853	1
84854	11
84855	0
84856	3
84857	2
84858	6
84861	6
84862	4
84863	0
84864	0
84866	1
84867	2
84868	12
84869	3
84870	0
84871	4
84872	1
84873	5
84874	4
84875	1
84876	0
84877	0
84878	1
84879	5
84880	1
84881	1
84883	7
84884	5
84885	0
84886	0
84887	7
84888	0
84889	2
84890	1
84891	0
84892	5
84893	6
84895	14
84896	0
84897	2
84899	2
84900	11
84901	1
84902	2
84903	15
84904	5
84905	10
84906	0
84907	0
84908	0
84909	1
84910	13
84911	9
84912	7
84914	9
84915	6
84916	6
84917	12
84918	8
84919	0
84921	2
84922	25
84923	12
84924	0
84925	0
84927	8
84928	10
84929	9
84930	2
84932	11
84934	4
84935	2
84936	0
84937	9
84938	0
84940	0
84941	12
84942	0
84943	3
84944	5
84945	1
84946	3
84947	12
84948	8
84949	4
84950	8
84951	0
84952	17
84954	5
84957	32
84958	0
84959	7
84960	16
84961	0
84962	0
84963	5
84964	0
84965	0
84966	6
84967	0
84968	2
84969	0
84970	12
84971	0
84972	2
84973	4
84974	0
84975	11
84976	0
84977	12
84978	1
84980	0
84981	0
84982	8
84983	4
84984	6
84986	0
84987	13
84988	1
84989	6
84990	11
84991	2
84992	13
84993	3
84996	10
84997	3
84999	0
85000	0
85001	0
85002	0
85003	0
85004	0
85005	17
85006	0
85007	4
85008	0
85009	1
85011	0
85012	9
85013	1
85014	2
85015	5
85016	10
85017	5
85019	0
85020	0
85021	5
85022	8
85023	3
85024	0
85025	7
85027	0
85028	25
85030	0
85032	0
85033	5
85034	0
85036	6
85037	3
85038	1
85039	3
85040	4
85042	14
85043	0
85044	0
85045	0
85047	12
85048	0
85049	12
85051	2
85052	0
85053	3
85054	1
85055	7
85056	9
85057	2
85058	4
85059	6
85061	6
85062	1
85064	4
85065	6
85066	0
85067	3
85068	5
85069	15
85070	2
85073	8
85074	2
85075	17
85076	6
85077	8
85078	3
85080	2
85081	5
85082	7
85084	3
85085	4
85087	2
85088	0
85089	10
85090	11
85091	9
85092	0
85094	24
85096	0
85097	9
85098	4
85099	0
85100	14
85102	8
85103	6
85104	4
85105	2
85106	7
85107	9
85108	14
85110	6
85111	4
85112	0
85113	9
85114	0
85116	10
85117	6
85118	0
85119	0
85120	21
85122	2
85123	0
85125	1
85126	11
85128	0
85129	0
85130	0
85131	0
85132	2
85133	0
85134	7
85136	0
85137	2
85138	6
85139	1
85140	10
85141	10
85142	7
85143	8
85145	0
85146	4
85147	1
85148	0
85149	8
85151	0
85152	5
85153	1
85154	14
85156	5
85157	13
85158	1
85159	3
85160	0
85163	0
85164	0
85165	8
85166	0
85168	7
85169	3
85170	0
85171	0
85172	6
85173	13
85174	0
85175	2
85176	0
85177	28
85178	3
85179	10
85180	3
85181	0
85182	0
85184	6
85185	0
85188	2
85189	4
85190	13
85191	0
85192	0
85194	13
85195	8
85196	5
85198	9
85199	1
85200	12
85201	13
85202	7
85203	4
85204	8
85205	17
85206	5
85207	3
85208	4
85209	2
85210	0
85211	11
85212	5
85214	15
85215	8
85216	0
85217	4
85218	14
85220	1
85221	7
85222	1
85225	1
85226	0
85227	9
85230	0
85231	7
85232	5
85233	22
85234	1
85235	0
85236	4
85237	6
85238	3
85239	9
85240	10
85241	16
85242	1
85243	0
85244	8
85245	0
85246	3
85247	0
85248	4
85249	1
85250	8
85251	4
85252	0
85253	11
85254	1
85255	4
85256	0
85258	1
85259	9
85260	21
85261	5
85262	3
85263	12
85264	0
85265	2
85266	6
85267	9
85268	15
85269	0
85270	0
85271	4
85272	3
85273	14
85274	12
85275	0
85276	0
85278	0
85280	8
85281	0
85282	2
85283	17
85284	0
85285	4
85286	2
85287	3
85288	8
85289	21
85290	5
85291	7
85293	7
85294	15
85295	0
85297	5
85298	3
85299	0
85301	0
85302	0
85303	1
85304	0
85305	5
85306	0
85307	0
85308	8
85310	7
85311	0
85312	0
85313	6
85314	0
85315	0
85316	3
85318	5
85319	6
85320	12
85321	1
85322	3
85323	8
85324	0
85325	5
85326	7
85327	3
85328	0
85331	6
85332	6
85333	0
85334	0
85335	5
85336	10
85337	14
85339	31
85340	6
85343	4
85344	0
85345	3
85346	0
85348	13
85349	7
85350	1
85351	1
85352	0
85353	15
85354	0
85355	0
85356	4
85357	7
85358	0
85360	2
85361	0
85363	9
85364	23
85365	7
85366	0
85367	2
85369	17
85370	0
85371	7
85372	0
85373	10
85374	13
85375	0
85376	10
85377	17
85378	0
85379	0
85380	5
85382	5
85383	7
85385	2
85386	1
85389	0
85390	0
85391	1
85392	4
85393	0
85394	1
85396	7
85397	7
85399	10
85400	0
85402	16
85403	0
85404	0
85405	1
85407	1
85408	3
85409	1
85411	1
85412	22
85413	5
85414	8
85415	11
85416	0
85417	12
85418	10
85419	4
85420	0
85421	3
85422	1
85423	4
85424	23
85425	8
85426	1
85427	3
85428	0
85430	10
85431	1
85432	0
85434	0
85435	0
85436	17
85437	0
85438	0
85439	0
85440	1
85441	8
85443	0
85444	23
85445	4
85446	0
85448	1
85450	11
85451	0
85454	7
85455	0
85456	1
85457	14
85459	1
85460	3
85461	0
85462	2
85463	0
85465	7
85467	3
85468	1
85469	6
85470	13
85471	11
85472	0
85473	0
85475	0
85476	2
85477	1
85478	1
85479	1
85480	6
85481	1
85482	0
85483	12
85484	6
85485	13
85486	1
85487	9
85488	7
85489	6
85490	1
85491	4
85493	3
85494	1
85495	13
85496	2
85497	2
85498	0
85499	2
85500	0
85501	0
85502	0
85503	7
85504	7
85505	0
85506	9
85507	0
85508	1
85510	16
85511	7
85512	0
85513	11
85514	1
85515	0
85516	4
85517	0
85518	2
85519	1
85520	7
85521	7
85523	9
85524	16
85525	3
85526	8
85527	2
85528	0
85529	5
85530	11
85531	0
85533	2
85534	16
85535	0
85536	9
85537	7
85538	6
85539	6
85540	0
85541	0
85542	2
85543	6
85544	11
85545	16
85547	3
85549	0
85550	8
85551	2
85554	0
85555	8
85556	1
85557	0
85558	9
85560	0
85561	2
85564	0
85565	10
85566	0
85567	0
85568	4
85569	3
85570	11
85571	3
85572	0
85574	1
85575	7
85577	0
85578	0
85579	0
85580	16
85582	0
85583	1
85584	3
85585	13
85586	9
85587	0
85588	8
85589	7
85590	0
85591	19
85592	0
85593	3
85594	6
85596	0
85598	9
85599	0
85600	7
85601	10
85602	1
85603	11
85605	10
85607	6
85608	22
85609	0
85610	1
85611	1
85612	0
85613	13
85615	0
85616	11
85617	0
85618	0
85619	0
85621	1
85624	21
85625	9
85626	15
85627	10
85628	16
85629	0
85630	5
85631	8
85632	6
85633	0
85634	9
85635	6
85636	5
85637	8
85638	13
85639	5
85640	14
85641	0
85642	7
85643	15
85644	1
85645	0
85646	0
85647	2
85648	0
85649	11
85650	10
85651	4
85652	0
85654	14
85655	4
85656	5
85659	0
85661	15
85662	0
85663	4
85664	0
85665	2
85666	25
85667	2
85668	8
85669	6
85670	2
85671	0
85672	6
85673	4
85674	7
85675	2
85676	0
85677	0
85679	3
85680	0
85681	4
85682	0
85683	14
85685	4
85686	3
85687	1
85688	6
85691	0
85692	0
85693	3
85694	1
85695	4
85698	18
85699	0
85700	2
85701	14
85703	21
85704	0
85705	0
85706	5
85707	12
85708	1
85709	0
85710	3
85711	3
85713	3
85714	7
85715	3
85716	2
85717	1
85718	0
85719	0
85720	0
85721	5
85722	8
85723	2
85724	0
85725	12
85726	6
85727	0
85728	7
85729	3
85730	9
85731	9
85733	11
85734	0
85737	6
85738	10
85739	0
85742	12
85743	2
85744	4
85747	0
85748	1
85749	3
85750	7
85752	9
85753	9
85755	12
85757	12
85759	3
85760	0
85761	8
85763	19
85765	0
85766	2
85768	0
85769	0
85772	2
85773	0
85774	12
85775	0
85776	0
85777	9
85778	4
85780	0
85782	14
85783	30
85784	6
85785	0
85786	3
85787	4
85788	8
85789	0
85790	5
85791	3
85792	5
85795	2
85796	14
85797	2
85798	10
85799	0
85800	5
85801	1
85802	2
85803	0
85804	1
85805	0
85806	4
85807	8
85808	0
85809	1
85810	0
85811	9
85812	2
85813	1
85814	1
85815	0
85816	13
85817	2
85818	18
85819	2
85820	10
85821	10
85822	5
85823	6
85824	7
85825	10
85826	11
85827	1
85828	17
85829	11
85830	4
85832	0
85833	8
85834	22
85835	0
85837	8
85838	0
85839	7
85840	11
85842	6
85843	3
85844	2
85845	4
85846	0
85847	11
85848	3
85850	5
85853	28
85854	14
85855	5
85856	4
85858	3
85860	7
85861	4
85862	7
85864	4
85865	2
85866	1
85867	7
85868	3
85869	7
85870	0
85871	19
85873	1
85874	8
85875	13
85876	9
85877	0
85879	16
85880	14
85881	5
85882	1
85883	12
85884	1
85885	0
85888	6
85889	0
85890	10
85892	3
85893	8
85894	4
85895	9
85896	5
85897	0
85898	5
85900	0
85901	16
85902	0
85903	0
85904	2
85905	5
85907	5
85909	1
85910	15
85911	0
85912	5
85913	3
85916	6
85917	11
85918	0
85919	0
85920	1
85921	14
85922	1
85923	0
85924	0
85925	5
85926	0
85929	9
85930	0
85931	0
85932	3
85933	4
85934	0
85936	4
85937	2
85938	0
85939	1
85940	1
85942	4
85943	6
85944	6
85945	12
85946	2
85947	7
85948	12
85949	1
85950	0
85951	11
85952	12
85953	8
85954	4
85955	4
85956	0
85957	7
85958	5
85959	0
85961	10
85962	1
85963	2
85964	2
85966	7
85967	8
85968	10
85969	2
85970	0
85971	2
85972	7
85973	7
85974	0
85975	0
85976	0
85977	12
85979	0
85980	0
85982	8
85985	1
85986	7
85987	0
85988	6
85990	15
85991	7
85993	0
85994	7
85995	2
85996	5
85997	7
85998	7
85999	10
86000	8
86001	0
86003	0
86005	23
86006	1
86007	6
86008	0
86010	0
86011	0
86012	0
86013	4
86014	0
86015	3
86016	0
86017	10
86018	1
86019	5
86021	11
86022	2
86023	11
86026	3
86027	0
86028	18
86029	2
86032	5
86033	11
86034	0
86036	2
86037	0
86038	0
86039	0
86040	0
86041	3
86042	3
86043	5
86044	5
86046	0
86047	0
86048	3
86049	5
86050	5
86052	0
86053	6
86054	2
86055	4
86056	15
86057	19
86058	0
86059	0
86060	0
86061	3
86062	12
86063	2
86064	5
86065	8
86066	8
86067	2
86068	10
86069	0
86070	29
86071	5
86072	8
86073	6
86074	7
86075	1
86076	0
86077	7
86078	2
86079	14
86080	4
86082	0
86083	0
86084	0
86085	11
86086	5
86088	0
86089	0
86090	1
86091	3
86092	13
86093	0
86094	11
86095	5
86096	15
86097	2
86098	4
86099	10
86100	11
86101	4
86102	0
86103	10
86104	0
86105	2
86106	7
86107	0
86108	11
86110	9
86111	0
86114	3
86115	8
86116	0
86117	1
86118	4
86119	4
86120	9
86121	2
86122	2
86123	0
86124	0
86125	3
86126	1
86127	4
86128	0
86129	4
86130	0
86131	0
86132	9
86133	7
86134	9
86135	22
86136	1
86137	15
86138	1
86139	0
86140	1
86141	5
86142	0
86143	5
86144	25
86145	5
86146	15
86147	0
86149	6
86150	5
86151	5
86153	1
86154	1
86155	3
86158	8
86159	3
86160	10
86161	2
86163	5
86164	23
86165	3
86166	1
86167	0
86171	3
86173	2
86174	4
86175	0
86176	0
86177	26
86178	0
86179	8
86181	15
86182	5
86183	17
86184	0
86185	3
86186	0
86187	2
86188	3
86189	9
86190	12
86192	5
86193	0
86194	3
86195	0
86196	3
86197	12
86198	29
86200	1
86201	6
86202	0
86203	17
86204	1
86205	6
86206	5
86207	0
86208	0
86209	5
86211	20
86213	15
86214	10
86215	0
86218	0
86219	17
86220	4
86221	0
86222	9
86223	1
86224	5
86226	1
86227	2
86228	1
86229	1
86230	4
86231	5
86233	0
86234	2
86235	0
86236	2
86237	0
86238	6
86240	2
86241	1
86243	0
86248	0
86249	34
86250	0
86251	2
86252	0
86254	7
86255	6
86256	11
86257	0
86258	4
86259	3
86261	4
86263	5
86264	0
86265	1
86266	10
86267	3
86268	0
86269	3
86270	0
86271	1
86272	1
86273	18
86274	1
86276	2
86278	3
86280	6
86281	10
86282	4
86283	8
86284	0
86285	0
86286	11
86288	7
86289	3
86290	0
86291	0
86292	0
86294	4
86296	7
86297	8
86298	1
86299	2
86300	9
86301	1
86302	14
86303	12
86304	0
86305	0
86306	0
86308	5
86309	2
86310	14
86311	13
86312	0
86313	6
86314	0
86315	0
86316	7
86317	0
86321	1
86322	1
86323	3
86324	0
86325	0
86326	4
86327	2
86328	8
86329	0
86330	8
86331	4
86334	5
86336	0
86337	0
86339	0
86340	1
86341	9
86342	4
86343	19
86344	3
86345	4
86346	1
86347	5
86348	5
86349	13
86350	0
86351	5
86352	1
86353	7
86355	13
86356	0
86360	0
86361	5
86362	4
86363	3
86364	5
86366	3
86367	19
86368	1
86369	11
86370	0
86371	9
86373	0
86375	8
86377	0
86378	1
86380	10
86381	2
86382	0
86384	3
86385	0
86386	1
86387	0
86390	5
86392	18
86393	1
86394	0
86397	7
86398	8
86399	0
86400	0
86401	0
86402	10
86403	0
86404	15
86405	1
86406	1
86407	0
86409	0
86410	3
86411	4
86412	0
86414	2
86415	9
86416	1
86417	0
86418	4
86419	8
86422	1
86423	12
86424	14
86425	12
86426	3
86428	20
86429	2
86430	2
86431	13
86432	17
86434	14
86435	4
86436	1
86437	9
86438	9
86439	22
86442	12
86443	0
86444	7
86445	0
86446	8
86447	5
86448	12
86449	0
86450	0
86451	26
86452	7
86453	1
86455	10
86456	0
86457	9
86458	5
86459	4
86461	10
86462	0
86463	7
86464	2
86465	2
86466	3
86467	10
86469	10
86470	0
86471	1
86472	11
86473	7
86475	0
86476	27
86477	13
86479	8
86480	12
86481	0
86482	15
86484	0
86485	0
86486	8
86487	12
86488	0
86489	0
86490	0
86491	8
86492	2
86493	1
86494	0
86496	11
86497	6
86500	4
86502	4
86503	2
86504	4
86505	1
86506	8
86507	9
86508	3
86510	2
86511	5
86512	0
86513	7
86515	8
86516	1
86517	4
86518	1
86519	4
86521	0
86522	0
86523	0
86524	9
86525	0
86526	0
86527	10
86528	10
86529	12
86531	8
86532	7
86533	2
86534	16
86535	0
86536	2
86537	4
86538	0
86539	6
86540	2
86541	1
86543	3
86544	2
86545	4
86546	0
86547	17
86548	9
86549	22
86550	38
86551	0
86552	0
86553	0
86555	4
86556	0
86558	5
86559	7
86560	10
86561	1
86562	3
86564	8
86566	16
86567	4
86568	0
86569	13
86570	19
86571	0
86573	3
86574	2
86575	8
86576	1
86579	0
86580	0
86581	19
86582	5
86583	0
86584	6
86585	2
86586	0
86588	15
86591	0
86592	2
86593	22
86594	5
86595	4
86599	1
86600	5
86601	1
86602	0
86603	5
86604	0
86605	1
86606	1
86607	0
86608	2
86609	0
86610	7
86611	0
86612	1
86613	2
86615	7
86616	9
86617	7
86618	5
86619	0
86621	14
86622	0
86623	1
86624	15
86625	5
86626	16
86628	2
86629	6
86630	6
86631	2
86632	13
86633	1
86634	0
86635	14
86636	5
86637	6
86638	12
86639	3
86640	0
86641	11
86642	1
86643	2
86644	0
86645	3
86646	10
86647	2
86649	0
86651	7
86652	2
86653	6
86654	0
86655	9
86656	5
86657	9
86659	7
86661	0
86662	2
86663	7
86664	0
86665	15
86667	1
86669	4
86670	2
86671	6
86673	5
86674	1
86675	9
86679	0
86681	0
86682	13
86683	0
86684	0
86686	3
86687	2
86688	15
86689	3
86690	50
86691	1
86692	25
86693	8
86694	2
86695	7
86696	9
86697	16
86698	5
86699	1
86700	0
86701	13
86702	7
86703	0
86706	0
86707	5
86708	5
86709	22
86710	2
86711	23
86712	0
86713	10
86714	6
86715	8
86716	0
86717	0
86718	0
86720	17
86721	12
86722	4
86723	0
86724	4
86725	7
86726	1
86727	8
86728	4
86730	10
86732	4
86733	1
86734	1
86735	22
86736	0
86737	4
86738	0
86739	0
86740	2
86741	3
86742	6
86743	13
86744	0
86745	12
86746	6
86747	3
86748	4
86749	6
86751	0
86752	0
86753	1
86754	25
86755	0
86757	5
86758	3
86759	1
86760	5
86761	0
86763	3
86764	12
86765	0
86766	2
86768	7
86769	0
86770	6
86771	1
86772	0
86773	8
86774	16
86775	1
86776	3
86778	3
86780	13
86781	2
86783	6
86784	0
86785	7
86787	1
86788	10
86789	1
86790	11
86791	7
86793	6
86794	3
86795	2
86796	0
86797	5
86798	2
86799	3
86800	12
86801	4
86803	0
86804	4
86805	8
86806	14
86807	4
86808	8
86810	6
86811	7
86813	6
86814	3
86815	17
86816	26
86817	0
86818	7
86819	1
86820	7
86821	2
86822	3
86823	6
86825	0
86826	9
86828	27
86829	0
86830	19
86831	2
86832	23
86833	1
86834	9
86835	3
86836	12
86837	1
86838	1
86839	4
86840	7
86841	0
86843	6
86844	6
86845	12
86846	2
86847	5
86848	0
86849	2
86850	17
86852	3
86853	0
86854	19
86855	0
86856	2
86857	5
86858	0
86859	0
86860	15
86861	3
86862	5
86863	7
86864	3
86866	0
86867	16
86868	7
86869	1
86870	4
86871	6
86872	11
86873	0
86874	0
86875	12
86876	1
86877	0
86879	0
86880	3
86881	11
86882	18
86883	5
86884	0
86885	5
86887	1
86888	5
86889	17
86890	16
86891	4
86894	2
86895	0
86896	12
86897	13
86898	6
86899	0
86900	3
86901	1
86902	3
86903	0
86904	8
86905	11
86906	0
86907	0
86908	2
86909	22
86910	1
86911	10
86912	1
86913	0
86914	1
86915	6
86916	21
86917	0
86919	1
86920	8
86921	2
86922	0
86924	2
86926	19
86927	0
86928	4
86930	2
86931	14
86932	1
86934	2
86935	8
86936	6
86937	5
86938	1
86939	0
86940	2
86941	4
86942	3
86944	2
86946	7
86948	11
86949	4
86950	10
86952	0
86953	0
86954	5
86955	4
86956	10
86957	12
86958	11
86959	28
86960	3
86962	3
86963	1
86964	9
86965	0
86967	2
86968	1
86969	0
86970	12
86971	12
86972	4
86973	0
86974	4
86975	0
86976	3
86977	0
86978	0
86980	5
86981	8
86982	13
86983	1
86984	0
86985	6
86987	2
86988	4
86990	0
86992	0
86993	0
86994	32
86995	2
86996	18
86997	14
86998	5
86999	0
87000	6
87003	10
87004	4
87006	4
87008	3
87010	7
87012	5
87013	5
87014	1
87015	3
87016	7
87017	1
87018	0
87019	5
87021	6
87023	6
87024	10
87025	0
87026	12
87027	9
87028	1
87031	2
87032	2
87033	9
87034	0
87036	0
87037	7
87038	8
87041	0
87042	1
87043	14
87044	3
87045	6
87047	6
87050	11
87051	1
87052	0
87053	4
87054	1
87055	15
87056	6
87057	14
87058	11
87059	11
87060	9
87061	1
87062	5
87063	2
87064	12
87065	15
87066	5
87067	12
87068	9
87069	0
87070	3
87071	12
87073	5
87074	8
87075	8
87076	0
87077	17
87078	17
87079	0
87080	1
87081	0
87082	8
87083	1
87084	10
87085	11
87086	18
87087	0
87088	0
87089	12
87091	0
87092	0
87093	4
87094	5
87095	2
87096	16
87097	3
87098	4
87101	15
87102	6
87103	3
87105	2
87107	13
87108	9
87109	15
87110	1
87111	1
87112	0
87113	4
87114	0
87116	2
87117	15
87118	8
87119	1
87120	12
87121	20
87122	2
87123	13
87124	3
87125	4
87126	0
87127	15
87128	3
87129	0
87130	3
87131	1
87132	1
87133	6
87134	7
87135	0
87136	0
87137	9
87138	14
87139	4
87140	1
87141	14
87143	0
87144	13
87145	7
87146	6
87147	0
87148	4
87149	4
87151	22
87152	3
87153	1
87154	7
87155	3
87156	0
87157	0
87158	0
87159	5
87160	16
87161	2
87162	3
87163	21
87164	5
87165	14
87166	3
87168	4
87169	0
87172	0
87173	1
87174	19
87175	7
87176	6
87177	2
87178	5
87179	1
87180	0
87181	4
87182	1
87183	0
87184	0
87185	11
87186	14
87187	1
87188	3
87189	5
87190	5
87191	15
87192	0
87194	5
87195	0
87196	1
87198	2
87200	9
87201	0
87202	6
87204	2
87205	3
87206	0
87208	0
87209	14
87210	7
87211	0
87212	2
87213	21
87214	4
87215	0
87216	0
87217	5
87218	1
87220	11
87221	5
87222	2
87225	7
87226	16
87227	2
87228	7
87230	2
87231	13
87232	0
87233	5
87234	11
87235	2
87236	29
87237	0
87239	0
87240	2
87241	8
87242	0
87244	0
87245	6
87246	19
87247	0
87248	5
87249	12
87250	10
87251	0
87252	0
87253	8
87254	26
87256	0
87257	3
87258	9
87259	17
87260	5
87261	0
87262	10
87263	0
87265	0
87266	8
87267	1
87268	1
87269	20
87270	0
87271	2
87272	4
87273	0
87274	8
87275	11
87276	23
87277	4
87278	4
87279	7
87280	8
87282	10
87283	0
87284	18
87285	13
87286	8
87287	0
87288	0
87289	20
87290	15
87291	1
87292	12
87293	0
87294	5
87295	11
87296	2
87297	8
87300	7
87301	17
87302	0
87303	20
87304	0
87305	27
87306	2
87307	6
87308	3
87312	6
87313	2
87314	16
87315	6
87317	5
87318	0
87319	2
87320	6
87321	0
87323	0
87324	0
87326	7
87327	0
87328	1
87329	14
87330	8
87331	0
87332	1
87333	5
87335	0
87336	11
87337	3
87338	2
87339	0
87340	14
87342	0
87343	16
87344	0
87345	5
87347	10
87348	10
87349	3
87350	5
87351	11
87352	0
87353	6
87355	0
87356	7
87357	0
87358	0
87359	7
87361	10
87363	15
87364	7
87365	4
87366	5
87367	0
87368	7
87370	3
87371	14
87372	0
87373	9
87374	8
87375	4
87376	2
87377	4
87379	13
87380	0
87382	0
87383	0
87384	0
87385	5
87386	4
87387	1
87390	15
87391	0
87392	9
87393	19
87395	17
87396	14
87397	1
87398	23
87399	0
87400	0
87402	1
87403	7
87404	0
87405	29
87406	0
87408	3
87410	0
87411	3
87413	0
87414	7
87415	0
87416	0
87417	5
87418	14
87419	1
87420	8
87421	12
87422	6
87423	2
87424	2
87425	10
87426	4
87427	10
87428	0
87429	1
87430	7
87431	0
87432	17
87433	3
87434	0
87435	0
87436	30
87437	1
87438	7
87439	1
87441	3
87442	0
87443	2
87446	10
87447	19
87449	9
87450	10
87451	7
87452	0
87453	8
87454	0
87455	0
87456	0
87458	0
87460	21
87461	8
87464	10
87465	3
87466	0
87467	1
87469	5
87470	5
87471	6
87472	0
87473	0
87474	8
87475	0
87476	4
87477	9
87479	5
87480	10
87481	7
87482	1
87483	2
87484	10
87485	3
87486	2
87487	15
87488	0
87489	3
87490	0
87491	5
87492	0
87493	0
87495	0
87496	0
87497	0
87498	5
87499	5
87500	0
87501	6
87502	3
87503	0
87504	21
87505	27
87506	0
87508	15
87509	0
87510	2
87511	8
87512	6
87513	1
87514	15
87515	25
87516	4
87517	9
87518	0
87519	10
87520	8
87523	0
87524	3
87525	29
87526	0
87528	18
87529	0
87530	17
87531	10
87532	7
87533	8
87534	0
87536	0
87537	0
87538	3
87539	2
87540	0
87541	3
87543	18
87544	23
87545	15
87546	0
87547	5
87548	14
87549	0
87550	3
87552	0
87553	8
87554	9
87557	4
87558	6
87559	0
87560	4
87561	0
87562	0
87563	0
87564	5
87565	4
87566	0
87567	4
87568	21
87569	4
87570	0
87571	5
87572	18
87573	0
87574	0
87575	2
87576	3
87577	0
87578	9
87579	1
87581	0
87582	8
87583	3
87584	2
87585	1
87586	3
87587	31
87588	0
87589	1
87590	9
87593	1
87594	3
87595	0
87596	0
87597	0
87598	13
87599	17
87601	0
87603	5
87604	6
87605	2
87606	0
87607	10
87610	4
87611	9
87612	5
87613	7
87614	0
87615	0
87616	6
87618	4
87619	3
87620	3
87621	8
87622	2
87624	3
87626	2
87627	6
87628	12
87629	0
87631	3
87632	0
87633	8
87634	0
87636	9
87637	2
87638	4
87639	6
87640	3
87641	0
87642	6
87643	7
87644	5
87645	12
87647	19
87648	17
87650	0
87651	17
87652	8
87653	6
87654	0
87655	2
87656	5
87658	0
87659	5
87660	3
87661	1
87662	4
87663	1
87664	0
87667	1
87668	6
87670	7
87671	1
87672	7
87673	11
87674	1
87675	5
87677	4
87678	25
87679	7
87680	17
87681	0
87682	12
87685	0
87686	3
87688	7
87689	1
87690	0
87691	6
87692	15
87693	4
87694	8
87695	0
87697	6
87699	7
87700	0
87701	7
87702	3
87703	13
87704	6
87705	15
87707	0
87708	15
87709	3
87710	0
87712	9
87713	6
87714	5
87715	16
87716	18
87717	5
87718	1
87719	6
87720	22
87721	5
87722	18
87723	0
87724	3
87725	24
87727	10
87728	0
87729	15
87730	3
87731	0
87732	0
87733	24
87734	0
87735	22
87736	12
87737	3
87738	4
87739	7
87740	17
87742	4
87743	9
87744	6
87745	1
87746	0
87747	4
87748	7
87749	8
87750	10
87751	0
87752	9
87753	0
87754	18
87755	8
87756	4
87757	13
87759	0
87760	14
87761	2
87762	13
87763	14
87765	1
87766	11
87767	3
87768	2
87769	3
87770	0
87771	0
87772	4
87773	0
87774	5
87776	5
87777	0
87779	5
87780	1
87781	0
87782	4
87783	0
87785	11
87786	0
87787	0
87788	1
87789	0
87790	0
87791	8
87792	0
87793	4
87794	1
87795	2
87797	16
87798	0
87800	0
87801	6
87802	2
87803	23
87805	17
87806	2
87807	9
87809	4
87811	7
87812	0
87813	5
87814	0
87815	8
87816	10
87817	0
87818	2
87819	14
87822	3
87823	0
87824	10
87825	4
87826	1
87827	19
87828	17
87829	9
87830	0
87831	0
87832	5
87833	7
87834	3
87837	0
87838	7
87839	11
87840	0
87841	7
87842	3
87843	11
87844	11
87846	8
87847	9
87849	0
87850	0
87851	4
87852	0
87853	3
87854	0
87855	5
87856	0
87857	12
87858	2
87859	15
87860	2
87861	8
87862	3
87863	13
87864	12
87865	0
87866	8
87867	0
87868	1
87869	0
87870	12
87871	2
87872	12
87873	2
87875	0
87876	4
87878	0
87880	0
87881	3
87882	1
87883	5
87884	4
87886	3
87887	0
87889	0
87890	7
87891	18
87892	4
87893	4
87894	18
87895	6
87896	9
87897	1
87898	0
87899	1
87902	9
87903	6
87904	32
87905	3
87906	17
87907	6
87909	1
87910	4
87911	17
87913	12
87914	9
87916	0
87918	7
87919	3
87920	0
87923	9
87924	14
87925	11
87926	14
87928	7
87930	14
87931	5
87932	1
87933	1
87934	0
87935	3
87936	4
87937	14
87938	24
87939	4
87940	0
87941	1
87942	1
87943	0
87945	13
87946	0
87947	2
87948	1
87949	15
87950	5
87952	9
87953	0
87954	2
87955	11
87956	0
87957	1
87959	4
87961	23
87962	0
87963	0
87964	6
87965	5
87966	0
87968	0
87969	6
87970	4
87971	12
87972	5
87973	1
87974	0
87975	8
87977	25
87978	0
87979	3
87980	19
87981	2
87982	1
87983	6
87985	0
87986	6
87987	8
87989	0
87990	7
87991	8
87992	12
87993	0
87994	1
87997	1
87999	1
88001	6
88003	2
88004	3
88005	6
88006	0
88007	9
88008	0
88009	4
88010	1
88011	12
88012	11
88013	0
88014	2
88015	11
88016	3
88017	21
88018	1
88019	0
88020	1
88021	8
88024	1
88025	5
88026	21
88027	4
88028	5
88029	0
88030	18
88031	8
88032	5
88033	0
88035	3
88036	9
88037	15
88038	5
88039	7
88041	3
88042	0
88044	0
88046	0
88047	1
88048	1
88050	0
88051	5
88052	13
88054	7
88055	4
88056	6
88057	0
88058	0
88059	4
88060	0
88062	4
88063	1
88064	14
88065	6
88066	0
88067	2
88068	12
88069	4
88071	11
88073	2
88074	13
88075	3
88076	2
88077	0
88078	1
88079	23
88080	5
88081	14
88082	0
88083	0
88085	9
88086	0
88087	9
88088	0
88089	0
88090	3
88091	0
88093	1
88094	15
88095	18
88099	0
88100	2
88101	14
88102	0
88103	11
88106	24
88107	0
88108	1
88109	7
88110	10
88111	2
88112	0
88113	0
88114	12
88115	0
88116	6
88118	10
88119	4
88120	2
88121	1
88122	1
88123	0
88124	0
88125	12
88126	0
88127	0
88128	18
88129	1
88130	2
88131	9
88133	7
88134	9
88135	10
88136	10
88138	3
88139	2
88140	6
88142	4
88143	2
88144	13
88145	0
88146	1
88147	0
88148	7
88149	22
88150	0
88151	0
88152	0
88153	7
88154	1
88156	0
88158	8
88159	0
88160	0
88162	0
88163	0
88164	1
88165	8
88166	3
88167	0
88168	8
88169	0
88170	6
88171	2
88173	0
88174	2
88175	0
88176	0
88177	0
88178	0
88179	5
88180	0
88181	16
88182	2
88183	12
88184	0
88185	0
88186	0
88187	8
88188	5
88189	1
88190	6
88191	3
88192	10
88193	4
88194	5
88195	0
88196	2
88197	0
88200	13
88201	0
88202	0
88203	0
88204	11
88206	8
88207	0
88209	0
88210	18
88212	2
88213	8
88214	14
88215	0
88216	9
88217	0
88218	3
88219	4
88220	5
88222	0
88223	2
88224	9
88225	2
88226	1
88227	0
88228	2
88229	5
88230	12
88231	4
88232	14
88233	0
88234	0
88235	8
88236	0
88237	4
88238	20
88239	12
88240	1
88241	9
88243	1
88244	0
88245	0
88246	0
88247	6
88248	12
88249	0
88251	9
88252	0
88253	1
88254	0
88255	4
88256	9
88257	7
88258	3
88260	3
88261	0
88263	7
88264	17
88267	2
88268	2
88271	14
88272	0
88273	4
88274	4
88275	1
88277	5
88278	3
88280	0
88281	3
88282	3
88283	1
88284	0
88285	13
88286	4
88287	9
88288	9
88289	6
88290	14
88291	5
88292	2
88294	8
88296	8
88297	0
88298	0
88300	0
88301	9
88302	4
88303	0
88304	4
88305	16
88306	1
88307	7
88308	21
88309	0
88310	0
88311	17
88312	0
88313	5
88314	4
88316	0
88318	6
88319	3
88320	4
88321	7
88322	0
88323	2
88324	0
88325	1
88326	6
88327	6
88328	6
88329	12
88331	11
88332	0
88333	1
88334	8
88337	14
88338	4
88339	0
88340	5
88341	2
88342	5
88343	0
88344	0
88345	1
88346	21
88347	6
88348	1
88350	5
88351	16
88352	2
88353	1
88355	6
88356	12
88357	0
88358	0
88359	7
88360	0
88361	15
88362	0
88363	0
88365	0
88366	2
88368	3
88369	8
88370	0
88371	0
88372	11
88373	5
88374	0
88375	0
88376	4
88377	4
88379	11
88380	10
88381	21
88383	0
88384	6
88385	0
88386	0
88387	0
88388	4
88389	3
88390	0
88393	4
88396	3
88398	7
88399	0
88400	21
88401	2
88403	5
88404	13
88405	0
88406	12
88407	10
88408	7
88409	22
88410	1
88411	3
88412	1
88414	0
88415	1
88416	11
88417	2
88418	22
88419	3
88420	1
88422	1
88423	3
88424	1
88425	9
88426	6
88427	8
88428	4
88429	0
88430	16
88431	26
88432	10
88433	0
88434	9
88435	0
88436	0
88437	3
88439	3
88440	0
88441	0
88442	1
88443	3
88444	2
88445	2
88446	4
88447	4
88448	6
88449	2
88450	6
88451	2
88452	2
88453	7
88454	15
88455	1
88456	2
88457	0
88458	4
88459	8
88460	10
88462	13
88464	0
88465	1
88467	0
88468	0
88469	18
88470	6
88471	0
88473	1
88474	2
88475	0
88477	11
88478	2
88479	0
88480	1
88481	8
88483	7
88484	0
88485	19
88486	3
88487	0
88489	3
88490	0
88491	9
88493	6
88494	21
88495	0
88497	18
88498	0
88499	0
88500	8
88501	8
88502	34
88503	14
88504	3
88505	1
88506	5
88507	0
88509	1
88510	0
88511	1
88512	0
88513	13
88514	10
88515	24
88516	0
88517	4
88518	3
88519	6
88520	3
88521	3
88522	0
88523	5
88524	10
88526	1
88527	0
88528	3
88529	4
88530	19
88531	11
88533	0
88534	9
88535	5
88536	2
88537	0
88538	1
88539	3
88540	2
88541	3
88542	13
88543	0
88544	13
88545	2
88546	0
88548	24
88549	1
88551	0
88552	0
88553	0
88554	3
88555	3
88556	3
88557	4
88558	14
88559	1
88560	16
88561	0
88562	3
88563	6
88564	20
88565	15
88566	0
88567	4
88569	9
88570	2
88571	1
88572	15
88574	6
88575	0
88576	6
88577	6
88578	0
88580	0
88581	5
88584	9
88586	2
88587	10
88588	10
88589	10
88590	5
88591	10
88592	8
88593	7
88595	4
88596	0
88597	6
88598	4
88599	14
88600	8
88601	0
88603	2
88604	1
88605	3
88606	4
88608	24
88609	0
88610	10
88611	13
88612	0
88613	4
88614	2
88615	8
88616	0
88617	0
88618	10
88619	5
88621	0
88622	17
88623	0
88624	10
88625	3
88626	9
88627	1
88628	4
88629	2
88630	7
88631	0
88632	11
88633	0
88634	9
88635	8
88636	0
88637	6
88638	3
88639	5
88640	5
88641	3
88642	21
88643	3
88644	0
88645	0
88646	0
88647	2
88648	3
88649	0
88650	7
88651	2
88652	0
88653	1
88654	6
88655	0
88656	4
88657	0
88658	0
88659	0
88660	8
88662	5
88663	17
88664	4
88665	6
88666	5
88670	1
88671	7
88672	12
88673	9
88674	0
88675	6
88677	0
88680	7
88681	2
88682	0
88683	4
88684	0
88685	19
88686	3
88687	4
88688	9
88689	0
88690	24
88691	10
88692	4
88693	0
88694	5
88695	5
88696	0
88699	11
88700	7
88701	2
88702	0
88703	1
88704	4
88705	5
88706	4
88708	0
88709	1
88711	3
88712	4
88714	4
88716	29
88717	3
88718	6
88719	0
88720	2
88722	19
88723	0
88724	1
88725	4
88726	0
88727	3
88728	5
88730	5
88731	9
88733	3
88734	3
88735	12
88737	1
88738	7
88739	15
88740	2
88741	8
88742	4
88743	5
88744	1
88745	20
88746	4
88747	0
88748	14
88749	0
88750	0
88751	10
88753	2
88754	3
88755	0
88756	6
88757	3
88759	17
88760	14
88761	3
88762	0
88763	1
88764	4
88765	0
88767	6
88768	0
88769	3
88770	3
88771	11
88772	0
88773	11
88774	6
88775	9
88776	7
88777	1
88778	1
88779	5
88780	1
88781	0
88782	15
88783	0
88786	0
88787	12
88788	0
88789	1
88790	9
88791	7
88792	18
88793	16
88794	8
88795	0
88796	12
88797	2
88798	0
88799	8
88800	0
88801	0
88802	0
88803	0
88804	15
88805	4
88806	0
88807	11
88808	6
88809	0
88810	7
88811	21
88812	0
88813	8
88814	4
88815	2
88816	5
88817	6
88818	0
88819	2
88820	0
88821	4
88822	6
88823	0
88824	4
88826	1
88828	1
88829	0
88830	13
88831	9
88832	0
88833	0
88834	0
88835	0
88836	8
88837	18
88838	0
88839	2
88840	8
88841	0
88842	1
88843	3
88844	1
88845	28
88846	1
88847	0
88849	1
88850	3
88851	14
88852	5
88853	0
88854	0
88855	0
88856	0
88858	7
88859	2
88860	0
88861	14
88862	5
88863	0
88864	3
88865	0
88866	0
88867	5
88868	9
88869	7
88870	0
88871	2
88872	3
88873	0
88874	0
88875	4
88876	5
88877	12
88878	0
88879	2
88880	6
88882	0
88883	0
88884	15
88885	0
88886	0
88889	7
88890	8
88891	20
88892	8
88893	10
88894	0
88895	3
88896	4
88897	0
88899	5
88900	7
88901	5
88902	6
88903	0
88904	11
88906	0
88907	14
88909	6
88910	0
88911	0
88912	5
88914	6
88916	15
88917	0
88918	2
88919	4
88920	0
88922	11
88923	1
88924	11
88925	1
88926	9
88927	0
88928	0
88929	2
88931	4
88932	0
88933	6
88934	8
88935	12
88937	7
88938	1
88939	8
88940	0
88941	0
88942	6
88943	3
88944	0
88945	10
88946	0
88947	19
88949	0
88951	2
88954	0
88956	1
88957	13
88958	15
88959	1
88960	1
88962	2
88963	5
88965	0
88966	22
88967	3
88968	10
88970	0
88971	9
88972	1
88973	0
88974	1
88975	0
88976	3
88977	15
88979	28
88980	10
88982	26
88983	14
88984	0
88985	0
88986	2
88987	7
88988	0
88989	2
88990	8
88992	12
88993	17
88994	7
88995	5
88996	20
88997	21
88998	3
88999	2
89000	0
89001	4
89003	3
89005	4
89006	4
89007	0
89008	6
89009	2
89010	1
89011	0
89012	0
89014	12
89015	12
89017	6
89018	5
89019	0
89020	1
89021	24
89022	12
89023	17
89025	1
89026	3
89028	12
89029	8
89030	11
89031	6
89032	2
89033	5
89035	0
89036	3
89037	16
89039	15
89040	2
89041	13
89042	0
89043	0
89044	1
89045	25
89046	7
89047	0
89048	4
89049	2
89050	17
89051	0
89052	2
89053	5
89054	0
89055	13
89056	0
89057	27
89058	13
89059	3
89061	5
89062	12
89063	12
89065	10
89066	1
89067	4
89068	6
89070	5
89071	1
89072	0
89075	5
89076	0
89077	0
89078	0
89079	0
89080	7
89082	7
89083	10
89084	0
89085	1
89087	0
89088	9
89089	3
89090	3
89091	2
89092	0
89093	16
89094	4
89095	10
89096	11
89097	2
89098	7
89100	4
89101	1
89102	3
89103	0
89104	2
89105	7
89107	0
89108	8
89109	5
89110	4
89111	10
89112	3
89113	11
89114	6
89115	0
89116	3
89118	2
89119	0
89120	3
89121	0
89122	3
89123	1
89124	0
89126	4
89127	13
89128	15
89129	0
89130	11
89131	0
89132	3
89133	12
89134	14
89135	0
89136	1
89137	6
89138	0
89139	0
89141	7
89142	10
89143	0
89144	2
89145	0
89146	0
89147	25
89148	0
89149	4
89150	13
89151	12
89152	12
89153	2
89155	0
89156	4
89158	8
89160	25
89161	0
89164	3
89165	9
89166	0
89167	1
89168	1
89169	3
89170	4
89171	4
89172	9
89173	3
89174	15
89175	0
89176	5
89177	2
89178	1
89179	3
89180	12
89181	4
89182	8
89183	12
89184	3
89185	4
89186	5
89187	3
89188	0
89189	9
89190	4
89191	3
89192	5
89193	13
89195	13
89196	5
89197	3
89198	7
89199	5
89200	0
89201	13
89202	3
89203	2
89204	20
89205	6
89206	3
89208	7
89209	0
89211	3
89212	3
89213	0
89215	2
89216	9
89217	6
89218	12
89219	11
89220	5
89221	2
89222	0
89223	21
89224	8
89225	0
89226	0
89227	10
89228	2
89229	1
89230	1
89231	22
89233	3
89234	6
89235	8
89236	1
89237	1
89238	4
89240	25
89242	10
89244	0
89245	2
89247	3
89248	0
89249	8
89250	0
89251	0
89252	3
89254	10
89255	0
89258	3
89259	11
89260	8
89261	0
89262	0
89263	10
89264	1
89265	0
89267	5
89268	0
89269	0
89271	0
89272	3
89273	5
89274	0
89276	14
89277	0
89278	0
89279	8
89280	0
89281	9
89282	2
89283	6
89284	4
89285	17
89286	1
89287	0
89288	0
89291	9
89292	0
89293	5
89294	7
89295	5
89296	6
89297	5
89298	11
89299	1
89300	1
89301	4
89302	19
89303	1
89304	23
89305	16
89306	5
89307	9
89308	17
89309	12
89310	12
89311	3
89312	13
89313	21
89315	9
89316	1
89317	0
89318	12
89319	5
89320	0
89321	2
89322	4
89323	7
89324	2
89325	8
89326	3
89327	9
89328	0
89329	8
89330	13
89331	7
89332	0
89334	5
89335	0
89336	3
89337	19
89338	7
89339	9
89340	19
89341	0
89343	3
89344	0
89345	0
89346	5
89347	3
89349	4
89350	1
89352	0
89353	3
89354	3
89355	4
89356	4
89359	11
89360	0
89361	0
89362	1
89363	6
89366	18
89367	10
89368	6
89369	1
89370	4
89371	0
89372	4
89373	9
89375	0
89376	15
89377	18
89378	17
89379	1
89380	2
89381	6
89382	2
89383	3
89384	0
89385	0
89386	11
89388	1
89389	7
89390	1
89391	10
89392	1
89393	11
89395	8
89396	11
89397	6
89398	3
89399	6
89400	4
89401	2
89402	3
89403	0
89404	5
89405	28
89406	8
89407	5
89408	8
89409	0
89411	0
89412	4
89414	2
89415	16
89416	5
89417	13
89418	11
89419	3
89420	4
89421	16
89422	2
89423	8
89424	0
89425	0
89426	7
89427	9
89428	0
89430	2
89431	2
89432	2
89433	0
89434	0
89435	4
89436	0
89437	0
89438	7
89441	11
89442	0
89443	10
89444	0
89445	0
89446	6
89447	4
89448	3
89449	18
89450	28
89451	16
89452	5
89453	2
89454	10
89455	7
89456	4
89457	0
89458	3
89459	7
89460	1
89462	16
89463	3
89464	1
89465	4
89466	16
89467	2
89468	10
89469	3
89470	1
89471	4
89472	0
89473	2
89474	3
89475	21
89476	3
89477	9
89478	10
89479	7
89480	0
89482	0
89483	0
89484	7
89485	6
89486	2
89487	0
89488	14
89489	4
89490	5
89491	0
89492	0
89493	0
89494	0
89495	2
89497	2
89498	1
89500	1
89501	3
89502	0
89503	0
89504	18
89507	0
89508	11
89509	0
89510	9
89511	0
89512	21
89513	17
89515	0
89517	0
89518	23
89519	7
89520	22
89522	5
89523	6
89524	2
89525	12
89527	0
89528	2
89529	10
89531	6
89532	16
89533	1
89534	0
89535	0
89536	2
89538	20
89539	19
89540	0
89541	12
89542	2
89543	3
89544	5
89545	0
89546	0
89547	0
89548	0
89550	17
89551	14
89553	2
89554	5
89555	7
89556	0
89557	0
89558	0
89559	0
89560	2
89561	1
89562	5
89563	16
89565	6
89566	7
89568	0
89569	2
89570	0
89571	3
89572	3
89573	0
89574	6
89575	0
89576	1
89578	15
89579	32
89580	0
89582	2
89583	6
89584	2
89585	8
89587	6
89588	0
89589	15
89590	1
89591	12
89592	11
89593	3
89597	0
89598	2
89599	2
89600	2
89601	0
89602	0
89603	12
89604	1
89605	1
89606	6
89607	2
89608	0
89609	0
89610	15
89611	4
89612	3
89613	0
89614	23
89616	3
89617	9
89618	12
89619	3
89620	3
89622	0
89623	2
89624	4
89625	9
89626	5
89627	18
89629	7
89630	0
89631	0
89632	0
89633	1
89634	1
89635	0
89636	7
89637	4
89638	2
89639	0
89641	1
89642	0
89643	1
89644	20
89645	0
89646	0
89648	10
89649	0
89650	4
89651	0
89653	7
89654	13
89655	10
89656	13
89657	4
89658	0
89659	0
89660	0
89661	13
89662	5
89663	0
89664	13
89665	0
89666	0
89668	0
89670	10
89671	0
89673	16
89674	2
89675	9
89676	0
89678	3
89679	6
89680	1
89681	3
89682	23
89684	0
89685	9
89686	35
89687	2
89688	0
89690	0
89692	9
89693	0
89695	8
89696	0
89697	8
89698	6
89699	11
89701	0
89702	1
89703	0
89704	10
89705	4
89706	0
89708	0
89709	5
89710	0
89711	0
89712	0
89713	16
89714	13
89715	0
89716	6
89717	4
89718	3
89720	6
89721	6
89722	0
89723	3
89724	14
89725	4
89726	9
89727	6
89728	0
89729	19
89730	4
89731	11
89732	13
89733	19
89734	1
89736	0
89737	16
89738	17
89739	11
89741	0
89743	9
89744	1
89745	8
89746	21
89747	15
89748	0
89749	4
89750	0
89751	0
89752	0
89753	0
89754	9
89755	11
89756	4
89757	0
89758	0
89760	4
89761	5
89762	9
89763	17
89764	20
89765	3
89766	10
89767	0
89768	17
89769	9
89770	17
89771	10
89773	0
89774	0
89775	2
89776	7
89777	15
89778	0
89779	7
89780	0
89782	5
89783	2
89784	11
89785	5
89786	5
89788	5
89790	1
89791	6
89792	0
89794	15
89796	1
89797	6
89798	3
89799	0
89801	0
89802	0
89803	2
89804	13
89805	0
89806	0
89807	2
89808	0
89809	2
89810	0
89812	1
89813	0
89814	10
89815	0
89816	14
89817	5
89818	5
89819	5
89820	1
89821	1
89822	0
89824	4
89825	0
89826	0
89827	0
89828	11
89829	2
89831	5
89832	0
89833	9
89834	5
89835	0
89836	0
89837	0
89838	0
89839	0
89840	6
89841	0
89842	6
89843	0
89845	0
89846	0
89847	0
89848	1
89849	0
89850	0
89851	0
89852	5
89853	3
89855	10
89856	8
89857	0
89859	5
89860	4
89862	0
89863	3
89864	8
89866	11
89867	3
89868	5
89870	9
89872	15
89873	4
89874	1
89875	20
89876	3
89877	2
89879	4
89881	9
89882	2
89883	5
89884	1
89885	5
89886	6
89887	1
89888	4
89889	10
89890	0
89891	6
89892	0
89896	2
89898	0
89899	3
89901	1
89903	10
89904	3
89905	1
89906	8
89907	5
89908	0
89909	8
89910	0
89912	0
89914	16
89915	5
89916	19
89917	0
89918	2
89920	0
89921	11
89922	3
89923	1
89924	3
89925	13
89926	1
89927	7
89928	9
89930	5
89931	2
89932	3
89933	4
89934	12
89935	9
89937	13
89938	2
89939	7
89940	8
89941	10
89942	0
89943	8
89944	9
89945	0
89948	0
89949	0
89950	4
89951	8
89952	6
89953	2
89954	0
89955	0
89956	4
89957	7
89958	1
89959	7
89960	6
89961	15
89962	8
89963	1
89964	1
89966	5
89967	2
89968	0
89970	0
89971	0
89972	0
89973	7
89974	19
89975	0
89976	11
89977	7
89978	1
89979	3
89981	1
89982	0
89983	0
89984	22
89985	3
89986	5
89987	0
89988	7
89989	3
89990	5
89991	0
89992	12
89993	7
89995	14
89996	6
89997	4
89998	13
89999	1
90000	7
90002	3
90003	5
90004	6
90005	16
90006	1
90007	5
90009	3
90010	19
90012	5
90014	3
90015	3
90016	8
90017	6
90018	1
90019	0
90020	4
90021	0
90022	12
90023	2
90024	0
90025	5
90026	5
90027	20
90028	25
90029	4
90030	5
90031	0
90032	7
90033	5
90035	9
90036	4
90037	6
90038	0
90039	5
90040	9
90041	0
90043	0
90044	15
90045	3
90046	1
90047	1
90049	1
90050	14
90051	1
90052	10
90053	8
90054	13
90056	2
90057	0
90058	2
90060	8
90061	6
90062	19
90063	14
90066	18
90067	7
90068	29
90069	4
90070	3
90072	16
90074	10
90075	4
90077	0
90078	1
90079	0
90080	0
90081	0
90082	2
90083	1
90084	0
90087	4
90088	23
90089	0
90090	4
90091	5
90092	10
90093	9
90094	6
90095	2
90096	0
90097	7
90098	1
90099	11
90101	16
90102	14
90103	4
90106	2
90108	2
90109	0
90110	2
90111	4
90112	4
90113	0
90114	0
90115	8
90116	15
90117	3
90118	8
90120	0
90121	8
90123	0
90124	6
90125	8
90126	20
90127	5
90129	1
90130	6
90131	9
90132	7
90133	8
90134	8
90135	5
90136	0
90138	0
90139	0
90140	6
90142	5
90143	23
90144	9
90146	0
90147	3
90148	4
90149	5
90150	0
90151	2
90152	2
90153	0
90155	7
90156	2
90158	9
90159	0
90160	2
90161	5
90163	6
90165	0
90166	0
90167	0
90168	3
90169	3
90171	1
90172	7
90173	1
90175	13
90176	15
90179	0
90180	2
90181	0
90183	9
90186	5
90187	7
90188	1
90189	0
90190	1
90191	18
90192	2
90193	0
90194	9
90195	0
90196	3
90197	7
90198	5
90199	2
90200	1
90201	0
90202	5
90204	0
90206	14
90207	2
90208	7
90209	1
90210	0
90211	1
90212	1
90213	12
90214	2
90215	0
90216	0
90217	13
90218	6
90219	16
90220	0
90221	0
90222	0
90223	0
90224	6
90225	8
90226	13
90227	10
90228	5
90229	3
90230	0
90231	23
90232	0
90233	5
90234	12
90235	0
90236	4
90237	13
90238	12
90241	2
90242	0
90243	6
90245	0
90246	30
90247	3
90248	15
90249	6
90251	23
90252	0
90253	10
90254	22
90255	13
90256	17
90257	6
90259	0
90260	27
90261	6
90262	2
90263	15
90264	6
90265	2
90266	3
90268	2
90269	5
90270	19
90271	13
90272	5
90273	7
90274	1
90275	6
90276	0
90277	15
90278	0
90279	6
90280	0
90281	0
90282	3
90283	0
90284	8
90286	0
90287	4
90288	8
90289	1
90290	4
90291	2
90292	4
90294	9
90295	6
90296	11
90297	0
90299	10
90300	0
90302	0
90303	0
90304	26
90305	12
90307	8
90309	10
90310	2
90311	0
90313	1
90316	5
90317	1
90318	12
90319	3
90321	0
90322	0
90323	18
90324	0
90325	5
90326	0
90327	3
90328	11
90329	6
90330	17
90331	20
90332	4
90333	5
90334	1
90336	2
90337	13
90338	19
90341	0
90342	20
90343	0
90344	0
90345	10
90346	0
90347	0
90348	1
90350	10
90351	8
90352	3
90353	4
90354	13
90355	0
90356	0
90357	0
90358	4
90359	0
90360	1
90361	0
90362	9
90363	0
90364	0
90365	1
90366	0
90367	5
90368	15
90369	4
90370	9
90371	6
90372	9
90373	2
90374	10
90376	4
90377	0
90379	18
90382	0
90383	2
90384	3
90385	7
90386	10
90387	3
90389	0
90392	0
90393	15
90395	8
90396	1
90398	5
90399	0
90400	5
90401	0
90402	0
90403	0
90404	8
90405	1
90406	4
90407	9
90408	1
90409	3
90410	4
90411	16
90412	7
90413	1
90414	1
90416	0
90417	1
90418	0
90419	0
90421	6
90422	1
90423	15
90424	7
90425	7
90426	3
90427	3
90428	12
90429	1
90430	17
90431	13
90433	16
90434	2
90435	5
90436	1
90437	3
90438	1
90439	0
90442	6
90443	1
90444	17
90445	9
90446	7
90448	0
90450	0
90452	4
90453	23
90454	0
90455	2
90456	17
90457	28
90458	0
90459	3
90460	3
90461	0
90462	7
90463	8
90464	1
90465	5
90466	0
90467	2
90468	0
90469	9
90470	0
90472	8
90473	0
90474	14
90478	10
90479	0
90480	31
90481	1
90482	26
90483	6
90484	1
90485	1
90486	10
90487	6
90488	6
90489	16
90490	4
90491	5
90492	0
90493	6
90494	2
90495	7
90496	21
90497	3
90498	23
90499	0
90500	8
90501	10
90502	4
90503	0
90504	0
90505	21
90506	3
90508	7
90509	2
90510	4
90512	2
90513	0
90515	13
90516	12
90518	9
90519	0
90521	5
90522	0
90524	1
90525	12
90526	5
90527	10
90528	0
90529	12
90530	3
90531	2
90532	5
90533	6
90534	5
90535	0
90536	13
90537	0
90538	0
90539	8
90540	6
90541	2
90542	0
90543	0
90544	3
90545	0
90546	0
90547	3
90548	0
90551	5
90552	17
90553	4
90554	7
90555	0
90556	2
90557	4
90558	12
90560	0
90562	9
90564	5
90565	17
90566	0
90567	0
90568	1
90569	3
90570	10
90571	5
90572	9
90573	11
90574	0
90575	12
90576	6
90577	2
90578	12
90579	12
90580	5
90581	4
90582	5
90583	1
90584	6
90585	3
90586	20
90587	8
90588	3
90589	4
90591	5
90592	2
90593	0
90594	0
90595	0
90596	0
90597	1
90598	8
90599	1
90600	8
90601	7
90602	6
90603	0
90604	7
90605	0
90606	3
90607	2
90608	18
90609	0
90610	0
90611	10
90613	0
90614	17
90615	14
90616	0
90618	3
90619	3
90621	14
90623	0
90624	0
90626	3
90627	22
90628	2
90629	12
90630	3
90631	0
90632	1
90633	2
90634	3
90635	0
90636	1
90637	0
90638	0
90639	0
90640	3
90643	17
90644	37
90645	6
90646	2
90647	0
90648	13
90649	2
90650	2
90651	5
90652	0
90653	6
90654	12
90655	3
90656	15
90657	1
90658	0
90660	11
90661	2
90662	15
90663	1
90665	3
90666	8
90667	12
90668	0
90669	16
90670	4
90671	5
90672	13
90673	11
90674	2
90675	6
90676	11
90677	20
90678	15
90679	2
90680	10
90681	7
90682	5
90683	6
90685	0
90686	5
90688	0
90689	3
90690	0
90692	13
90693	16
90694	0
90695	0
90696	7
90697	1
90698	3
90699	5
90701	1
90703	5
90704	1
90705	3
90706	3
90707	10
90708	1
90709	0
90711	8
90712	7
90713	5
90714	3
90715	0
90716	3
90718	6
90719	4
90720	3
90721	0
90723	12
90727	0
90728	15
90729	2
90730	4
90731	5
90732	7
90733	0
90735	12
90736	0
90737	2
90738	3
90739	0
90740	25
90741	2
90742	6
90743	13
90744	0
90745	9
90746	3
90747	6
90748	4
90749	0
90750	5
90751	0
90752	0
90753	1
90754	10
90755	10
90756	1
90757	13
90758	6
90759	6
90760	3
90761	0
90762	4
90763	13
90764	5
90765	1
90766	38
90768	0
90769	2
90770	3
90772	20
90773	2
90774	2
90775	0
90776	12
90777	5
90778	6
90779	6
90780	0
90781	13
90782	4
90783	12
90784	1
90785	7
90786	9
90787	4
90788	7
90789	0
90790	2
90791	13
90792	7
90793	5
90795	0
90796	16
90797	6
90798	0
90799	11
90800	13
90802	0
90804	16
90805	4
90807	1
90808	11
90809	5
90812	0
90814	0
90815	2
90816	1
90817	0
90818	0
90819	4
90820	15
90822	4
90823	4
90824	6
90826	0
90827	1
90830	17
90831	0
90832	13
90833	1
90834	1
90835	0
90836	7
90837	0
90838	7
90839	2
90840	3
90841	0
90842	7
90843	21
90844	5
90845	0
90846	10
90847	5
90848	0
90849	10
90850	0
90853	7
90854	2
90856	6
90857	0
90858	3
90859	5
90860	1
90861	6
90863	2
90865	15
90867	20
90869	8
90870	18
90871	15
90873	0
90874	2
90875	0
90876	7
90878	4
90879	0
90880	0
90881	3
90882	17
90883	1
90884	3
90885	0
90886	3
90887	6
90888	0
90889	14
90890	4
90891	3
90892	12
90893	1
90894	6
90895	1
90896	0
90897	0
90898	10
90899	3
90900	3
90901	0
90902	2
90903	4
90904	0
90905	4
90906	6
90907	1
90910	0
90911	11
90912	4
90913	1
90914	6
90916	10
90917	0
90918	21
90919	5
90920	24
90921	7
90922	11
90923	0
90924	11
90926	1
90928	2
90929	0
90930	0
90931	2
90932	0
90933	8
90934	18
90935	0
90936	3
90937	4
90938	2
90939	0
90940	0
90941	0
90942	5
90943	9
90944	2
90945	6
90946	8
90947	4
90948	4
90949	4
90951	6
90952	0
90954	6
90955	17
90956	2
90957	3
90958	0
90959	0
90961	10
90962	1
90963	6
90964	0
90965	3
90966	0
90967	11
90968	1
90969	0
90970	5
90974	0
90975	4
90976	6
90977	7
90978	14
90979	7
90980	3
90981	0
90982	13
90985	0
90986	0
90987	0
90988	8
90989	0
90990	0
90991	0
90992	0
90993	3
90994	0
90995	0
90996	2
90997	24
90998	0
90999	1
91000	7
91001	0
91002	0
91003	18
91004	9
91005	7
91006	4
91007	0
91008	0
91009	0
91011	14
91012	11
91013	18
91014	5
91015	1
91016	2
91017	0
91018	29
91019	0
91020	8
91022	0
91023	1
91024	3
91025	0
91026	10
91027	3
91028	5
91029	24
91030	8
91032	1
91033	1
91034	4
91035	0
91036	3
91037	5
91038	22
91039	4
91040	4
91041	12
91042	4
91043	0
91044	0
91045	0
91046	4
91047	0
91048	7
91049	2
91050	5
91051	7
91052	1
91053	12
91054	0
91055	7
91056	14
91057	6
91058	27
91059	0
91060	5
91061	6
91062	4
91063	7
91064	0
91065	1
91066	9
91067	0
91068	8
91069	0
91070	3
91072	9
91073	0
91075	0
91076	18
91077	0
91078	0
91079	0
91080	23
91081	5
91082	1
91083	6
91084	3
91085	1
91087	8
91089	0
91090	20
91091	11
91093	1
91094	8
91095	18
91096	3
91097	0
91098	5
91100	9
91101	3
91102	5
91103	3
91104	2
91106	20
91107	3
91108	6
91109	1
91110	0
91112	15
91113	7
91114	4
91115	0
91116	0
91118	2
91119	0
91122	3
91123	0
91124	4
91126	21
91127	1
91128	0
91129	1
91130	0
91131	9
91132	0
91133	1
91134	0
91135	0
91136	0
91137	0
91138	6
91139	13
91140	4
91141	14
91142	2
91143	4
91144	12
91146	6
91147	9
91148	10
91149	1
91150	13
91151	0
91152	6
91153	17
91154	5
91155	13
91156	0
91158	1
91159	19
91160	0
91162	0
91163	1
91164	1
91165	0
91166	44
91167	19
91168	2
91169	18
91170	0
91171	14
91172	9
91173	5
91174	5
91176	6
91177	2
91178	5
91179	10
91180	4
91182	0
91183	8
91185	0
91187	5
91188	0
91190	0
91191	0
91192	16
91193	0
91194	7
91195	12
91196	8
91197	0
91198	7
91199	11
91200	3
91201	0
91202	0
91205	0
91206	0
91207	2
91208	0
91209	3
91210	1
91211	6
91212	4
91213	3
91214	0
91215	1
91217	0
91218	6
91219	5
91220	6
91221	0
91223	8
91224	4
91225	0
91226	8
91227	13
91228	3
91229	0
91230	10
91231	11
91232	0
91233	0
91234	5
91235	0
91236	6
91237	0
91238	15
91239	2
91240	10
91241	2
91242	7
91243	11
91244	6
91245	2
91246	6
91247	3
91248	8
91250	10
91252	6
91253	10
91255	0
91256	15
91257	9
91258	3
91259	4
91260	4
91262	8
91263	3
91264	13
91266	20
91267	2
91268	0
91269	17
91270	1
91271	6
91272	18
91273	0
91274	0
91275	0
91276	0
91277	5
91279	12
91280	5
91281	14
91282	1
91283	0
91284	21
91286	7
91287	0
91288	11
91289	1
91290	0
91291	0
91292	1
91294	6
91295	2
91296	0
91297	8
91298	10
91299	5
91300	12
91301	2
91302	15
91303	0
91305	0
91306	15
91307	3
91308	9
91309	0
91310	5
91311	0
91312	2
91313	0
91315	0
91316	3
91317	1
91318	5
91319	0
91320	1
91321	0
91322	36
91323	3
91324	2
91325	1
91326	9
91327	5
91328	5
91329	17
91330	2
91331	0
91332	3
91333	2
91334	0
91335	0
91336	1
91337	9
91338	5
91339	4
91340	10
91341	7
91342	1
91343	7
91345	8
91346	0
91347	0
91349	15
91350	0
91352	3
91353	10
91354	5
91355	7
91356	0
91357	7
91358	5
91359	6
91360	0
91361	4
91362	6
91363	0
91364	0
91366	11
91368	11
91369	0
91371	0
91372	2
91373	6
91374	0
91375	3
91376	3
91377	0
91378	0
91379	9
91380	12
91382	2
91384	14
91385	8
91387	0
91389	9
91390	8
91391	4
91392	3
91396	0
91397	1
91398	13
91399	2
91400	1
91401	0
91402	0
91403	4
91404	0
91405	9
91406	8
91407	6
91412	0
91414	17
91415	8
91416	3
91417	6
91418	18
91419	0
91421	7
91422	11
91423	12
91426	21
91428	15
91429	2
91430	17
91431	11
91432	3
91433	5
91434	0
91435	10
91436	0
91437	8
91438	7
91441	8
91442	16
91443	6
91444	0
91445	1
91446	3
91447	2
91448	12
91449	18
91450	0
91451	1
91453	23
91454	3
91455	0
91456	8
91457	1
91458	1
91460	6
91461	2
91462	0
91463	5
91464	3
91465	3
91466	2
91467	14
91468	2
91469	2
91470	0
91471	4
91473	8
91474	4
91475	13
91476	7
91477	10
91479	0
91480	4
91481	0
91482	4
91483	16
91486	6
91487	5
91489	0
91491	13
91492	7
91494	0
91495	8
91496	5
91497	10
91498	6
91499	4
91500	0
91501	3
91502	1
91503	4
91505	4
91506	7
91507	2
91508	4
91509	6
91510	4
91512	4
91513	8
91514	4
91515	0
91516	0
91517	1
91518	0
91519	0
91520	5
91521	0
91523	0
91524	1
91525	1
91526	10
91527	2
91528	0
91531	0
91532	13
91534	0
91535	0
91536	8
91537	3
91538	0
91539	0
91540	8
91541	9
91542	4
91543	1
91544	0
91545	6
91546	2
91547	6
91549	5
91550	8
91551	3
91552	2
91553	6
91554	12
91555	5
91556	1
91557	4
91558	3
91559	10
91560	6
91561	13
91562	0
91563	6
91564	4
91565	0
91566	0
91567	13
91568	0
91569	0
91571	7
91572	0
91573	0
91574	4
91575	4
91576	0
91577	3
91578	9
91579	13
91580	4
91581	19
91583	6
91584	3
91585	0
91586	0
91587	6
91588	14
91589	0
91590	2
91591	10
91592	2
91593	11
91595	15
91597	2
91598	0
91599	5
91600	9
91601	4
91602	0
91603	0
91604	2
91605	1
91606	0
91607	9
91608	1
91609	8
91611	9
91612	12
91613	7
91614	0
91615	0
91616	1
91618	10
91619	2
91620	12
91621	0
91623	8
91624	0
91625	5
91626	0
91627	3
91628	14
91629	9
91630	1
91631	2
91632	7
91633	0
91634	0
91635	9
91636	11
91637	1
91638	0
91640	6
91641	0
91642	3
91643	1
91644	5
91645	10
91646	1
91647	4
91650	2
91651	3
91654	9
91656	0
91657	0
91659	10
91661	0
91662	12
91663	7
91664	0
91665	1
91667	8
91668	7
91670	32
91671	0
91672	6
91673	5
91674	1
91675	0
91676	0
91677	0
91678	6
91679	0
91680	4
91681	7
91682	1
91683	6
91684	4
91685	6
91686	12
91687	2
91688	38
91689	0
91691	8
91692	6
91693	4
91694	7
91695	1
91696	11
91697	7
91698	1
91701	6
91702	17
91703	0
91704	0
91705	4
91707	21
91708	5
91709	5
91710	0
91712	0
91713	6
91714	18
91715	4
91716	14
91717	4
91718	3
91719	13
91720	0
91721	0
91722	0
91723	2
91725	6
91726	6
91728	5
91729	11
91730	13
91731	0
91733	5
91734	4
91735	6
91738	6
91740	8
91741	8
91743	0
91744	5
91745	11
91746	8
91747	12
91748	1
91749	5
91751	7
91752	8
91753	0
91754	4
91755	0
91756	9
91757	2
91758	9
91759	8
91760	3
91761	21
91763	10
91764	2
91765	2
91766	3
91767	0
91768	2
91769	0
91770	1
91771	11
91772	0
91773	15
91774	6
91775	0
91776	0
91777	0
91778	15
91779	10
91781	11
91782	12
91783	0
91784	18
91785	5
91787	3
91788	2
91789	0
91790	22
91791	13
91793	9
91794	4
91795	3
91796	6
91797	0
91798	5
91799	0
91800	7
91801	4
91802	10
91803	0
91804	4
91805	14
91806	2
91807	14
91808	6
91809	3
91810	14
91811	3
91812	0
91813	3
91814	16
91816	2
91817	5
91818	3
91819	5
91820	7
91821	2
91822	0
91824	5
91825	1
91826	6
91827	7
91828	3
91829	0
91830	7
91831	3
91833	6
91834	1
91836	0
91838	6
91839	0
91840	8
91841	9
91842	9
91843	12
91845	7
91846	3
91847	21
91848	17
91849	4
91850	12
91852	0
91853	5
91854	7
91855	0
91856	4
91857	13
91858	0
91859	6
91860	1
91861	3
91862	0
91863	13
91864	6
91865	1
91866	2
91867	1
91868	0
91869	0
91870	6
91872	1
91874	1
91875	0
91876	12
91877	2
91878	1
91879	0
91881	1
91882	0
91883	11
91884	0
91885	10
91886	2
91887	0
91888	0
91889	3
91890	0
91891	6
91892	2
91893	12
91894	0
91896	0
91897	0
91898	0
91899	0
91900	1
91901	0
91902	11
91903	0
91904	3
91905	9
91906	4
91907	4
91908	10
91909	7
91911	1
91912	0
91913	6
91914	0
91915	17
91916	12
91917	6
91918	0
91919	0
91920	6
91921	1
91922	6
91923	0
91924	0
91925	5
91926	17
91927	0
91928	0
91929	14
91931	0
91932	0
91933	5
91934	4
91935	0
91936	5
91937	5
91938	8
91939	1
91940	1
91941	21
91942	15
91943	6
91945	11
91946	0
91947	0
91948	5
91951	6
91952	6
91953	6
91954	10
91955	0
91956	8
91957	0
91959	0
91960	12
91962	0
91964	8
91966	5
91967	3
91968	0
91970	0
91971	0
91972	2
91973	2
91976	0
91977	5
91978	2
91981	7
91982	1
91983	0
91985	0
91988	0
91989	0
91990	0
91991	3
91992	0
91993	12
91994	2
91996	1
91997	10
91998	1
91999	0
92000	0
92001	0
92002	1
92003	0
92004	0
92005	10
92006	2
92007	0
92008	0
92009	8
92010	0
92011	10
92012	8
92013	4
92014	4
92016	20
92017	6
92018	3
92019	19
92020	13
92021	0
92024	0
92027	0
92028	5
92029	18
92031	0
92032	0
92033	4
92034	3
92035	9
92036	10
92037	5
92038	3
92039	1
92040	19
92041	11
92043	7
92044	8
92045	2
92046	3
92047	0
92048	9
92049	0
92050	0
92051	17
92053	1
92054	0
92055	15
92056	10
92057	5
92058	14
92059	30
92060	0
92061	18
92062	0
92063	20
92064	5
92065	0
92066	0
92067	0
92068	12
92069	0
92070	0
92071	7
92072	4
92073	0
92074	0
92075	1
92076	5
92077	9
92078	1
92079	16
92080	14
92081	17
92085	9
92086	11
92087	14
92088	3
92089	25
92091	1
92092	1
92093	9
92094	11
92095	11
92096	2
92097	17
92098	0
92099	14
92100	5
92101	2
92102	11
92103	1
92104	5
92105	2
92106	0
92107	8
92108	3
92109	7
92110	3
92111	0
92112	3
92114	3
92115	0
92116	11
92117	3
92118	2
92119	2
92121	0
92125	1
92126	1
92129	5
92130	0
92131	19
92134	7
92135	19
92136	7
92140	4
92141	16
92142	8
92144	6
92145	4
92146	8
92147	0
92148	15
92149	13
92150	6
92151	0
92152	2
92153	2
92154	11
92155	5
92156	6
92157	27
92160	8
92161	8
92162	20
92163	9
92164	0
92166	0
92167	0
92168	7
92169	12
92170	0
92171	9
92172	0
92173	0
92174	10
92175	29
92176	1
92177	3
92179	13
92180	2
92181	0
92182	7
92185	9
92188	2
92189	1
92190	0
92191	21
92192	0
92193	3
92194	9
92195	0
92196	10
92198	4
92199	18
92200	8
92201	0
92202	8
92205	26
92206	4
92208	5
92209	6
92210	5
92211	14
92212	0
92213	6
92215	5
92216	1
92217	0
92218	8
92219	3
92220	0
92221	6
92222	0
92223	12
92224	14
92225	0
92227	9
92228	9
92229	0
92230	8
92231	0
92232	17
92233	3
92235	7
92236	6
92239	15
92240	11
92241	3
92243	6
92244	4
92245	1
92246	16
92247	0
92248	1
92249	4
92250	2
92251	0
92252	10
92254	7
92255	2
92256	14
92257	14
92258	4
92259	18
92260	4
92263	0
92264	3
92265	0
92266	11
92267	4
92269	8
92270	0
92271	3
92272	8
92273	28
92274	0
92275	5
92276	11
92278	1
92280	0
92282	9
92283	0
92284	0
92285	5
92286	0
92287	5
92288	0
92289	3
92290	3
92291	0
92292	4
92293	0
92294	8
92295	10
92296	9
92297	7
92298	1
92299	6
92300	19
92301	3
92302	0
92303	6
92304	13
92305	6
92306	0
92307	0
92308	1
92310	0
92311	1
92312	1
92313	2
92314	4
92315	4
92316	5
92317	10
92318	8
92319	8
92320	0
92321	15
92322	1
92324	0
92325	6
92326	12
92327	0
92328	9
92329	10
92330	8
92331	15
92332	7
92333	1
92334	0
92335	4
92336	0
92337	17
92338	2
92339	3
92340	2
92342	0
92343	8
92344	8
92345	1
92346	0
92347	11
92350	0
92351	6
92352	4
92353	9
92354	6
92358	10
92359	0
92360	6
92361	6
92362	6
92363	0
92366	10
92367	20
92368	0
92369	0
92370	8
92371	12
92372	7
92373	8
92374	3
92375	14
92376	2
92377	0
92378	0
92380	17
92381	3
92382	0
92383	3
92384	7
92386	10
92387	7
92388	0
92389	1
92390	1
92391	0
92392	0
92393	17
92394	0
92395	3
92396	4
92398	0
92399	1
92400	0
92402	0
92403	18
92404	3
92405	3
92406	3
92407	4
92408	0
92410	0
92411	0
92412	0
92413	0
92414	3
92415	12
92416	15
92418	0
92419	2
92420	2
92421	10
92422	1
92423	11
92424	12
92425	3
92426	0
92427	12
92428	6
92429	0
92430	0
92431	0
92432	4
92433	0
92435	5
92436	2
92437	1
92438	8
92439	8
92440	3
92441	10
92442	2
92443	5
92444	10
92445	2
92446	4
92447	0
92448	4
92449	1
92450	0
92451	2
92452	0
92453	0
92454	12
92455	3
92456	8
92457	5
92459	3
92460	3
92461	4
92462	0
92463	7
92464	0
92465	1
92466	0
92467	38
92468	5
92469	1
92470	7
92472	0
92473	21
92475	11
92476	3
92477	2
92478	1
92479	2
92480	1
92482	11
92483	18
92485	1
92486	3
92487	8
92488	0
92490	4
92491	0
92492	0
92493	1
92495	0
92496	6
92497	0
92498	12
92500	0
92501	2
92502	7
92503	0
92504	0
92505	9
92507	7
92509	1
92510	0
92511	0
92512	27
92513	3
92515	0
92516	5
92517	6
92519	4
92520	0
92521	0
92523	4
92524	3
92525	5
92526	24
92527	6
92528	11
92529	4
92530	1
92531	5
92532	12
92533	18
92534	10
92535	0
92536	8
92537	27
92539	6
92540	7
92541	12
92542	6
92543	9
92544	3
92545	4
92546	4
92547	5
92548	1
92551	17
92552	3
92553	13
92554	0
92555	5
92556	3
92557	22
92558	13
92559	12
92560	2
92561	6
92562	7
92563	20
92564	10
92565	0
92566	3
92567	7
92568	0
92569	13
92570	1
92571	0
92572	30
92573	3
92574	2
92575	8
92576	2
92577	2
92578	4
92579	1
92580	14
92581	11
92583	14
92584	1
92585	2
92586	1
92587	3
92588	15
92589	15
92590	0
92591	0
92592	8
92593	0
92594	9
92596	4
92597	2
92599	2
92600	10
92602	19
92604	2
92605	0
92606	18
92607	3
92608	4
92609	12
92610	5
92612	5
92613	0
92614	9
92615	5
92616	4
92617	5
92618	1
92619	9
92620	4
92622	15
92624	0
92625	6
92626	5
92629	0
92630	2
92631	0
92632	0
92633	0
92634	0
92635	6
92636	3
92637	0
92638	9
92639	3
92640	19
92641	0
92643	11
92644	7
92645	1
92646	0
92647	1
92648	6
92649	0
92650	11
92651	1
92653	6
92654	5
92655	4
92656	8
92657	0
92659	0
92661	0
92663	0
92664	3
92665	3
92666	2
92668	9
92669	0
92670	4
92671	19
92672	19
92673	3
92674	5
92675	3
92676	1
92677	0
92679	3
92680	0
92681	4
92682	9
92683	15
92684	1
92686	11
92690	5
92691	9
92692	0
92693	2
92694	1
92695	8
92696	2
92698	12
92699	6
92700	4
92701	0
92702	24
92704	4
92705	9
92706	0
92707	7
92709	0
92711	2
92712	2
92714	1
92715	0
92716	0
92717	0
92720	9
92721	1
92722	1
92723	1
92724	1
92725	5
92727	0
92728	0
92730	8
92731	5
92732	9
92733	7
92734	14
92735	23
92736	0
92737	0
92738	0
92739	4
92740	2
92741	17
92743	1
92744	0
92745	0
92746	2
92747	13
92748	0
92749	3
92750	2
92751	6
92752	0
92753	4
92754	4
92755	15
92756	9
92757	15
92758	18
92759	5
92760	4
92761	1
92762	5
92763	5
92764	33
92765	5
92766	7
92768	0
92770	0
92771	9
92772	0
92773	0
92774	0
92776	13
92777	0
92778	3
92779	0
92780	1
92781	4
92782	10
92783	22
92784	5
92785	0
92786	8
92788	5
92789	1
92790	0
92791	4
92792	3
92793	9
92794	8
92795	10
92796	4
92797	10
92799	11
92800	0
92801	0
92802	0
92804	0
92805	3
92807	15
92808	3
92811	11
92813	0
92814	5
92815	1
92816	1
92817	9
92818	8
92819	2
92820	2
92821	4
92823	21
92824	13
92825	8
92826	0
92827	14
92828	1
92829	1
92830	10
92832	7
92833	20
92834	6
92835	11
92836	6
92838	3
92839	4
92841	5
92842	0
92843	2
92844	1
92845	4
92846	4
92847	4
92849	0
92850	0
92852	16
92853	12
92854	0
92856	12
92857	0
92858	10
92859	5
92860	0
92861	11
92862	1
92863	26
92864	5
92865	0
92866	4
92867	3
92868	3
92869	0
92870	0
92871	12
92872	0
92873	10
92875	0
92876	2
92877	18
92879	0
92880	6
92881	19
92882	3
92883	2
92885	1
92886	5
92887	0
92889	3
92890	13
92891	5
92892	3
92893	3
92894	7
92895	3
92896	0
92897	1
92899	8
92901	2
92902	0
92903	2
92904	13
92905	9
92906	0
92907	0
92908	1
92909	3
92912	5
92913	0
92914	5
92915	12
92916	0
92917	10
92918	2
92919	14
92920	6
92921	3
92922	1
92923	1
92924	3
92925	4
92926	4
92927	9
92928	9
92929	0
92930	7
92931	5
92932	0
92933	0
92934	1
92935	0
92936	28
92937	7
92938	15
92940	9
92941	20
92942	0
92943	0
92944	0
92947	11
92948	6
92949	11
92950	0
92951	2
92952	0
92953	0
92954	2
92955	13
92957	9
92958	0
92959	14
92960	5
92961	5
92962	1
92963	11
92964	0
92965	0
92966	15
92967	3
92969	3
92970	9
92971	12
92972	6
92973	2
92974	2
92975	30
92976	0
92978	10
92980	0
92981	1
92982	7
92984	2
92985	0
92986	10
92987	9
92988	0
92989	5
92990	4
92991	0
92992	0
92993	4
92994	0
92995	5
92996	8
92997	3
92998	0
92999	2
93000	0
93004	19
93006	9
93007	0
93008	10
93009	3
93010	0
93011	4
93013	0
93014	7
93015	7
93017	14
93018	0
93019	0
93020	6
93021	6
93022	4
93023	2
93025	4
93026	0
93027	0
93028	11
93030	12
93031	4
93032	9
93033	29
93034	1
93035	13
93036	0
93037	5
93038	5
93039	6
93040	1
93042	14
93043	0
93044	1
93045	0
93046	0
93047	0
93048	14
93049	2
93050	3
93051	8
93052	4
93053	4
93054	10
93055	1
93056	22
93057	8
93058	0
93059	9
93060	0
93061	9
93062	9
93063	0
93064	3
93065	0
93066	3
93067	19
93068	0
93069	3
93070	10
93071	2
93072	0
93073	3
93074	4
93075	1
93076	0
93078	0
93079	12
93080	7
93081	3
93082	1
93083	5
93084	23
93085	1
93086	6
93088	15
93090	20
93091	5
93092	0
93093	2
93094	7
93095	1
93097	2
93098	13
93099	20
93100	2
93101	3
93102	1
93104	2
93105	11
93106	5
93107	0
93108	8
93109	1
93110	0
93111	5
93112	5
93113	9
93114	2
93115	12
93116	9
93117	2
93118	3
93119	6
93120	4
93121	0
93122	4
93123	4
93124	6
93125	0
93127	2
93128	11
93129	0
93130	4
93131	5
93132	3
93133	0
93134	3
93135	6
93136	3
93137	2
93139	7
93140	3
93141	4
93142	4
93144	3
93145	0
93146	5
93147	2
93148	2
93149	0
93150	0
93151	0
93152	3
93153	18
93155	12
93156	1
93157	0
93158	6
93159	3
93160	14
93161	0
93162	0
93163	12
93164	0
93165	0
93166	0
93167	4
93168	3
93169	5
93170	0
93171	3
93172	0
93174	0
93175	2
93176	0
93177	4
93178	0
93180	6
93181	1
93182	6
93183	5
93185	20
93186	0
93187	6
93188	2
93189	1
93190	1
93192	0
93193	9
93194	20
93195	22
93197	2
93198	0
93199	2
93200	10
93201	17
93202	2
93203	5
93206	0
93207	4
93208	4
93210	0
93211	5
93212	1
93213	14
93214	2
93215	1
93216	6
93218	5
93219	3
93220	2
93221	4
93223	11
93224	0
93226	12
93228	0
93229	8
93230	19
93231	1
93232	11
93233	0
93235	5
93236	5
93237	7
93240	3
93241	0
93242	2
93244	1
93246	4
93248	0
93249	0
93251	6
93253	0
93254	1
93255	10
93256	0
93257	15
93258	4
93259	3
93260	0
93261	10
93262	6
93263	15
93264	7
93265	0
93266	7
93267	7
93269	0
93270	17
93271	0
93272	3
93273	7
93274	13
93277	0
93278	0
93279	13
93280	0
93284	11
93286	2
93287	6
93288	7
93289	14
93290	0
93291	0
93292	6
93293	0
93294	5
93297	5
93298	5
93299	1
93300	5
93302	0
93303	7
93304	12
93305	19
93307	0
93308	6
93309	9
93310	2
93311	1
93312	8
93313	8
93314	6
93315	12
93316	13
93317	18
93319	15
93320	4
93321	1
93322	4
93323	9
93324	4
93325	0
93326	7
93328	0
93329	3
93330	21
93331	5
93332	2
93333	5
93335	2
93337	0
93338	6
93339	8
93340	0
93342	4
93343	15
93344	0
93345	10
93346	1
93348	3
93349	14
93350	8
93351	0
93352	24
93353	1
93354	15
93355	15
93356	0
93357	0
93358	2
93359	4
93360	5
93361	3
93362	4
93364	5
93365	0
93366	19
93367	0
93369	0
93370	2
93371	1
93372	1
93373	3
93374	0
93375	0
93376	0
93377	3
93378	9
93379	5
93380	2
93381	11
93382	7
93384	7
93385	5
93386	0
93387	7
93388	3
93389	5
93390	5
93391	5
93392	25
93393	7
93394	1
93395	0
93396	7
93397	1
93398	9
93399	12
93400	10
93401	12
93402	3
93403	1
93404	4
93405	0
93406	0
93407	8
93408	3
93409	7
93410	7
93411	4
93412	3
93413	0
93414	9
93415	5
93416	3
93417	8
93418	4
93419	7
93420	4
93422	18
93423	7
93424	0
93428	0
93430	8
93431	4
93432	7
93433	9
93434	11
93435	0
93436	17
93437	5
93438	9
93440	8
93441	6
93442	0
93444	18
93445	0
93446	8
93447	3
93448	5
93449	7
93450	9
93451	2
93452	1
93453	8
93454	4
93456	0
93458	17
93459	6
93462	11
93463	0
93464	4
93465	0
93467	7
93468	6
93469	13
93470	0
93471	1
93472	2
93473	0
93474	10
93476	3
93477	7
93478	6
93480	0
93481	5
93482	6
93483	0
93485	23
93487	1
93488	2
93489	2
93490	0
93491	3
93492	0
93493	3
93494	2
93495	0
93496	17
93497	2
93498	2
93499	0
93500	0
93501	18
93502	8
93503	23
93505	4
93506	0
93507	26
93508	7
93509	18
93510	18
93511	17
93512	23
93513	15
93514	0
93515	7
93516	1
93518	7
93520	5
93522	2
93523	5
93524	0
93525	5
93526	0
93527	16
93529	13
93530	11
93532	6
93533	0
93534	8
93535	10
93536	3
93537	2
93541	1
93543	0
93544	16
93545	3
93546	0
93547	4
93550	9
93552	2
93554	5
93555	0
93556	24
93557	1
93558	0
93559	2
93560	4
93561	12
93562	1
93563	0
93564	16
93565	21
93567	1
93568	0
93569	0
93570	0
93571	0
93572	24
93573	0
93574	5
93575	0
93576	1
93577	0
93578	14
93579	3
93580	3
93581	5
93582	16
93583	0
93584	4
93585	9
93586	0
93587	0
93590	0
93591	0
93592	11
93593	19
93595	2
93596	20
93597	17
93599	1
93600	2
93601	3
93602	3
93603	1
93604	4
93606	5
93607	3
93608	0
93609	6
93611	4
93613	1
93614	0
93616	0
93617	6
93618	0
93619	0
93620	2
93621	6
93622	9
93624	0
93625	0
93626	0
93627	14
93628	8
93629	1
93630	4
93631	10
93632	3
93633	3
93634	6
93635	0
93637	2
93638	6
93639	2
93640	0
93642	7
93643	4
93644	2
93646	9
93647	2
93648	5
93649	5
93650	0
93652	0
93653	5
93654	7
93655	9
93656	0
93657	25
93658	0
93659	7
93661	1
93662	0
93663	2
93665	0
93666	11
93667	5
93668	11
93669	0
93670	6
93672	0
93673	10
93674	0
93675	4
93676	0
93677	4
93678	14
93679	1
93680	3
93681	2
93682	2
93685	12
93686	1
93687	0
93688	12
93689	4
93690	4
93691	1
93692	8
93693	8
93694	0
93695	3
93696	0
93697	1
93698	1
93700	6
93701	15
93702	0
93703	5
93704	0
93706	11
93707	0
93708	15
93709	8
93710	0
93711	2
93712	6
93713	5
93714	13
93715	0
93716	1
93717	14
93718	0
93719	0
93720	0
93721	0
93722	3
93723	18
93724	11
93725	0
93726	0
93727	0
93728	2
93729	0
93730	4
93732	12
93733	13
93734	9
93735	7
93736	1
93738	1
93739	11
93740	7
93741	6
93742	3
93743	2
93744	0
93745	10
93746	8
93747	23
93748	9
93749	0
93750	8
93751	2
93752	4
93753	0
93754	6
93755	2
93757	22
93758	2
93759	17
93760	2
93761	3
93762	0
93763	1
93764	15
93765	3
93767	4
93768	2
93769	0
93770	2
93771	9
93773	6
93774	3
93775	12
93776	0
93777	3
93778	9
93779	20
93781	3
93782	8
93783	3
93784	6
93785	1
93787	2
93789	8
93790	7
93791	9
93793	16
93794	2
93795	2
93796	0
93797	16
93798	2
93799	4
93801	0
93802	6
93803	0
93804	3
93805	10
93806	0
93807	15
93809	0
93810	2
93811	7
93812	9
93813	0
93814	9
93817	3
93818	12
93819	0
93820	1
93822	4
93823	0
93824	3
93825	9
93826	15
93827	1
93828	6
93829	2
93831	8
93832	4
93833	1
93834	4
93835	0
93836	4
93837	25
93838	10
93840	1
93841	0
93843	11
93844	1
93845	0
93846	3
93847	3
93848	5
93849	2
93850	0
93851	1
93852	3
93853	7
93854	20
93855	2
93856	15
93857	0
93858	6
93859	8
93860	7
93861	0
93862	0
93863	1
93865	19
93867	3
93868	1
93869	3
93870	0
93871	23
93872	4
93873	1
93874	6
93875	7
93876	10
93877	3
93878	6
93879	2
93880	4
93881	0
93882	0
93883	9
93885	0
93886	4
93887	4
93888	4
93889	0
93890	4
93892	9
93893	0
93894	1
93895	9
93897	21
93898	2
93899	0
93902	1
93903	3
93904	3
93905	4
93906	2
93907	0
93908	0
93909	7
93910	8
93911	11
93912	3
93913	9
93914	18
93915	2
93917	0
93918	15
93919	3
93920	1
93921	14
93922	12
93923	4
93924	18
93925	2
93926	0
93927	6
93929	5
93930	13
93931	3
93932	13
93933	6
93934	21
93935	13
93936	0
93940	0
93941	7
93942	0
93943	7
93944	6
93945	6
93946	0
93947	1
93948	4
93949	0
93951	3
93952	3
93953	6
93954	5
93955	9
93956	0
93957	2
93958	7
93959	4
93960	9
93961	1
93962	2
93963	0
93965	0
93966	6
93969	2
93970	2
93972	28
93973	0
93974	6
93975	10
93976	1
93977	5
93978	3
93979	4
93980	10
93981	4
93982	2
93983	4
93984	9
93985	0
93986	13
93987	5
93988	2
93989	0
93990	2
93991	4
93992	3
93993	0
93994	6
93995	7
93997	3
93998	0
93999	0
94000	0
94001	8
94002	3
94003	0
94004	0
94006	6
94007	6
94008	4
94009	1
94010	7
94012	0
94014	13
94015	29
94016	15
94017	10
94018	5
94021	0
94022	9
94025	12
94026	6
94027	0
94028	3
94029	0
94030	6
94031	5
94032	1
94033	0
94035	7
94036	0
94038	6
94039	2
94041	0
94042	13
94043	0
94044	4
94045	5
94046	3
94047	2
94048	0
94049	16
94050	7
94053	0
94055	0
94056	0
94057	2
94058	3
94059	1
94060	0
94061	0
94062	3
94063	11
94064	2
94067	0
94068	4
94069	0
94070	0
94074	9
94075	0
94076	0
94077	0
94078	16
94079	4
94080	3
94081	11
94083	0
94084	1
94085	1
94086	2
94087	0
94088	9
94089	26
94091	8
94092	0
94095	2
94096	5
94098	0
94099	0
94100	14
94101	0
94102	8
94103	0
94104	2
94105	2
94107	0
94108	13
94109	13
94111	2
94112	8
94113	4
94114	0
94115	7
94116	2
94117	0
94118	2
94119	2
94120	5
94121	1
94122	17
94123	0
94124	10
94125	8
94126	0
94127	9
94128	0
94129	5
94130	0
94132	4
94133	0
94135	0
94136	16
94137	14
94138	0
94139	1
94140	14
94141	0
94142	6
94143	0
94144	12
94145	0
94146	4
94147	2
94148	0
94149	9
94150	9
94151	2
94152	2
94153	21
94154	0
94155	8
94156	0
94157	0
94158	2
94159	0
94160	12
94161	5
94162	1
94163	11
94164	0
94165	1
94168	4
94170	5
94171	0
94174	9
94176	9
94177	9
94179	5
94180	1
94181	0
94182	0
94183	4
94184	6
94185	4
94186	17
94187	0
94188	0
94189	6
94190	8
94191	2
94192	2
94193	4
94194	0
94195	3
94196	4
94197	0
94198	6
94199	11
94200	1
94202	13
94203	0
94204	0
94205	29
94206	0
94207	9
94208	0
94209	5
94210	3
94211	4
94213	3
94214	3
94216	10
94217	3
94218	3
94219	4
94220	1
94221	8
94222	2
94223	12
94225	10
94226	11
94227	2
94228	1
94229	6
94230	10
94231	0
94232	17
94233	10
94235	0
94236	0
94237	10
94238	14
94239	27
94240	0
94241	8
94242	2
94243	5
94244	14
94245	0
94246	25
94247	3
94248	0
94249	0
94250	3
94251	0
94252	9
94253	6
94254	4
94255	7
94256	14
94258	2
94260	1
94261	5
94263	4
94264	13
94265	1
94267	0
94268	28
94269	8
94270	35
94271	18
94272	1
94273	12
94275	6
94276	0
94277	0
94278	4
94280	7
94281	13
94282	4
94283	10
94284	0
94285	10
94286	0
94287	0
94289	6
94291	6
94292	4
94293	4
94294	6
94295	7
94298	0
94299	11
94300	9
94301	7
94302	2
94303	13
94304	2
94305	17
94306	0
94308	26
94309	4
94310	2
94311	13
94314	15
94315	5
94317	1
94318	13
94319	5
94320	2
94321	22
94322	0
94323	10
94324	3
94326	4
94327	2
94328	12
94329	0
94330	0
94331	2
94332	1
94333	12
94334	0
94335	0
94337	0
94338	2
94340	0
94341	1
94342	0
94343	9
94344	6
94345	0
94346	5
94347	26
94348	4
94349	3
94350	13
94351	1
94353	1
94354	0
94355	1
94356	5
94357	0
94358	15
94360	4
94361	7
94362	0
94363	0
94364	0
94365	12
94366	0
94367	7
94368	0
94370	15
94371	0
94372	0
94374	11
94376	6
94377	5
94378	0
94379	4
94380	8
94382	7
94384	0
94385	2
94386	12
94388	7
94389	0
94390	0
94391	0
94392	0
94393	15
94394	4
94396	0
94397	11
94398	9
94400	0
94401	3
94402	0
94403	9
94404	0
94405	0
94407	5
94408	0
94409	0
94410	10
94412	0
94413	0
94414	0
94415	4
94416	5
94417	4
94418	0
94419	4
94420	0
94421	0
94422	5
94423	0
94424	0
94425	10
94426	5
94429	20
94430	0
94431	1
94432	0
94433	0
94434	0
94435	2
94436	3
94438	5
94439	0
94440	26
94441	0
94442	26
94443	7
94444	8
94445	4
94446	7
94447	10
94448	0
94449	4
94450	0
94452	0
94454	2
94455	14
94456	0
94457	0
94458	6
94459	4
94460	1
94461	1
94462	6
94463	25
94464	5
94465	0
94466	1
94469	3
94470	11
94471	0
94473	6
94474	0
94475	11
94477	4
94478	12
94479	0
94481	7
94482	9
94483	2
94484	1
94485	5
94486	6
94487	0
94488	21
94489	0
94490	0
94491	5
94492	4
94493	25
94494	2
94496	0
94497	12
94498	1
94499	7
94500	2
94501	1
94502	0
94503	1
94504	18
94505	1
94506	8
94507	7
94508	6
94509	0
94511	5
94512	15
94513	2
94514	0
94515	2
94517	10
94518	1
94519	11
94520	1
94521	8
94522	12
94523	0
94524	27
94525	11
94526	6
94529	19
94530	5
94531	9
94532	8
94534	9
94535	10
94536	0
94537	0
94538	0
94539	0
94540	3
94542	8
94544	21
94545	9
94548	2
94551	4
94552	6
94553	0
94554	4
94555	15
94556	11
94557	8
94559	0
94560	1
94561	0
94562	15
94563	10
94564	14
94565	2
94567	3
94568	0
94569	1
94570	0
94571	0
94572	5
94573	6
94574	9
94575	0
94576	11
94577	19
94578	4
94579	0
94580	0
94581	8
94582	0
94583	16
94584	22
94585	1
94586	0
94587	13
94588	21
94589	7
94590	7
94591	0
94593	7
94594	2
94595	0
94596	0
94597	6
94598	5
94599	0
94600	7
94601	4
94602	0
94604	1
94605	0
94608	6
94609	19
94610	6
94611	0
94614	5
94615	0
94616	16
94617	5
94618	13
94619	2
94620	18
94621	0
94622	14
94623	3
94624	0
94625	0
94626	8
94627	15
94628	10
94629	7
94630	0
94631	4
94632	16
94633	15
94634	3
94635	1
94636	0
94637	11
94638	5
94640	3
94641	0
94642	5
94643	0
94644	3
94645	9
94646	9
94647	11
94651	19
94652	9
94654	5
94655	5
94656	9
94657	0
94658	14
94659	0
94661	7
94662	0
94663	6
94664	1
94666	19
94667	8
94668	1
94669	0
94670	0
94671	0
94673	10
94674	6
94675	5
94676	9
94677	1
94678	5
94679	5
94680	2
94681	2
94682	9
94684	5
94685	4
94687	1
94688	10
94690	7
94691	11
94692	12
94693	3
94695	16
94696	11
94698	0
94699	0
94703	6
94704	1
94705	0
94706	0
94707	2
94708	0
94710	3
94711	0
94712	5
94715	1
94716	6
94717	5
94718	0
94719	33
94720	9
94721	0
94722	9
94723	4
94724	0
94725	1
94726	6
94727	6
94728	6
94731	14
94732	9
94733	17
94735	2
94736	2
94737	1
94739	4
94740	5
94741	0
94742	0
94743	1
94744	7
94745	0
94746	4
94747	7
94748	0
94749	2
94750	0
94751	9
94752	2
94753	2
94754	7
94755	13
94756	5
94757	22
94758	8
94759	13
94760	5
94761	11
94762	0
94763	2
94764	3
94765	4
94766	18
94767	0
94769	2
94770	2
94771	0
94772	15
94773	0
94774	19
94776	12
94777	15
94778	0
94779	0
94781	13
94782	0
94783	1
94784	3
94785	12
94786	21
94787	6
94788	0
94790	15
94791	10
94792	0
94793	0
94794	9
94795	11
94796	3
94797	0
94798	1
94799	5
94800	0
94802	0
94803	0
94804	1
94805	5
94806	12
94807	0
94808	12
94809	3
94811	6
94812	0
94813	0
94814	5
94815	12
94816	0
94817	3
94818	11
94819	4
94820	0
94821	17
94822	0
94823	11
94825	3
94826	6
94827	0
94828	0
94829	0
94830	3
94831	0
94832	2
94834	15
94835	1
94836	10
94837	14
94838	0
94839	0
94841	14
94842	0
94843	26
94844	32
94845	0
94846	15
94847	0
94848	10
94849	5
94850	3
94851	5
94852	8
94854	4
94855	0
94856	5
94857	0
94858	1
94859	15
94860	3
94862	1
94863	1
94864	0
94865	21
94866	5
94867	20
94868	0
94869	14
94870	3
94871	8
94872	3
94873	0
94874	11
94875	0
94876	13
94877	0
94878	1
94880	9
94881	6
94882	0
94883	6
94884	0
94886	1
94887	7
94888	4
94890	0
94891	13
94892	5
94894	2
94895	4
94896	2
94897	12
94898	0
94899	11
94900	7
94901	7
94902	1
94903	2
94904	1
94906	0
94907	0
94908	0
94909	6
94913	6
94914	12
94915	0
94916	0
94917	0
94918	7
94920	2
94922	0
94923	0
94924	0
94927	3
94929	0
94930	3
94931	7
94932	0
94933	11
94934	2
94935	6
94936	8
94938	5
94939	6
94940	1
94941	20
94943	0
94944	3
94946	13
94947	9
94948	1
94949	10
94950	12
94951	2
94952	1
94953	4
94954	2
94955	7
94956	0
94957	7
94958	8
94959	0
94960	0
94961	9
94962	4
94963	0
94964	0
94965	0
94966	5
94967	3
94968	17
94969	10
94970	0
94971	13
94972	13
94973	0
94975	0
94976	4
94978	8
94979	9
94980	0
94982	6
94983	0
94985	6
94986	0
94987	0
94989	0
94991	22
94992	0
94993	4
94994	0
94996	0
94997	1
94998	0
94999	3
95000	4
95001	5
95004	23
95005	6
95006	0
95007	13
95008	23
95009	3
95010	24
95011	0
95012	0
95013	8
95014	3
95015	2
95016	0
95017	3
95018	1
95019	2
95021	7
95022	3
95023	6
95024	5
95025	2
95026	3
95027	6
95028	0
95029	3
95030	11
95031	4
95032	6
95033	7
95034	3
95036	22
95037	0
95038	1
95041	3
95042	15
95043	4
95044	1
95045	0
95046	7
95047	3
95048	10
95049	0
95050	5
95053	2
95054	9
95055	0
95057	5
95058	0
95059	0
95060	6
95061	0
95062	4
95063	11
95064	2
95065	8
95066	6
95067	3
95068	2
95069	4
95070	9
95071	5
95072	2
95074	16
95075	2
95076	0
95077	6
95078	7
95079	0
95080	0
95081	5
95082	2
95083	0
95084	19
95085	22
95086	12
95087	9
95088	0
95089	0
95090	5
95091	4
95092	32
95093	2
95094	2
95095	12
95096	3
95097	0
95098	21
95099	0
95100	0
95101	14
95102	3
95105	0
95106	4
95107	6
95108	0
95110	6
95111	3
95112	0
95113	5
95114	3
95115	0
95116	0
95117	8
95118	11
95119	0
95120	0
95122	4
95123	7
95125	6
95127	6
95128	1
95129	2
95130	10
95131	0
95132	23
95133	4
95135	13
95136	16
95137	0
95138	0
95139	6
95140	0
95141	23
95142	2
95143	3
95144	4
95146	0
95147	4
95148	0
95149	2
95150	11
95152	1
95153	3
95155	0
95156	7
95157	0
95158	1
95159	2
95160	2
95161	3
95162	10
95163	3
95165	6
95166	0
95168	12
95170	0
95171	6
95172	10
95173	11
95174	3
95175	4
95176	0
95177	0
95178	6
95179	7
95180	0
95181	4
95182	19
95184	0
95185	0
95186	0
95187	7
95188	1
95190	0
95191	5
95192	7
95193	6
95194	10
95195	14
95196	0
95197	5
95198	3
95200	3
95201	0
95202	5
95203	0
95205	2
95207	5
95208	9
95209	5
95210	0
95211	0
95213	5
95214	10
95215	4
95216	14
95217	5
95220	1
95221	6
95222	2
95223	0
95226	13
95227	11
95228	2
95229	0
95230	21
95231	1
95232	16
95233	0
95234	23
95235	3
95236	1
95238	5
95239	9
95240	2
95241	0
95242	4
95243	5
95244	0
95245	2
95246	0
95247	3
95248	0
95249	4
95251	0
95255	0
95256	2
95257	7
95259	11
95260	6
95261	0
95262	0
95263	1
95264	4
95265	5
95266	14
95267	3
95270	0
95271	3
95273	9
95274	5
95275	5
95276	0
95277	25
95278	3
95279	18
95280	1
95281	0
95282	18
95283	6
95284	0
95285	9
95286	7
95287	0
95288	0
95289	8
95290	0
95291	0
95292	1
95293	4
95294	2
95295	3
95296	10
95297	6
95298	3
95299	18
95300	16
95301	4
95302	8
95303	19
95304	9
95305	0
95306	6
95307	1
95309	0
95310	0
95311	0
95312	0
95313	9
95314	0
95315	14
95316	3
95317	4
95318	8
95319	6
95320	13
95321	2
95322	9
95323	0
95324	12
95328	7
95329	1
95330	7
95331	2
95332	0
95333	0
95334	17
95335	0
95336	4
95337	7
95338	13
95339	18
95340	0
95341	3
95342	8
95343	0
95344	1
95345	2
95346	0
95347	0
95349	0
95350	5
95351	5
95352	8
95354	9
95355	0
95356	12
95359	3
95360	19
95361	4
95362	8
95363	4
95364	0
95365	3
95366	6
95367	4
95368	21
95370	3
95372	0
95373	0
95374	11
95375	1
95376	15
95377	1
95378	4
95379	10
95380	0
95381	5
95382	0
95383	1
95384	1
95385	15
95386	21
95387	1
95388	6
95389	5
95390	19
95391	13
95392	1
95393	2
95394	2
95395	0
95396	0
95397	5
95398	7
95401	4
95402	1
95403	0
95404	2
95405	0
95406	14
95407	3
95410	8
95411	0
95414	0
95416	2
95417	0
95420	4
95421	1
95422	4
95423	0
95424	0
95425	3
95426	2
95427	6
95430	1
95431	10
95432	27
95433	3
95434	0
95435	8
95436	3
95438	9
95439	0
95440	0
95441	2
95442	0
95443	27
95444	4
95445	1
95446	5
95447	4
95449	5
95452	0
95453	3
95454	7
95455	7
95456	8
95457	3
95458	2
95459	4
95460	10
95461	0
95462	0
95463	11
95464	5
95465	10
95466	0
95467	21
95468	0
95470	0
95471	0
95472	8
95473	5
95474	7
95476	26
95477	15
95479	17
95480	13
95481	10
95482	0
95484	3
95485	4
95487	1
95488	0
95490	0
95491	12
95492	0
95493	4
95494	9
95495	15
95496	3
95497	0
95498	3
95499	0
95501	1
95502	0
95503	8
95504	11
95505	2
95506	1
95507	2
95508	8
95509	4
95510	0
95512	0
95513	2
95514	0
95515	2
95516	3
95517	0
95518	1
95519	0
95520	4
95521	8
95523	0
95524	0
95526	2
95527	0
95529	0
95530	0
95531	0
95532	0
95533	10
95534	3
95535	0
95536	0
95537	12
95539	14
95540	3
95541	1
95542	9
95543	1
95544	11
95546	0
95548	0
95549	0
95550	23
95551	25
95552	3
95556	11
95557	6
95558	2
95559	11
95560	2
95561	5
95562	8
95563	15
95564	4
95565	5
95566	14
95567	6
95568	1
95569	0
95570	3
95571	15
95572	10
95574	3
95576	0
95577	7
95578	3
95579	0
95580	15
95581	2
95582	4
95583	0
95584	10
95585	3
95586	6
95587	0
95589	10
95590	5
95591	10
95593	10
95594	14
95596	0
95597	0
95598	4
95599	13
95601	1
95603	0
95604	6
95605	3
95606	4
95607	8
95608	6
95609	0
95610	15
95611	0
95613	15
95614	4
95615	2
95617	10
95619	0
95620	0
95621	14
95622	0
95623	8
95625	1
95626	4
95627	4
95628	1
95629	4
95630	2
95631	0
95632	5
95633	13
95634	0
95635	6
95636	4
95637	35
95638	7
95639	1
95640	15
95641	3
95642	0
95643	5
95644	3
95645	8
95646	2
95647	5
95648	6
95649	0
95651	14
95653	1
95654	4
95656	0
95657	2
95658	13
95659	3
95660	6
95661	16
95662	0
95663	10
95664	7
95665	0
95666	0
95668	0
95669	9
95670	8
95671	1
95672	13
95673	9
95675	2
95677	11
95678	7
95679	4
95680	9
95682	0
95683	3
95684	16
95685	2
95686	3
95687	15
95688	14
95689	0
95690	6
95691	0
95692	0
95693	0
95694	14
95695	0
95696	0
95697	19
95698	5
95699	2
95701	3
95702	0
95703	4
95704	1
95705	17
95706	0
95708	4
95709	6
95710	0
95712	11
95713	0
95715	0
95716	25
95717	2
95718	0
95719	3
95720	10
95721	16
95723	3
95724	1
95725	13
95728	9
95729	3
95730	8
95731	0
95732	22
95733	9
95734	11
95735	22
95736	3
95737	10
95738	3
95739	2
95740	1
95741	0
95742	9
95743	0
95744	18
95745	6
95746	10
95747	0
95748	17
95749	19
95750	2
95751	9
95752	1
95753	2
95754	5
95755	2
95756	0
95757	8
95758	0
95759	11
95760	0
95761	0
95762	12
95763	2
95764	14
95765	0
95766	11
95767	5
95769	10
95770	9
95771	8
95772	1
95773	0
95774	3
95775	15
95776	5
95778	1
95779	5
95780	0
95782	1
95784	8
95785	9
95786	1
95787	2
95789	7
95790	0
95791	0
95793	3
95794	1
95795	28
95796	3
95798	8
95799	8
95800	6
95801	1
95802	2
95803	13
95805	1
95806	2
95807	1
95808	0
95811	2
95812	17
95813	0
95814	7
95815	8
95816	8
95818	3
95820	0
95821	5
95822	7
95823	2
95825	1
95826	5
95827	33
95828	1
95829	12
95831	0
95832	6
95833	16
95834	8
95835	0
95836	1
95838	8
95839	0
95840	8
95841	0
95842	0
95843	8
95844	0
95845	0
95846	1
95847	7
95850	7
95851	2
95852	1
95853	19
95854	1
95855	1
95856	7
95858	4
95859	22
95860	0
95861	8
95862	3
95863	0
95864	4
95865	6
95866	3
95867	13
95868	0
95869	11
95870	0
95871	3
95872	6
95873	2
95874	0
95875	3
95876	3
95877	4
95878	3
95879	0
95880	11
95881	7
95882	0
95883	0
95884	0
95886	12
95887	24
95888	10
95889	2
95890	19
95891	0
95892	8
95893	18
95894	0
95895	5
95896	0
95898	7
95899	0
95900	10
95901	14
95902	4
95903	4
95904	6
95905	4
95906	6
95907	4
95909	0
95910	8
95911	0
95912	7
95913	0
95917	8
95918	4
95919	0
95921	2
95922	6
95925	0
95927	5
95928	9
95929	7
95930	1
95931	2
95932	2
95933	2
95934	4
95935	11
95936	3
95938	0
95939	1
95940	13
95941	5
95942	6
95943	1
95944	4
95945	8
95946	0
95947	8
95948	4
95949	0
95950	5
95951	6
95952	4
95953	3
95954	0
95955	2
95956	10
95957	6
95958	1
95959	0
95960	0
95961	11
95962	5
95963	7
95965	13
95966	12
95967	0
95968	3
95969	3
95970	1
95971	7
95972	3
95973	0
95974	0
95975	5
95976	0
95977	16
95978	9
95979	2
95980	0
95981	10
95982	0
95984	10
95985	0
95986	0
95988	7
95989	1
95990	0
95993	9
95994	6
95995	10
95996	0
95998	2
95999	0
96000	4
96001	24
96002	0
96003	18
96004	14
96005	15
96006	2
96007	0
96008	0
96009	18
96011	0
96012	0
96014	0
96015	0
96016	12
96017	0
96018	8
96020	11
96021	8
96022	0
96023	7
96024	0
96026	19
96027	4
96028	6
96029	10
96030	2
96031	6
96033	0
96034	3
96035	0
96036	0
96037	0
96038	14
96039	26
96040	0
96041	0
96042	5
96043	15
96044	4
96045	5
96046	0
96047	0
96050	13
96051	8
96052	6
96053	23
96054	5
96056	0
96057	1
96058	0
96059	1
96060	4
96061	0
96062	0
96063	11
96064	1
96065	0
96066	0
96067	0
96068	5
96069	5
96070	3
96071	0
96072	2
96074	8
96076	10
96077	0
96078	2
96079	10
96080	6
96081	0
96082	0
96083	0
96084	7
96085	15
96086	10
96087	0
96088	11
96089	2
96090	0
96091	11
96092	6
96093	9
96095	6
96096	8
96097	2
96099	0
96100	7
96101	14
96102	1
96103	10
96104	0
96105	10
96106	0
96107	0
96108	6
96109	0
96110	0
96111	1
96112	8
96113	7
96114	1
96115	0
96116	7
96117	8
96118	7
96119	0
96121	4
96122	2
96123	0
96124	2
96125	18
96126	5
96127	0
96128	1
96129	4
96130	0
96132	1
96133	0
96134	5
96135	7
96136	19
96137	8
96138	0
96139	4
96140	4
96141	2
96142	0
96143	7
96146	0
96147	1
96148	13
96149	11
96150	5
96152	0
96153	0
96154	18
96155	5
96156	0
96157	1
96158	6
96159	12
96160	6
96161	1
96162	0
96163	5
96165	0
96166	4
96167	0
96168	9
96169	9
96170	5
96171	1
96173	0
96174	0
96175	18
96176	2
96177	0
96179	0
96180	9
96181	16
96182	5
96183	5
96184	0
96185	10
96186	0
96188	28
96190	5
96191	9
96192	3
96193	5
96194	2
96195	0
96197	20
96198	3
96199	9
96200	1
96201	4
96203	4
96204	3
96205	2
96206	0
96209	0
96211	1
96212	7
96214	3
96215	0
96216	9
96217	9
96218	0
96219	0
96220	0
96221	1
96222	5
96223	21
96224	4
96225	0
96226	8
96227	8
96229	0
96230	4
96231	23
96232	2
96233	2
96234	0
96236	0
96237	5
96238	21
96239	8
96240	4
96241	11
96242	9
96243	10
96244	10
96245	3
96246	0
96247	2
96248	12
96249	2
96250	11
96251	11
96252	18
96253	13
96254	7
96255	23
96256	1
96257	7
96258	1
96259	1
96260	8
96261	17
96262	9
96263	3
96264	13
96265	17
96266	14
96267	10
96268	21
96269	0
96270	7
96272	4
96273	7
96274	0
96275	0
96276	0
96277	11
96278	2
96279	10
96280	11
96281	4
96282	0
96283	0
96284	1
96285	6
96286	6
96287	5
96288	6
96289	3
96290	4
96291	11
96292	5
96293	4
96294	4
96295	6
96296	7
96297	4
96298	5
96299	6
96300	2
96301	7
96302	1
96303	16
96304	1
96306	7
96307	7
96308	3
96310	11
96311	1
96314	20
96315	8
96316	4
96318	2
96319	19
96320	2
96321	7
96322	5
96323	15
96324	8
96325	0
96326	4
96327	13
96328	4
96330	0
96331	0
96332	19
96333	3
96334	3
96335	14
96336	2
96337	6
96339	0
96340	7
96341	15
96342	14
96343	0
96344	1
96345	0
96346	0
96347	10
96348	1
96349	12
96350	14
96353	0
96354	0
96355	1
96356	5
96357	9
96358	3
96360	2
96361	11
96362	18
96363	10
96364	0
96365	6
96366	15
96368	5
96369	28
96370	5
96372	12
96373	11
96374	0
96377	0
96378	8
96379	6
96380	0
96381	1
96382	16
96383	4
96384	1
96385	5
96386	0
96387	0
96388	1
96389	21
96390	7
96391	16
96392	1
96393	10
96394	1
96395	4
96397	2
96398	9
96399	1
96400	0
96402	2
96403	17
96406	0
96409	9
96410	0
96411	3
96412	0
96413	0
96414	2
96415	12
96416	0
96417	1
96418	4
96419	0
96420	9
96421	4
96422	7
96424	2
96425	5
96428	7
96429	0
96430	8
96432	7
96433	1
96434	0
96435	5
96436	0
96437	5
96438	5
96439	15
96441	0
96443	0
96444	2
96445	2
96446	2
96447	0
96448	7
96449	1
96450	5
96453	7
96454	3
96455	0
96457	3
96458	12
96459	7
96460	5
96461	9
96463	16
96464	6
96465	0
96466	15
96467	6
96468	0
96470	0
96471	1
96472	12
96475	8
96476	4
96477	2
96478	12
96479	0
96480	2
96481	7
96482	5
96483	22
96484	0
96485	16
96486	27
96487	0
96488	0
96489	0
96490	1
96491	13
96492	0
96493	20
96494	12
96495	0
96496	3
96497	5
96498	3
96500	1
96501	11
96502	1
96504	13
96505	11
96506	1
96507	3
96508	3
96509	2
96510	1
96512	5
96513	2
96515	5
96516	5
96517	6
96519	9
96520	2
96525	5
96526	1
96527	8
96528	7
96529	5
96530	6
96531	14
96532	19
96533	1
96534	5
96535	5
96536	3
96538	12
96539	2
96540	0
96541	0
96542	7
96543	17
96544	3
96545	2
96546	7
96548	3
96549	24
96550	14
96552	14
96553	1
96554	12
96555	15
96556	9
96557	28
96559	3
96560	13
96564	2
96565	0
96566	0
96567	7
96568	10
96569	11
96570	0
96571	3
96572	3
96573	0
96574	5
96575	13
96576	2
96577	20
96578	9
96579	16
96580	6
96582	0
96583	1
96584	2
96585	0
96586	4
96587	12
96588	1
96589	7
96590	1
96591	4
96592	0
96593	11
96594	26
96595	2
96596	3
96597	11
96598	4
96600	6
96601	0
96602	9
96603	7
96605	0
96607	2
96608	12
96609	0
96610	0
96611	1
96613	0
96614	1
96615	9
96616	0
96617	8
96618	0
96619	0
96620	6
96621	2
96622	4
96624	0
96625	5
96626	3
96627	5
96628	5
96629	4
96630	7
96631	8
96633	0
96634	0
96635	12
96636	7
96637	7
96638	1
96641	18
96642	0
96643	27
96644	29
96645	8
96646	0
96647	0
96648	21
96649	2
96652	0
96653	0
96654	0
96655	7
96656	17
96657	5
96658	0
96659	11
96660	0
96661	6
96663	0
96664	1
96665	2
96666	11
96667	39
96668	7
96670	9
96671	0
96673	4
96674	5
96675	8
96676	3
96677	13
96678	4
96679	0
96680	2
96683	15
96685	31
96686	1
96687	12
96688	0
96689	17
96690	3
96691	0
96692	7
96693	0
96694	5
96695	9
96696	6
96697	2
96698	0
96699	3
96700	4
96701	9
96702	11
96703	14
96706	2
96707	0
96708	4
96709	1
96710	3
96711	6
96712	0
96713	6
96714	1
96715	1
96716	14
96717	3
96718	0
96721	0
96722	20
96723	4
96724	5
96725	1
96726	14
96727	9
96728	0
96730	4
96731	0
96732	11
96733	26
96734	0
96735	0
96736	3
96738	2
96740	3
96741	5
96742	3
96743	4
96744	0
96745	11
96746	7
96747	1
96748	4
96749	4
96750	0
96752	11
96753	4
96754	1
96755	7
96756	5
96757	13
96759	5
96760	0
96761	0
96762	4
96763	6
96764	4
96765	10
96766	2
96767	1
96768	0
96769	2
96770	7
96771	4
96773	0
96774	1
96775	0
96776	2
96777	10
96778	4
96781	19
96782	1
96783	0
96784	0
96785	8
96786	17
96787	4
96788	0
96789	3
96790	13
96791	6
96792	7
96793	1
96794	0
96796	2
96797	1
96798	5
96799	1
96800	0
96801	15
96802	0
96804	1
96805	1
96806	0
96807	11
96808	3
96809	9
96811	2
96812	11
96813	3
96814	7
96815	4
96816	8
96817	3
96818	0
96819	0
96820	0
96821	11
96822	7
96823	4
96824	0
96826	0
96827	4
96828	1
96829	6
96830	4
96831	13
96832	8
96833	16
96834	8
96835	9
96837	1
96838	0
96839	5
96840	1
96841	0
96842	4
96843	1
96844	14
96845	18
96846	2
96847	0
96848	13
96849	5
96850	2
96851	5
96852	0
96853	2
96855	6
96856	0
96857	2
96858	0
96860	0
96861	2
96863	7
96864	7
96866	2
96867	14
96869	10
96870	6
96871	0
96873	2
96874	0
96875	0
96877	3
96878	17
96879	6
96880	0
96881	0
96882	13
96883	0
96884	11
96885	5
96886	4
96887	7
96888	4
96889	4
96891	5
96892	14
96893	1
96894	1
96895	7
96896	0
96897	13
96898	10
96899	0
96900	0
96901	17
96902	1
96903	0
96904	1
96905	40
96906	0
96907	10
96908	0
96909	9
96910	5
96911	2
96912	0
96913	1
96915	5
96916	8
96917	2
96918	0
96919	0
96920	27
96921	13
96922	10
96923	5
96924	1
96925	11
96926	12
96927	9
96928	1
96929	17
96930	0
96931	10
96933	10
96934	8
96936	1
96938	15
96939	4
96942	0
96943	4
96944	0
96945	4
96946	7
96947	13
96948	8
96949	2
96950	2
96951	0
96952	2
96954	7
96955	1
96956	3
96957	10
96958	2
96959	31
96960	0
96962	12
96964	15
96965	0
96966	10
96967	0
96968	4
96969	14
96970	3
96971	10
96972	3
96973	0
96974	9
96975	0
96976	2
96979	1
96980	17
96981	2
96982	11
96983	3
96984	10
96986	5
96987	0
96989	1
96990	15
96991	5
96992	0
96993	2
96994	1
96995	11
96996	0
96997	0
96998	3
96999	5
97001	19
97002	5
97003	4
97004	7
97005	3
97006	1
97007	8
97008	7
97010	12
97011	3
97012	5
97013	3
97014	3
97015	12
97016	0
97017	4
97018	0
97019	2
97021	8
97022	13
97023	2
97024	11
97025	0
97026	0
97027	0
97028	11
97029	16
97030	10
97033	0
97034	1
97035	9
97036	6
97037	0
97038	7
97039	0
97040	5
97041	16
97042	13
97043	9
97044	0
97045	8
97046	12
97047	0
97048	0
97049	5
97050	1
97051	7
97052	3
97053	0
97055	0
97056	0
97057	0
97058	0
97060	12
97061	5
97062	1
97063	8
97065	0
97066	0
97067	3
97068	8
97069	12
97070	10
97071	5
97072	4
97073	2
97074	16
97075	0
97076	2
97077	7
97078	9
97079	12
97081	0
97083	6
97084	0
97085	5
97086	2
97087	9
97088	0
97090	20
97091	5
97092	5
97094	5
97095	2
97096	5
97097	0
97098	1
97099	3
97100	3
97101	0
97102	0
97103	0
97104	0
97105	3
97106	0
97107	3
97108	4
97109	2
97110	4
97111	4
97112	0
97113	9
97114	6
97115	14
97117	9
97118	0
97119	0
97120	1
97121	0
97122	3
97123	1
97124	7
97125	1
97126	20
97127	7
97128	6
97129	6
97131	0
97132	6
97133	0
97134	0
97135	6
97137	8
97138	31
97139	0
97140	5
97141	5
97142	4
97143	16
97145	21
97146	6
97148	0
97149	1
97150	5
97151	8
97152	0
97153	1
97154	6
97155	0
97156	0
97157	8
97158	0
97161	1
97162	4
97163	6
97164	8
97165	0
97166	0
97167	1
97168	5
97169	6
97170	8
97171	5
97172	5
97173	7
97175	0
97176	6
97177	2
97178	0
97179	5
97180	0
97182	26
97183	0
97184	5
97185	0
97186	7
97187	0
97189	0
97190	2
97191	4
97192	0
97193	1
97195	10
97196	1
97197	10
97198	6
97199	11
97200	0
97201	0
97202	0
97203	0
97204	1
97205	12
97206	8
97207	24
97208	8
97209	5
97210	0
97211	6
97212	15
97213	12
97214	2
97215	5
97216	0
97217	1
97218	0
97219	0
97220	10
97222	5
97223	13
97224	1
97225	1
97226	12
97227	8
97228	4
97229	13
97230	10
97231	11
97232	1
97233	20
97234	0
97235	5
97236	5
97237	8
97239	3
97240	10
97241	3
97242	5
97243	0
97244	5
97246	2
97247	0
97248	2
97249	0
97251	0
97252	0
97253	7
97254	1
97255	16
97256	0
97257	8
97259	2
97260	8
97261	2
97262	9
97263	24
97264	3
97265	0
97266	6
97267	14
97269	5
97270	10
97271	3
97272	2
97273	8
97274	4
97275	6
97277	6
97278	0
97279	7
97280	3
97281	11
97282	1
97284	10
97285	3
97286	0
97287	0
97289	5
97290	2
97293	1
97294	4
97295	13
97296	16
97297	11
97298	1
97299	7
97300	0
97301	3
97303	11
97304	0
97305	8
97306	0
97307	0
97308	8
97309	14
97311	3
97312	6
97313	0
97314	0
97315	1
97316	2
97317	7
97318	4
97319	10
97320	16
97321	3
97322	0
97323	3
97324	0
97325	2
97326	0
97327	10
97328	4
97329	0
97330	0
97331	6
97332	6
97333	3
97334	5
97335	2
97336	26
97338	23
97340	5
97341	5
97343	8
97344	0
97345	7
97346	7
97347	5
97348	0
97349	0
97350	0
97351	0
97352	0
97353	18
97354	3
97355	12
97358	3
97360	6
97361	6
97362	0
97363	0
97364	3
97366	6
97367	2
97368	0
97369	2
97370	0
97371	0
97372	0
97373	0
97374	0
97375	10
97376	8
97377	3
97378	0
97379	13
97380	26
97381	0
97382	2
97383	2
97384	30
97386	11
97387	1
97388	0
97389	4
97390	0
97392	2
97393	6
97394	9
97395	2
97397	5
97398	16
97399	3
97400	0
97401	5
97403	4
97404	1
97406	0
97407	7
97408	6
97409	0
97410	0
97411	1
97412	3
97413	1
97414	4
97415	3
97416	1
97417	0
97418	2
97419	3
97420	16
97422	8
97423	2
97424	0
97425	1
97426	11
97427	0
97430	1
97431	3
97432	11
97433	0
97434	3
97435	6
97436	0
97438	0
97440	11
97441	6
97442	11
97443	5
97444	6
97445	4
97446	0
97448	7
97449	0
97450	7
97451	1
97452	2
97453	0
97454	1
97455	0
97457	10
97458	0
97459	3
97460	6
97461	0
97462	3
97464	0
97466	6
97467	0
97468	6
97469	13
97471	7
97472	0
97473	0
97475	4
97476	2
97477	7
97478	5
97479	24
97480	4
97481	2
97482	2
97483	4
97484	7
97485	4
97486	0
97487	18
97488	7
97489	1
97490	5
97492	2
97494	3
97495	1
97496	5
97497	15
97498	8
97499	4
97500	5
97501	1
97502	0
97504	0
97505	8
97506	1
97507	1
97508	2
97510	0
97511	2
97512	1
97513	0
97514	1
97515	11
97517	7
97518	7
97519	5
97520	2
97522	16
97523	0
97524	1
97525	8
97527	3
97528	2
97529	0
97530	22
97532	2
97534	0
97535	0
97536	2
97537	2
97538	0
97539	4
97540	0
97541	3
97543	11
97544	0
97545	4
97546	4
97547	13
97548	0
97549	4
97550	26
97551	0
97552	8
97553	1
97554	1
97555	0
97556	0
97557	13
97558	0
97559	0
97560	0
97561	2
97562	2
97563	15
97564	1
97565	6
97566	12
97567	20
97568	7
97570	8
97572	2
97573	0
97574	3
97575	3
97576	0
97577	0
97578	19
97579	4
97580	0
97581	8
97582	6
97583	4
97584	9
97585	7
97586	9
97587	1
97588	28
97589	3
97591	1
97592	25
97594	11
97595	2
97596	0
97597	15
97598	4
97599	0
97600	0
97601	0
97602	1
97603	4
97604	12
97605	4
97606	6
97607	14
97608	0
97609	9
97610	7
97611	11
97612	7
97613	10
97614	0
97615	10
97617	1
97618	14
97619	0
97620	20
97621	3
97622	2
97623	6
97624	20
97625	1
97626	8
97627	0
97628	0
97629	1
97630	6
97631	5
97632	1
97633	4
97635	0
97636	0
97637	5
97638	3
97639	0
97640	3
97641	20
97642	1
97643	4
97644	10
97645	7
97646	5
97648	4
97649	14
97650	1
97651	2
97652	6
97653	0
97654	0
97655	2
97656	21
97657	0
97658	1
97661	5
97662	2
97663	2
97664	0
97665	12
97668	5
97669	7
97670	2
97672	6
97674	0
97675	1
97676	1
97677	2
97678	6
97679	2
97680	0
97681	16
97682	0
97683	5
97684	4
97685	0
97687	15
97689	7
97690	0
97692	0
97693	10
97694	0
97695	6
97697	13
97699	1
97700	10
97701	0
97702	0
97703	19
97704	0
97705	0
97706	0
97707	6
97708	4
97709	8
97710	7
97711	19
97712	2
97713	15
97714	9
97715	0
97716	15
97717	0
97718	0
97720	9
97721	2
97722	0
97723	6
97724	2
97725	4
97726	10
97727	13
97728	3
97730	3
97731	4
97732	1
97733	0
97734	0
97735	3
97737	4
97738	11
97739	0
97740	0
97742	2
97743	4
97744	1
97745	3
97746	9
97747	5
97748	10
97749	2
97750	15
97751	2
97752	5
97755	0
97756	16
97758	1
97759	2
97760	0
97761	7
97762	1
97763	3
97764	0
97765	8
97766	1
97767	16
97769	3
97771	0
97772	2
97773	13
97774	14
97775	9
97776	2
97777	13
97778	7
97779	12
97780	0
97781	5
97782	1
97783	11
97784	0
97785	5
97786	2
97787	1
97788	1
97789	21
97790	3
97791	1
97792	6
97794	5
97795	0
97796	7
97797	2
97798	4
97799	6
97800	0
97801	14
97803	16
97804	0
97805	1
97806	4
97807	16
97808	14
97809	0
97810	9
97812	1
97813	0
97814	10
97815	1
97816	0
97817	4
97818	2
97819	6
97820	4
97821	14
97822	0
97823	22
97824	10
97825	10
97826	7
97827	22
97828	1
97829	22
97830	11
97831	3
97832	0
97833	11
97834	2
97835	1
97836	4
97837	0
97838	6
97840	3
97842	6
97843	0
97845	0
97847	0
97848	4
97849	5
97850	0
97851	13
97852	0
97853	4
97854	7
97855	0
97856	6
97857	9
97858	9
97860	10
97861	22
97862	6
97863	4
97864	7
97865	8
97866	0
97867	0
97868	0
97869	2
97870	0
97871	14
97872	0
97873	6
97874	0
97875	11
97876	9
97877	5
97878	20
97879	24
97880	16
97881	19
97882	0
97883	9
97884	2
97885	4
97886	4
97887	0
97888	3
97889	6
97890	0
97891	6
97892	0
97893	9
97894	7
97895	0
97896	6
97897	1
97898	3
97901	6
97902	4
97904	0
97905	14
97906	1
97907	14
97908	1
97909	6
97910	0
97911	2
97912	3
97913	13
97914	2
97916	8
97917	0
97918	0
97919	16
97920	6
97921	1
97922	13
97923	1
97925	15
97926	2
97927	1
97928	5
97929	1
97931	11
97932	0
97933	10
97934	8
97935	15
97936	1
97937	15
97938	13
97939	3
97940	0
97941	3
97942	0
97943	0
97944	0
97946	9
97947	3
97948	6
97949	5
97950	0
97951	0
97952	1
97953	0
97954	12
97955	0
97957	12
97958	5
97959	5
97960	18
97961	0
97962	3
97963	0
97964	8
97965	20
97966	12
97967	2
97968	1
97969	17
97970	8
97971	8
97972	15
97973	13
97974	17
97975	14
97977	25
97979	24
97980	1
97981	16
97982	5
97983	1
97984	4
97986	4
97987	3
97988	4
97989	0
97990	3
97991	5
97992	0
97993	14
97994	1
97995	0
97996	0
97997	3
97998	8
97999	20
98000	2
98001	6
98002	1
98004	2
98005	1
98006	8
98007	10
98008	11
98009	7
98010	11
98011	7
98012	1
98013	3
98014	29
98015	3
98020	3
98021	0
98022	9
98023	0
98025	5
98026	0
98027	15
98028	9
98029	3
98030	12
98031	9
98032	14
98033	3
98034	7
98035	28
98036	25
98038	0
98039	18
98040	5
98041	9
98042	6
98043	4
98044	0
98046	4
98047	13
98048	7
98049	0
98050	7
98051	5
98052	7
98053	3
98054	3
98055	0
98056	8
98057	11
98058	1
98061	2
98062	8
98064	3
98065	4
98066	13
98067	5
98069	0
98070	17
98071	3
98072	9
98073	2
98074	7
98075	2
98077	0
98079	7
98080	22
98082	7
98083	0
98084	1
98086	0
98087	16
98088	17
98089	3
98090	0
98091	0
98092	8
98093	0
98094	12
98095	8
98096	3
98097	2
98098	0
98099	2
98100	5
98101	6
98102	10
98103	2
98104	0
98105	11
98106	4
98107	8
98108	4
98109	28
98110	0
98111	5
98112	0
98113	0
98114	6
98115	0
98116	0
98117	6
98118	2
98119	0
98120	8
98121	2
98122	7
98123	3
98124	6
98125	16
98127	4
98128	5
98129	1
98130	2
98132	5
98134	2
98135	9
98136	2
98137	1
98138	0
98139	3
98140	8
98141	4
98142	8
98143	11
98144	2
98146	8
98147	9
98150	4
98151	12
98152	5
98153	0
98154	0
98155	1
98156	2
98157	8
98159	3
98160	1
98161	3
98162	18
98164	0
98165	1
98166	3
98167	16
98170	1
98171	0
98172	8
98173	1
98174	7
98175	1
98176	8
98177	9
98178	3
98179	18
98180	0
98181	14
98182	0
98183	0
98185	7
98186	11
98188	0
98189	4
98193	6
98194	4
98195	0
98196	1
98197	7
98199	1
98200	9
98201	0
98202	7
98203	0
98205	1
98206	0
98208	5
98209	7
98210	3
98211	2
98213	1
98214	2
98215	1
98216	16
98217	15
98218	3
98219	3
98220	0
98221	6
98225	1
98226	1
98227	5
98228	0
98230	0
98231	4
98232	3
98233	1
98234	9
98235	0
98236	3
98237	4
98238	5
98239	8
98240	3
98241	0
98242	3
98243	18
98244	8
98245	16
98249	3
98250	4
98251	2
98252	1
98253	11
98254	1
98255	5
98256	2
98257	0
98258	11
98259	27
98260	4
98263	9
98264	0
98265	0
98266	2
98267	0
98268	14
98269	11
98270	5
98271	4
98272	6
98273	0
98274	17
98277	8
98278	14
98281	9
98282	9
98284	6
98285	0
98286	1
98287	0
98288	15
98289	9
98290	0
98292	2
98293	19
98294	0
98295	10
98296	4
98298	3
98299	10
98301	3
98302	3
98303	4
98304	5
98307	0
98308	3
98309	3
98310	7
98311	0
98312	3
98313	4
98314	5
98315	0
98317	6
98318	14
98319	7
98320	0
98321	0
98324	11
98325	2
98326	1
98327	0
98328	3
98329	31
98330	0
98331	8
98332	0
98333	11
98334	1
98335	7
98336	3
98337	2
98338	0
98339	13
98340	0
98341	0
98342	0
98343	0
98344	1
98346	0
98347	4
98348	0
98349	0
98350	0
98351	8
98352	3
98353	4
98358	2
98359	6
98360	6
98361	0
98363	16
98364	0
98365	13
98366	37
98367	14
98369	2
98370	9
98371	20
98372	1
98373	10
98374	4
98376	1
98377	6
98378	0
98379	0
98380	8
98381	3
98382	3
98384	0
98385	0
98386	16
98387	0
98388	0
98391	0
98392	11
98393	12
98394	15
98395	15
98396	10
98397	1
98398	1
98399	5
98402	14
98403	8
98404	10
98406	10
98407	14
98408	5
98409	6
98410	8
98411	0
98412	9
98413	0
98415	0
98416	0
98417	3
98418	8
98420	0
98421	0
98422	1
98423	7
98424	2
98425	4
98426	6
98427	16
98429	0
98430	7
98431	3
98433	0
98434	0
98435	2
98436	12
98437	7
98439	4
98440	8
98441	3
98442	2
98443	34
98444	2
98445	1
98446	0
98447	22
98448	0
98449	2
98450	6
98451	10
98452	9
98453	15
98455	0
98456	0
98457	8
98458	0
98459	6
98460	5
98461	5
98462	24
98463	0
98464	5
98465	5
98467	10
98468	13
98469	2
98470	1
98471	0
98472	4
98473	1
98474	7
98475	10
98476	1
98477	6
98479	11
98480	8
98482	11
98483	16
98486	15
98487	0
98488	4
98489	2
98490	3
98492	4
98493	27
98494	5
98495	2
98496	6
98497	2
98498	12
98499	4
98500	14
98501	12
98502	0
98503	16
98505	2
98506	16
98507	0
98508	7
98509	2
98510	1
98511	2
98512	3
98513	2
98515	3
98516	0
98517	4
98518	0
98519	19
98520	0
98521	3
98522	12
98523	4
98524	1
98525	0
98526	0
98527	3
98528	14
98529	4
98530	1
98531	2
98532	1
98533	5
98534	7
98535	6
98536	2
98537	7
98538	2
98539	2
98540	8
98542	4
98543	5
98544	8
98546	14
98547	2
98548	11
98549	1
98550	0
98551	3
98552	25
98553	7
98554	14
98555	1
98557	4
98558	4
98559	2
98560	0
98561	5
98562	11
98564	0
98565	3
98566	5
98568	18
98570	22
98571	0
98572	0
98573	3
98574	0
98575	4
98577	10
98579	0
98580	0
98581	10
98585	7
98586	1
98587	21
98588	25
98589	11
98590	0
98591	11
98593	24
98594	0
98596	0
98597	0
98598	6
98599	3
98600	0
98601	0
98602	6
98603	13
98604	5
98605	15
98606	0
98607	8
98608	2
98609	5
98610	7
98611	8
98612	4
98613	1
98614	14
98615	1
98616	1
98618	0
98619	3
98620	8
98621	15
98622	6
98624	1
98625	7
98626	0
98628	0
98629	8
98630	5
98631	13
98632	3
98634	7
98635	9
98636	12
98638	11
98640	8
98641	0
98642	0
98643	2
98644	3
98645	8
98647	5
98648	3
98649	0
98650	0
98651	15
98653	2
98654	0
98657	8
98658	5
98660	4
98661	2
98662	25
98663	15
98664	6
98665	6
98666	0
98667	0
98668	8
98669	0
98671	0
98672	0
98673	17
98674	16
98675	3
98676	2
98678	2
98679	0
98681	8
98682	8
98683	2
98685	0
98686	0
98687	1
98688	5
98689	0
98690	0
98691	0
98692	38
98695	6
98696	12
98697	0
98698	9
98699	9
98700	0
98701	0
98702	4
98703	2
98704	0
98705	18
98706	0
98707	5
98708	6
98709	0
98711	0
98713	6
98715	11
98716	7
98717	0
98719	0
98720	0
98721	0
98723	1
98724	11
98725	2
98726	2
98727	1
98728	3
98729	4
98730	14
98731	0
98732	18
98733	1
98734	1
98736	16
98737	0
98738	16
98739	12
98740	13
98741	8
98742	4
98743	7
98744	10
98745	13
98746	9
98747	11
98748	13
98749	8
98750	2
98751	5
98752	7
98753	16
98755	0
98756	5
98757	16
98760	6
98762	5
98763	1
98764	2
98765	3
98767	13
98768	2
98769	4
98770	0
98771	0
98772	7
98773	8
98774	5
98775	0
98777	0
98778	6
98780	1
98781	1
98782	0
98783	3
98784	3
98786	5
98788	1
98789	8
98790	7
98791	0
98792	0
98793	0
98794	6
98795	0
98796	15
98797	0
98798	0
98799	0
98800	7
98801	11
98803	3
98804	7
98805	1
98807	2
98808	0
98809	1
98811	0
98812	0
98813	1
98814	0
98815	0
98816	0
98817	2
98818	0
98819	13
98820	0
98821	6
98822	2
98824	24
98825	6
98826	0
98828	1
98829	3
98830	15
98831	0
98832	1
98833	4
98834	14
98835	4
98836	16
98837	10
98839	1
98840	0
98841	8
98842	3
98843	5
98844	0
98845	1
98847	1
98848	5
98849	14
98850	0
98851	0
98852	0
98853	0
98854	5
98855	0
98856	0
98857	20
98858	3
98860	1
98861	0
98862	1
98863	7
98864	3
98866	0
98869	6
98870	2
98871	11
98873	13
98874	7
98876	0
98877	5
98878	0
98879	0
98880	0
98881	11
98882	19
98883	10
98884	17
98885	1
98886	7
98887	6
98888	0
98889	0
98890	11
98891	6
98892	0
98895	8
98896	7
98898	2
98899	18
98900	0
98901	10
98902	9
98903	9
98904	0
98905	21
98906	10
98907	12
98908	2
98909	5
98910	5
98911	2
98912	15
98914	10
98915	7
98917	3
98918	0
98919	4
98920	5
98921	7
98922	0
98924	1
98925	12
98926	1
98927	9
98928	8
98929	4
98931	3
98932	0
98933	0
98934	5
98935	0
98936	1
98937	2
98938	0
98939	0
98940	0
98941	3
98943	4
98944	10
98945	1
98946	3
98947	1
98948	6
98949	15
98950	19
98951	6
98952	5
98953	2
98954	25
98955	15
98956	0
98957	11
98959	2
98960	0
98961	6
98962	4
98963	26
98964	10
98965	1
98967	0
98968	5
98969	1
98971	2
98972	2
98973	0
98975	0
98976	0
98977	0
98978	0
98979	1
98980	0
98981	0
98982	18
98983	6
98985	0
98986	24
98987	18
98988	8
98989	6
98990	28
98991	0
98992	1
98993	0
98994	6
98996	4
98997	0
98998	3
98999	1
99000	0
99001	11
99002	0
99003	6
99004	4
99005	12
99006	4
99007	10
99008	9
99009	5
99010	5
99011	2
99012	11
99013	12
99015	0
99017	3
99018	6
99019	5
99020	0
99021	14
99023	4
99024	9
99025	1
99027	0
99028	0
99029	0
99030	1
99031	6
99033	0
99034	1
99035	2
99037	0
99038	6
99039	6
99040	12
99041	8
99042	7
99043	2
99044	7
99045	2
99046	0
99047	15
99048	0
99050	0
99051	1
99053	26
99054	3
99055	3
99056	0
99057	10
99058	4
99059	0
99060	3
99061	0
99062	7
99063	6
99064	7
99065	3
99066	0
99067	9
99068	13
99069	9
99070	7
99071	1
99072	5
99075	9
99076	0
99077	1
99078	0
99079	2
99080	5
99081	6
99083	14
99084	11
99085	5
99086	0
99087	10
99088	0
99089	14
99090	6
99091	1
99092	2
99093	8
99094	9
99095	0
99096	7
99097	3
99098	14
99099	9
99100	6
99101	2
99102	20
99103	4
99104	0
99106	11
99109	0
99110	6
99111	2
99113	0
99114	3
99115	0
99116	6
99118	8
99119	8
99120	0
99121	9
99122	5
99123	7
99124	0
99126	0
99127	10
99130	9
99131	17
99132	6
99133	9
99134	4
99135	15
99137	16
99138	3
99139	5
99140	10
99141	8
99142	0
99143	15
99144	3
99145	0
99146	1
99147	4
99148	0
99149	0
99150	0
99151	18
99152	11
99153	3
99154	3
99155	1
99156	21
99159	1
99160	0
99161	14
99162	1
99163	8
99164	9
99165	6
99166	9
99167	40
99168	10
99169	13
99170	1
99171	6
99172	1
99173	0
99174	22
99175	4
99177	0
99178	0
99181	0
99182	0
99183	0
99184	0
99185	5
99186	2
99187	11
99188	18
99190	17
99192	12
99193	4
99195	2
99196	1
99197	1
99198	4
99199	8
99200	5
99201	5
99202	1
99203	1
99204	0
99205	0
99206	2
99207	0
99209	0
99210	8
99211	6
99212	0
99213	0
99214	0
99215	5
99216	6
99217	0
99218	17
99219	6
99221	5
99227	0
99228	18
99230	16
99231	0
99232	9
99233	17
99234	0
99235	4
99236	11
99237	3
99238	8
99239	0
99242	10
99243	3
99244	0
99245	7
99246	15
99247	6
99249	4
99250	17
99251	5
99252	2
99253	10
99254	0
99255	0
99256	3
99257	5
99258	5
99260	3
99261	14
99262	0
99263	6
99264	0
99265	0
99266	0
99267	0
99268	9
99269	2
99270	6
99271	7
99272	3
99273	5
99275	4
99276	4
99277	3
99279	0
99280	15
99281	6
99282	2
99284	22
99285	6
99286	5
99288	0
99289	15
99290	7
99291	0
99292	11
99293	0
99294	3
99295	4
99296	11
99298	0
99299	1
99300	3
99301	3
99302	2
99303	0
99304	7
99305	3
99307	1
99308	7
99309	0
99310	3
99311	0
99312	0
99313	3
99315	0
99316	1
99318	2
99319	3
99320	2
99321	0
99324	7
99325	0
99327	1
99328	8
99329	0
99330	0
99331	11
99333	0
99334	2
99335	0
99336	3
99337	3
99338	1
99339	6
99340	0
99341	10
99343	0
99345	3
99346	0
99348	0
99349	15
99350	0
99351	1
99353	10
99354	8
99355	3
99357	0
99358	1
99360	11
99361	2
99362	0
99363	0
99364	2
99365	4
99366	1
99367	1
99368	0
99369	0
99371	0
99373	1
99375	0
99376	12
99377	10
99379	4
99380	2
99381	2
99383	3
99384	6
99385	16
99386	0
99387	0
99388	0
99389	4
99391	2
99393	2
99394	0
99395	0
99396	3
99398	4
99399	3
99400	10
99401	1
99402	11
99403	8
99404	0
99405	3
99406	2
99407	0
99408	9
99409	1
99410	12
99411	3
99412	6
99413	11
99415	0
99416	3
99417	2
99419	2
99420	11
99422	21
99423	5
99424	6
99425	8
99426	0
99427	1
99428	2
99430	0
99431	9
99432	1
99433	0
99434	0
99435	15
99437	7
99438	2
99440	5
99441	1
99442	5
99443	0
99444	7
99445	0
99447	6
99449	13
99450	7
99452	35
99453	5
99454	0
99455	2
99456	11
99457	0
99458	12
99459	0
99460	0
99461	0
99462	19
99463	0
99464	6
99465	10
99466	18
99467	2
99468	0
99469	2
99470	3
99471	3
99472	4
99474	0
99475	0
99476	0
99479	0
99480	3
99481	3
99482	10
99483	0
99484	11
99485	0
99486	7
99488	0
99489	0
99490	0
99491	9
99493	9
99494	0
99496	0
99497	8
99498	3
99499	10
99500	0
99502	7
99504	0
99505	4
99506	6
99507	1
99508	0
99509	7
99510	4
99511	3
99512	3
99513	10
99514	0
99515	0
99516	14
99517	2
99519	1
99520	4
99521	6
99522	7
99523	9
99524	2
99525	1
99526	0
99527	9
99528	2
99529	24
99530	0
99531	6
99532	0
99534	8
99535	0
99536	0
99537	7
99538	8
99539	0
99540	8
99541	2
99542	4
99543	4
99544	2
99545	0
99546	2
99547	0
99548	12
99550	19
99551	0
99552	13
99553	0
99554	0
99555	2
99556	2
99557	21
99559	19
99560	12
99561	0
99563	4
99564	0
99565	0
99566	15
99567	2
99569	7
99570	4
99572	0
99573	7
99574	12
99576	36
99577	6
99579	0
99580	5
99581	9
99582	0
99583	1
99586	2
99587	13
99589	7
99590	24
99591	0
99593	2
99594	5
99595	1
99596	0
99597	3
99598	15
99599	0
99600	7
99601	0
99602	15
99603	0
99604	7
99605	3
99606	0
99607	5
99608	0
99609	14
99610	0
99611	8
99612	0
99614	0
99615	13
99617	0
99619	2
99620	6
99621	0
99622	11
99623	3
99624	0
99625	6
99627	14
99628	18
99629	0
99630	1
99631	11
99632	17
99633	17
99634	9
99635	0
99636	1
99637	0
99639	0
99641	9
99642	18
99643	0
99644	4
99646	7
99649	0
99650	2
99651	0
99652	0
99653	0
99655	20
99657	0
99658	8
99659	0
99660	2
99661	12
99662	8
99664	9
99665	1
99666	1
99667	1
99668	12
99669	0
99670	23
99671	6
99672	14
99673	4
99674	1
99675	0
99676	0
99677	0
99678	0
99679	1
99680	11
99681	1
99682	9
99683	1
99684	1
99685	5
99686	2
99688	0
99689	3
99690	10
99692	5
99695	11
99696	12
99697	0
99698	0
99699	0
99700	6
99701	3
99702	20
99703	12
99704	4
99705	7
99706	1
99707	6
99708	9
99709	3
99710	1
99711	12
99712	1
99713	0
99714	4
99715	0
99716	6
99717	1
99720	6
99721	27
99723	14
99724	0
99725	16
99726	3
99727	0
99730	7
99731	1
99733	0
99734	4
99735	7
99736	4
99737	11
99738	8
99740	0
99741	17
99743	0
99744	7
99745	8
99747	0
99748	0
99749	0
99750	1
99751	7
99752	12
99753	1
99754	0
99756	16
99757	3
99759	14
99760	0
99762	5
99763	9
99764	0
99766	10
99767	1
99768	0
99769	2
99770	3
99771	0
99772	25
99773	9
99774	4
99775	0
99777	17
99778	6
99779	9
99780	2
99781	4
99782	0
99784	3
99786	2
99787	0
99788	1
99789	9
99790	24
99791	0
99792	9
99794	10
99795	6
99796	2
99797	0
99798	3
99799	7
99801	1
99802	6
99803	11
99804	6
99806	3
99807	4
99808	4
99809	3
99810	1
99811	0
99812	5
99813	2
99815	0
99816	0
99817	0
99818	0
99819	3
99820	1
99821	17
99823	23
99824	1
99825	9
99826	0
99829	0
99830	2
99831	17
99832	0
99833	1
99834	11
99835	1
99836	0
99838	9
99839	2
99840	0
99841	21
99842	2
99844	7
99845	6
99846	5
99847	9
99848	1
99849	0
99850	3
99851	2
99852	0
99853	9
99854	0
99856	3
99857	5
99858	0
99860	10
99861	6
99862	6
99863	2
99864	2
99865	4
99866	4
99868	0
99870	2
99871	0
99873	0
99874	0
99875	9
99878	1
99879	26
99880	0
99881	21
99882	14
99883	0
99884	7
99885	3
99886	8
99887	0
99888	0
99889	7
99890	0
99891	7
99893	1
99894	5
99895	0
99896	0
99897	0
99899	3
99900	0
99901	12
99902	1
99903	0
99904	3
99905	5
99906	0
99907	0
99908	2
99909	0
99910	2
99911	9
99912	7
99914	0
99915	2
99916	8
99917	2
99918	0
99919	7
99920	0
99921	10
99922	5
99923	5
99924	0
99925	2
99926	11
99927	1
99930	9
99931	3
99932	7
99933	11
99934	10
99935	7
99936	0
99937	12
99938	3
99939	14
99940	8
99941	1
99943	0
99945	0
99946	2
99947	3
99948	0
99949	10
99950	1
99951	16
99952	0
99953	2
99954	23
99955	1
99956	5
99957	4
99958	35
99959	1
99960	2
99961	4
99962	0
99963	7
99964	0
99965	5
99966	7
99967	3
99968	4
99969	7
99970	0
99971	0
99972	8
99973	14
99974	5
99975	0
99976	7
99977	10
99978	7
99979	6
99980	11
99981	0
99982	17
99984	0
99985	5
99986	6
99988	0
99990	8
99992	0
99993	3
99994	9
99995	0
99996	16
99997	1
99998	0
99999	11
100000	5
